"","t","temp"
"1",1950-01-01,277.676513671875
"2",1950-01-02,278.74365234375
"3",1950-01-03,271.816650390625
"4",1950-01-04,269.095458984375
"5",1950-01-05,264.483642578125
"6",1950-01-06,265.606201171875
"7",1950-01-07,267.299072265625
"8",1950-01-08,273.982666015625
"9",1950-01-09,271.184814453125
"10",1950-01-10,267.03466796875
"11",1950-01-11,268.8857421875
"12",1950-01-12,274.293212890625
"13",1950-01-13,277.80322265625
"14",1950-01-14,277.4345703125
"15",1950-01-15,278.537353515625
"16",1950-01-16,275.727783203125
"17",1950-01-17,268.6962890625
"18",1950-01-18,264.4140625
"19",1950-01-19,271.753662109375
"20",1950-01-20,272.097900390625
"21",1950-01-21,274.51953125
"22",1950-01-22,273.37890625
"23",1950-01-23,275.00634765625
"24",1950-01-24,274.826416015625
"25",1950-01-25,271.285888671875
"26",1950-01-26,270.9921875
"27",1950-01-27,272.806640625
"28",1950-01-28,268.2216796875
"29",1950-01-29,267.83349609375
"30",1950-01-30,268.110595703125
"31",1950-01-31,268.042724609375
"32",1950-02-01,268.66357421875
"33",1950-02-02,269.821533203125
"34",1950-02-03,274.5673828125
"35",1950-02-04,277.189697265625
"36",1950-02-05,275.840576171875
"37",1950-02-06,275.262451171875
"38",1950-02-07,275.888671875
"39",1950-02-08,274.822021484375
"40",1950-02-09,275.491455078125
"41",1950-02-10,273.452392578125
"42",1950-02-11,272.291259765625
"43",1950-02-12,272.476318359375
"44",1950-02-13,272.3642578125
"45",1950-02-14,271.877197265625
"46",1950-02-15,271.068115234375
"47",1950-02-16,278.429443359375
"48",1950-02-17,279.53662109375
"49",1950-02-18,279.607421875
"50",1950-02-19,277.772705078125
"51",1950-02-20,275.824951171875
"52",1950-02-21,274.75537109375
"53",1950-02-22,277.805419921875
"54",1950-02-23,275.896240234375
"55",1950-02-24,273.99853515625
"56",1950-02-25,272.990478515625
"57",1950-02-26,273.512451171875
"58",1950-02-27,274.2099609375
"59",1950-02-28,274.70947265625
"60",1950-03-01,272.363037109375
"61",1950-03-02,273.94287109375
"62",1950-03-03,277.728759765625
"63",1950-03-04,279.14306640625
"64",1950-03-05,281.3359375
"65",1950-03-06,281.51123046875
"66",1950-03-07,282.4951171875
"67",1950-03-08,277.03955078125
"68",1950-03-09,275.8818359375
"69",1950-03-10,275.99951171875
"70",1950-03-11,277.088134765625
"71",1950-03-12,275.476318359375
"72",1950-03-13,272.88427734375
"73",1950-03-14,275.677490234375
"74",1950-03-15,275.9609375
"75",1950-03-16,277.81591796875
"76",1950-03-17,279.636962890625
"77",1950-03-18,280.076416015625
"78",1950-03-19,282.934326171875
"79",1950-03-20,279.818359375
"80",1950-03-21,280.364501953125
"81",1950-03-22,281.56689453125
"82",1950-03-23,279.623779296875
"83",1950-03-24,278.91748046875
"84",1950-03-25,283.115478515625
"85",1950-03-26,280.83740234375
"86",1950-03-27,282.36279296875
"87",1950-03-28,277.587646484375
"88",1950-03-29,281.3212890625
"89",1950-03-30,278.845947265625
"90",1950-03-31,281.89794921875
"91",1950-04-01,280.53515625
"92",1950-04-02,279.869384765625
"93",1950-04-03,279.269775390625
"94",1950-04-04,279.89453125
"95",1950-04-05,280.556884765625
"96",1950-04-06,280.93359375
"97",1950-04-07,281.335205078125
"98",1950-04-08,280.444580078125
"99",1950-04-09,279.64208984375
"100",1950-04-10,280.067626953125
"101",1950-04-11,278.500244140625
"102",1950-04-12,279.610595703125
"103",1950-04-13,280.36376953125
"104",1950-04-14,279.042236328125
"105",1950-04-15,282.069580078125
"106",1950-04-16,285.1796875
"107",1950-04-17,279.919189453125
"108",1950-04-18,280.85009765625
"109",1950-04-19,282.62744140625
"110",1950-04-20,285.01416015625
"111",1950-04-21,285.394287109375
"112",1950-04-22,283.470703125
"113",1950-04-23,282.164794921875
"114",1950-04-24,283.92529296875
"115",1950-04-25,281.264404296875
"116",1950-04-26,281.392822265625
"117",1950-04-27,284.274658203125
"118",1950-04-28,281.732421875
"119",1950-04-29,281.572021484375
"120",1950-04-30,282.0927734375
"121",1950-05-01,283.83154296875
"122",1950-05-02,289.007080078125
"123",1950-05-03,283.6962890625
"124",1950-05-04,287.998046875
"125",1950-05-05,291.205078125
"126",1950-05-06,290.491455078125
"127",1950-05-07,290.670654296875
"128",1950-05-08,290.65966796875
"129",1950-05-09,290.609619140625
"130",1950-05-10,293.46142578125
"131",1950-05-11,294.156494140625
"132",1950-05-12,293.239501953125
"133",1950-05-13,291.412353515625
"134",1950-05-14,287.801025390625
"135",1950-05-15,284.040771484375
"136",1950-05-16,284.329833984375
"137",1950-05-17,284.84326171875
"138",1950-05-18,284.241943359375
"139",1950-05-19,287.653076171875
"140",1950-05-20,288.633544921875
"141",1950-05-21,287.819580078125
"142",1950-05-22,290.406982421875
"143",1950-05-23,286.0380859375
"144",1950-05-24,288.583740234375
"145",1950-05-25,287.590087890625
"146",1950-05-26,288.37890625
"147",1950-05-27,286.01904296875
"148",1950-05-28,286.441650390625
"149",1950-05-29,286.727294921875
"150",1950-05-30,287.185546875
"151",1950-05-31,286.98095703125
"152",1950-06-01,288.573974609375
"153",1950-06-02,289.6044921875
"154",1950-06-03,291.448974609375
"155",1950-06-04,292.384765625
"156",1950-06-05,293.058837890625
"157",1950-06-06,295.148681640625
"158",1950-06-07,293.353515625
"159",1950-06-08,292.20556640625
"160",1950-06-09,288.3359375
"161",1950-06-10,286.857666015625
"162",1950-06-11,287.76953125
"163",1950-06-12,291.845947265625
"164",1950-06-13,290.914794921875
"165",1950-06-14,290.31982421875
"166",1950-06-15,290.28955078125
"167",1950-06-16,287.807373046875
"168",1950-06-17,287.018310546875
"169",1950-06-18,289.021240234375
"170",1950-06-19,288.2890625
"171",1950-06-20,288.7587890625
"172",1950-06-21,292.99462890625
"173",1950-06-22,292.4541015625
"174",1950-06-23,288.466552734375
"175",1950-06-24,288.744140625
"176",1950-06-25,290.852294921875
"177",1950-06-26,292.0068359375
"178",1950-06-27,292.398193359375
"179",1950-06-28,290.898681640625
"180",1950-06-29,291.451904296875
"181",1950-06-30,290.647705078125
"182",1950-07-01,290.892822265625
"183",1950-07-02,289.164794921875
"184",1950-07-03,289.961181640625
"185",1950-07-04,291.761962890625
"186",1950-07-05,292.957763671875
"187",1950-07-06,291.151123046875
"188",1950-07-07,293.22607421875
"189",1950-07-08,292.45751953125
"190",1950-07-09,293.79052734375
"191",1950-07-10,295.045654296875
"192",1950-07-11,290.525146484375
"193",1950-07-12,290.829345703125
"194",1950-07-13,292.50732421875
"195",1950-07-14,292.805908203125
"196",1950-07-15,293.651611328125
"197",1950-07-16,294.02392578125
"198",1950-07-17,290.394287109375
"199",1950-07-18,289.985107421875
"200",1950-07-19,292.7275390625
"201",1950-07-20,293.79833984375
"202",1950-07-21,292.82470703125
"203",1950-07-22,290.921630859375
"204",1950-07-23,294.669189453125
"205",1950-07-24,291.95068359375
"206",1950-07-25,292.185302734375
"207",1950-07-26,291.09130859375
"208",1950-07-27,290.42041015625
"209",1950-07-28,290.337890625
"210",1950-07-29,292.29443359375
"211",1950-07-30,294.7109375
"212",1950-07-31,293.9736328125
"213",1950-08-01,293.292724609375
"214",1950-08-02,292.69580078125
"215",1950-08-03,293.15283203125
"216",1950-08-04,294.538330078125
"217",1950-08-05,294.65234375
"218",1950-08-06,294.490966796875
"219",1950-08-07,295.1572265625
"220",1950-08-08,294.613037109375
"221",1950-08-09,294.497314453125
"222",1950-08-10,294.36376953125
"223",1950-08-11,290.42431640625
"224",1950-08-12,291.697265625
"225",1950-08-13,291.086669921875
"226",1950-08-14,291.67724609375
"227",1950-08-15,289.587158203125
"228",1950-08-16,292.594482421875
"229",1950-08-17,290.9951171875
"230",1950-08-18,293.974609375
"231",1950-08-19,290.7470703125
"232",1950-08-20,290.686279296875
"233",1950-08-21,291.76416015625
"234",1950-08-22,292.58740234375
"235",1950-08-23,294.316650390625
"236",1950-08-24,292.005615234375
"237",1950-08-25,291.72900390625
"238",1950-08-26,292.156494140625
"239",1950-08-27,290.276611328125
"240",1950-08-28,289.7998046875
"241",1950-08-29,289.9306640625
"242",1950-08-30,290.04443359375
"243",1950-08-31,288.806640625
"244",1950-09-01,290.4375
"245",1950-09-02,290.62841796875
"246",1950-09-03,290.759765625
"247",1950-09-04,290.845703125
"248",1950-09-05,287.929443359375
"249",1950-09-06,288.826416015625
"250",1950-09-07,287.470703125
"251",1950-09-08,287.08837890625
"252",1950-09-09,288.09130859375
"253",1950-09-10,288.8037109375
"254",1950-09-11,287.951904296875
"255",1950-09-12,289.07177734375
"256",1950-09-13,289.216796875
"257",1950-09-14,288.25390625
"258",1950-09-15,287.908935546875
"259",1950-09-16,288.181884765625
"260",1950-09-17,288.9912109375
"261",1950-09-18,287.72607421875
"262",1950-09-19,285.8427734375
"263",1950-09-20,286.27587890625
"264",1950-09-21,285.47900390625
"265",1950-09-22,285.058349609375
"266",1950-09-23,285.15625
"267",1950-09-24,285.35693359375
"268",1950-09-25,285.953125
"269",1950-09-26,285.75732421875
"270",1950-09-27,284.980224609375
"271",1950-09-28,287.149169921875
"272",1950-09-29,285.319091796875
"273",1950-09-30,285.259033203125
"274",1950-10-01,286.544677734375
"275",1950-10-02,285.0068359375
"276",1950-10-03,285.750732421875
"277",1950-10-04,283.373291015625
"278",1950-10-05,286.638671875
"279",1950-10-06,286.531005859375
"280",1950-10-07,285.517578125
"281",1950-10-08,285.269775390625
"282",1950-10-09,283.791259765625
"283",1950-10-10,282.65087890625
"284",1950-10-11,281.43115234375
"285",1950-10-12,284.370361328125
"286",1950-10-13,283.979736328125
"287",1950-10-14,283.45654296875
"288",1950-10-15,283.597412109375
"289",1950-10-16,282.690673828125
"290",1950-10-17,284.224609375
"291",1950-10-18,284.681884765625
"292",1950-10-19,284.621337890625
"293",1950-10-20,285.641845703125
"294",1950-10-21,281.38916015625
"295",1950-10-22,280.8837890625
"296",1950-10-23,280.603759765625
"297",1950-10-24,279.582763671875
"298",1950-10-25,279.66357421875
"299",1950-10-26,278.36376953125
"300",1950-10-27,277.021240234375
"301",1950-10-28,275.54931640625
"302",1950-10-29,276.98193359375
"303",1950-10-30,278.514892578125
"304",1950-10-31,279.317138671875
"305",1950-11-01,279.63330078125
"306",1950-11-02,278.114501953125
"307",1950-11-03,278.0791015625
"308",1950-11-04,276.15673828125
"309",1950-11-05,275.849609375
"310",1950-11-06,274.513427734375
"311",1950-11-07,275.15283203125
"312",1950-11-08,274.5009765625
"313",1950-11-09,279.50390625
"314",1950-11-10,280.371826171875
"315",1950-11-11,278.967529296875
"316",1950-11-12,280.072265625
"317",1950-11-13,278.658203125
"318",1950-11-14,276.763427734375
"319",1950-11-15,278.409423828125
"320",1950-11-16,274.490966796875
"321",1950-11-17,272.245361328125
"322",1950-11-18,271.658203125
"323",1950-11-19,272.712890625
"324",1950-11-20,274.97265625
"325",1950-11-21,274.77001953125
"326",1950-11-22,276.07568359375
"327",1950-11-23,276.224853515625
"328",1950-11-24,275.888671875
"329",1950-11-25,273.9853515625
"330",1950-11-26,276.57373046875
"331",1950-11-27,278.144775390625
"332",1950-11-28,277.917236328125
"333",1950-11-29,274.2646484375
"334",1950-11-30,278.931640625
"335",1950-12-01,279.57080078125
"336",1950-12-02,275.980712890625
"337",1950-12-03,274.62841796875
"338",1950-12-04,274.015380859375
"339",1950-12-05,269.853271484375
"340",1950-12-06,265.800537109375
"341",1950-12-07,268.552490234375
"342",1950-12-08,275.267578125
"343",1950-12-09,276.543212890625
"344",1950-12-10,274.757568359375
"345",1950-12-11,273.91943359375
"346",1950-12-12,274.863037109375
"347",1950-12-13,274.792236328125
"348",1950-12-14,272.704345703125
"349",1950-12-15,273.6025390625
"350",1950-12-16,275.200927734375
"351",1950-12-17,274.68212890625
"352",1950-12-18,273.0888671875
"353",1950-12-19,268.843505859375
"354",1950-12-20,266.907958984375
"355",1950-12-21,271.782470703125
"356",1950-12-22,272.645263671875
"357",1950-12-23,271.406005859375
"358",1950-12-24,270.855712890625
"359",1950-12-25,269.3818359375
"360",1950-12-26,265.780517578125
"361",1950-12-27,262.16552734375
"362",1950-12-28,270.536865234375
"363",1950-12-29,265.36865234375
"364",1950-12-30,268.8046875
"365",1950-12-31,268.792724609375
"366",1951-01-01,269.110595703125
"367",1951-01-02,272.52392578125
"368",1951-01-03,272.712890625
"369",1951-01-04,271.656005859375
"370",1951-01-05,271.949462890625
"371",1951-01-06,270.0439453125
"372",1951-01-07,270.36572265625
"373",1951-01-08,269.882080078125
"374",1951-01-09,269.7138671875
"375",1951-01-10,271.638427734375
"376",1951-01-11,275.137451171875
"377",1951-01-12,276.291259765625
"378",1951-01-13,275.799072265625
"379",1951-01-14,275.35205078125
"380",1951-01-15,275.435546875
"381",1951-01-16,272.021240234375
"382",1951-01-17,275.015380859375
"383",1951-01-18,277.0498046875
"384",1951-01-19,276.003662109375
"385",1951-01-20,274.55078125
"386",1951-01-21,270.3369140625
"387",1951-01-22,270.806640625
"388",1951-01-23,273.219970703125
"389",1951-01-24,274.458984375
"390",1951-01-25,272.15185546875
"391",1951-01-26,267.11572265625
"392",1951-01-27,271.73388671875
"393",1951-01-28,272.375
"394",1951-01-29,268.45849609375
"395",1951-01-30,268.0771484375
"396",1951-01-31,270.12158203125
"397",1951-02-01,271.106689453125
"398",1951-02-02,271.8828125
"399",1951-02-03,269.58251953125
"400",1951-02-04,270.298095703125
"401",1951-02-05,273.034423828125
"402",1951-02-06,274.23583984375
"403",1951-02-07,275.588134765625
"404",1951-02-08,275.3173828125
"405",1951-02-09,277.310302734375
"406",1951-02-10,276.737548828125
"407",1951-02-11,274.71240234375
"408",1951-02-12,273.901123046875
"409",1951-02-13,273.02294921875
"410",1951-02-14,272.459716796875
"411",1951-02-15,268.49462890625
"412",1951-02-16,267.14404296875
"413",1951-02-17,272.560546875
"414",1951-02-18,275.510009765625
"415",1951-02-19,275.559814453125
"416",1951-02-20,275.892822265625
"417",1951-02-21,275.184326171875
"418",1951-02-22,275.78369140625
"419",1951-02-23,275.012939453125
"420",1951-02-24,274.864990234375
"421",1951-02-25,274.639404296875
"422",1951-02-26,274.093017578125
"423",1951-02-27,274.333984375
"424",1951-02-28,271.58349609375
"425",1951-03-01,272.168701171875
"426",1951-03-02,271.624755859375
"427",1951-03-03,274.283935546875
"428",1951-03-04,275.474853515625
"429",1951-03-05,275.04345703125
"430",1951-03-06,272.172119140625
"431",1951-03-07,271.732421875
"432",1951-03-08,271.896240234375
"433",1951-03-09,270.78759765625
"434",1951-03-10,269.658935546875
"435",1951-03-11,269.595947265625
"436",1951-03-12,270.38330078125
"437",1951-03-13,272.515625
"438",1951-03-14,273.199462890625
"439",1951-03-15,272.121826171875
"440",1951-03-16,270.549072265625
"441",1951-03-17,270.1796875
"442",1951-03-18,270.71923828125
"443",1951-03-19,269.2763671875
"444",1951-03-20,272.1298828125
"445",1951-03-21,277.5810546875
"446",1951-03-22,274.75439453125
"447",1951-03-23,274.76513671875
"448",1951-03-24,276.71533203125
"449",1951-03-25,276.41943359375
"450",1951-03-26,274.52099609375
"451",1951-03-27,274.525634765625
"452",1951-03-28,274.540771484375
"453",1951-03-29,274.64208984375
"454",1951-03-30,275.96142578125
"455",1951-03-31,276.680419921875
"456",1951-04-01,276.673583984375
"457",1951-04-02,275.40673828125
"458",1951-04-03,276.603271484375
"459",1951-04-04,277.346435546875
"460",1951-04-05,277.838134765625
"461",1951-04-06,279.052978515625
"462",1951-04-07,278.05419921875
"463",1951-04-08,278.73583984375
"464",1951-04-09,278.864013671875
"465",1951-04-10,279.885498046875
"466",1951-04-11,279.0068359375
"467",1951-04-12,278.26708984375
"468",1951-04-13,278.99462890625
"469",1951-04-14,277.669921875
"470",1951-04-15,279.015869140625
"471",1951-04-16,278.4013671875
"472",1951-04-17,279.26953125
"473",1951-04-18,278.345703125
"474",1951-04-19,278.927490234375
"475",1951-04-20,277.812255859375
"476",1951-04-21,278.248291015625
"477",1951-04-22,279.909912109375
"478",1951-04-23,279.651123046875
"479",1951-04-24,282.52685546875
"480",1951-04-25,283.7255859375
"481",1951-04-26,286.04345703125
"482",1951-04-27,284.236572265625
"483",1951-04-28,283.58642578125
"484",1951-04-29,283.310546875
"485",1951-04-30,285.862060546875
"486",1951-05-01,284.484130859375
"487",1951-05-02,281.2861328125
"488",1951-05-03,283.299072265625
"489",1951-05-04,288.887451171875
"490",1951-05-05,285.040283203125
"491",1951-05-06,283.980712890625
"492",1951-05-07,283.968017578125
"493",1951-05-08,285.049560546875
"494",1951-05-09,285.37353515625
"495",1951-05-10,288.691162109375
"496",1951-05-11,288.3798828125
"497",1951-05-12,287.34033203125
"498",1951-05-13,286.11669921875
"499",1951-05-14,285.991455078125
"500",1951-05-15,285.76123046875
"501",1951-05-16,287.08154296875
"502",1951-05-17,289.923095703125
"503",1951-05-18,289.417724609375
"504",1951-05-19,293.52783203125
"505",1951-05-20,293.981201171875
"506",1951-05-21,293.01708984375
"507",1951-05-22,289.806884765625
"508",1951-05-23,288.47314453125
"509",1951-05-24,290.054443359375
"510",1951-05-25,287.775390625
"511",1951-05-26,287.9072265625
"512",1951-05-27,291.4169921875
"513",1951-05-28,288.849609375
"514",1951-05-29,286.458740234375
"515",1951-05-30,289.361328125
"516",1951-05-31,290.075927734375
"517",1951-06-01,289.636474609375
"518",1951-06-02,292.745849609375
"519",1951-06-03,294.476318359375
"520",1951-06-04,293.837158203125
"521",1951-06-05,294.7900390625
"522",1951-06-06,289.611083984375
"523",1951-06-07,288.682861328125
"524",1951-06-08,288.508544921875
"525",1951-06-09,288.3154296875
"526",1951-06-10,288.84521484375
"527",1951-06-11,291.693359375
"528",1951-06-12,289.431884765625
"529",1951-06-13,288.391845703125
"530",1951-06-14,287.3759765625
"531",1951-06-15,290.167724609375
"532",1951-06-16,289.551513671875
"533",1951-06-17,291.76171875
"534",1951-06-18,290.463623046875
"535",1951-06-19,289.676513671875
"536",1951-06-20,289.18603515625
"537",1951-06-21,289.37353515625
"538",1951-06-22,295.376708984375
"539",1951-06-23,290.34375
"540",1951-06-24,297.095703125
"541",1951-06-25,293.418212890625
"542",1951-06-26,289.82177734375
"543",1951-06-27,290.2216796875
"544",1951-06-28,289.33251953125
"545",1951-06-29,292.364501953125
"546",1951-06-30,292.524169921875
"547",1951-07-01,291.5
"548",1951-07-02,293.431396484375
"549",1951-07-03,289.76708984375
"550",1951-07-04,289.802001953125
"551",1951-07-05,288.697265625
"552",1951-07-06,289.843017578125
"553",1951-07-07,289.603271484375
"554",1951-07-08,291.259521484375
"555",1951-07-09,289.0224609375
"556",1951-07-10,290.290771484375
"557",1951-07-11,293.136962890625
"558",1951-07-12,291.1123046875
"559",1951-07-13,292.043212890625
"560",1951-07-14,290.363037109375
"561",1951-07-15,291.1181640625
"562",1951-07-16,292.589111328125
"563",1951-07-17,291.89453125
"564",1951-07-18,291.819580078125
"565",1951-07-19,291.010498046875
"566",1951-07-20,290.6806640625
"567",1951-07-21,292.0673828125
"568",1951-07-22,293.32470703125
"569",1951-07-23,295.91455078125
"570",1951-07-24,294.93408203125
"571",1951-07-25,294.707275390625
"572",1951-07-26,294.26904296875
"573",1951-07-27,291.076416015625
"574",1951-07-28,290.024169921875
"575",1951-07-29,292.1865234375
"576",1951-07-30,292.911376953125
"577",1951-07-31,293.16357421875
"578",1951-08-01,293.553955078125
"579",1951-08-02,291.380615234375
"580",1951-08-03,293.046875
"581",1951-08-04,297.284423828125
"582",1951-08-05,292.7177734375
"583",1951-08-06,291.46875
"584",1951-08-07,296.35009765625
"585",1951-08-08,294.534423828125
"586",1951-08-09,292.74755859375
"587",1951-08-10,291.9384765625
"588",1951-08-11,289.955078125
"589",1951-08-12,290.79736328125
"590",1951-08-13,289.1640625
"591",1951-08-14,289.570068359375
"592",1951-08-15,289.502197265625
"593",1951-08-16,289.82666015625
"594",1951-08-17,291.274658203125
"595",1951-08-18,292.146484375
"596",1951-08-19,293.21337890625
"597",1951-08-20,290.3955078125
"598",1951-08-21,291.82421875
"599",1951-08-22,291.906982421875
"600",1951-08-23,292.04345703125
"601",1951-08-24,292.21630859375
"602",1951-08-25,294.097900390625
"603",1951-08-26,292.42578125
"604",1951-08-27,291.050537109375
"605",1951-08-28,290.880126953125
"606",1951-08-29,292.981201171875
"607",1951-08-30,292.634521484375
"608",1951-08-31,291.4990234375
"609",1951-09-01,287.575439453125
"610",1951-09-02,289.28759765625
"611",1951-09-03,289.5712890625
"612",1951-09-04,288.75146484375
"613",1951-09-05,291.206298828125
"614",1951-09-06,291.85205078125
"615",1951-09-07,291.819580078125
"616",1951-09-08,292.147216796875
"617",1951-09-09,290.439697265625
"618",1951-09-10,289.86669921875
"619",1951-09-11,290.9833984375
"620",1951-09-12,291.623291015625
"621",1951-09-13,293.094970703125
"622",1951-09-14,291.67919921875
"623",1951-09-15,287.78125
"624",1951-09-16,288.1142578125
"625",1951-09-17,288.84912109375
"626",1951-09-18,285.96142578125
"627",1951-09-19,285.31591796875
"628",1951-09-20,285.319091796875
"629",1951-09-21,286.440673828125
"630",1951-09-22,287.2646484375
"631",1951-09-23,288.087890625
"632",1951-09-24,288.680419921875
"633",1951-09-25,288.65771484375
"634",1951-09-26,289.778564453125
"635",1951-09-27,286.182373046875
"636",1951-09-28,287.89794921875
"637",1951-09-29,288.85693359375
"638",1951-09-30,288.538330078125
"639",1951-10-01,288.989501953125
"640",1951-10-02,289.95263671875
"641",1951-10-03,288.242919921875
"642",1951-10-04,286.445068359375
"643",1951-10-05,286.173583984375
"644",1951-10-06,285.903076171875
"645",1951-10-07,284.492919921875
"646",1951-10-08,284.58544921875
"647",1951-10-09,286.3232421875
"648",1951-10-10,285.453125
"649",1951-10-11,285.371337890625
"650",1951-10-12,283.2021484375
"651",1951-10-13,283.96923828125
"652",1951-10-14,284.856201171875
"653",1951-10-15,284.420166015625
"654",1951-10-16,284.772216796875
"655",1951-10-17,286.164794921875
"656",1951-10-18,285.192626953125
"657",1951-10-19,282.340087890625
"658",1951-10-20,283.008544921875
"659",1951-10-21,283.266357421875
"660",1951-10-22,282.206787109375
"661",1951-10-23,282.088134765625
"662",1951-10-24,283.199462890625
"663",1951-10-25,284.691650390625
"664",1951-10-26,284.189453125
"665",1951-10-27,283.815673828125
"666",1951-10-28,282.9150390625
"667",1951-10-29,281.682373046875
"668",1951-10-30,282.249267578125
"669",1951-10-31,284.17431640625
"670",1951-11-01,281.911865234375
"671",1951-11-02,280.435791015625
"672",1951-11-03,280.025390625
"673",1951-11-04,277.50634765625
"674",1951-11-05,276.46435546875
"675",1951-11-06,280.737060546875
"676",1951-11-07,280.46484375
"677",1951-11-08,281.35009765625
"678",1951-11-09,281.306884765625
"679",1951-11-10,277.7119140625
"680",1951-11-11,276.25048828125
"681",1951-11-12,277.2041015625
"682",1951-11-13,277.431884765625
"683",1951-11-14,277.056396484375
"684",1951-11-15,274.04931640625
"685",1951-11-16,279.8828125
"686",1951-11-17,281.455322265625
"687",1951-11-18,281.615966796875
"688",1951-11-19,281.52587890625
"689",1951-11-20,281.675537109375
"690",1951-11-21,280.960693359375
"691",1951-11-22,280.27294921875
"692",1951-11-23,279.0205078125
"693",1951-11-24,279.98291015625
"694",1951-11-25,279.962646484375
"695",1951-11-26,278.47998046875
"696",1951-11-27,282.978515625
"697",1951-11-28,279.213134765625
"698",1951-11-29,277.499267578125
"699",1951-11-30,282.773681640625
"700",1951-12-01,282.5869140625
"701",1951-12-02,276.487060546875
"702",1951-12-03,276.478515625
"703",1951-12-04,282.2177734375
"704",1951-12-05,283.31884765625
"705",1951-12-06,280.340576171875
"706",1951-12-07,277.042236328125
"707",1951-12-08,279.680908203125
"708",1951-12-09,279.811279296875
"709",1951-12-10,275.093017578125
"710",1951-12-11,275.087890625
"711",1951-12-12,279.141845703125
"712",1951-12-13,280.86865234375
"713",1951-12-14,279.80419921875
"714",1951-12-15,281.57373046875
"715",1951-12-16,277.551513671875
"716",1951-12-17,277.974609375
"717",1951-12-18,280.400146484375
"718",1951-12-19,280.9521484375
"719",1951-12-20,281.322265625
"720",1951-12-21,281.397216796875
"721",1951-12-22,280.32666015625
"722",1951-12-23,279.81005859375
"723",1951-12-24,279.363037109375
"724",1951-12-25,280.664306640625
"725",1951-12-26,277.68212890625
"726",1951-12-27,276.398193359375
"727",1951-12-28,278.1220703125
"728",1951-12-29,278.0009765625
"729",1951-12-30,276.351318359375
"730",1951-12-31,279.7734375
"731",1952-01-01,279.6298828125
"732",1952-01-02,275.744140625
"733",1952-01-03,273.942138671875
"734",1952-01-04,274.214111328125
"735",1952-01-05,272.64501953125
"736",1952-01-06,280.733642578125
"737",1952-01-07,282.074951171875
"738",1952-01-08,279.8525390625
"739",1952-01-09,279.3720703125
"740",1952-01-10,276.572265625
"741",1952-01-11,275.712646484375
"742",1952-01-12,274.666259765625
"743",1952-01-13,276.0947265625
"744",1952-01-14,276.77685546875
"745",1952-01-15,280.06396484375
"746",1952-01-16,278.598876953125
"747",1952-01-17,275.6796875
"748",1952-01-18,274.806396484375
"749",1952-01-19,275.077880859375
"750",1952-01-20,271.769775390625
"751",1952-01-21,269.203369140625
"752",1952-01-22,271.22900390625
"753",1952-01-23,273.89892578125
"754",1952-01-24,274.014892578125
"755",1952-01-25,275.181884765625
"756",1952-01-26,274.142333984375
"757",1952-01-27,272.214111328125
"758",1952-01-28,271.23779296875
"759",1952-01-29,273.225830078125
"760",1952-01-30,269.823974609375
"761",1952-01-31,271.848388671875
"762",1952-02-01,274.90966796875
"763",1952-02-02,275.406982421875
"764",1952-02-03,275.12890625
"765",1952-02-04,271.348876953125
"766",1952-02-05,270.744873046875
"767",1952-02-06,277.9365234375
"768",1952-02-07,276.488037109375
"769",1952-02-08,274.088623046875
"770",1952-02-09,273.962890625
"771",1952-02-10,271.77001953125
"772",1952-02-11,269.526611328125
"773",1952-02-12,269.02490234375
"774",1952-02-13,273.5859375
"775",1952-02-14,275.111328125
"776",1952-02-15,275.8017578125
"777",1952-02-16,277.051025390625
"778",1952-02-17,272.323974609375
"779",1952-02-18,273.63427734375
"780",1952-02-19,276.151123046875
"781",1952-02-20,277.9990234375
"782",1952-02-21,279.814697265625
"783",1952-02-22,279.915283203125
"784",1952-02-23,278.77783203125
"785",1952-02-24,279.153076171875
"786",1952-02-25,276.512939453125
"787",1952-02-26,278.17724609375
"788",1952-02-27,281.011474609375
"789",1952-02-28,279.292724609375
"790",1952-02-29,278.303466796875
"791",1952-03-01,275.301513671875
"792",1952-03-02,274.599853515625
"793",1952-03-03,276.741455078125
"794",1952-03-04,276.79345703125
"795",1952-03-05,273.110595703125
"796",1952-03-06,275.07861328125
"797",1952-03-07,276.15087890625
"798",1952-03-08,273.798095703125
"799",1952-03-09,276.47265625
"800",1952-03-10,278.392822265625
"801",1952-03-11,279.650634765625
"802",1952-03-12,279.232177734375
"803",1952-03-13,276.6591796875
"804",1952-03-14,277.23388671875
"805",1952-03-15,277.304931640625
"806",1952-03-16,282.721923828125
"807",1952-03-17,280.291015625
"808",1952-03-18,280.2109375
"809",1952-03-19,277.93212890625
"810",1952-03-20,275.53271484375
"811",1952-03-21,274.244873046875
"812",1952-03-22,272.66650390625
"813",1952-03-23,275.17626953125
"814",1952-03-24,271.40234375
"815",1952-03-25,269.328369140625
"816",1952-03-26,272.431640625
"817",1952-03-27,271.07177734375
"818",1952-03-28,272.699951171875
"819",1952-03-29,275.324462890625
"820",1952-03-30,275.55224609375
"821",1952-03-31,276.453857421875
"822",1952-04-01,276.80908203125
"823",1952-04-02,277.30078125
"824",1952-04-03,279.74755859375
"825",1952-04-04,282.0244140625
"826",1952-04-05,281.306640625
"827",1952-04-06,281.470458984375
"828",1952-04-07,280.268798828125
"829",1952-04-08,281.572998046875
"830",1952-04-09,280.734375
"831",1952-04-10,285.645751953125
"832",1952-04-11,288.084228515625
"833",1952-04-12,283.12646484375
"834",1952-04-13,283.701904296875
"835",1952-04-14,286.159912109375
"836",1952-04-15,286.501220703125
"837",1952-04-16,285.296875
"838",1952-04-17,281.951904296875
"839",1952-04-18,288.089599609375
"840",1952-04-19,287.288330078125
"841",1952-04-20,284.837890625
"842",1952-04-21,283.58203125
"843",1952-04-22,285.0341796875
"844",1952-04-23,284.146728515625
"845",1952-04-24,285.145751953125
"846",1952-04-25,282.964111328125
"847",1952-04-26,283.026123046875
"848",1952-04-27,287.806884765625
"849",1952-04-28,284.12744140625
"850",1952-04-29,282.937744140625
"851",1952-04-30,281.78515625
"852",1952-05-01,286.58740234375
"853",1952-05-02,285.939453125
"854",1952-05-03,286.85009765625
"855",1952-05-04,288.7685546875
"856",1952-05-05,284.47705078125
"857",1952-05-06,286.19873046875
"858",1952-05-07,288.885498046875
"859",1952-05-08,285.794921875
"860",1952-05-09,289.971923828125
"861",1952-05-10,290.5107421875
"862",1952-05-11,289.2353515625
"863",1952-05-12,286.333740234375
"864",1952-05-13,286.2890625
"865",1952-05-14,287.14208984375
"866",1952-05-15,284.65869140625
"867",1952-05-16,285.5166015625
"868",1952-05-17,286.4150390625
"869",1952-05-18,286.974853515625
"870",1952-05-19,283.81494140625
"871",1952-05-20,286.2607421875
"872",1952-05-21,289.1904296875
"873",1952-05-22,290.843994140625
"874",1952-05-23,292.780029296875
"875",1952-05-24,290.34326171875
"876",1952-05-25,289.53955078125
"877",1952-05-26,288.912353515625
"878",1952-05-27,287.611083984375
"879",1952-05-28,284.574951171875
"880",1952-05-29,283.09423828125
"881",1952-05-30,284.509765625
"882",1952-05-31,286.2333984375
"883",1952-06-01,288.7431640625
"884",1952-06-02,287.669189453125
"885",1952-06-03,286.09521484375
"886",1952-06-04,286.700927734375
"887",1952-06-05,287.96142578125
"888",1952-06-06,288.661376953125
"889",1952-06-07,287.849853515625
"890",1952-06-08,285.4619140625
"891",1952-06-09,286.903076171875
"892",1952-06-10,288.4453125
"893",1952-06-11,289.993408203125
"894",1952-06-12,289.974853515625
"895",1952-06-13,290.760986328125
"896",1952-06-14,289.544189453125
"897",1952-06-15,287.672607421875
"898",1952-06-16,286.478759765625
"899",1952-06-17,286.799560546875
"900",1952-06-18,292.747802734375
"901",1952-06-19,288.550537109375
"902",1952-06-20,286.39990234375
"903",1952-06-21,285.889404296875
"904",1952-06-22,288.21240234375
"905",1952-06-23,287.74951171875
"906",1952-06-24,291.596923828125
"907",1952-06-25,290.556396484375
"908",1952-06-26,292.327880859375
"909",1952-06-27,287.90478515625
"910",1952-06-28,290.201904296875
"911",1952-06-29,290.172607421875
"912",1952-06-30,290.713623046875
"913",1952-07-01,293.432373046875
"914",1952-07-02,296.78759765625
"915",1952-07-03,292.836181640625
"916",1952-07-04,292.935546875
"917",1952-07-05,294.449462890625
"918",1952-07-06,297.380859375
"919",1952-07-07,299.74462890625
"920",1952-07-08,298.00927734375
"921",1952-07-09,297.883544921875
"922",1952-07-10,294.026611328125
"923",1952-07-11,292.37939453125
"924",1952-07-12,288.7939453125
"925",1952-07-13,287.461181640625
"926",1952-07-14,289.3525390625
"927",1952-07-15,289.25146484375
"928",1952-07-16,288.57470703125
"929",1952-07-17,287.228271484375
"930",1952-07-18,288.590087890625
"931",1952-07-19,290.67822265625
"932",1952-07-20,293.329345703125
"933",1952-07-21,290.512939453125
"934",1952-07-22,293.169921875
"935",1952-07-23,291.682373046875
"936",1952-07-24,292.0283203125
"937",1952-07-25,291.634521484375
"938",1952-07-26,292.11572265625
"939",1952-07-27,290.487548828125
"940",1952-07-28,293.1923828125
"941",1952-07-29,288.487060546875
"942",1952-07-30,289.96337890625
"943",1952-07-31,289.65625
"944",1952-08-01,293.317138671875
"945",1952-08-02,293.13720703125
"946",1952-08-03,296.245361328125
"947",1952-08-04,291.505615234375
"948",1952-08-05,290.308837890625
"949",1952-08-06,290.27001953125
"950",1952-08-07,292.051025390625
"951",1952-08-08,290.98095703125
"952",1952-08-09,291.09765625
"953",1952-08-10,290.55859375
"954",1952-08-11,291.60498046875
"955",1952-08-12,290.515380859375
"956",1952-08-13,291.44921875
"957",1952-08-14,291.1630859375
"958",1952-08-15,290.589111328125
"959",1952-08-16,291.382080078125
"960",1952-08-17,290.6064453125
"961",1952-08-18,292.608154296875
"962",1952-08-19,292.096923828125
"963",1952-08-20,290.82177734375
"964",1952-08-21,292.0458984375
"965",1952-08-22,292.02490234375
"966",1952-08-23,291.56201171875
"967",1952-08-24,292.189453125
"968",1952-08-25,289.653076171875
"969",1952-08-26,289.10791015625
"970",1952-08-27,288.71240234375
"971",1952-08-28,287.912353515625
"972",1952-08-29,289.296142578125
"973",1952-08-30,291.63720703125
"974",1952-08-31,291.266845703125
"975",1952-09-01,289.82177734375
"976",1952-09-02,287.7294921875
"977",1952-09-03,287.943115234375
"978",1952-09-04,289.05517578125
"979",1952-09-05,288.051025390625
"980",1952-09-06,287.949462890625
"981",1952-09-07,287.302734375
"982",1952-09-08,286.981689453125
"983",1952-09-09,288.61328125
"984",1952-09-10,289.523681640625
"985",1952-09-11,285.97119140625
"986",1952-09-12,287.0732421875
"987",1952-09-13,289.330322265625
"988",1952-09-14,286.116455078125
"989",1952-09-15,287.2763671875
"990",1952-09-16,287.791015625
"991",1952-09-17,285.61767578125
"992",1952-09-18,286.805908203125
"993",1952-09-19,284.582763671875
"994",1952-09-20,283.904296875
"995",1952-09-21,282.20263671875
"996",1952-09-22,281.75048828125
"997",1952-09-23,280.0380859375
"998",1952-09-24,282.703369140625
"999",1952-09-25,286.222900390625
"1000",1952-09-26,284.419921875
"1001",1952-09-27,284.783447265625
"1002",1952-09-28,285.05712890625
"1003",1952-09-29,284.779052734375
"1004",1952-09-30,285.854736328125
"1005",1952-10-01,283.085205078125
"1006",1952-10-02,282.255859375
"1007",1952-10-03,280.151123046875
"1008",1952-10-04,281.287109375
"1009",1952-10-05,280.409423828125
"1010",1952-10-06,281.041748046875
"1011",1952-10-07,280.475341796875
"1012",1952-10-08,281.99072265625
"1013",1952-10-09,284.06005859375
"1014",1952-10-10,281.94970703125
"1015",1952-10-11,282.483642578125
"1016",1952-10-12,280.893310546875
"1017",1952-10-13,279.68896484375
"1018",1952-10-14,277.36669921875
"1019",1952-10-15,279.65673828125
"1020",1952-10-16,282.07470703125
"1021",1952-10-17,279.97607421875
"1022",1952-10-18,278.995361328125
"1023",1952-10-19,277.4375
"1024",1952-10-20,278.5322265625
"1025",1952-10-21,277.738525390625
"1026",1952-10-22,278.357177734375
"1027",1952-10-23,279.061767578125
"1028",1952-10-24,279.984375
"1029",1952-10-25,280.541748046875
"1030",1952-10-26,281.1630859375
"1031",1952-10-27,280.6533203125
"1032",1952-10-28,282.477783203125
"1033",1952-10-29,283.62353515625
"1034",1952-10-30,281.9765625
"1035",1952-10-31,280.761962890625
"1036",1952-11-01,278.818359375
"1037",1952-11-02,277.262939453125
"1038",1952-11-03,274.0234375
"1039",1952-11-04,280.528076171875
"1040",1952-11-05,280.137451171875
"1041",1952-11-06,277.6708984375
"1042",1952-11-07,273.58251953125
"1043",1952-11-08,275.641357421875
"1044",1952-11-09,272.490966796875
"1045",1952-11-10,273.933837890625
"1046",1952-11-11,272.23876953125
"1047",1952-11-12,274.18798828125
"1048",1952-11-13,274.69873046875
"1049",1952-11-14,276.15625
"1050",1952-11-15,275.380615234375
"1051",1952-11-16,275.529052734375
"1052",1952-11-17,274.693115234375
"1053",1952-11-18,274.918212890625
"1054",1952-11-19,270.797607421875
"1055",1952-11-20,275.822509765625
"1056",1952-11-21,275.81689453125
"1057",1952-11-22,276.3759765625
"1058",1952-11-23,277.080810546875
"1059",1952-11-24,277.031005859375
"1060",1952-11-25,274.51025390625
"1061",1952-11-26,274.760009765625
"1062",1952-11-27,272.58447265625
"1063",1952-11-28,272.39501953125
"1064",1952-11-29,270.71875
"1065",1952-11-30,267.4248046875
"1066",1952-12-01,273.50244140625
"1067",1952-12-02,278.92919921875
"1068",1952-12-03,275.118896484375
"1069",1952-12-04,276.145751953125
"1070",1952-12-05,278.065185546875
"1071",1952-12-06,278.766845703125
"1072",1952-12-07,273.932373046875
"1073",1952-12-08,278.453125
"1074",1952-12-09,279.4208984375
"1075",1952-12-10,279.262451171875
"1076",1952-12-11,277.885986328125
"1077",1952-12-12,277.294921875
"1078",1952-12-13,276.27197265625
"1079",1952-12-14,273.18505859375
"1080",1952-12-15,272.748779296875
"1081",1952-12-16,273.6494140625
"1082",1952-12-17,274.20068359375
"1083",1952-12-18,273.368896484375
"1084",1952-12-19,274.13720703125
"1085",1952-12-20,273.33642578125
"1086",1952-12-21,272.745361328125
"1087",1952-12-22,268.63623046875
"1088",1952-12-23,271.6708984375
"1089",1952-12-24,275.497802734375
"1090",1952-12-25,276.270751953125
"1091",1952-12-26,276.771240234375
"1092",1952-12-27,274.640380859375
"1093",1952-12-28,274.86865234375
"1094",1952-12-29,274.50244140625
"1095",1952-12-30,274.01220703125
"1096",1952-12-31,272.466064453125
"1097",1953-01-01,270.5703125
"1098",1953-01-02,271.416748046875
"1099",1953-01-03,268.948974609375
"1100",1953-01-04,265.84130859375
"1101",1953-01-05,266.758544921875
"1102",1953-01-06,268.591552734375
"1103",1953-01-07,269.4453125
"1104",1953-01-08,276.046142578125
"1105",1953-01-09,277.63330078125
"1106",1953-01-10,268.910888671875
"1107",1953-01-11,272.665771484375
"1108",1953-01-12,277.445068359375
"1109",1953-01-13,277.145751953125
"1110",1953-01-14,277.23291015625
"1111",1953-01-15,278.912353515625
"1112",1953-01-16,275.373046875
"1113",1953-01-17,277.60009765625
"1114",1953-01-18,278.204345703125
"1115",1953-01-19,275.03955078125
"1116",1953-01-20,277.392333984375
"1117",1953-01-21,279.10302734375
"1118",1953-01-22,275.09765625
"1119",1953-01-23,273.735595703125
"1120",1953-01-24,273.28564453125
"1121",1953-01-25,271.078125
"1122",1953-01-26,276.27490234375
"1123",1953-01-27,278.187255859375
"1124",1953-01-28,280.267578125
"1125",1953-01-29,278.45751953125
"1126",1953-01-30,276.739990234375
"1127",1953-01-31,276.670654296875
"1128",1953-02-01,274.848388671875
"1129",1953-02-02,271.896484375
"1130",1953-02-03,273.43115234375
"1131",1953-02-04,275.6455078125
"1132",1953-02-05,270.60107421875
"1133",1953-02-06,261.8984375
"1134",1953-02-07,258.579833984375
"1135",1953-02-08,257.80810546875
"1136",1953-02-09,262.80078125
"1137",1953-02-10,266.81298828125
"1138",1953-02-11,268.64013671875
"1139",1953-02-12,268.22705078125
"1140",1953-02-13,266.40478515625
"1141",1953-02-14,269.57666015625
"1142",1953-02-15,273.462890625
"1143",1953-02-16,276.8779296875
"1144",1953-02-17,278.42529296875
"1145",1953-02-18,278.9677734375
"1146",1953-02-19,277.932861328125
"1147",1953-02-20,277.619873046875
"1148",1953-02-21,280.31298828125
"1149",1953-02-22,277.815673828125
"1150",1953-02-23,275.717041015625
"1151",1953-02-24,275.992919921875
"1152",1953-02-25,277.8447265625
"1153",1953-02-26,278.847900390625
"1154",1953-02-27,282.84765625
"1155",1953-02-28,279.494140625
"1156",1953-03-01,278.517333984375
"1157",1953-03-02,277.854736328125
"1158",1953-03-03,278.11279296875
"1159",1953-03-04,279.455078125
"1160",1953-03-05,278.63525390625
"1161",1953-03-06,279.9169921875
"1162",1953-03-07,280.09814453125
"1163",1953-03-08,277.73193359375
"1164",1953-03-09,281.8203125
"1165",1953-03-10,281.140869140625
"1166",1953-03-11,281.2001953125
"1167",1953-03-12,281.378662109375
"1168",1953-03-13,282.61328125
"1169",1953-03-14,279.513671875
"1170",1953-03-15,280.14453125
"1171",1953-03-16,276.79345703125
"1172",1953-03-17,275.7919921875
"1173",1953-03-18,281.81640625
"1174",1953-03-19,282.137939453125
"1175",1953-03-20,282.17529296875
"1176",1953-03-21,278.846435546875
"1177",1953-03-22,283.755859375
"1178",1953-03-23,279.76220703125
"1179",1953-03-24,283.83056640625
"1180",1953-03-25,285.9990234375
"1181",1953-03-26,282.638671875
"1182",1953-03-27,279.41357421875
"1183",1953-03-28,278.051513671875
"1184",1953-03-29,280.310302734375
"1185",1953-03-30,280.3330078125
"1186",1953-03-31,276.23486328125
"1187",1953-04-01,279.292724609375
"1188",1953-04-02,280.107666015625
"1189",1953-04-03,280.856689453125
"1190",1953-04-04,277.677001953125
"1191",1953-04-05,279.414794921875
"1192",1953-04-06,279.605224609375
"1193",1953-04-07,280.056884765625
"1194",1953-04-08,279.12890625
"1195",1953-04-09,279.510009765625
"1196",1953-04-10,279.836181640625
"1197",1953-04-11,280.17529296875
"1198",1953-04-12,283.101318359375
"1199",1953-04-13,280.922607421875
"1200",1953-04-14,280.33740234375
"1201",1953-04-15,284.29296875
"1202",1953-04-16,282.26318359375
"1203",1953-04-17,283.1044921875
"1204",1953-04-18,283.5380859375
"1205",1953-04-19,281.065673828125
"1206",1953-04-20,283.306884765625
"1207",1953-04-21,285.5107421875
"1208",1953-04-22,288.863525390625
"1209",1953-04-23,286.904052734375
"1210",1953-04-24,285.3115234375
"1211",1953-04-25,282.716064453125
"1212",1953-04-26,282.1787109375
"1213",1953-04-27,283.16455078125
"1214",1953-04-28,287.87841796875
"1215",1953-04-29,283.84228515625
"1216",1953-04-30,286.638671875
"1217",1953-05-01,288.029541015625
"1218",1953-05-02,289.6328125
"1219",1953-05-03,287.309814453125
"1220",1953-05-04,288.66064453125
"1221",1953-05-05,288.436767578125
"1222",1953-05-06,283.422119140625
"1223",1953-05-07,284.00244140625
"1224",1953-05-08,284.37451171875
"1225",1953-05-09,282.556396484375
"1226",1953-05-10,285.971435546875
"1227",1953-05-11,286.5224609375
"1228",1953-05-12,286.56005859375
"1229",1953-05-13,288.733154296875
"1230",1953-05-14,286.944091796875
"1231",1953-05-15,288.39453125
"1232",1953-05-16,287.03662109375
"1233",1953-05-17,286.788330078125
"1234",1953-05-18,287.402099609375
"1235",1953-05-19,291.573486328125
"1236",1953-05-20,290.6025390625
"1237",1953-05-21,287.696533203125
"1238",1953-05-22,290.712158203125
"1239",1953-05-23,286.740234375
"1240",1953-05-24,289.18701171875
"1241",1953-05-25,288.3447265625
"1242",1953-05-26,287.514404296875
"1243",1953-05-27,288.220703125
"1244",1953-05-28,287.51025390625
"1245",1953-05-29,283.787353515625
"1246",1953-05-30,287.1982421875
"1247",1953-05-31,287.05712890625
"1248",1953-06-01,285.81103515625
"1249",1953-06-02,287.728515625
"1250",1953-06-03,288.0068359375
"1251",1953-06-04,287.0625
"1252",1953-06-05,285.097412109375
"1253",1953-06-06,286.9951171875
"1254",1953-06-07,287.350830078125
"1255",1953-06-08,294.241455078125
"1256",1953-06-09,295.1474609375
"1257",1953-06-10,294.071044921875
"1258",1953-06-11,296.3759765625
"1259",1953-06-12,297.288818359375
"1260",1953-06-13,295.97509765625
"1261",1953-06-14,297.611328125
"1262",1953-06-15,294.854736328125
"1263",1953-06-16,294.4462890625
"1264",1953-06-17,293.620849609375
"1265",1953-06-18,292.2451171875
"1266",1953-06-19,294.765869140625
"1267",1953-06-20,288.701904296875
"1268",1953-06-21,293.4384765625
"1269",1953-06-22,297.84326171875
"1270",1953-06-23,299.947998046875
"1271",1953-06-24,298.315673828125
"1272",1953-06-25,298.10693359375
"1273",1953-06-26,299.86865234375
"1274",1953-06-27,298.671630859375
"1275",1953-06-28,298.17724609375
"1276",1953-06-29,300.982177734375
"1277",1953-06-30,299.6044921875
"1278",1953-07-01,299.488037109375
"1279",1953-07-02,297.673095703125
"1280",1953-07-03,297.631591796875
"1281",1953-07-04,296.201904296875
"1282",1953-07-05,293.0341796875
"1283",1953-07-06,289.865234375
"1284",1953-07-07,291.955322265625
"1285",1953-07-08,290.524169921875
"1286",1953-07-09,290.419677734375
"1287",1953-07-10,291.31640625
"1288",1953-07-11,291.256103515625
"1289",1953-07-12,290.918701171875
"1290",1953-07-13,294.003173828125
"1291",1953-07-14,291.172119140625
"1292",1953-07-15,291.59912109375
"1293",1953-07-16,290.44287109375
"1294",1953-07-17,291.073486328125
"1295",1953-07-18,293.304443359375
"1296",1953-07-19,292.04541015625
"1297",1953-07-20,293.018310546875
"1298",1953-07-21,292.27587890625
"1299",1953-07-22,294.797119140625
"1300",1953-07-23,290.764404296875
"1301",1953-07-24,291.341552734375
"1302",1953-07-25,292.111328125
"1303",1953-07-26,295.3017578125
"1304",1953-07-27,290.578369140625
"1305",1953-07-28,289.42822265625
"1306",1953-07-29,289.970458984375
"1307",1953-07-30,290.58056640625
"1308",1953-07-31,288.28369140625
"1309",1953-08-01,290.980224609375
"1310",1953-08-02,292.540771484375
"1311",1953-08-03,292.45361328125
"1312",1953-08-04,290.107421875
"1313",1953-08-05,293.4296875
"1314",1953-08-06,292.109619140625
"1315",1953-08-07,292.836669921875
"1316",1953-08-08,293.048583984375
"1317",1953-08-09,293.98095703125
"1318",1953-08-10,291.276123046875
"1319",1953-08-11,292.6669921875
"1320",1953-08-12,294.269775390625
"1321",1953-08-13,296.804443359375
"1322",1953-08-14,295.314453125
"1323",1953-08-15,293.85791015625
"1324",1953-08-16,296.6181640625
"1325",1953-08-17,291.724609375
"1326",1953-08-18,291.22900390625
"1327",1953-08-19,290.864990234375
"1328",1953-08-20,290.9736328125
"1329",1953-08-21,290.59375
"1330",1953-08-22,291.22216796875
"1331",1953-08-23,289.200927734375
"1332",1953-08-24,289.349365234375
"1333",1953-08-25,290.201171875
"1334",1953-08-26,289.73974609375
"1335",1953-08-27,291.105224609375
"1336",1953-08-28,289.2275390625
"1337",1953-08-29,289.39892578125
"1338",1953-08-30,289.6806640625
"1339",1953-08-31,288.13134765625
"1340",1953-09-01,290.973388671875
"1341",1953-09-02,291.530029296875
"1342",1953-09-03,288.6865234375
"1343",1953-09-04,290.851318359375
"1344",1953-09-05,288.694091796875
"1345",1953-09-06,288.2646484375
"1346",1953-09-07,291.608154296875
"1347",1953-09-08,293.22021484375
"1348",1953-09-09,288.596435546875
"1349",1953-09-10,287.25439453125
"1350",1953-09-11,287.493896484375
"1351",1953-09-12,285.0654296875
"1352",1953-09-13,287.816162109375
"1353",1953-09-14,288.2578125
"1354",1953-09-15,288.61767578125
"1355",1953-09-16,289.142333984375
"1356",1953-09-17,290.1123046875
"1357",1953-09-18,290.862548828125
"1358",1953-09-19,287.1455078125
"1359",1953-09-20,287.578857421875
"1360",1953-09-21,287.568359375
"1361",1953-09-22,285.74462890625
"1362",1953-09-23,286.362060546875
"1363",1953-09-24,286.157470703125
"1364",1953-09-25,287.186767578125
"1365",1953-09-26,288.431884765625
"1366",1953-09-27,287.00830078125
"1367",1953-09-28,287.158935546875
"1368",1953-09-29,287.20556640625
"1369",1953-09-30,286.720458984375
"1370",1953-10-01,287.74462890625
"1371",1953-10-02,288.570556640625
"1372",1953-10-03,287.756591796875
"1373",1953-10-04,286.001953125
"1374",1953-10-05,286.732421875
"1375",1953-10-06,284.579833984375
"1376",1953-10-07,284.10986328125
"1377",1953-10-08,284.4892578125
"1378",1953-10-09,285.78662109375
"1379",1953-10-10,286.86669921875
"1380",1953-10-11,286.98828125
"1381",1953-10-12,286.750244140625
"1382",1953-10-13,285.742431640625
"1383",1953-10-14,284.431396484375
"1384",1953-10-15,280.972900390625
"1385",1953-10-16,281.017578125
"1386",1953-10-17,281.576904296875
"1387",1953-10-18,284.361083984375
"1388",1953-10-19,285.30224609375
"1389",1953-10-20,285.810791015625
"1390",1953-10-21,286.063232421875
"1391",1953-10-22,285.41259765625
"1392",1953-10-23,282.50537109375
"1393",1953-10-24,284.756103515625
"1394",1953-10-25,285.3271484375
"1395",1953-10-26,286.244384765625
"1396",1953-10-27,285.759765625
"1397",1953-10-28,287.61474609375
"1398",1953-10-29,283.912109375
"1399",1953-10-30,283.171630859375
"1400",1953-10-31,282.7373046875
"1401",1953-11-01,282.152099609375
"1402",1953-11-02,279.62646484375
"1403",1953-11-03,280.111328125
"1404",1953-11-04,280.56884765625
"1405",1953-11-05,281.82080078125
"1406",1953-11-06,279.40185546875
"1407",1953-11-07,283.220703125
"1408",1953-11-08,283.558837890625
"1409",1953-11-09,281.81884765625
"1410",1953-11-10,281.925048828125
"1411",1953-11-11,282.706298828125
"1412",1953-11-12,283.649658203125
"1413",1953-11-13,280.3583984375
"1414",1953-11-14,277.918212890625
"1415",1953-11-15,276.062255859375
"1416",1953-11-16,280.27490234375
"1417",1953-11-17,282.238037109375
"1418",1953-11-18,281.077392578125
"1419",1953-11-19,281.257568359375
"1420",1953-11-20,277.21044921875
"1421",1953-11-21,279.20654296875
"1422",1953-11-22,276.24462890625
"1423",1953-11-23,276.148193359375
"1424",1953-11-24,276.054931640625
"1425",1953-11-25,276.1884765625
"1426",1953-11-26,277.259765625
"1427",1953-11-27,279.647216796875
"1428",1953-11-28,281.7294921875
"1429",1953-11-29,281.322509765625
"1430",1953-11-30,282.09228515625
"1431",1953-12-01,280.749267578125
"1432",1953-12-02,282.103515625
"1433",1953-12-03,281.73046875
"1434",1953-12-04,282.3818359375
"1435",1953-12-05,276.591064453125
"1436",1953-12-06,275.323974609375
"1437",1953-12-07,275.725341796875
"1438",1953-12-08,274.34521484375
"1439",1953-12-09,274.559326171875
"1440",1953-12-10,276.07763671875
"1441",1953-12-11,277.375732421875
"1442",1953-12-12,276.339599609375
"1443",1953-12-13,277.384521484375
"1444",1953-12-14,278.038818359375
"1445",1953-12-15,276.9658203125
"1446",1953-12-16,275.388427734375
"1447",1953-12-17,275.12060546875
"1448",1953-12-18,273.818359375
"1449",1953-12-19,273.171875
"1450",1953-12-20,272.4755859375
"1451",1953-12-21,273.512939453125
"1452",1953-12-22,274.467041015625
"1453",1953-12-23,276.325927734375
"1454",1953-12-24,278.261962890625
"1455",1953-12-25,276.975341796875
"1456",1953-12-26,275.295166015625
"1457",1953-12-27,275.697509765625
"1458",1953-12-28,269.222412109375
"1459",1953-12-29,271.411376953125
"1460",1953-12-30,275.106201171875
"1461",1953-12-31,275.485107421875
"1462",1954-01-01,275.723388671875
"1463",1954-01-02,279.1904296875
"1464",1954-01-03,277.241455078125
"1465",1954-01-04,270.846435546875
"1466",1954-01-05,274.69091796875
"1467",1954-01-06,276.010986328125
"1468",1954-01-07,272.739013671875
"1469",1954-01-08,276.57763671875
"1470",1954-01-09,276.865966796875
"1471",1954-01-10,273.143798828125
"1472",1954-01-11,271.2294921875
"1473",1954-01-12,273.726318359375
"1474",1954-01-13,276.364990234375
"1475",1954-01-14,275.4404296875
"1476",1954-01-15,276.570068359375
"1477",1954-01-16,275.72412109375
"1478",1954-01-17,271.54736328125
"1479",1954-01-18,273.525634765625
"1480",1954-01-19,276.402099609375
"1481",1954-01-20,276.321533203125
"1482",1954-01-21,271.960693359375
"1483",1954-01-22,268.181884765625
"1484",1954-01-23,266.820068359375
"1485",1954-01-24,266.956298828125
"1486",1954-01-25,266.8466796875
"1487",1954-01-26,266.901611328125
"1488",1954-01-27,264.508544921875
"1489",1954-01-28,269.080078125
"1490",1954-01-29,264.29638671875
"1491",1954-01-30,263.26708984375
"1492",1954-01-31,267.45458984375
"1493",1954-02-01,270.454833984375
"1494",1954-02-02,270.431884765625
"1495",1954-02-03,273.382080078125
"1496",1954-02-04,274.231689453125
"1497",1954-02-05,272.052001953125
"1498",1954-02-06,275.39453125
"1499",1954-02-07,272.390869140625
"1500",1954-02-08,269.300537109375
"1501",1954-02-09,269.5654296875
"1502",1954-02-10,270.455322265625
"1503",1954-02-11,268.374267578125
"1504",1954-02-12,265.5634765625
"1505",1954-02-13,265.152587890625
"1506",1954-02-14,263.25537109375
"1507",1954-02-15,266.328369140625
"1508",1954-02-16,266.963134765625
"1509",1954-02-17,267.99462890625
"1510",1954-02-18,268.585693359375
"1511",1954-02-19,267.92822265625
"1512",1954-02-20,269.849853515625
"1513",1954-02-21,269.339111328125
"1514",1954-02-22,269.827392578125
"1515",1954-02-23,269.712158203125
"1516",1954-02-24,269.612060546875
"1517",1954-02-25,270.22265625
"1518",1954-02-26,272.754150390625
"1519",1954-02-27,273.10546875
"1520",1954-02-28,273.29541015625
"1521",1954-03-01,273.015380859375
"1522",1954-03-02,273.59326171875
"1523",1954-03-03,272.001708984375
"1524",1954-03-04,274.7568359375
"1525",1954-03-05,276.031982421875
"1526",1954-03-06,274.983642578125
"1527",1954-03-07,276.284423828125
"1528",1954-03-08,276.5888671875
"1529",1954-03-09,275.416259765625
"1530",1954-03-10,274.777587890625
"1531",1954-03-11,274.66064453125
"1532",1954-03-12,273.576904296875
"1533",1954-03-13,276.193115234375
"1534",1954-03-14,275.074462890625
"1535",1954-03-15,273.36376953125
"1536",1954-03-16,275.885009765625
"1537",1954-03-17,274.705078125
"1538",1954-03-18,274.46240234375
"1539",1954-03-19,274.896484375
"1540",1954-03-20,274.18798828125
"1541",1954-03-21,275.619873046875
"1542",1954-03-22,276.56298828125
"1543",1954-03-23,280.428466796875
"1544",1954-03-24,277.91650390625
"1545",1954-03-25,273.262939453125
"1546",1954-03-26,275.234130859375
"1547",1954-03-27,277.8896484375
"1548",1954-03-28,279.128173828125
"1549",1954-03-29,277.01416015625
"1550",1954-03-30,275.7333984375
"1551",1954-03-31,276.781005859375
"1552",1954-04-01,278.212158203125
"1553",1954-04-02,279.560302734375
"1554",1954-04-03,275.947265625
"1555",1954-04-04,280.59521484375
"1556",1954-04-05,280.455322265625
"1557",1954-04-06,281.365478515625
"1558",1954-04-07,282.15478515625
"1559",1954-04-08,279.73779296875
"1560",1954-04-09,279.39990234375
"1561",1954-04-10,279.37451171875
"1562",1954-04-11,278.961669921875
"1563",1954-04-12,283.885009765625
"1564",1954-04-13,278.433349609375
"1565",1954-04-14,279.25146484375
"1566",1954-04-15,281.409423828125
"1567",1954-04-16,281.137451171875
"1568",1954-04-17,282.426513671875
"1569",1954-04-18,280.86181640625
"1570",1954-04-19,281.901123046875
"1571",1954-04-20,284.915771484375
"1572",1954-04-21,284.271728515625
"1573",1954-04-22,282.95166015625
"1574",1954-04-23,283.312255859375
"1575",1954-04-24,283.39111328125
"1576",1954-04-25,281.77783203125
"1577",1954-04-26,281.28515625
"1578",1954-04-27,283.324951171875
"1579",1954-04-28,283.99609375
"1580",1954-04-29,281.0439453125
"1581",1954-04-30,282.62109375
"1582",1954-05-01,285.943115234375
"1583",1954-05-02,285.608642578125
"1584",1954-05-03,284.90185546875
"1585",1954-05-04,285.615966796875
"1586",1954-05-05,283.529052734375
"1587",1954-05-06,288.270751953125
"1588",1954-05-07,284.620849609375
"1589",1954-05-08,285.251953125
"1590",1954-05-09,290.607666015625
"1591",1954-05-10,291.711181640625
"1592",1954-05-11,291.2451171875
"1593",1954-05-12,289.299560546875
"1594",1954-05-13,286.80908203125
"1595",1954-05-14,286.18212890625
"1596",1954-05-15,286.251953125
"1597",1954-05-16,285.95751953125
"1598",1954-05-17,285.546630859375
"1599",1954-05-18,284.734375
"1600",1954-05-19,286.023193359375
"1601",1954-05-20,286.57861328125
"1602",1954-05-21,287.457275390625
"1603",1954-05-22,286.443359375
"1604",1954-05-23,289.2724609375
"1605",1954-05-24,288.24072265625
"1606",1954-05-25,290.16015625
"1607",1954-05-26,292.80615234375
"1608",1954-05-27,294.182861328125
"1609",1954-05-28,295.68310546875
"1610",1954-05-29,297.1552734375
"1611",1954-05-30,295.453125
"1612",1954-05-31,293.81396484375
"1613",1954-06-01,292.197265625
"1614",1954-06-02,291.83154296875
"1615",1954-06-03,290.716552734375
"1616",1954-06-04,290.92529296875
"1617",1954-06-05,291.728759765625
"1618",1954-06-06,292.004638671875
"1619",1954-06-07,291.27685546875
"1620",1954-06-08,289.09423828125
"1621",1954-06-09,289.4072265625
"1622",1954-06-10,290.15380859375
"1623",1954-06-11,289.354736328125
"1624",1954-06-12,287.990234375
"1625",1954-06-13,286.588623046875
"1626",1954-06-14,291.24609375
"1627",1954-06-15,288.169189453125
"1628",1954-06-16,286.869873046875
"1629",1954-06-17,287.8154296875
"1630",1954-06-18,288.875
"1631",1954-06-19,292.51806640625
"1632",1954-06-20,294.795166015625
"1633",1954-06-21,291.419921875
"1634",1954-06-22,289.31005859375
"1635",1954-06-23,287.83984375
"1636",1954-06-24,289.25
"1637",1954-06-25,288.29931640625
"1638",1954-06-26,286.978759765625
"1639",1954-06-27,286.727294921875
"1640",1954-06-28,289.812744140625
"1641",1954-06-29,291.988037109375
"1642",1954-06-30,289.714599609375
"1643",1954-07-01,288.21044921875
"1644",1954-07-02,288.970947265625
"1645",1954-07-03,288.824462890625
"1646",1954-07-04,289.91748046875
"1647",1954-07-05,291.954345703125
"1648",1954-07-06,289.6279296875
"1649",1954-07-07,289.22216796875
"1650",1954-07-08,290.855224609375
"1651",1954-07-09,294.992919921875
"1652",1954-07-10,293.3662109375
"1653",1954-07-11,296.83544921875
"1654",1954-07-12,293.201416015625
"1655",1954-07-13,295.85009765625
"1656",1954-07-14,294.0244140625
"1657",1954-07-15,289.905029296875
"1658",1954-07-16,290.4013671875
"1659",1954-07-17,291.201416015625
"1660",1954-07-18,292.044921875
"1661",1954-07-19,294.03515625
"1662",1954-07-20,292.731201171875
"1663",1954-07-21,290.55859375
"1664",1954-07-22,289.22412109375
"1665",1954-07-23,291.70263671875
"1666",1954-07-24,291.809326171875
"1667",1954-07-25,289.652587890625
"1668",1954-07-26,293.4326171875
"1669",1954-07-27,291.068115234375
"1670",1954-07-28,287.378662109375
"1671",1954-07-29,290.03466796875
"1672",1954-07-30,288.65625
"1673",1954-07-31,289.874755859375
"1674",1954-08-01,289.635986328125
"1675",1954-08-02,289.35888671875
"1676",1954-08-03,290.79541015625
"1677",1954-08-04,290.7646484375
"1678",1954-08-05,291.756591796875
"1679",1954-08-06,292.44921875
"1680",1954-08-07,290.9091796875
"1681",1954-08-08,291.111083984375
"1682",1954-08-09,291.469970703125
"1683",1954-08-10,291.862060546875
"1684",1954-08-11,291.914306640625
"1685",1954-08-12,291.178955078125
"1686",1954-08-13,289.7744140625
"1687",1954-08-14,289.94287109375
"1688",1954-08-15,292.504150390625
"1689",1954-08-16,292.462890625
"1690",1954-08-17,291.65185546875
"1691",1954-08-18,290.023193359375
"1692",1954-08-19,289.81591796875
"1693",1954-08-20,292.4404296875
"1694",1954-08-21,291.71142578125
"1695",1954-08-22,292.013916015625
"1696",1954-08-23,294.335693359375
"1697",1954-08-24,291.970703125
"1698",1954-08-25,290.512451171875
"1699",1954-08-26,292.30810546875
"1700",1954-08-27,292.450927734375
"1701",1954-08-28,290.739013671875
"1702",1954-08-29,290.1552734375
"1703",1954-08-30,289.732666015625
"1704",1954-08-31,292.369140625
"1705",1954-09-01,290.365478515625
"1706",1954-09-02,294.471435546875
"1707",1954-09-03,290.6357421875
"1708",1954-09-04,290.426513671875
"1709",1954-09-05,290.113525390625
"1710",1954-09-06,288.732177734375
"1711",1954-09-07,289.832275390625
"1712",1954-09-08,290.960693359375
"1713",1954-09-09,288.858642578125
"1714",1954-09-10,289.540771484375
"1715",1954-09-11,287.913818359375
"1716",1954-09-12,288.07958984375
"1717",1954-09-13,288.33642578125
"1718",1954-09-14,287.151123046875
"1719",1954-09-15,285.78466796875
"1720",1954-09-16,286.11669921875
"1721",1954-09-17,286.58251953125
"1722",1954-09-18,287.572265625
"1723",1954-09-19,286.355224609375
"1724",1954-09-20,285.881591796875
"1725",1954-09-21,284.385986328125
"1726",1954-09-22,285.34912109375
"1727",1954-09-23,286.542236328125
"1728",1954-09-24,285.490234375
"1729",1954-09-25,287.76904296875
"1730",1954-09-26,285.570556640625
"1731",1954-09-27,282.691162109375
"1732",1954-09-28,285.1025390625
"1733",1954-09-29,283.815185546875
"1734",1954-09-30,284.041015625
"1735",1954-10-01,282.056640625
"1736",1954-10-02,284.072021484375
"1737",1954-10-03,286.16796875
"1738",1954-10-04,286.76708984375
"1739",1954-10-05,284.2587890625
"1740",1954-10-06,282.024658203125
"1741",1954-10-07,281.0986328125
"1742",1954-10-08,279.896484375
"1743",1954-10-09,282.99658203125
"1744",1954-10-10,284.524169921875
"1745",1954-10-11,284.6845703125
"1746",1954-10-12,285.52294921875
"1747",1954-10-13,286.4384765625
"1748",1954-10-14,286.39892578125
"1749",1954-10-15,282.4228515625
"1750",1954-10-16,279.732177734375
"1751",1954-10-17,280.088623046875
"1752",1954-10-18,277.5556640625
"1753",1954-10-19,279.121337890625
"1754",1954-10-20,284.8037109375
"1755",1954-10-21,283.5517578125
"1756",1954-10-22,283.7177734375
"1757",1954-10-23,282.288330078125
"1758",1954-10-24,285.30908203125
"1759",1954-10-25,286.393798828125
"1760",1954-10-26,283.28857421875
"1761",1954-10-27,280.695556640625
"1762",1954-10-28,282.376953125
"1763",1954-10-29,284.474609375
"1764",1954-10-30,284.636474609375
"1765",1954-10-31,282.837158203125
"1766",1954-11-01,282.8779296875
"1767",1954-11-02,280.7197265625
"1768",1954-11-03,278.798828125
"1769",1954-11-04,282.73193359375
"1770",1954-11-05,282.823974609375
"1771",1954-11-06,280.4990234375
"1772",1954-11-07,278.727294921875
"1773",1954-11-08,275.693115234375
"1774",1954-11-09,275.661865234375
"1775",1954-11-10,278.84521484375
"1776",1954-11-11,281.388916015625
"1777",1954-11-12,282.218994140625
"1778",1954-11-13,279.182373046875
"1779",1954-11-14,277.17724609375
"1780",1954-11-15,276.218505859375
"1781",1954-11-16,276.03955078125
"1782",1954-11-17,276.7734375
"1783",1954-11-18,274.066162109375
"1784",1954-11-19,273.45947265625
"1785",1954-11-20,274.1318359375
"1786",1954-11-21,273.076416015625
"1787",1954-11-22,273.64794921875
"1788",1954-11-23,273.536865234375
"1789",1954-11-24,275.395751953125
"1790",1954-11-25,274.806884765625
"1791",1954-11-26,276.235107421875
"1792",1954-11-27,278.48828125
"1793",1954-11-28,279.095947265625
"1794",1954-11-29,278.201416015625
"1795",1954-11-30,278.74609375
"1796",1954-12-01,278.69873046875
"1797",1954-12-02,280.8291015625
"1798",1954-12-03,281.722900390625
"1799",1954-12-04,280.023681640625
"1800",1954-12-05,278.89013671875
"1801",1954-12-06,276.447998046875
"1802",1954-12-07,273.195068359375
"1803",1954-12-08,273.09033203125
"1804",1954-12-09,275.389892578125
"1805",1954-12-10,278.845703125
"1806",1954-12-11,278.52197265625
"1807",1954-12-12,275.87158203125
"1808",1954-12-13,277.683349609375
"1809",1954-12-14,277.837646484375
"1810",1954-12-15,279.96435546875
"1811",1954-12-16,277.89697265625
"1812",1954-12-17,279.71484375
"1813",1954-12-18,281.103515625
"1814",1954-12-19,280.791015625
"1815",1954-12-20,278.891357421875
"1816",1954-12-21,276.468017578125
"1817",1954-12-22,275.25439453125
"1818",1954-12-23,273.067626953125
"1819",1954-12-24,273.888916015625
"1820",1954-12-25,271.096435546875
"1821",1954-12-26,274.1640625
"1822",1954-12-27,274.457275390625
"1823",1954-12-28,273.127685546875
"1824",1954-12-29,268.700439453125
"1825",1954-12-30,270.576416015625
"1826",1954-12-31,272.922607421875
"1827",1955-01-01,273.348388671875
"1828",1955-01-02,273.604248046875
"1829",1955-01-03,272.65673828125
"1830",1955-01-04,271.656982421875
"1831",1955-01-05,269.653076171875
"1832",1955-01-06,274.724609375
"1833",1955-01-07,275.55615234375
"1834",1955-01-08,272.853515625
"1835",1955-01-09,275.34033203125
"1836",1955-01-10,273.814208984375
"1837",1955-01-11,273.604248046875
"1838",1955-01-12,272.069091796875
"1839",1955-01-13,271.757568359375
"1840",1955-01-14,271.41650390625
"1841",1955-01-15,270.74755859375
"1842",1955-01-16,275.349365234375
"1843",1955-01-17,264.222900390625
"1844",1955-01-18,265.376953125
"1845",1955-01-19,267.447998046875
"1846",1955-01-20,266.787841796875
"1847",1955-01-21,272.821533203125
"1848",1955-01-22,269.961181640625
"1849",1955-01-23,272.366455078125
"1850",1955-01-24,277.824462890625
"1851",1955-01-25,279.029296875
"1852",1955-01-26,276.701904296875
"1853",1955-01-27,276.009765625
"1854",1955-01-28,275.224853515625
"1855",1955-01-29,277.55859375
"1856",1955-01-30,276.8759765625
"1857",1955-01-31,276.982177734375
"1858",1955-02-01,276.763916015625
"1859",1955-02-02,276.4873046875
"1860",1955-02-03,275.381591796875
"1861",1955-02-04,276.349365234375
"1862",1955-02-05,275.3671875
"1863",1955-02-06,275.0234375
"1864",1955-02-07,275.368408203125
"1865",1955-02-08,274.7900390625
"1866",1955-02-09,273.4140625
"1867",1955-02-10,271.57958984375
"1868",1955-02-11,270.2255859375
"1869",1955-02-12,267.6552734375
"1870",1955-02-13,270.295166015625
"1871",1955-02-14,267.479736328125
"1872",1955-02-15,270.357177734375
"1873",1955-02-16,272.4892578125
"1874",1955-02-17,268.762451171875
"1875",1955-02-18,265.181884765625
"1876",1955-02-19,267.33349609375
"1877",1955-02-20,266.041259765625
"1878",1955-02-21,269.43408203125
"1879",1955-02-22,269.029052734375
"1880",1955-02-23,271.043212890625
"1881",1955-02-24,270.37109375
"1882",1955-02-25,270.4619140625
"1883",1955-02-26,271.986083984375
"1884",1955-02-27,272.763916015625
"1885",1955-02-28,272.9580078125
"1886",1955-03-01,272.42431640625
"1887",1955-03-02,275.8857421875
"1888",1955-03-03,274.94677734375
"1889",1955-03-04,274.558837890625
"1890",1955-03-05,273.399169921875
"1891",1955-03-06,271.22265625
"1892",1955-03-07,273.56689453125
"1893",1955-03-08,273.919921875
"1894",1955-03-09,269.875732421875
"1895",1955-03-10,276.715087890625
"1896",1955-03-11,276.897216796875
"1897",1955-03-12,275.600341796875
"1898",1955-03-13,277.33349609375
"1899",1955-03-14,279.09716796875
"1900",1955-03-15,279.8134765625
"1901",1955-03-16,277.204833984375
"1902",1955-03-17,275.061767578125
"1903",1955-03-18,272.576171875
"1904",1955-03-19,271.113525390625
"1905",1955-03-20,270.6005859375
"1906",1955-03-21,272.09619140625
"1907",1955-03-22,274.51416015625
"1908",1955-03-23,277.347900390625
"1909",1955-03-24,274.906005859375
"1910",1955-03-25,275.42333984375
"1911",1955-03-26,274.127685546875
"1912",1955-03-27,275.716552734375
"1913",1955-03-28,276.290283203125
"1914",1955-03-29,273.85302734375
"1915",1955-03-30,278.4541015625
"1916",1955-03-31,276.737060546875
"1917",1955-04-01,277.361572265625
"1918",1955-04-02,278.5185546875
"1919",1955-04-03,277.064697265625
"1920",1955-04-04,278.678466796875
"1921",1955-04-05,278.35546875
"1922",1955-04-06,278.067626953125
"1923",1955-04-07,275.805419921875
"1924",1955-04-08,274.953125
"1925",1955-04-09,276.565673828125
"1926",1955-04-10,276.4892578125
"1927",1955-04-11,277.076416015625
"1928",1955-04-12,278.1953125
"1929",1955-04-13,282.79052734375
"1930",1955-04-14,283.639892578125
"1931",1955-04-15,284.165283203125
"1932",1955-04-16,286.32177734375
"1933",1955-04-17,281.510986328125
"1934",1955-04-18,282.1181640625
"1935",1955-04-19,286.613037109375
"1936",1955-04-20,285.697021484375
"1937",1955-04-21,279.9072265625
"1938",1955-04-22,278.928466796875
"1939",1955-04-23,279.676513671875
"1940",1955-04-24,280.464111328125
"1941",1955-04-25,280.82763671875
"1942",1955-04-26,281.423828125
"1943",1955-04-27,281.13671875
"1944",1955-04-28,280.99755859375
"1945",1955-04-29,285.01904296875
"1946",1955-04-30,284.05419921875
"1947",1955-05-01,283.269287109375
"1948",1955-05-02,281.312255859375
"1949",1955-05-03,282.18310546875
"1950",1955-05-04,281.517578125
"1951",1955-05-05,283.008544921875
"1952",1955-05-06,283.575439453125
"1953",1955-05-07,282.787841796875
"1954",1955-05-08,282.902099609375
"1955",1955-05-09,281.917236328125
"1956",1955-05-10,282.859130859375
"1957",1955-05-11,282.747314453125
"1958",1955-05-12,282.8583984375
"1959",1955-05-13,280.442626953125
"1960",1955-05-14,281.54443359375
"1961",1955-05-15,281.550537109375
"1962",1955-05-16,281.34130859375
"1963",1955-05-17,281.710205078125
"1964",1955-05-18,282.926025390625
"1965",1955-05-19,281.66943359375
"1966",1955-05-20,284.38720703125
"1967",1955-05-21,284.3291015625
"1968",1955-05-22,282.049072265625
"1969",1955-05-23,284.572998046875
"1970",1955-05-24,283.787109375
"1971",1955-05-25,285.38525390625
"1972",1955-05-26,284.7314453125
"1973",1955-05-27,288.100830078125
"1974",1955-05-28,291.158203125
"1975",1955-05-29,290.736083984375
"1976",1955-05-30,292.67138671875
"1977",1955-05-31,292.70068359375
"1978",1955-06-01,292.396728515625
"1979",1955-06-02,291.674072265625
"1980",1955-06-03,291.1552734375
"1981",1955-06-04,293.381103515625
"1982",1955-06-05,292.481201171875
"1983",1955-06-06,292.9130859375
"1984",1955-06-07,286.604736328125
"1985",1955-06-08,286.130126953125
"1986",1955-06-09,286.703369140625
"1987",1955-06-10,286.1318359375
"1988",1955-06-11,287.77685546875
"1989",1955-06-12,286.947509765625
"1990",1955-06-13,288.95654296875
"1991",1955-06-14,289.0400390625
"1992",1955-06-15,286.843994140625
"1993",1955-06-16,288.16650390625
"1994",1955-06-17,287.474853515625
"1995",1955-06-18,288.567138671875
"1996",1955-06-19,290.2763671875
"1997",1955-06-20,293.42431640625
"1998",1955-06-21,292.712158203125
"1999",1955-06-22,290.81689453125
"2000",1955-06-23,289.32080078125
"2001",1955-06-24,288.71728515625
"2002",1955-06-25,289.470947265625
"2003",1955-06-26,291.154296875
"2004",1955-06-27,290.978515625
"2005",1955-06-28,291.378662109375
"2006",1955-06-29,290.1279296875
"2007",1955-06-30,289.951416015625
"2008",1955-07-01,291.996337890625
"2009",1955-07-02,290.86083984375
"2010",1955-07-03,291.02783203125
"2011",1955-07-04,289.658203125
"2012",1955-07-05,294.7841796875
"2013",1955-07-06,294.288330078125
"2014",1955-07-07,295.815185546875
"2015",1955-07-08,298.9677734375
"2016",1955-07-09,299.041015625
"2017",1955-07-10,300.434814453125
"2018",1955-07-11,300.373046875
"2019",1955-07-12,300.22216796875
"2020",1955-07-13,299.3525390625
"2021",1955-07-14,297.423828125
"2022",1955-07-15,296.24658203125
"2023",1955-07-16,294.84130859375
"2024",1955-07-17,295.3623046875
"2025",1955-07-18,293.433349609375
"2026",1955-07-19,294.12890625
"2027",1955-07-20,295.86083984375
"2028",1955-07-21,297.0576171875
"2029",1955-07-22,297.142333984375
"2030",1955-07-23,295.548583984375
"2031",1955-07-24,297.516357421875
"2032",1955-07-25,299.0712890625
"2033",1955-07-26,299.512939453125
"2034",1955-07-27,298.294189453125
"2035",1955-07-28,297.33056640625
"2036",1955-07-29,298.990966796875
"2037",1955-07-30,298.128662109375
"2038",1955-07-31,295.365966796875
"2039",1955-08-01,296.54541015625
"2040",1955-08-02,295.3486328125
"2041",1955-08-03,293.388916015625
"2042",1955-08-04,293.670166015625
"2043",1955-08-05,293.045166015625
"2044",1955-08-06,290.243896484375
"2045",1955-08-07,290.053466796875
"2046",1955-08-08,293.55419921875
"2047",1955-08-09,296.501708984375
"2048",1955-08-10,297.754150390625
"2049",1955-08-11,298.392578125
"2050",1955-08-12,296.642333984375
"2051",1955-08-13,296.84033203125
"2052",1955-08-14,297.189697265625
"2053",1955-08-15,296.690185546875
"2054",1955-08-16,294.7734375
"2055",1955-08-17,293.828369140625
"2056",1955-08-18,294.865234375
"2057",1955-08-19,293.82275390625
"2058",1955-08-20,294.1220703125
"2059",1955-08-21,294.054443359375
"2060",1955-08-22,294.02685546875
"2061",1955-08-23,296.62109375
"2062",1955-08-24,298.049560546875
"2063",1955-08-25,297.765380859375
"2064",1955-08-26,297.2626953125
"2065",1955-08-27,297.6943359375
"2066",1955-08-28,296.99169921875
"2067",1955-08-29,296.875
"2068",1955-08-30,296.270263671875
"2069",1955-08-31,293.685791015625
"2070",1955-09-01,292.616943359375
"2071",1955-09-02,290.414306640625
"2072",1955-09-03,291.310791015625
"2073",1955-09-04,292.5341796875
"2074",1955-09-05,291.01611328125
"2075",1955-09-06,292.306640625
"2076",1955-09-07,293.796875
"2077",1955-09-08,296.384521484375
"2078",1955-09-09,292.08447265625
"2079",1955-09-10,293.376708984375
"2080",1955-09-11,291.2939453125
"2081",1955-09-12,289.578857421875
"2082",1955-09-13,286.704833984375
"2083",1955-09-14,288.365234375
"2084",1955-09-15,286.4560546875
"2085",1955-09-16,288.90869140625
"2086",1955-09-17,289.2939453125
"2087",1955-09-18,287.681640625
"2088",1955-09-19,287.8427734375
"2089",1955-09-20,289.276123046875
"2090",1955-09-21,291.690185546875
"2091",1955-09-22,288.798828125
"2092",1955-09-23,287.828857421875
"2093",1955-09-24,288.413330078125
"2094",1955-09-25,287.090087890625
"2095",1955-09-26,286.472412109375
"2096",1955-09-27,287.3203125
"2097",1955-09-28,286.956787109375
"2098",1955-09-29,287.724853515625
"2099",1955-09-30,289.47119140625
"2100",1955-10-01,286.721435546875
"2101",1955-10-02,285.931884765625
"2102",1955-10-03,286.092041015625
"2103",1955-10-04,286.15234375
"2104",1955-10-05,283.1240234375
"2105",1955-10-06,284.9873046875
"2106",1955-10-07,285.665771484375
"2107",1955-10-08,285.217041015625
"2108",1955-10-09,288.611572265625
"2109",1955-10-10,287.17431640625
"2110",1955-10-11,286.896728515625
"2111",1955-10-12,286.033203125
"2112",1955-10-13,287.122802734375
"2113",1955-10-14,286.662353515625
"2114",1955-10-15,284.748046875
"2115",1955-10-16,279.747314453125
"2116",1955-10-17,280.012939453125
"2117",1955-10-18,276.94677734375
"2118",1955-10-19,278.6669921875
"2119",1955-10-20,283.23583984375
"2120",1955-10-21,284.675048828125
"2121",1955-10-22,280.65283203125
"2122",1955-10-23,278.0947265625
"2123",1955-10-24,275.960693359375
"2124",1955-10-25,279.902587890625
"2125",1955-10-26,279.182861328125
"2126",1955-10-27,278.976806640625
"2127",1955-10-28,276.93994140625
"2128",1955-10-29,279.50927734375
"2129",1955-10-30,275.6689453125
"2130",1955-10-31,276.72265625
"2131",1955-11-01,279.4736328125
"2132",1955-11-02,281.585693359375
"2133",1955-11-03,276.735107421875
"2134",1955-11-04,278.028076171875
"2135",1955-11-05,279.037353515625
"2136",1955-11-06,278.4501953125
"2137",1955-11-07,279.552490234375
"2138",1955-11-08,279.8662109375
"2139",1955-11-09,281.283447265625
"2140",1955-11-10,282.801025390625
"2141",1955-11-11,282.90185546875
"2142",1955-11-12,282.764404296875
"2143",1955-11-13,282.340576171875
"2144",1955-11-14,278.802001953125
"2145",1955-11-15,278.544921875
"2146",1955-11-16,277.965576171875
"2147",1955-11-17,278.84912109375
"2148",1955-11-18,280.176025390625
"2149",1955-11-19,279.67529296875
"2150",1955-11-20,280.848876953125
"2151",1955-11-21,278.1044921875
"2152",1955-11-22,279.785400390625
"2153",1955-11-23,279.041748046875
"2154",1955-11-24,277.555908203125
"2155",1955-11-25,276.488525390625
"2156",1955-11-26,281.986083984375
"2157",1955-11-27,280.132080078125
"2158",1955-11-28,276.16552734375
"2159",1955-11-29,272.938232421875
"2160",1955-11-30,279.5927734375
"2161",1955-12-01,278.22412109375
"2162",1955-12-02,278.51318359375
"2163",1955-12-03,279.7080078125
"2164",1955-12-04,277.32421875
"2165",1955-12-05,281.168212890625
"2166",1955-12-06,282.431396484375
"2167",1955-12-07,277.54638671875
"2168",1955-12-08,275.5673828125
"2169",1955-12-09,274.3388671875
"2170",1955-12-10,270.42626953125
"2171",1955-12-11,268.060302734375
"2172",1955-12-12,268.449462890625
"2173",1955-12-13,267.447265625
"2174",1955-12-14,267.537109375
"2175",1955-12-15,270.463623046875
"2176",1955-12-16,269.3544921875
"2177",1955-12-17,267.9501953125
"2178",1955-12-18,265.345458984375
"2179",1955-12-19,263.150634765625
"2180",1955-12-20,262.343017578125
"2181",1955-12-21,267.968505859375
"2182",1955-12-22,266.492919921875
"2183",1955-12-23,271.625732421875
"2184",1955-12-24,274.76513671875
"2185",1955-12-25,276.9365234375
"2186",1955-12-26,277.438232421875
"2187",1955-12-27,278.2919921875
"2188",1955-12-28,280.580078125
"2189",1955-12-29,278.624755859375
"2190",1955-12-30,277.494873046875
"2191",1955-12-31,272.574951171875
"2192",1956-01-01,267.709716796875
"2193",1956-01-02,268.73486328125
"2194",1956-01-03,276.9892578125
"2195",1956-01-04,277.3896484375
"2196",1956-01-05,275.932373046875
"2197",1956-01-06,277.159912109375
"2198",1956-01-07,276.80224609375
"2199",1956-01-08,273.306884765625
"2200",1956-01-09,271.09912109375
"2201",1956-01-10,272.31298828125
"2202",1956-01-11,272.82958984375
"2203",1956-01-12,275.91015625
"2204",1956-01-13,274.84765625
"2205",1956-01-14,272.25732421875
"2206",1956-01-15,269.943603515625
"2207",1956-01-16,274.918701171875
"2208",1956-01-17,276.059326171875
"2209",1956-01-18,276.646484375
"2210",1956-01-19,267.19091796875
"2211",1956-01-20,275.195068359375
"2212",1956-01-21,276.251953125
"2213",1956-01-22,272.400634765625
"2214",1956-01-23,273.809814453125
"2215",1956-01-24,270.446533203125
"2216",1956-01-25,267.690673828125
"2217",1956-01-26,264.11083984375
"2218",1956-01-27,262.376953125
"2219",1956-01-28,263.9951171875
"2220",1956-01-29,262.225830078125
"2221",1956-01-30,259.254638671875
"2222",1956-01-31,256.220703125
"2223",1956-02-01,264.105224609375
"2224",1956-02-02,271.24609375
"2225",1956-02-03,270.1865234375
"2226",1956-02-04,270.2578125
"2227",1956-02-05,267.9013671875
"2228",1956-02-06,269.564208984375
"2229",1956-02-07,270.680908203125
"2230",1956-02-08,268.39990234375
"2231",1956-02-09,257.6982421875
"2232",1956-02-10,259.489990234375
"2233",1956-02-11,270.120361328125
"2234",1956-02-12,268.703125
"2235",1956-02-13,260.255615234375
"2236",1956-02-14,258.68115234375
"2237",1956-02-15,260.28369140625
"2238",1956-02-16,262.90625
"2239",1956-02-17,266.7939453125
"2240",1956-02-18,265.177978515625
"2241",1956-02-19,263.967041015625
"2242",1956-02-20,269.02197265625
"2243",1956-02-21,269.595458984375
"2244",1956-02-22,267.151611328125
"2245",1956-02-23,265.93701171875
"2246",1956-02-24,271.02392578125
"2247",1956-02-25,272.895751953125
"2248",1956-02-26,274.744384765625
"2249",1956-02-27,276.064208984375
"2250",1956-02-28,274.160888671875
"2251",1956-02-29,278.1357421875
"2252",1956-03-01,277.12646484375
"2253",1956-03-02,277.19091796875
"2254",1956-03-03,274.88134765625
"2255",1956-03-04,277.552734375
"2256",1956-03-05,273.3291015625
"2257",1956-03-06,272.65673828125
"2258",1956-03-07,271.805419921875
"2259",1956-03-08,273.893798828125
"2260",1956-03-09,274.313232421875
"2261",1956-03-10,274.521484375
"2262",1956-03-11,274.8173828125
"2263",1956-03-12,275.32421875
"2264",1956-03-13,276.339111328125
"2265",1956-03-14,275.188720703125
"2266",1956-03-15,272.03955078125
"2267",1956-03-16,272.53564453125
"2268",1956-03-17,274.041748046875
"2269",1956-03-18,275.09033203125
"2270",1956-03-19,274.666748046875
"2271",1956-03-20,275.489990234375
"2272",1956-03-21,275.75830078125
"2273",1956-03-22,274.14990234375
"2274",1956-03-23,276.1630859375
"2275",1956-03-24,273.822265625
"2276",1956-03-25,276.224365234375
"2277",1956-03-26,277.01171875
"2278",1956-03-27,278.10107421875
"2279",1956-03-28,278.444091796875
"2280",1956-03-29,284.8046875
"2281",1956-03-30,283.22314453125
"2282",1956-03-31,282.640625
"2283",1956-04-01,281.6025390625
"2284",1956-04-02,282.2509765625
"2285",1956-04-03,279.6376953125
"2286",1956-04-04,276.60302734375
"2287",1956-04-05,275.686279296875
"2288",1956-04-06,273.288330078125
"2289",1956-04-07,276.84228515625
"2290",1956-04-08,277.760986328125
"2291",1956-04-09,280.934814453125
"2292",1956-04-10,279.13623046875
"2293",1956-04-11,280.655029296875
"2294",1956-04-12,280.415283203125
"2295",1956-04-13,280.724609375
"2296",1956-04-14,277.994873046875
"2297",1956-04-15,278.257080078125
"2298",1956-04-16,277.34814453125
"2299",1956-04-17,279.981689453125
"2300",1956-04-18,282.0966796875
"2301",1956-04-19,282.451171875
"2302",1956-04-20,283.96435546875
"2303",1956-04-21,283.326171875
"2304",1956-04-22,284.96630859375
"2305",1956-04-23,285.5498046875
"2306",1956-04-24,283.35693359375
"2307",1956-04-25,281.229248046875
"2308",1956-04-26,279.6123046875
"2309",1956-04-27,282.234619140625
"2310",1956-04-28,282.10205078125
"2311",1956-04-29,283.20556640625
"2312",1956-04-30,283.980712890625
"2313",1956-05-01,283.434814453125
"2314",1956-05-02,283.16162109375
"2315",1956-05-03,284.52880859375
"2316",1956-05-04,285.55322265625
"2317",1956-05-05,284.803955078125
"2318",1956-05-06,287.0283203125
"2319",1956-05-07,285.59130859375
"2320",1956-05-08,285.97802734375
"2321",1956-05-09,287.96630859375
"2322",1956-05-10,283.032958984375
"2323",1956-05-11,284.52587890625
"2324",1956-05-12,285.283935546875
"2325",1956-05-13,286.7392578125
"2326",1956-05-14,285.266845703125
"2327",1956-05-15,286.627197265625
"2328",1956-05-16,285.87255859375
"2329",1956-05-17,283.721435546875
"2330",1956-05-18,284.211181640625
"2331",1956-05-19,285.765380859375
"2332",1956-05-20,285.64990234375
"2333",1956-05-21,284.861083984375
"2334",1956-05-22,285.8583984375
"2335",1956-05-23,289.68505859375
"2336",1956-05-24,290.55078125
"2337",1956-05-25,293.29736328125
"2338",1956-05-26,287.2783203125
"2339",1956-05-27,292.151611328125
"2340",1956-05-28,291.207275390625
"2341",1956-05-29,291.48095703125
"2342",1956-05-30,293.472412109375
"2343",1956-05-31,292.097412109375
"2344",1956-06-01,290.20703125
"2345",1956-06-02,287.10693359375
"2346",1956-06-03,286.949951171875
"2347",1956-06-04,287.865234375
"2348",1956-06-05,287.00732421875
"2349",1956-06-06,288.0341796875
"2350",1956-06-07,289.487548828125
"2351",1956-06-08,290.360595703125
"2352",1956-06-09,294.647705078125
"2353",1956-06-10,297.14501953125
"2354",1956-06-11,294.4228515625
"2355",1956-06-12,294.980712890625
"2356",1956-06-13,288.299560546875
"2357",1956-06-14,286.72216796875
"2358",1956-06-15,286.18603515625
"2359",1956-06-16,287.598876953125
"2360",1956-06-17,287.150390625
"2361",1956-06-18,286.24169921875
"2362",1956-06-19,285.13232421875
"2363",1956-06-20,288.660400390625
"2364",1956-06-21,289.8525390625
"2365",1956-06-22,291.839111328125
"2366",1956-06-23,294.795654296875
"2367",1956-06-24,295.34423828125
"2368",1956-06-25,292.612548828125
"2369",1956-06-26,288.88671875
"2370",1956-06-27,288.608642578125
"2371",1956-06-28,286.06103515625
"2372",1956-06-29,285.32470703125
"2373",1956-06-30,289.2119140625
"2374",1956-07-01,291.3369140625
"2375",1956-07-02,294.171142578125
"2376",1956-07-03,292.8115234375
"2377",1956-07-04,292.689453125
"2378",1956-07-05,290.58837890625
"2379",1956-07-06,290.187255859375
"2380",1956-07-07,290.952392578125
"2381",1956-07-08,291.88330078125
"2382",1956-07-09,293.567138671875
"2383",1956-07-10,293.855224609375
"2384",1956-07-11,294.902099609375
"2385",1956-07-12,290.171142578125
"2386",1956-07-13,292.4111328125
"2387",1956-07-14,296.0908203125
"2388",1956-07-15,294.949951171875
"2389",1956-07-16,295.91845703125
"2390",1956-07-17,296.048828125
"2391",1956-07-18,295.238525390625
"2392",1956-07-19,296.98681640625
"2393",1956-07-20,294.9580078125
"2394",1956-07-21,293.288330078125
"2395",1956-07-22,294.03857421875
"2396",1956-07-23,295.13232421875
"2397",1956-07-24,293.81396484375
"2398",1956-07-25,292.990966796875
"2399",1956-07-26,290.20849609375
"2400",1956-07-27,291.2255859375
"2401",1956-07-28,291.50341796875
"2402",1956-07-29,293.98193359375
"2403",1956-07-30,291.7373046875
"2404",1956-07-31,288.493896484375
"2405",1956-08-01,289.587646484375
"2406",1956-08-02,288.621826171875
"2407",1956-08-03,291.203857421875
"2408",1956-08-04,292.25146484375
"2409",1956-08-05,291.250244140625
"2410",1956-08-06,290.707275390625
"2411",1956-08-07,289.78271484375
"2412",1956-08-08,289.619873046875
"2413",1956-08-09,290.73388671875
"2414",1956-08-10,291.947998046875
"2415",1956-08-11,292.962158203125
"2416",1956-08-12,287.489990234375
"2417",1956-08-13,288.8330078125
"2418",1956-08-14,288.81787109375
"2419",1956-08-15,288.07373046875
"2420",1956-08-16,288.363037109375
"2421",1956-08-17,289.446044921875
"2422",1956-08-18,290.0546875
"2423",1956-08-19,288.958251953125
"2424",1956-08-20,289.77880859375
"2425",1956-08-21,288.83837890625
"2426",1956-08-22,289.278076171875
"2427",1956-08-23,290.389892578125
"2428",1956-08-24,290.625244140625
"2429",1956-08-25,286.077880859375
"2430",1956-08-26,287.863037109375
"2431",1956-08-27,289.17138671875
"2432",1956-08-28,284.612060546875
"2433",1956-08-29,288.04931640625
"2434",1956-08-30,288.435791015625
"2435",1956-08-31,287.708984375
"2436",1956-09-01,289.726318359375
"2437",1956-09-02,290.54248046875
"2438",1956-09-03,291.927734375
"2439",1956-09-04,290.454833984375
"2440",1956-09-05,287.533447265625
"2441",1956-09-06,289.92724609375
"2442",1956-09-07,287.232421875
"2443",1956-09-08,289.7412109375
"2444",1956-09-09,286.42236328125
"2445",1956-09-10,288.3662109375
"2446",1956-09-11,288.421142578125
"2447",1956-09-12,286.09521484375
"2448",1956-09-13,286.391357421875
"2449",1956-09-14,286.458740234375
"2450",1956-09-15,287.28515625
"2451",1956-09-16,287.21435546875
"2452",1956-09-17,286.879638671875
"2453",1956-09-18,287.284423828125
"2454",1956-09-19,286.425048828125
"2455",1956-09-20,288.79931640625
"2456",1956-09-21,288.35009765625
"2457",1956-09-22,288.592041015625
"2458",1956-09-23,289.83642578125
"2459",1956-09-24,288.056640625
"2460",1956-09-25,288.14453125
"2461",1956-09-26,290.212890625
"2462",1956-09-27,287.76416015625
"2463",1956-09-28,286.76708984375
"2464",1956-09-29,287.0771484375
"2465",1956-09-30,287.3505859375
"2466",1956-10-01,285.312255859375
"2467",1956-10-02,285.77685546875
"2468",1956-10-03,283.938720703125
"2469",1956-10-04,282.628662109375
"2470",1956-10-05,281.461181640625
"2471",1956-10-06,282.5751953125
"2472",1956-10-07,280.42333984375
"2473",1956-10-08,284.076904296875
"2474",1956-10-09,283.780029296875
"2475",1956-10-10,286.3408203125
"2476",1956-10-11,286.915283203125
"2477",1956-10-12,286.21630859375
"2478",1956-10-13,284.112060546875
"2479",1956-10-14,283.63037109375
"2480",1956-10-15,284.118408203125
"2481",1956-10-16,285.680908203125
"2482",1956-10-17,285.45458984375
"2483",1956-10-18,285.829345703125
"2484",1956-10-19,285.203369140625
"2485",1956-10-20,283.224853515625
"2486",1956-10-21,286.313232421875
"2487",1956-10-22,285.77880859375
"2488",1956-10-23,284.1025390625
"2489",1956-10-24,284.152587890625
"2490",1956-10-25,281.199462890625
"2491",1956-10-26,279.644775390625
"2492",1956-10-27,278.22705078125
"2493",1956-10-28,276.26025390625
"2494",1956-10-29,275.55419921875
"2495",1956-10-30,275.04345703125
"2496",1956-10-31,276.796630859375
"2497",1956-11-01,280.039794921875
"2498",1956-11-02,275.880615234375
"2499",1956-11-03,278.39892578125
"2500",1956-11-04,279.528564453125
"2501",1956-11-05,279.074462890625
"2502",1956-11-06,276.104248046875
"2503",1956-11-07,275.72509765625
"2504",1956-11-08,280.7275390625
"2505",1956-11-09,279.36474609375
"2506",1956-11-10,276.00830078125
"2507",1956-11-11,274.6796875
"2508",1956-11-12,273.902099609375
"2509",1956-11-13,278.89208984375
"2510",1956-11-14,280.252685546875
"2511",1956-11-15,279.021728515625
"2512",1956-11-16,280.95703125
"2513",1956-11-17,281.737548828125
"2514",1956-11-18,275.2763671875
"2515",1956-11-19,275.136962890625
"2516",1956-11-20,273.37158203125
"2517",1956-11-21,274.7138671875
"2518",1956-11-22,272.28515625
"2519",1956-11-23,270.30029296875
"2520",1956-11-24,276.74365234375
"2521",1956-11-25,279.864013671875
"2522",1956-11-26,276.3125
"2523",1956-11-27,274.5546875
"2524",1956-11-28,272.266845703125
"2525",1956-11-29,268.7060546875
"2526",1956-11-30,272.3486328125
"2527",1956-12-01,277.9423828125
"2528",1956-12-02,280.289306640625
"2529",1956-12-03,276.337158203125
"2530",1956-12-04,275.758544921875
"2531",1956-12-05,277.872314453125
"2532",1956-12-06,275.384033203125
"2533",1956-12-07,273.422119140625
"2534",1956-12-08,276.5908203125
"2535",1956-12-09,276.623779296875
"2536",1956-12-10,277.51416015625
"2537",1956-12-11,279.58544921875
"2538",1956-12-12,277.475830078125
"2539",1956-12-13,278.53955078125
"2540",1956-12-14,278.3740234375
"2541",1956-12-15,279.15087890625
"2542",1956-12-16,280.9140625
"2543",1956-12-17,280.375
"2544",1956-12-18,279.197509765625
"2545",1956-12-19,278.042724609375
"2546",1956-12-20,277.020751953125
"2547",1956-12-21,275.535400390625
"2548",1956-12-22,274.103271484375
"2549",1956-12-23,271.91650390625
"2550",1956-12-24,270.864501953125
"2551",1956-12-25,271.6357421875
"2552",1956-12-26,272.00146484375
"2553",1956-12-27,271.3466796875
"2554",1956-12-28,271.052490234375
"2555",1956-12-29,270.896240234375
"2556",1956-12-30,272.30322265625
"2557",1956-12-31,272.859619140625
"2558",1957-01-01,272.426513671875
"2559",1957-01-02,271.272216796875
"2560",1957-01-03,274.2177734375
"2561",1957-01-04,275.01953125
"2562",1957-01-05,277.8359375
"2563",1957-01-06,278.310791015625
"2564",1957-01-07,278.306884765625
"2565",1957-01-08,280.11474609375
"2566",1957-01-09,280.86328125
"2567",1957-01-10,278.020263671875
"2568",1957-01-11,276.227783203125
"2569",1957-01-12,277.1201171875
"2570",1957-01-13,273.503662109375
"2571",1957-01-14,267.96826171875
"2572",1957-01-15,271.613037109375
"2573",1957-01-16,274.281005859375
"2574",1957-01-17,275.23046875
"2575",1957-01-18,273.16162109375
"2576",1957-01-19,276.026611328125
"2577",1957-01-20,278.780029296875
"2578",1957-01-21,280.269775390625
"2579",1957-01-22,277.4892578125
"2580",1957-01-23,277.555419921875
"2581",1957-01-24,277.176025390625
"2582",1957-01-25,274.533203125
"2583",1957-01-26,277.2841796875
"2584",1957-01-27,276.349609375
"2585",1957-01-28,277.193603515625
"2586",1957-01-29,278.35498046875
"2587",1957-01-30,277.378173828125
"2588",1957-01-31,275.220703125
"2589",1957-02-01,277.98486328125
"2590",1957-02-02,278.57763671875
"2591",1957-02-03,277.08154296875
"2592",1957-02-04,277.864013671875
"2593",1957-02-05,279.041259765625
"2594",1957-02-06,277.466552734375
"2595",1957-02-07,277.9189453125
"2596",1957-02-08,275.982421875
"2597",1957-02-09,275.14453125
"2598",1957-02-10,276.801513671875
"2599",1957-02-11,273.66845703125
"2600",1957-02-12,273.239501953125
"2601",1957-02-13,273.638427734375
"2602",1957-02-14,273.650146484375
"2603",1957-02-15,272.068603515625
"2604",1957-02-16,272.4716796875
"2605",1957-02-17,272.563232421875
"2606",1957-02-18,274.444091796875
"2607",1957-02-19,274.56298828125
"2608",1957-02-20,274.812744140625
"2609",1957-02-21,273.388916015625
"2610",1957-02-22,273.126953125
"2611",1957-02-23,270.585693359375
"2612",1957-02-24,270.29443359375
"2613",1957-02-25,269.849365234375
"2614",1957-02-26,273.354736328125
"2615",1957-02-27,274.405029296875
"2616",1957-02-28,273.73388671875
"2617",1957-03-01,275.27587890625
"2618",1957-03-02,275.56396484375
"2619",1957-03-03,276.016845703125
"2620",1957-03-04,277.08447265625
"2621",1957-03-05,276.436279296875
"2622",1957-03-06,275.740966796875
"2623",1957-03-07,275.133056640625
"2624",1957-03-08,274.68212890625
"2625",1957-03-09,274.7939453125
"2626",1957-03-10,276.433837890625
"2627",1957-03-11,276.4248046875
"2628",1957-03-12,278.635986328125
"2629",1957-03-13,280.1181640625
"2630",1957-03-14,279.29345703125
"2631",1957-03-15,277.886474609375
"2632",1957-03-16,270.184326171875
"2633",1957-03-17,269.821044921875
"2634",1957-03-18,272.3349609375
"2635",1957-03-19,269.854248046875
"2636",1957-03-20,276.098876953125
"2637",1957-03-21,276.30029296875
"2638",1957-03-22,278.875244140625
"2639",1957-03-23,270.73486328125
"2640",1957-03-24,275.302978515625
"2641",1957-03-25,274.37744140625
"2642",1957-03-26,276.0419921875
"2643",1957-03-27,279.8017578125
"2644",1957-03-28,278.89453125
"2645",1957-03-29,282.083984375
"2646",1957-03-30,281.066162109375
"2647",1957-03-31,283.027587890625
"2648",1957-04-01,286.404052734375
"2649",1957-04-02,287.612548828125
"2650",1957-04-03,284.870849609375
"2651",1957-04-04,281.561279296875
"2652",1957-04-05,281.659423828125
"2653",1957-04-06,284.01416015625
"2654",1957-04-07,280.894287109375
"2655",1957-04-08,285.158203125
"2656",1957-04-09,279.694091796875
"2657",1957-04-10,280.1240234375
"2658",1957-04-11,275.185302734375
"2659",1957-04-12,275.484375
"2660",1957-04-13,275.785888671875
"2661",1957-04-14,277.715087890625
"2662",1957-04-15,278.830810546875
"2663",1957-04-16,279.712158203125
"2664",1957-04-17,279.355224609375
"2665",1957-04-18,279.524658203125
"2666",1957-04-19,277.56640625
"2667",1957-04-20,282.50244140625
"2668",1957-04-21,284.21533203125
"2669",1957-04-22,285.082275390625
"2670",1957-04-23,280.209228515625
"2671",1957-04-24,284.874267578125
"2672",1957-04-25,286.85302734375
"2673",1957-04-26,287.42919921875
"2674",1957-04-27,287.859619140625
"2675",1957-04-28,288.685791015625
"2676",1957-04-29,285.326416015625
"2677",1957-04-30,281.16845703125
"2678",1957-05-01,281.2021484375
"2679",1957-05-02,284.705810546875
"2680",1957-05-03,283.687255859375
"2681",1957-05-04,279.881103515625
"2682",1957-05-05,282.48876953125
"2683",1957-05-06,281.4365234375
"2684",1957-05-07,280.982421875
"2685",1957-05-08,282.14794921875
"2686",1957-05-09,281.49658203125
"2687",1957-05-10,280.730224609375
"2688",1957-05-11,281.643798828125
"2689",1957-05-12,286.709716796875
"2690",1957-05-13,287.180419921875
"2691",1957-05-14,285.148681640625
"2692",1957-05-15,286.552978515625
"2693",1957-05-16,290.525390625
"2694",1957-05-17,284.843505859375
"2695",1957-05-18,286.11083984375
"2696",1957-05-19,289.970703125
"2697",1957-05-20,287.167236328125
"2698",1957-05-21,285.8798828125
"2699",1957-05-22,289.10107421875
"2700",1957-05-23,290.419677734375
"2701",1957-05-24,286.9765625
"2702",1957-05-25,288.59912109375
"2703",1957-05-26,288.782470703125
"2704",1957-05-27,287.48388671875
"2705",1957-05-28,286.249755859375
"2706",1957-05-29,289.40380859375
"2707",1957-05-30,288.067138671875
"2708",1957-05-31,288.309814453125
"2709",1957-06-01,288.678955078125
"2710",1957-06-02,291.25439453125
"2711",1957-06-03,290.576416015625
"2712",1957-06-04,289.888916015625
"2713",1957-06-05,288.412109375
"2714",1957-06-06,285.7275390625
"2715",1957-06-07,286.2939453125
"2716",1957-06-08,286.076171875
"2717",1957-06-09,287.11181640625
"2718",1957-06-10,291.789306640625
"2719",1957-06-11,293.988525390625
"2720",1957-06-12,287.403564453125
"2721",1957-06-13,291.29833984375
"2722",1957-06-14,294.920166015625
"2723",1957-06-15,292.843017578125
"2724",1957-06-16,296.79736328125
"2725",1957-06-17,295.107177734375
"2726",1957-06-18,293.1953125
"2727",1957-06-19,290.17822265625
"2728",1957-06-20,289.958740234375
"2729",1957-06-21,287.2080078125
"2730",1957-06-22,286.1572265625
"2731",1957-06-23,287.0029296875
"2732",1957-06-24,287.295654296875
"2733",1957-06-25,288.56201171875
"2734",1957-06-26,289.99267578125
"2735",1957-06-27,288.46630859375
"2736",1957-06-28,292.046142578125
"2737",1957-06-29,288.811279296875
"2738",1957-06-30,292.318603515625
"2739",1957-07-01,292.818603515625
"2740",1957-07-02,292.762451171875
"2741",1957-07-03,292.576416015625
"2742",1957-07-04,290.97705078125
"2743",1957-07-05,292.843505859375
"2744",1957-07-06,292.205078125
"2745",1957-07-07,292.41015625
"2746",1957-07-08,290.897216796875
"2747",1957-07-09,289.934814453125
"2748",1957-07-10,289.1123046875
"2749",1957-07-11,289.396728515625
"2750",1957-07-12,293.531982421875
"2751",1957-07-13,294.7119140625
"2752",1957-07-14,293.5263671875
"2753",1957-07-15,289.853271484375
"2754",1957-07-16,291.94140625
"2755",1957-07-17,294.21826171875
"2756",1957-07-18,292.598876953125
"2757",1957-07-19,294.876953125
"2758",1957-07-20,295.224365234375
"2759",1957-07-21,297.07275390625
"2760",1957-07-22,299.983642578125
"2761",1957-07-23,297.610107421875
"2762",1957-07-24,295.094482421875
"2763",1957-07-25,293.44091796875
"2764",1957-07-26,290.788330078125
"2765",1957-07-27,290.81201171875
"2766",1957-07-28,292.825439453125
"2767",1957-07-29,293.659912109375
"2768",1957-07-30,294.887451171875
"2769",1957-07-31,295.745849609375
"2770",1957-08-01,293.869384765625
"2771",1957-08-02,291.71435546875
"2772",1957-08-03,294.153564453125
"2773",1957-08-04,294.423095703125
"2774",1957-08-05,296.721923828125
"2775",1957-08-06,295.523681640625
"2776",1957-08-07,296.475830078125
"2777",1957-08-08,292.263671875
"2778",1957-08-09,294.579345703125
"2779",1957-08-10,291.130126953125
"2780",1957-08-11,291.8427734375
"2781",1957-08-12,291.717041015625
"2782",1957-08-13,290.767822265625
"2783",1957-08-14,289.2314453125
"2784",1957-08-15,292.943359375
"2785",1957-08-16,293.23095703125
"2786",1957-08-17,293.1083984375
"2787",1957-08-18,295.25
"2788",1957-08-19,294.30419921875
"2789",1957-08-20,292.35107421875
"2790",1957-08-21,290.27099609375
"2791",1957-08-22,288.908203125
"2792",1957-08-23,289.444091796875
"2793",1957-08-24,291.702880859375
"2794",1957-08-25,287.583251953125
"2795",1957-08-26,287.23876953125
"2796",1957-08-27,288.514404296875
"2797",1957-08-28,289.33349609375
"2798",1957-08-29,290.24755859375
"2799",1957-08-30,286.996826171875
"2800",1957-08-31,288.439453125
"2801",1957-09-01,288.50927734375
"2802",1957-09-02,288.53662109375
"2803",1957-09-03,287.96533203125
"2804",1957-09-04,289.2666015625
"2805",1957-09-05,285.601806640625
"2806",1957-09-06,288.199462890625
"2807",1957-09-07,289.283935546875
"2808",1957-09-08,289.795654296875
"2809",1957-09-09,287.3134765625
"2810",1957-09-10,288.407958984375
"2811",1957-09-11,288.464111328125
"2812",1957-09-12,287.15478515625
"2813",1957-09-13,285.064208984375
"2814",1957-09-14,286.2734375
"2815",1957-09-15,286.76025390625
"2816",1957-09-16,287.037353515625
"2817",1957-09-17,288.202880859375
"2818",1957-09-18,286.8681640625
"2819",1957-09-19,283.961181640625
"2820",1957-09-20,283.820068359375
"2821",1957-09-21,284.798828125
"2822",1957-09-22,286.108154296875
"2823",1957-09-23,284.72265625
"2824",1957-09-24,282.6328125
"2825",1957-09-25,283.17724609375
"2826",1957-09-26,284.031982421875
"2827",1957-09-27,286.97021484375
"2828",1957-09-28,285.021240234375
"2829",1957-09-29,282.87060546875
"2830",1957-09-30,283.81396484375
"2831",1957-10-01,281.990966796875
"2832",1957-10-02,284.806884765625
"2833",1957-10-03,284.2255859375
"2834",1957-10-04,282.868408203125
"2835",1957-10-05,285.3779296875
"2836",1957-10-06,286.49365234375
"2837",1957-10-07,290.32470703125
"2838",1957-10-08,284.689453125
"2839",1957-10-09,285.891357421875
"2840",1957-10-10,284.845458984375
"2841",1957-10-11,284.543212890625
"2842",1957-10-12,285.610595703125
"2843",1957-10-13,284.78515625
"2844",1957-10-14,285.033935546875
"2845",1957-10-15,284.10205078125
"2846",1957-10-16,284.639404296875
"2847",1957-10-17,284.10986328125
"2848",1957-10-18,281.372802734375
"2849",1957-10-19,282.587890625
"2850",1957-10-20,282.73779296875
"2851",1957-10-21,283.1376953125
"2852",1957-10-22,281.01904296875
"2853",1957-10-23,282.918212890625
"2854",1957-10-24,283.42626953125
"2855",1957-10-25,281.614990234375
"2856",1957-10-26,284.2451171875
"2857",1957-10-27,284.231689453125
"2858",1957-10-28,284.121337890625
"2859",1957-10-29,283.258056640625
"2860",1957-10-30,282.864990234375
"2861",1957-10-31,282.658203125
"2862",1957-11-01,283.263427734375
"2863",1957-11-02,281.568603515625
"2864",1957-11-03,281.361328125
"2865",1957-11-04,283.502197265625
"2866",1957-11-05,283.5185546875
"2867",1957-11-06,283.67529296875
"2868",1957-11-07,280.201171875
"2869",1957-11-08,279.167724609375
"2870",1957-11-09,276.849609375
"2871",1957-11-10,275.842041015625
"2872",1957-11-11,276.911865234375
"2873",1957-11-12,273.833740234375
"2874",1957-11-13,273.998291015625
"2875",1957-11-14,274.626953125
"2876",1957-11-15,274.62060546875
"2877",1957-11-16,273.072021484375
"2878",1957-11-17,272.8759765625
"2879",1957-11-18,275.1767578125
"2880",1957-11-19,276.713134765625
"2881",1957-11-20,277.1611328125
"2882",1957-11-21,276.970703125
"2883",1957-11-22,277.69677734375
"2884",1957-11-23,277.227783203125
"2885",1957-11-24,280.9296875
"2886",1957-11-25,280.279296875
"2887",1957-11-26,280.752197265625
"2888",1957-11-27,279.107666015625
"2889",1957-11-28,279.872314453125
"2890",1957-11-29,270.70751953125
"2891",1957-11-30,274.6904296875
"2892",1957-12-01,272.82763671875
"2893",1957-12-02,274.616455078125
"2894",1957-12-03,275.982421875
"2895",1957-12-04,278.912841796875
"2896",1957-12-05,278.176025390625
"2897",1957-12-06,279.076904296875
"2898",1957-12-07,278.41796875
"2899",1957-12-08,275.448486328125
"2900",1957-12-09,268.494384765625
"2901",1957-12-10,271.472900390625
"2902",1957-12-11,265.840576171875
"2903",1957-12-12,270.502197265625
"2904",1957-12-13,269.579345703125
"2905",1957-12-14,265.94384765625
"2906",1957-12-15,275.19921875
"2907",1957-12-16,277.333251953125
"2908",1957-12-17,277.751953125
"2909",1957-12-18,276.203125
"2910",1957-12-19,277.392578125
"2911",1957-12-20,280.46923828125
"2912",1957-12-21,281.201171875
"2913",1957-12-22,279.7138671875
"2914",1957-12-23,279.451904296875
"2915",1957-12-24,276.6748046875
"2916",1957-12-25,278.098876953125
"2917",1957-12-26,279.303955078125
"2918",1957-12-27,280.86767578125
"2919",1957-12-28,280.290283203125
"2920",1957-12-29,275.22509765625
"2921",1957-12-30,271.591552734375
"2922",1957-12-31,269.02587890625
"2923",1958-01-01,266.505859375
"2924",1958-01-02,263.5869140625
"2925",1958-01-03,262.55810546875
"2926",1958-01-04,272.814697265625
"2927",1958-01-05,271.57080078125
"2928",1958-01-06,271.26220703125
"2929",1958-01-07,268.97509765625
"2930",1958-01-08,264.8984375
"2931",1958-01-09,268.894287109375
"2932",1958-01-10,268.653076171875
"2933",1958-01-11,273.108642578125
"2934",1958-01-12,274.809326171875
"2935",1958-01-13,275.00830078125
"2936",1958-01-14,275.4267578125
"2937",1958-01-15,275.54296875
"2938",1958-01-16,277.072509765625
"2939",1958-01-17,277.066650390625
"2940",1958-01-18,275.6474609375
"2941",1958-01-19,273.875
"2942",1958-01-20,271.8642578125
"2943",1958-01-21,270.730224609375
"2944",1958-01-22,272.73681640625
"2945",1958-01-23,272.46533203125
"2946",1958-01-24,272.201416015625
"2947",1958-01-25,273.416015625
"2948",1958-01-26,272.660400390625
"2949",1958-01-27,274.821044921875
"2950",1958-01-28,276.057861328125
"2951",1958-01-29,275.698486328125
"2952",1958-01-30,275.1376953125
"2953",1958-01-31,277.46728515625
"2954",1958-02-01,276.714111328125
"2955",1958-02-02,277.068115234375
"2956",1958-02-03,277.063232421875
"2957",1958-02-04,274.514404296875
"2958",1958-02-05,272.927001953125
"2959",1958-02-06,263.01220703125
"2960",1958-02-07,262.65966796875
"2961",1958-02-08,261.791259765625
"2962",1958-02-09,266.51708984375
"2963",1958-02-10,266.00732421875
"2964",1958-02-11,272.673095703125
"2965",1958-02-12,276.287353515625
"2966",1958-02-13,277.23193359375
"2967",1958-02-14,275.80224609375
"2968",1958-02-15,275.431884765625
"2969",1958-02-16,274.691650390625
"2970",1958-02-17,272.33203125
"2971",1958-02-18,272.441650390625
"2972",1958-02-19,272.696533203125
"2973",1958-02-20,269.901123046875
"2974",1958-02-21,270.94775390625
"2975",1958-02-22,268.441650390625
"2976",1958-02-23,264.342529296875
"2977",1958-02-24,263.2119140625
"2978",1958-02-25,261.707763671875
"2979",1958-02-26,263.90673828125
"2980",1958-02-27,262.90576171875
"2981",1958-02-28,273.229736328125
"2982",1958-03-01,276.166015625
"2983",1958-03-02,276.52392578125
"2984",1958-03-03,274.264892578125
"2985",1958-03-04,276.444091796875
"2986",1958-03-05,277.834228515625
"2987",1958-03-06,274.860107421875
"2988",1958-03-07,265.7548828125
"2989",1958-03-08,267.479736328125
"2990",1958-03-09,267.7685546875
"2991",1958-03-10,267.424072265625
"2992",1958-03-11,267.083251953125
"2993",1958-03-12,269.52392578125
"2994",1958-03-13,271.44287109375
"2995",1958-03-14,270.0458984375
"2996",1958-03-15,274.59326171875
"2997",1958-03-16,273.0068359375
"2998",1958-03-17,274.908935546875
"2999",1958-03-18,273.175537109375
"3000",1958-03-19,273.072509765625
"3001",1958-03-20,271.62353515625
"3002",1958-03-21,271.3896484375
"3003",1958-03-22,273.203369140625
"3004",1958-03-23,274.1337890625
"3005",1958-03-24,275.08349609375
"3006",1958-03-25,276.1572265625
"3007",1958-03-26,273.505126953125
"3008",1958-03-27,273.619873046875
"3009",1958-03-28,274.650634765625
"3010",1958-03-29,274.52392578125
"3011",1958-03-30,275.069091796875
"3012",1958-03-31,275.7392578125
"3013",1958-04-01,277.128662109375
"3014",1958-04-02,275.6689453125
"3015",1958-04-03,275.3544921875
"3016",1958-04-04,274.66259765625
"3017",1958-04-05,276.008056640625
"3018",1958-04-06,278.841796875
"3019",1958-04-07,279.0322265625
"3020",1958-04-08,279.070556640625
"3021",1958-04-09,276.378662109375
"3022",1958-04-10,278.841796875
"3023",1958-04-11,280.00341796875
"3024",1958-04-12,282.037109375
"3025",1958-04-13,282.48046875
"3026",1958-04-14,277.7763671875
"3027",1958-04-15,280.708984375
"3028",1958-04-16,282.84326171875
"3029",1958-04-17,283.674560546875
"3030",1958-04-18,281.754150390625
"3031",1958-04-19,279.5361328125
"3032",1958-04-20,280.901123046875
"3033",1958-04-21,283.8173828125
"3034",1958-04-22,282.0625
"3035",1958-04-23,281.813720703125
"3036",1958-04-24,282.097900390625
"3037",1958-04-25,283.853515625
"3038",1958-04-26,281.712890625
"3039",1958-04-27,280.40771484375
"3040",1958-04-28,279.91015625
"3041",1958-04-29,282.409912109375
"3042",1958-04-30,286.53125
"3043",1958-05-01,286.4833984375
"3044",1958-05-02,283.175537109375
"3045",1958-05-03,283.37548828125
"3046",1958-05-04,283.4716796875
"3047",1958-05-05,285.17138671875
"3048",1958-05-06,284.95654296875
"3049",1958-05-07,282.283447265625
"3050",1958-05-08,281.365234375
"3051",1958-05-09,283.151611328125
"3052",1958-05-10,283.754150390625
"3053",1958-05-11,285.08984375
"3054",1958-05-12,280.92333984375
"3055",1958-05-13,284.107421875
"3056",1958-05-14,283.891845703125
"3057",1958-05-15,281.5478515625
"3058",1958-05-16,283.1845703125
"3059",1958-05-17,283.580810546875
"3060",1958-05-18,282.323974609375
"3061",1958-05-19,286.153076171875
"3062",1958-05-20,284.29248046875
"3063",1958-05-21,286.06640625
"3064",1958-05-22,284.293212890625
"3065",1958-05-23,286.5947265625
"3066",1958-05-24,288.217041015625
"3067",1958-05-25,287.15185546875
"3068",1958-05-26,295.7490234375
"3069",1958-05-27,285.6533203125
"3070",1958-05-28,287.548828125
"3071",1958-05-29,285.85302734375
"3072",1958-05-30,290.141357421875
"3073",1958-05-31,292.1669921875
"3074",1958-06-01,292.285888671875
"3075",1958-06-02,293.705810546875
"3076",1958-06-03,292.490234375
"3077",1958-06-04,291.7626953125
"3078",1958-06-05,289.876953125
"3079",1958-06-06,290.58154296875
"3080",1958-06-07,290.552734375
"3081",1958-06-08,291.129638671875
"3082",1958-06-09,286.794677734375
"3083",1958-06-10,284.814697265625
"3084",1958-06-11,287.6533203125
"3085",1958-06-12,288.86279296875
"3086",1958-06-13,290.22509765625
"3087",1958-06-14,289.620849609375
"3088",1958-06-15,289.496337890625
"3089",1958-06-16,291.039306640625
"3090",1958-06-17,294.921142578125
"3091",1958-06-18,289.71533203125
"3092",1958-06-19,285.59521484375
"3093",1958-06-20,289.302734375
"3094",1958-06-21,290.0283203125
"3095",1958-06-22,290.142333984375
"3096",1958-06-23,288.233642578125
"3097",1958-06-24,290.417724609375
"3098",1958-06-25,290.41650390625
"3099",1958-06-26,292.53369140625
"3100",1958-06-27,295.68994140625
"3101",1958-06-28,297.232666015625
"3102",1958-06-29,293.908203125
"3103",1958-06-30,297.71337890625
"3104",1958-07-01,299.784423828125
"3105",1958-07-02,299.470458984375
"3106",1958-07-03,299.597412109375
"3107",1958-07-04,298.409912109375
"3108",1958-07-05,296.64013671875
"3109",1958-07-06,294.515380859375
"3110",1958-07-07,293
"3111",1958-07-08,293.884033203125
"3112",1958-07-09,295.340576171875
"3113",1958-07-10,292.090576171875
"3114",1958-07-11,290.225830078125
"3115",1958-07-12,292.22509765625
"3116",1958-07-13,291.107177734375
"3117",1958-07-14,291.185791015625
"3118",1958-07-15,290.059326171875
"3119",1958-07-16,290.243896484375
"3120",1958-07-17,288.17041015625
"3121",1958-07-18,290.789306640625
"3122",1958-07-19,292.49169921875
"3123",1958-07-20,293.275146484375
"3124",1958-07-21,294.35498046875
"3125",1958-07-22,291.19189453125
"3126",1958-07-23,290.25439453125
"3127",1958-07-24,290.29296875
"3128",1958-07-25,289.7548828125
"3129",1958-07-26,290.69970703125
"3130",1958-07-27,288.27587890625
"3131",1958-07-28,291.36669921875
"3132",1958-07-29,291.9189453125
"3133",1958-07-30,290.760498046875
"3134",1958-07-31,291.06591796875
"3135",1958-08-01,290.5537109375
"3136",1958-08-02,287.075439453125
"3137",1958-08-03,289.53466796875
"3138",1958-08-04,288.963623046875
"3139",1958-08-05,291.268310546875
"3140",1958-08-06,289.6943359375
"3141",1958-08-07,288.76025390625
"3142",1958-08-08,287.621337890625
"3143",1958-08-09,289.819091796875
"3144",1958-08-10,293.026123046875
"3145",1958-08-11,293.73486328125
"3146",1958-08-12,295.0634765625
"3147",1958-08-13,290.846435546875
"3148",1958-08-14,291.533935546875
"3149",1958-08-15,291.683837890625
"3150",1958-08-16,288.269775390625
"3151",1958-08-17,291.143310546875
"3152",1958-08-18,293.9951171875
"3153",1958-08-19,294.477783203125
"3154",1958-08-20,292.80908203125
"3155",1958-08-21,292.755126953125
"3156",1958-08-22,290.39404296875
"3157",1958-08-23,289.523681640625
"3158",1958-08-24,287.21337890625
"3159",1958-08-25,289.293701171875
"3160",1958-08-26,289.5234375
"3161",1958-08-27,293.8916015625
"3162",1958-08-28,292.404541015625
"3163",1958-08-29,292.902099609375
"3164",1958-08-30,291.7626953125
"3165",1958-08-31,292.69873046875
"3166",1958-09-01,292.966552734375
"3167",1958-09-02,293.145263671875
"3168",1958-09-03,294.976318359375
"3169",1958-09-04,294.26611328125
"3170",1958-09-05,293.27880859375
"3171",1958-09-06,293.404541015625
"3172",1958-09-07,293.48095703125
"3173",1958-09-08,290.99609375
"3174",1958-09-09,288.21533203125
"3175",1958-09-10,290.4501953125
"3176",1958-09-11,290.29150390625
"3177",1958-09-12,290.13427734375
"3178",1958-09-13,290.904541015625
"3179",1958-09-14,290.265869140625
"3180",1958-09-15,289.969970703125
"3181",1958-09-16,288.3818359375
"3182",1958-09-17,289.424560546875
"3183",1958-09-18,288.962158203125
"3184",1958-09-19,288.304443359375
"3185",1958-09-20,287.355712890625
"3186",1958-09-21,289.211181640625
"3187",1958-09-22,286.211181640625
"3188",1958-09-23,288.639404296875
"3189",1958-09-24,286.894287109375
"3190",1958-09-25,285.525390625
"3191",1958-09-26,286.11474609375
"3192",1958-09-27,286.28173828125
"3193",1958-09-28,287.02294921875
"3194",1958-09-29,288.4130859375
"3195",1958-09-30,287.357177734375
"3196",1958-10-01,287.904052734375
"3197",1958-10-02,288.3486328125
"3198",1958-10-03,287.58935546875
"3199",1958-10-04,289.263671875
"3200",1958-10-05,287.6123046875
"3201",1958-10-06,288.811767578125
"3202",1958-10-07,285.635498046875
"3203",1958-10-08,285.762451171875
"3204",1958-10-09,286.443603515625
"3205",1958-10-10,285.502685546875
"3206",1958-10-11,286.1162109375
"3207",1958-10-12,284.75048828125
"3208",1958-10-13,284.237060546875
"3209",1958-10-14,284.449462890625
"3210",1958-10-15,282.773681640625
"3211",1958-10-16,280.906494140625
"3212",1958-10-17,282.340576171875
"3213",1958-10-18,282.11181640625
"3214",1958-10-19,279.422119140625
"3215",1958-10-20,282.442138671875
"3216",1958-10-21,281.3369140625
"3217",1958-10-22,283.4599609375
"3218",1958-10-23,284.753173828125
"3219",1958-10-24,287.306884765625
"3220",1958-10-25,287.119873046875
"3221",1958-10-26,283.017578125
"3222",1958-10-27,285.817138671875
"3223",1958-10-28,284.277587890625
"3224",1958-10-29,284.098876953125
"3225",1958-10-30,283.1982421875
"3226",1958-10-31,282.994384765625
"3227",1958-11-01,280.0361328125
"3228",1958-11-02,281.157470703125
"3229",1958-11-03,283.165771484375
"3230",1958-11-04,281.548828125
"3231",1958-11-05,280.34765625
"3232",1958-11-06,282.298828125
"3233",1958-11-07,281.2314453125
"3234",1958-11-08,281.519775390625
"3235",1958-11-09,279.93408203125
"3236",1958-11-10,278.08935546875
"3237",1958-11-11,278.103271484375
"3238",1958-11-12,279.244384765625
"3239",1958-11-13,278.684814453125
"3240",1958-11-14,279.644775390625
"3241",1958-11-15,279.34423828125
"3242",1958-11-16,276.668701171875
"3243",1958-11-17,280.34326171875
"3244",1958-11-18,279.050048828125
"3245",1958-11-19,276.7705078125
"3246",1958-11-20,276.63525390625
"3247",1958-11-21,279.559326171875
"3248",1958-11-22,279.627197265625
"3249",1958-11-23,276.55517578125
"3250",1958-11-24,279.28857421875
"3251",1958-11-25,280.2802734375
"3252",1958-11-26,277.50927734375
"3253",1958-11-27,277.982177734375
"3254",1958-11-28,278.140869140625
"3255",1958-11-29,278.94873046875
"3256",1958-11-30,277.458740234375
"3257",1958-12-01,272.293212890625
"3258",1958-12-02,274.3623046875
"3259",1958-12-03,276.004150390625
"3260",1958-12-04,280.537109375
"3261",1958-12-05,278.2880859375
"3262",1958-12-06,275.4306640625
"3263",1958-12-07,274.3115234375
"3264",1958-12-08,277.19091796875
"3265",1958-12-09,276.01611328125
"3266",1958-12-10,271.38916015625
"3267",1958-12-11,271.862548828125
"3268",1958-12-12,268.205078125
"3269",1958-12-13,271.35302734375
"3270",1958-12-14,271.5703125
"3271",1958-12-15,271.48388671875
"3272",1958-12-16,273.875244140625
"3273",1958-12-17,275.11376953125
"3274",1958-12-18,273.87841796875
"3275",1958-12-19,276.118896484375
"3276",1958-12-20,276.975341796875
"3277",1958-12-21,276.776123046875
"3278",1958-12-22,277.541748046875
"3279",1958-12-23,277.22216796875
"3280",1958-12-24,274.311279296875
"3281",1958-12-25,274.78076171875
"3282",1958-12-26,272.952880859375
"3283",1958-12-27,270.2314453125
"3284",1958-12-28,272.279541015625
"3285",1958-12-29,277.110107421875
"3286",1958-12-30,277.13525390625
"3287",1958-12-31,277.820556640625
"3288",1959-01-01,276.649169921875
"3289",1959-01-02,278.022705078125
"3290",1959-01-03,275.292724609375
"3291",1959-01-04,273.45263671875
"3292",1959-01-05,271.870849609375
"3293",1959-01-06,269.49462890625
"3294",1959-01-07,268.7333984375
"3295",1959-01-08,264.58251953125
"3296",1959-01-09,266.902099609375
"3297",1959-01-10,265.740234375
"3298",1959-01-11,272.234130859375
"3299",1959-01-12,272.498046875
"3300",1959-01-13,267.710693359375
"3301",1959-01-14,266.026123046875
"3302",1959-01-15,268.039794921875
"3303",1959-01-16,267.6728515625
"3304",1959-01-17,274.97607421875
"3305",1959-01-18,276.1396484375
"3306",1959-01-19,271.715576171875
"3307",1959-01-20,273.82861328125
"3308",1959-01-21,275.535400390625
"3309",1959-01-22,278.590576171875
"3310",1959-01-23,278.211181640625
"3311",1959-01-24,272.187744140625
"3312",1959-01-25,272.6162109375
"3313",1959-01-26,274.137451171875
"3314",1959-01-27,271.693115234375
"3315",1959-01-28,275.286865234375
"3316",1959-01-29,275.143798828125
"3317",1959-01-30,275.330810546875
"3318",1959-01-31,274.623779296875
"3319",1959-02-01,273.771240234375
"3320",1959-02-02,271.98681640625
"3321",1959-02-03,271.698974609375
"3322",1959-02-04,269.41943359375
"3323",1959-02-05,270.5771484375
"3324",1959-02-06,269.939208984375
"3325",1959-02-07,271.60595703125
"3326",1959-02-08,272.176025390625
"3327",1959-02-09,271.667236328125
"3328",1959-02-10,270.07275390625
"3329",1959-02-11,269.47119140625
"3330",1959-02-12,272.55908203125
"3331",1959-02-13,269.201171875
"3332",1959-02-14,274.655517578125
"3333",1959-02-15,277.63232421875
"3334",1959-02-16,276.693359375
"3335",1959-02-17,278.685302734375
"3336",1959-02-18,277.453857421875
"3337",1959-02-19,279.131103515625
"3338",1959-02-20,277.518798828125
"3339",1959-02-21,273.146728515625
"3340",1959-02-22,274.7626953125
"3341",1959-02-23,277.690185546875
"3342",1959-02-24,280.0009765625
"3343",1959-02-25,279.085693359375
"3344",1959-02-26,280.86962890625
"3345",1959-02-27,279.779052734375
"3346",1959-02-28,279.9794921875
"3347",1959-03-01,280.73681640625
"3348",1959-03-02,280.730712890625
"3349",1959-03-03,281.592041015625
"3350",1959-03-04,280.607177734375
"3351",1959-03-05,279.30224609375
"3352",1959-03-06,279.078857421875
"3353",1959-03-07,278.163818359375
"3354",1959-03-08,276.22119140625
"3355",1959-03-09,277.11474609375
"3356",1959-03-10,278.037109375
"3357",1959-03-11,279.714599609375
"3358",1959-03-12,280.456787109375
"3359",1959-03-13,276.1142578125
"3360",1959-03-14,276.662841796875
"3361",1959-03-15,275.075927734375
"3362",1959-03-16,276.407470703125
"3363",1959-03-17,275.77978515625
"3364",1959-03-18,277.90673828125
"3365",1959-03-19,281.636474609375
"3366",1959-03-20,282.416015625
"3367",1959-03-21,282.890380859375
"3368",1959-03-22,283.40673828125
"3369",1959-03-23,280.285400390625
"3370",1959-03-24,281.73779296875
"3371",1959-03-25,276.364990234375
"3372",1959-03-26,278.2890625
"3373",1959-03-27,280.575927734375
"3374",1959-03-28,278.775390625
"3375",1959-03-29,278.28564453125
"3376",1959-03-30,277.789306640625
"3377",1959-03-31,277.746826171875
"3378",1959-04-01,279.761962890625
"3379",1959-04-02,284.94140625
"3380",1959-04-03,280.61572265625
"3381",1959-04-04,283.46826171875
"3382",1959-04-05,276.847900390625
"3383",1959-04-06,277.865966796875
"3384",1959-04-07,279.80615234375
"3385",1959-04-08,279.496337890625
"3386",1959-04-09,280.544921875
"3387",1959-04-10,278.310791015625
"3388",1959-04-11,274.7724609375
"3389",1959-04-12,277.349365234375
"3390",1959-04-13,279.919921875
"3391",1959-04-14,287.181884765625
"3392",1959-04-15,290.967529296875
"3393",1959-04-16,288.25146484375
"3394",1959-04-17,289.491943359375
"3395",1959-04-18,282.291748046875
"3396",1959-04-19,280.09619140625
"3397",1959-04-20,280.5048828125
"3398",1959-04-21,282.19482421875
"3399",1959-04-22,282.77392578125
"3400",1959-04-23,281.425048828125
"3401",1959-04-24,281.294189453125
"3402",1959-04-25,283.299072265625
"3403",1959-04-26,286.1376953125
"3404",1959-04-27,282.941650390625
"3405",1959-04-28,287.242919921875
"3406",1959-04-29,283.406982421875
"3407",1959-04-30,286.58251953125
"3408",1959-05-01,287.60546875
"3409",1959-05-02,285.373779296875
"3410",1959-05-03,283.343017578125
"3411",1959-05-04,283.018798828125
"3412",1959-05-05,283.58056640625
"3413",1959-05-06,283.37060546875
"3414",1959-05-07,283.09326171875
"3415",1959-05-08,286.79296875
"3416",1959-05-09,289.03271484375
"3417",1959-05-10,290.543212890625
"3418",1959-05-11,291.011962890625
"3419",1959-05-12,291.59814453125
"3420",1959-05-13,292.941162109375
"3421",1959-05-14,292.859130859375
"3422",1959-05-15,294.41650390625
"3423",1959-05-16,292.992431640625
"3424",1959-05-17,288.447021484375
"3425",1959-05-18,282.814453125
"3426",1959-05-19,288.1552734375
"3427",1959-05-20,288.114013671875
"3428",1959-05-21,288.552001953125
"3429",1959-05-22,287.127685546875
"3430",1959-05-23,288.7900390625
"3431",1959-05-24,291.76220703125
"3432",1959-05-25,289.6494140625
"3433",1959-05-26,289.76708984375
"3434",1959-05-27,286.781982421875
"3435",1959-05-28,289.015380859375
"3436",1959-05-29,290.715576171875
"3437",1959-05-30,286.961181640625
"3438",1959-05-31,287.24072265625
"3439",1959-06-01,288.178955078125
"3440",1959-06-02,289.456298828125
"3441",1959-06-03,291.709228515625
"3442",1959-06-04,292.250732421875
"3443",1959-06-05,292.406982421875
"3444",1959-06-06,295.823974609375
"3445",1959-06-07,291.406005859375
"3446",1959-06-08,289.637939453125
"3447",1959-06-09,287.69921875
"3448",1959-06-10,287.34326171875
"3449",1959-06-11,291.9443359375
"3450",1959-06-12,294.22265625
"3451",1959-06-13,294.447509765625
"3452",1959-06-14,290.962890625
"3453",1959-06-15,288.8486328125
"3454",1959-06-16,286.70947265625
"3455",1959-06-17,288.4716796875
"3456",1959-06-18,287.741455078125
"3457",1959-06-19,288.343994140625
"3458",1959-06-20,288.200439453125
"3459",1959-06-21,292.783203125
"3460",1959-06-22,293.62841796875
"3461",1959-06-23,295.34375
"3462",1959-06-24,295.968994140625
"3463",1959-06-25,297.66796875
"3464",1959-06-26,297.777587890625
"3465",1959-06-27,298.1123046875
"3466",1959-06-28,294.331787109375
"3467",1959-06-29,288.129638671875
"3468",1959-06-30,291.508056640625
"3469",1959-07-01,293.1103515625
"3470",1959-07-02,291.1328125
"3471",1959-07-03,292.476806640625
"3472",1959-07-04,293.85791015625
"3473",1959-07-05,294.55029296875
"3474",1959-07-06,292.4443359375
"3475",1959-07-07,293.047607421875
"3476",1959-07-08,293.555419921875
"3477",1959-07-09,295.15087890625
"3478",1959-07-10,293.87841796875
"3479",1959-07-11,294.8125
"3480",1959-07-12,293.30029296875
"3481",1959-07-13,290.64111328125
"3482",1959-07-14,292.559814453125
"3483",1959-07-15,291.9912109375
"3484",1959-07-16,295.330322265625
"3485",1959-07-17,294.708740234375
"3486",1959-07-18,296.604248046875
"3487",1959-07-19,297.419921875
"3488",1959-07-20,297.44482421875
"3489",1959-07-21,295.792236328125
"3490",1959-07-22,296.7412109375
"3491",1959-07-23,298.04931640625
"3492",1959-07-24,297.44580078125
"3493",1959-07-25,296.990234375
"3494",1959-07-26,298.8974609375
"3495",1959-07-27,299.739990234375
"3496",1959-07-28,298.052490234375
"3497",1959-07-29,293.5107421875
"3498",1959-07-30,295.30078125
"3499",1959-07-31,294.779296875
"3500",1959-08-01,294.141357421875
"3501",1959-08-02,296.21533203125
"3502",1959-08-03,295.038330078125
"3503",1959-08-04,295.705322265625
"3504",1959-08-05,294.96826171875
"3505",1959-08-06,295.386962890625
"3506",1959-08-07,293.935546875
"3507",1959-08-08,292.698486328125
"3508",1959-08-09,294.45751953125
"3509",1959-08-10,297.26318359375
"3510",1959-08-11,298.951171875
"3511",1959-08-12,296.784912109375
"3512",1959-08-13,296.89111328125
"3513",1959-08-14,298.003662109375
"3514",1959-08-15,296.3515625
"3515",1959-08-16,297.328125
"3516",1959-08-17,294.068359375
"3517",1959-08-18,293.690673828125
"3518",1959-08-19,296.36669921875
"3519",1959-08-20,295.465087890625
"3520",1959-08-21,297.11865234375
"3521",1959-08-22,298.26318359375
"3522",1959-08-23,294.41064453125
"3523",1959-08-24,293.006591796875
"3524",1959-08-25,295.011474609375
"3525",1959-08-26,293.072998046875
"3526",1959-08-27,290.47900390625
"3527",1959-08-28,288.60986328125
"3528",1959-08-29,287.836669921875
"3529",1959-08-30,288.623291015625
"3530",1959-08-31,290.946044921875
"3531",1959-09-01,292.75244140625
"3532",1959-09-02,292.93408203125
"3533",1959-09-03,294.537841796875
"3534",1959-09-04,294.083251953125
"3535",1959-09-05,292.119140625
"3536",1959-09-06,292.209716796875
"3537",1959-09-07,291.994873046875
"3538",1959-09-08,293.708984375
"3539",1959-09-09,291.990234375
"3540",1959-09-10,291.882568359375
"3541",1959-09-11,292.846923828125
"3542",1959-09-12,292.84033203125
"3543",1959-09-13,289.947998046875
"3544",1959-09-14,290.015380859375
"3545",1959-09-15,290.78955078125
"3546",1959-09-16,286.90673828125
"3547",1959-09-17,287.567626953125
"3548",1959-09-18,289.982177734375
"3549",1959-09-19,289.824462890625
"3550",1959-09-20,290.76220703125
"3551",1959-09-21,287.013671875
"3552",1959-09-22,288.10498046875
"3553",1959-09-23,287.8720703125
"3554",1959-09-24,287.0166015625
"3555",1959-09-25,287.028564453125
"3556",1959-09-26,283.847412109375
"3557",1959-09-27,283.745849609375
"3558",1959-09-28,283.587890625
"3559",1959-09-29,287.98974609375
"3560",1959-09-30,287.36767578125
"3561",1959-10-01,287.73779296875
"3562",1959-10-02,287.804931640625
"3563",1959-10-03,286.4169921875
"3564",1959-10-04,286.45751953125
"3565",1959-10-05,285.892578125
"3566",1959-10-06,285.649169921875
"3567",1959-10-07,285.81787109375
"3568",1959-10-08,284.5048828125
"3569",1959-10-09,283.82080078125
"3570",1959-10-10,284.283935546875
"3571",1959-10-11,283.578857421875
"3572",1959-10-12,284.777099609375
"3573",1959-10-13,284.173583984375
"3574",1959-10-14,283.623291015625
"3575",1959-10-15,285.5791015625
"3576",1959-10-16,285.635498046875
"3577",1959-10-17,285.194580078125
"3578",1959-10-18,282.797607421875
"3579",1959-10-19,286.83544921875
"3580",1959-10-20,284.829833984375
"3581",1959-10-21,284.086181640625
"3582",1959-10-22,282.796875
"3583",1959-10-23,278.792236328125
"3584",1959-10-24,285.606689453125
"3585",1959-10-25,282.84228515625
"3586",1959-10-26,282.013427734375
"3587",1959-10-27,283.34423828125
"3588",1959-10-28,284.867919921875
"3589",1959-10-29,283.416259765625
"3590",1959-10-30,282.546142578125
"3591",1959-10-31,282.560302734375
"3592",1959-11-01,282.04150390625
"3593",1959-11-02,282.51025390625
"3594",1959-11-03,283.218505859375
"3595",1959-11-04,282.617431640625
"3596",1959-11-05,277.166259765625
"3597",1959-11-06,274.907470703125
"3598",1959-11-07,278.17041015625
"3599",1959-11-08,280.870361328125
"3600",1959-11-09,279.80029296875
"3601",1959-11-10,279.605224609375
"3602",1959-11-11,279.55322265625
"3603",1959-11-12,279.95458984375
"3604",1959-11-13,279.29736328125
"3605",1959-11-14,280.510009765625
"3606",1959-11-15,280.352294921875
"3607",1959-11-16,279.17333984375
"3608",1959-11-17,275.91552734375
"3609",1959-11-18,271.850830078125
"3610",1959-11-19,276.263671875
"3611",1959-11-20,278.722412109375
"3612",1959-11-21,280.38671875
"3613",1959-11-22,279.73486328125
"3614",1959-11-23,281.068115234375
"3615",1959-11-24,281.431396484375
"3616",1959-11-25,280.940673828125
"3617",1959-11-26,279.759521484375
"3618",1959-11-27,277.89697265625
"3619",1959-11-28,278.7666015625
"3620",1959-11-29,279.015380859375
"3621",1959-11-30,279.120361328125
"3622",1959-12-01,278.7607421875
"3623",1959-12-02,279.1494140625
"3624",1959-12-03,277.587158203125
"3625",1959-12-04,276.4794921875
"3626",1959-12-05,273.83349609375
"3627",1959-12-06,271.542724609375
"3628",1959-12-07,269.348388671875
"3629",1959-12-08,269.727783203125
"3630",1959-12-09,269.408203125
"3631",1959-12-10,270.135986328125
"3632",1959-12-11,268.7998046875
"3633",1959-12-12,269.538330078125
"3634",1959-12-13,267.742431640625
"3635",1959-12-14,270.421875
"3636",1959-12-15,274.29541015625
"3637",1959-12-16,274.59716796875
"3638",1959-12-17,277.45068359375
"3639",1959-12-18,277.680908203125
"3640",1959-12-19,277.18017578125
"3641",1959-12-20,279.4296875
"3642",1959-12-21,279.404541015625
"3643",1959-12-22,277.842041015625
"3644",1959-12-23,275.784912109375
"3645",1959-12-24,277.312744140625
"3646",1959-12-25,276.734375
"3647",1959-12-26,275.935302734375
"3648",1959-12-27,278.388916015625
"3649",1959-12-28,278.068115234375
"3650",1959-12-29,276.394287109375
"3651",1959-12-30,275.43505859375
"3652",1959-12-31,278.82861328125
"3653",1960-01-01,279.114990234375
"3654",1960-01-02,278.852783203125
"3655",1960-01-03,276.704345703125
"3656",1960-01-04,277.482421875
"3657",1960-01-05,277.745361328125
"3658",1960-01-06,277.3037109375
"3659",1960-01-07,276.375
"3660",1960-01-08,270.880859375
"3661",1960-01-09,267.488037109375
"3662",1960-01-10,275.00537109375
"3663",1960-01-11,266.718017578125
"3664",1960-01-12,264.450927734375
"3665",1960-01-13,265.80029296875
"3666",1960-01-14,267.947509765625
"3667",1960-01-15,269.3154296875
"3668",1960-01-16,269.407958984375
"3669",1960-01-17,272.61669921875
"3670",1960-01-18,271.20947265625
"3671",1960-01-19,267.985595703125
"3672",1960-01-20,269.104736328125
"3673",1960-01-21,266.8544921875
"3674",1960-01-22,275.546875
"3675",1960-01-23,277.69482421875
"3676",1960-01-24,278.101318359375
"3677",1960-01-25,277.625244140625
"3678",1960-01-26,275.94970703125
"3679",1960-01-27,275.591064453125
"3680",1960-01-28,271.959228515625
"3681",1960-01-29,270.731201171875
"3682",1960-01-30,264.8603515625
"3683",1960-01-31,267.411865234375
"3684",1960-02-01,270.225830078125
"3685",1960-02-02,268.623291015625
"3686",1960-02-03,271.157470703125
"3687",1960-02-04,271.720703125
"3688",1960-02-05,269.63720703125
"3689",1960-02-06,271.92822265625
"3690",1960-02-07,273.708251953125
"3691",1960-02-08,273.4365234375
"3692",1960-02-09,278.0615234375
"3693",1960-02-10,277.625732421875
"3694",1960-02-11,270.66748046875
"3695",1960-02-12,266.850341796875
"3696",1960-02-13,266.447509765625
"3697",1960-02-14,269.668212890625
"3698",1960-02-15,271.649169921875
"3699",1960-02-16,271.761962890625
"3700",1960-02-17,272.02294921875
"3701",1960-02-18,266.749755859375
"3702",1960-02-19,267.796630859375
"3703",1960-02-20,274.406005859375
"3704",1960-02-21,275.527099609375
"3705",1960-02-22,273.350341796875
"3706",1960-02-23,268.688720703125
"3707",1960-02-24,268.44921875
"3708",1960-02-25,272.869384765625
"3709",1960-02-26,270.12451171875
"3710",1960-02-27,272.852783203125
"3711",1960-02-28,275.102783203125
"3712",1960-02-29,269.688720703125
"3713",1960-03-01,274.836669921875
"3714",1960-03-02,276.114501953125
"3715",1960-03-03,276.7705078125
"3716",1960-03-04,276.501220703125
"3717",1960-03-05,277.76318359375
"3718",1960-03-06,274.948974609375
"3719",1960-03-07,272.829345703125
"3720",1960-03-08,272.3193359375
"3721",1960-03-09,273.819091796875
"3722",1960-03-10,275.21044921875
"3723",1960-03-11,275.237060546875
"3724",1960-03-12,273.735107421875
"3725",1960-03-13,276.005126953125
"3726",1960-03-14,277.523193359375
"3727",1960-03-15,275.78173828125
"3728",1960-03-16,274.06982421875
"3729",1960-03-17,275.55224609375
"3730",1960-03-18,278.966796875
"3731",1960-03-19,280.11376953125
"3732",1960-03-20,277.624755859375
"3733",1960-03-21,276.61669921875
"3734",1960-03-22,277.610595703125
"3735",1960-03-23,281.92236328125
"3736",1960-03-24,279.513671875
"3737",1960-03-25,280.248779296875
"3738",1960-03-26,279.96728515625
"3739",1960-03-27,280.85986328125
"3740",1960-03-28,281.734375
"3741",1960-03-29,280.86181640625
"3742",1960-03-30,281.135498046875
"3743",1960-03-31,280.6357421875
"3744",1960-04-01,279.23291015625
"3745",1960-04-02,280.874267578125
"3746",1960-04-03,280.04736328125
"3747",1960-04-04,278.36376953125
"3748",1960-04-05,280.99169921875
"3749",1960-04-06,280.834228515625
"3750",1960-04-07,282.42236328125
"3751",1960-04-08,283.1416015625
"3752",1960-04-09,283.167236328125
"3753",1960-04-10,282.161865234375
"3754",1960-04-11,280.455322265625
"3755",1960-04-12,279.980224609375
"3756",1960-04-13,279.939208984375
"3757",1960-04-14,280.224853515625
"3758",1960-04-15,283.7724609375
"3759",1960-04-16,285.88330078125
"3760",1960-04-17,285.468017578125
"3761",1960-04-18,286.652099609375
"3762",1960-04-19,286.2705078125
"3763",1960-04-20,285.073486328125
"3764",1960-04-21,284.758544921875
"3765",1960-04-22,285.50341796875
"3766",1960-04-23,284.06103515625
"3767",1960-04-24,282.871826171875
"3768",1960-04-25,281.95068359375
"3769",1960-04-26,280.503662109375
"3770",1960-04-27,282.781494140625
"3771",1960-04-28,285.2373046875
"3772",1960-04-29,286.87841796875
"3773",1960-04-30,282.7314453125
"3774",1960-05-01,282.834228515625
"3775",1960-05-02,283.0341796875
"3776",1960-05-03,283.67724609375
"3777",1960-05-04,283.3310546875
"3778",1960-05-05,284.6748046875
"3779",1960-05-06,284.621826171875
"3780",1960-05-07,287.014404296875
"3781",1960-05-08,288.28369140625
"3782",1960-05-09,289.9912109375
"3783",1960-05-10,290.516357421875
"3784",1960-05-11,293.4638671875
"3785",1960-05-12,292.811767578125
"3786",1960-05-13,292.39013671875
"3787",1960-05-14,293.518310546875
"3788",1960-05-15,291.71875
"3789",1960-05-16,294.1396484375
"3790",1960-05-17,294.202880859375
"3791",1960-05-18,293.140625
"3792",1960-05-19,293.481201171875
"3793",1960-05-20,293.07763671875
"3794",1960-05-21,287.500244140625
"3795",1960-05-22,287.47021484375
"3796",1960-05-23,288.109375
"3797",1960-05-24,286.1396484375
"3798",1960-05-25,286.866455078125
"3799",1960-05-26,292.296875
"3800",1960-05-27,290.825439453125
"3801",1960-05-28,288.921142578125
"3802",1960-05-29,291.00732421875
"3803",1960-05-30,287.12744140625
"3804",1960-05-31,292.060791015625
"3805",1960-06-01,288.866455078125
"3806",1960-06-02,291.889892578125
"3807",1960-06-03,293.642578125
"3808",1960-06-04,292.717041015625
"3809",1960-06-05,295.0087890625
"3810",1960-06-06,296.77734375
"3811",1960-06-07,295.156005859375
"3812",1960-06-08,290.1328125
"3813",1960-06-09,289.927490234375
"3814",1960-06-10,289.27294921875
"3815",1960-06-11,288.831298828125
"3816",1960-06-12,288.8515625
"3817",1960-06-13,288.96044921875
"3818",1960-06-14,289.705078125
"3819",1960-06-15,288.802734375
"3820",1960-06-16,290.310302734375
"3821",1960-06-17,291.569091796875
"3822",1960-06-18,291.99462890625
"3823",1960-06-19,291.976806640625
"3824",1960-06-20,292.618408203125
"3825",1960-06-21,293.727294921875
"3826",1960-06-22,293.474853515625
"3827",1960-06-23,294.88330078125
"3828",1960-06-24,297.656982421875
"3829",1960-06-25,298.642333984375
"3830",1960-06-26,299.339111328125
"3831",1960-06-27,295.107421875
"3832",1960-06-28,287.868896484375
"3833",1960-06-29,289.29931640625
"3834",1960-06-30,288.721435546875
"3835",1960-07-01,284.692626953125
"3836",1960-07-02,288.601806640625
"3837",1960-07-03,293.9130859375
"3838",1960-07-04,292.6513671875
"3839",1960-07-05,289.289794921875
"3840",1960-07-06,292.800537109375
"3841",1960-07-07,290.951904296875
"3842",1960-07-08,290.210205078125
"3843",1960-07-09,290.684814453125
"3844",1960-07-10,288.5927734375
"3845",1960-07-11,291.263427734375
"3846",1960-07-12,288.69580078125
"3847",1960-07-13,290.068603515625
"3848",1960-07-14,289.9189453125
"3849",1960-07-15,292.3212890625
"3850",1960-07-16,292.671630859375
"3851",1960-07-17,290.34619140625
"3852",1960-07-18,289.416015625
"3853",1960-07-19,289.65478515625
"3854",1960-07-20,291.611083984375
"3855",1960-07-21,290.334716796875
"3856",1960-07-22,289.09130859375
"3857",1960-07-23,290.330810546875
"3858",1960-07-24,292.22265625
"3859",1960-07-25,291.83447265625
"3860",1960-07-26,292.001953125
"3861",1960-07-27,292.1181640625
"3862",1960-07-28,293.319091796875
"3863",1960-07-29,291.726318359375
"3864",1960-07-30,293.63134765625
"3865",1960-07-31,295.934814453125
"3866",1960-08-01,298.572021484375
"3867",1960-08-02,298.70458984375
"3868",1960-08-03,294.95361328125
"3869",1960-08-04,290.872802734375
"3870",1960-08-05,289.834716796875
"3871",1960-08-06,289.766845703125
"3872",1960-08-07,291.781005859375
"3873",1960-08-08,292.3046875
"3874",1960-08-09,290.70068359375
"3875",1960-08-10,290.70703125
"3876",1960-08-11,287.931640625
"3877",1960-08-12,291.59814453125
"3878",1960-08-13,290.291748046875
"3879",1960-08-14,291.1337890625
"3880",1960-08-15,291.39404296875
"3881",1960-08-16,291.0966796875
"3882",1960-08-17,289.752685546875
"3883",1960-08-18,289.599609375
"3884",1960-08-19,290.965576171875
"3885",1960-08-20,290.810791015625
"3886",1960-08-21,290.9482421875
"3887",1960-08-22,291.887451171875
"3888",1960-08-23,291.237060546875
"3889",1960-08-24,292.32373046875
"3890",1960-08-25,291.97802734375
"3891",1960-08-26,292.24169921875
"3892",1960-08-27,292.861328125
"3893",1960-08-28,292.886474609375
"3894",1960-08-29,291.443603515625
"3895",1960-08-30,287.629150390625
"3896",1960-08-31,288.734619140625
"3897",1960-09-01,288.892822265625
"3898",1960-09-02,288.21044921875
"3899",1960-09-03,288.136474609375
"3900",1960-09-04,287.289306640625
"3901",1960-09-05,287.365966796875
"3902",1960-09-06,286.904052734375
"3903",1960-09-07,286.804931640625
"3904",1960-09-08,289.474853515625
"3905",1960-09-09,288.63134765625
"3906",1960-09-10,290.0673828125
"3907",1960-09-11,289.932373046875
"3908",1960-09-12,290.716552734375
"3909",1960-09-13,291.035400390625
"3910",1960-09-14,291.867919921875
"3911",1960-09-15,291.961669921875
"3912",1960-09-16,290.746337890625
"3913",1960-09-17,290.859619140625
"3914",1960-09-18,289.2861328125
"3915",1960-09-19,289.36376953125
"3916",1960-09-20,289.366455078125
"3917",1960-09-21,288.900390625
"3918",1960-09-22,291.018310546875
"3919",1960-09-23,288.574951171875
"3920",1960-09-24,287.912841796875
"3921",1960-09-25,288.05029296875
"3922",1960-09-26,287.44140625
"3923",1960-09-27,284.1298828125
"3924",1960-09-28,283.3564453125
"3925",1960-09-29,282.98388671875
"3926",1960-09-30,283.56494140625
"3927",1960-10-01,283.6513671875
"3928",1960-10-02,286.24951171875
"3929",1960-10-03,285.82177734375
"3930",1960-10-04,286.44384765625
"3931",1960-10-05,285.488037109375
"3932",1960-10-06,286.946044921875
"3933",1960-10-07,284.40869140625
"3934",1960-10-08,283.026611328125
"3935",1960-10-09,284.363037109375
"3936",1960-10-10,284.40576171875
"3937",1960-10-11,282.586181640625
"3938",1960-10-12,281.853759765625
"3939",1960-10-13,281.915283203125
"3940",1960-10-14,281.25537109375
"3941",1960-10-15,281.234619140625
"3942",1960-10-16,279.211181640625
"3943",1960-10-17,277.9208984375
"3944",1960-10-18,279.458251953125
"3945",1960-10-19,278.8466796875
"3946",1960-10-20,280.321044921875
"3947",1960-10-21,280.327392578125
"3948",1960-10-22,279.953125
"3949",1960-10-23,278.3330078125
"3950",1960-10-24,278.364013671875
"3951",1960-10-25,278.54248046875
"3952",1960-10-26,278.9453125
"3953",1960-10-27,277.82568359375
"3954",1960-10-28,278.73681640625
"3955",1960-10-29,280.290283203125
"3956",1960-10-30,277.881103515625
"3957",1960-10-31,276.0634765625
"3958",1960-11-01,275.888671875
"3959",1960-11-02,281.331787109375
"3960",1960-11-03,281.984130859375
"3961",1960-11-04,282.1240234375
"3962",1960-11-05,282.549560546875
"3963",1960-11-06,280.034912109375
"3964",1960-11-07,278.032470703125
"3965",1960-11-08,274.94140625
"3966",1960-11-09,276.20263671875
"3967",1960-11-10,277.8779296875
"3968",1960-11-11,277.5087890625
"3969",1960-11-12,279.85302734375
"3970",1960-11-13,278.83984375
"3971",1960-11-14,276.426513671875
"3972",1960-11-15,278.410400390625
"3973",1960-11-16,279.991943359375
"3974",1960-11-17,279.028564453125
"3975",1960-11-18,277.750244140625
"3976",1960-11-19,275.588134765625
"3977",1960-11-20,273.9091796875
"3978",1960-11-21,273.40673828125
"3979",1960-11-22,275.372802734375
"3980",1960-11-23,278.35986328125
"3981",1960-11-24,278.8134765625
"3982",1960-11-25,279.818115234375
"3983",1960-11-26,279.94091796875
"3984",1960-11-27,278.2333984375
"3985",1960-11-28,276.453369140625
"3986",1960-11-29,275.662841796875
"3987",1960-11-30,280.157958984375
"3988",1960-12-01,281.191650390625
"3989",1960-12-02,280.6923828125
"3990",1960-12-03,279.076904296875
"3991",1960-12-04,277.3095703125
"3992",1960-12-05,276.88330078125
"3993",1960-12-06,276.035400390625
"3994",1960-12-07,275.4423828125
"3995",1960-12-08,273.998046875
"3996",1960-12-09,270.373046875
"3997",1960-12-10,268.106689453125
"3998",1960-12-11,268.874755859375
"3999",1960-12-12,269.027099609375
"4000",1960-12-13,265.650146484375
"4001",1960-12-14,272.047607421875
"4002",1960-12-15,273.760009765625
"4003",1960-12-16,278.6435546875
"4004",1960-12-17,279.229736328125
"4005",1960-12-18,277.656982421875
"4006",1960-12-19,275.968505859375
"4007",1960-12-20,275.2744140625
"4008",1960-12-21,274.68505859375
"4009",1960-12-22,273.7333984375
"4010",1960-12-23,276.694091796875
"4011",1960-12-24,277.863037109375
"4012",1960-12-25,277.1123046875
"4013",1960-12-26,278.243896484375
"4014",1960-12-27,277.880859375
"4015",1960-12-28,276.2294921875
"4016",1960-12-29,274.9228515625
"4017",1960-12-30,274.9775390625
"4018",1960-12-31,274.18408203125
"4019",1961-01-01,273.54833984375
"4020",1961-01-02,274.731689453125
"4021",1961-01-03,274.504150390625
"4022",1961-01-04,275.67822265625
"4023",1961-01-05,274.214111328125
"4024",1961-01-06,274.027099609375
"4025",1961-01-07,272.277587890625
"4026",1961-01-08,273.072998046875
"4027",1961-01-09,272.7119140625
"4028",1961-01-10,272.77734375
"4029",1961-01-11,266.784912109375
"4030",1961-01-12,275.10888671875
"4031",1961-01-13,276.670654296875
"4032",1961-01-14,275.861572265625
"4033",1961-01-15,275.735107421875
"4034",1961-01-16,272.734375
"4035",1961-01-17,272.855224609375
"4036",1961-01-18,272.2529296875
"4037",1961-01-19,268.7333984375
"4038",1961-01-20,267.259033203125
"4039",1961-01-21,266.39404296875
"4040",1961-01-22,270.176513671875
"4041",1961-01-23,270.1015625
"4042",1961-01-24,266.16064453125
"4043",1961-01-25,261.990478515625
"4044",1961-01-26,269.921630859375
"4045",1961-01-27,272.772705078125
"4046",1961-01-28,276.0458984375
"4047",1961-01-29,278.0341796875
"4048",1961-01-30,277.3662109375
"4049",1961-01-31,276.1416015625
"4050",1961-02-01,275.100830078125
"4051",1961-02-02,273.72900390625
"4052",1961-02-03,269.646240234375
"4053",1961-02-04,267.993896484375
"4054",1961-02-05,271.24755859375
"4055",1961-02-06,276.7744140625
"4056",1961-02-07,276.797607421875
"4057",1961-02-08,274.827880859375
"4058",1961-02-09,272.63232421875
"4059",1961-02-10,277.529296875
"4060",1961-02-11,277.035400390625
"4061",1961-02-12,273.811279296875
"4062",1961-02-13,276.702880859375
"4063",1961-02-14,279.259765625
"4064",1961-02-15,277.957763671875
"4065",1961-02-16,278.13330078125
"4066",1961-02-17,277.791748046875
"4067",1961-02-18,277.113037109375
"4068",1961-02-19,280.279296875
"4069",1961-02-20,280.03076171875
"4070",1961-02-21,279.4736328125
"4071",1961-02-22,275.2763671875
"4072",1961-02-23,274.943115234375
"4073",1961-02-24,275.594482421875
"4074",1961-02-25,278.22314453125
"4075",1961-02-26,278.32275390625
"4076",1961-02-27,279.6103515625
"4077",1961-02-28,278.06298828125
"4078",1961-03-01,278.47509765625
"4079",1961-03-02,277.1640625
"4080",1961-03-03,279.341796875
"4081",1961-03-04,280.04443359375
"4082",1961-03-05,280.617919921875
"4083",1961-03-06,282.309814453125
"4084",1961-03-07,285.621826171875
"4085",1961-03-08,281.7822265625
"4086",1961-03-09,285.35595703125
"4087",1961-03-10,278.68115234375
"4088",1961-03-11,281.211181640625
"4089",1961-03-12,282.3515625
"4090",1961-03-13,280.155517578125
"4091",1961-03-14,282.49951171875
"4092",1961-03-15,282.18896484375
"4093",1961-03-16,284.656982421875
"4094",1961-03-17,283.432861328125
"4095",1961-03-18,278.253662109375
"4096",1961-03-19,277.133544921875
"4097",1961-03-20,275.48876953125
"4098",1961-03-21,276.37353515625
"4099",1961-03-22,280.980712890625
"4100",1961-03-23,283.424072265625
"4101",1961-03-24,282.144775390625
"4102",1961-03-25,282.92236328125
"4103",1961-03-26,281.2685546875
"4104",1961-03-27,277.7236328125
"4105",1961-03-28,279.370361328125
"4106",1961-03-29,277.841796875
"4107",1961-03-30,276.29052734375
"4108",1961-03-31,275.515625
"4109",1961-04-01,275.94873046875
"4110",1961-04-02,277.613525390625
"4111",1961-04-03,275.79833984375
"4112",1961-04-04,276.0947265625
"4113",1961-04-05,275.285400390625
"4114",1961-04-06,278.051025390625
"4115",1961-04-07,279.76953125
"4116",1961-04-08,279.789794921875
"4117",1961-04-09,278.328369140625
"4118",1961-04-10,279.160888671875
"4119",1961-04-11,282.13037109375
"4120",1961-04-12,279.411376953125
"4121",1961-04-13,279.970458984375
"4122",1961-04-14,280.249755859375
"4123",1961-04-15,283.229248046875
"4124",1961-04-16,284.87744140625
"4125",1961-04-17,284.5703125
"4126",1961-04-18,283.6064453125
"4127",1961-04-19,282.877197265625
"4128",1961-04-20,284.46240234375
"4129",1961-04-21,283.974609375
"4130",1961-04-22,286.18408203125
"4131",1961-04-23,289.682861328125
"4132",1961-04-24,290.7763671875
"4133",1961-04-25,289.73486328125
"4134",1961-04-26,289.532470703125
"4135",1961-04-27,290.263916015625
"4136",1961-04-28,285.13623046875
"4137",1961-04-29,283.507568359375
"4138",1961-04-30,286.1748046875
"4139",1961-05-01,286.666748046875
"4140",1961-05-02,286.6943359375
"4141",1961-05-03,281.832763671875
"4142",1961-05-04,283.440673828125
"4143",1961-05-05,286.484130859375
"4144",1961-05-06,284.586669921875
"4145",1961-05-07,283.161376953125
"4146",1961-05-08,284.769775390625
"4147",1961-05-09,285.918212890625
"4148",1961-05-10,286.233154296875
"4149",1961-05-11,285.810302734375
"4150",1961-05-12,285.77880859375
"4151",1961-05-13,285.58544921875
"4152",1961-05-14,285.40380859375
"4153",1961-05-15,287.923583984375
"4154",1961-05-16,287.512939453125
"4155",1961-05-17,288.82568359375
"4156",1961-05-18,288.8369140625
"4157",1961-05-19,286.651611328125
"4158",1961-05-20,286.616943359375
"4159",1961-05-21,288.711669921875
"4160",1961-05-22,286.671142578125
"4161",1961-05-23,287.066162109375
"4162",1961-05-24,286.812255859375
"4163",1961-05-25,286.72119140625
"4164",1961-05-26,284.26123046875
"4165",1961-05-27,284.047119140625
"4166",1961-05-28,286.81005859375
"4167",1961-05-29,285.380615234375
"4168",1961-05-30,293.455810546875
"4169",1961-05-31,292.600830078125
"4170",1961-06-01,290.30908203125
"4171",1961-06-02,288.884521484375
"4172",1961-06-03,296.808349609375
"4173",1961-06-04,297.04736328125
"4174",1961-06-05,295.09130859375
"4175",1961-06-06,297.008056640625
"4176",1961-06-07,296.700927734375
"4177",1961-06-08,293.237060546875
"4178",1961-06-09,291.105224609375
"4179",1961-06-10,288.9853515625
"4180",1961-06-11,289.68603515625
"4181",1961-06-12,291.4755859375
"4182",1961-06-13,291.889892578125
"4183",1961-06-14,290.990234375
"4184",1961-06-15,292.421875
"4185",1961-06-16,292.80859375
"4186",1961-06-17,290.690673828125
"4187",1961-06-18,289.8916015625
"4188",1961-06-19,289.3125
"4189",1961-06-20,289.009033203125
"4190",1961-06-21,288.794189453125
"4191",1961-06-22,287.48388671875
"4192",1961-06-23,287.8837890625
"4193",1961-06-24,288.089111328125
"4194",1961-06-25,289.1103515625
"4195",1961-06-26,289.2734375
"4196",1961-06-27,288.392333984375
"4197",1961-06-28,290.6240234375
"4198",1961-06-29,290.5634765625
"4199",1961-06-30,292.802734375
"4200",1961-07-01,294.11962890625
"4201",1961-07-02,293.626220703125
"4202",1961-07-03,293.19189453125
"4203",1961-07-04,287.87939453125
"4204",1961-07-05,291.190673828125
"4205",1961-07-06,290.83984375
"4206",1961-07-07,290.635498046875
"4207",1961-07-08,288.98388671875
"4208",1961-07-09,289.790283203125
"4209",1961-07-10,290.350830078125
"4210",1961-07-11,289.503662109375
"4211",1961-07-12,291.25439453125
"4212",1961-07-13,293.241943359375
"4213",1961-07-14,292.04443359375
"4214",1961-07-15,289.64306640625
"4215",1961-07-16,293.06640625
"4216",1961-07-17,292.002685546875
"4217",1961-07-18,292.289794921875
"4218",1961-07-19,291.628173828125
"4219",1961-07-20,291.768798828125
"4220",1961-07-21,292.43701171875
"4221",1961-07-22,292.571533203125
"4222",1961-07-23,291.333251953125
"4223",1961-07-24,290.45068359375
"4224",1961-07-25,289.629150390625
"4225",1961-07-26,288.245849609375
"4226",1961-07-27,288.68798828125
"4227",1961-07-28,288.288818359375
"4228",1961-07-29,292.1630859375
"4229",1961-07-30,293.1044921875
"4230",1961-07-31,290.540771484375
"4231",1961-08-01,290.178466796875
"4232",1961-08-02,291.31591796875
"4233",1961-08-03,288.9765625
"4234",1961-08-04,287.0712890625
"4235",1961-08-05,289.10107421875
"4236",1961-08-06,289.235595703125
"4237",1961-08-07,288.09765625
"4238",1961-08-08,290.697265625
"4239",1961-08-09,290.134765625
"4240",1961-08-10,289.005615234375
"4241",1961-08-11,289.1884765625
"4242",1961-08-12,288.8515625
"4243",1961-08-13,289.9111328125
"4244",1961-08-14,287.209716796875
"4245",1961-08-15,288.110107421875
"4246",1961-08-16,287.88232421875
"4247",1961-08-17,291.6142578125
"4248",1961-08-18,290.75146484375
"4249",1961-08-19,291.083984375
"4250",1961-08-20,291.02880859375
"4251",1961-08-21,289.369384765625
"4252",1961-08-22,288.580810546875
"4253",1961-08-23,289.908935546875
"4254",1961-08-24,289.1015625
"4255",1961-08-25,288.672607421875
"4256",1961-08-26,288.47216796875
"4257",1961-08-27,289.7578125
"4258",1961-08-28,290.164306640625
"4259",1961-08-29,290.912109375
"4260",1961-08-30,293.620849609375
"4261",1961-08-31,291.876953125
"4262",1961-09-01,290.73974609375
"4263",1961-09-02,291.8388671875
"4264",1961-09-03,292.6416015625
"4265",1961-09-04,289.1337890625
"4266",1961-09-05,289.382080078125
"4267",1961-09-06,287.560302734375
"4268",1961-09-07,286.78857421875
"4269",1961-09-08,289.460693359375
"4270",1961-09-09,288.057373046875
"4271",1961-09-10,288.381591796875
"4272",1961-09-11,287.486328125
"4273",1961-09-12,288.192626953125
"4274",1961-09-13,288.13427734375
"4275",1961-09-14,288.931640625
"4276",1961-09-15,288.314453125
"4277",1961-09-16,290.464111328125
"4278",1961-09-17,289.994873046875
"4279",1961-09-18,289.71337890625
"4280",1961-09-19,290.427001953125
"4281",1961-09-20,290.154296875
"4282",1961-09-21,287.536376953125
"4283",1961-09-22,288.98291015625
"4284",1961-09-23,289.079345703125
"4285",1961-09-24,288.672607421875
"4286",1961-09-25,286.96630859375
"4287",1961-09-26,287.068359375
"4288",1961-09-27,287.502685546875
"4289",1961-09-28,287.4521484375
"4290",1961-09-29,288.163330078125
"4291",1961-09-30,286.0166015625
"4292",1961-10-01,288.1357421875
"4293",1961-10-02,286.36962890625
"4294",1961-10-03,287.8330078125
"4295",1961-10-04,287.580322265625
"4296",1961-10-05,289.048828125
"4297",1961-10-06,288.881591796875
"4298",1961-10-07,288.472412109375
"4299",1961-10-08,285.96630859375
"4300",1961-10-09,286.49365234375
"4301",1961-10-10,288.1484375
"4302",1961-10-11,287.842041015625
"4303",1961-10-12,285.778564453125
"4304",1961-10-13,285.685302734375
"4305",1961-10-14,287.916259765625
"4306",1961-10-15,287.268798828125
"4307",1961-10-16,285.05810546875
"4308",1961-10-17,282.16162109375
"4309",1961-10-18,283.585693359375
"4310",1961-10-19,283.69677734375
"4311",1961-10-20,285.352294921875
"4312",1961-10-21,285.065673828125
"4313",1961-10-22,285.026123046875
"4314",1961-10-23,285.94482421875
"4315",1961-10-24,284.587890625
"4316",1961-10-25,284.802978515625
"4317",1961-10-26,284.47607421875
"4318",1961-10-27,284.837646484375
"4319",1961-10-28,284.203125
"4320",1961-10-29,283.537353515625
"4321",1961-10-30,281.937744140625
"4322",1961-10-31,282.326904296875
"4323",1961-11-01,281.8271484375
"4324",1961-11-02,284.62939453125
"4325",1961-11-03,280.999755859375
"4326",1961-11-04,277.260009765625
"4327",1961-11-05,280.0068359375
"4328",1961-11-06,281.099853515625
"4329",1961-11-07,279.88427734375
"4330",1961-11-08,281.5185546875
"4331",1961-11-09,280.953857421875
"4332",1961-11-10,280.1181640625
"4333",1961-11-11,280.390625
"4334",1961-11-12,278.95751953125
"4335",1961-11-13,276.6650390625
"4336",1961-11-14,277.5263671875
"4337",1961-11-15,279.10693359375
"4338",1961-11-16,279.989013671875
"4339",1961-11-17,279.664306640625
"4340",1961-11-18,277.87060546875
"4341",1961-11-19,274.896484375
"4342",1961-11-20,279.034912109375
"4343",1961-11-21,279.1494140625
"4344",1961-11-22,277.705078125
"4345",1961-11-23,277.9609375
"4346",1961-11-24,279.7626953125
"4347",1961-11-25,279.593994140625
"4348",1961-11-26,277.015869140625
"4349",1961-11-27,274.481201171875
"4350",1961-11-28,273.17041015625
"4351",1961-11-29,276.5576171875
"4352",1961-11-30,276.2919921875
"4353",1961-12-01,274.234619140625
"4354",1961-12-02,273.470458984375
"4355",1961-12-03,275.345947265625
"4356",1961-12-04,274.71142578125
"4357",1961-12-05,279.458984375
"4358",1961-12-06,276.42041015625
"4359",1961-12-07,273.583740234375
"4360",1961-12-08,270.84814453125
"4361",1961-12-09,273.13818359375
"4362",1961-12-10,272.599609375
"4363",1961-12-11,273.9765625
"4364",1961-12-12,271.606689453125
"4365",1961-12-13,270.283447265625
"4366",1961-12-14,270.73876953125
"4367",1961-12-15,270.356689453125
"4368",1961-12-16,273.8310546875
"4369",1961-12-17,274.843994140625
"4370",1961-12-18,273.274658203125
"4371",1961-12-19,273.826171875
"4372",1961-12-20,277.888916015625
"4373",1961-12-21,272.657958984375
"4374",1961-12-22,269.623779296875
"4375",1961-12-23,269.88818359375
"4376",1961-12-24,272.746826171875
"4377",1961-12-25,269.989990234375
"4378",1961-12-26,262.879638671875
"4379",1961-12-27,272.31396484375
"4380",1961-12-28,271.47509765625
"4381",1961-12-29,273.943359375
"4382",1961-12-30,274.042236328125
"4383",1961-12-31,274.41162109375
"4384",1962-01-01,268.786376953125
"4385",1962-01-02,269.41259765625
"4386",1962-01-03,270.9658203125
"4387",1962-01-04,274.89794921875
"4388",1962-01-05,276.89306640625
"4389",1962-01-06,276.202392578125
"4390",1962-01-07,276.813720703125
"4391",1962-01-08,276.8115234375
"4392",1962-01-09,276.78125
"4393",1962-01-10,276.49267578125
"4394",1962-01-11,277.414794921875
"4395",1962-01-12,277.107421875
"4396",1962-01-13,274.428466796875
"4397",1962-01-14,272.897705078125
"4398",1962-01-15,269.75634765625
"4399",1962-01-16,276.933837890625
"4400",1962-01-17,277.6796875
"4401",1962-01-18,277.764404296875
"4402",1962-01-19,275.6044921875
"4403",1962-01-20,276.629638671875
"4404",1962-01-21,276.2099609375
"4405",1962-01-22,277.302001953125
"4406",1962-01-23,275.966796875
"4407",1962-01-24,276.051513671875
"4408",1962-01-25,273.754150390625
"4409",1962-01-26,274.05322265625
"4410",1962-01-27,272.376953125
"4411",1962-01-28,264.999755859375
"4412",1962-01-29,263.668212890625
"4413",1962-01-30,270.4697265625
"4414",1962-01-31,272.248291015625
"4415",1962-02-01,273.727294921875
"4416",1962-02-02,272.1025390625
"4417",1962-02-03,274.76806640625
"4418",1962-02-04,275.935546875
"4419",1962-02-05,274.643310546875
"4420",1962-02-06,275.172119140625
"4421",1962-02-07,276.521484375
"4422",1962-02-08,276.077880859375
"4423",1962-02-09,277.00146484375
"4424",1962-02-10,278.3271484375
"4425",1962-02-11,275.9453125
"4426",1962-02-12,277.69287109375
"4427",1962-02-13,272.877685546875
"4428",1962-02-14,270.361572265625
"4429",1962-02-15,274.886962890625
"4430",1962-02-16,277.734375
"4431",1962-02-17,275.757568359375
"4432",1962-02-18,274.888671875
"4433",1962-02-19,279.48828125
"4434",1962-02-20,279.675048828125
"4435",1962-02-21,274.885009765625
"4436",1962-02-22,269.829833984375
"4437",1962-02-23,276.214111328125
"4438",1962-02-24,273.5498046875
"4439",1962-02-25,269.93701171875
"4440",1962-02-26,270.7705078125
"4441",1962-02-27,268.791015625
"4442",1962-02-28,270.814697265625
"4443",1962-03-01,273.215087890625
"4444",1962-03-02,270.83984375
"4445",1962-03-03,270.80615234375
"4446",1962-03-04,269.558837890625
"4447",1962-03-05,268.41162109375
"4448",1962-03-06,269.590087890625
"4449",1962-03-07,274.727294921875
"4450",1962-03-08,272.400634765625
"4451",1962-03-09,275.035400390625
"4452",1962-03-10,273.4052734375
"4453",1962-03-11,271.153076171875
"4454",1962-03-12,267.3828125
"4455",1962-03-13,268.64306640625
"4456",1962-03-14,270.12060546875
"4457",1962-03-15,272.78759765625
"4458",1962-03-16,274.35693359375
"4459",1962-03-17,275.531494140625
"4460",1962-03-18,274.900390625
"4461",1962-03-19,275.1484375
"4462",1962-03-20,274.8681640625
"4463",1962-03-21,274.733642578125
"4464",1962-03-22,274.82275390625
"4465",1962-03-23,273.350341796875
"4466",1962-03-24,274.446044921875
"4467",1962-03-25,277.794921875
"4468",1962-03-26,275.668212890625
"4469",1962-03-27,276.566162109375
"4470",1962-03-28,274.838623046875
"4471",1962-03-29,275.026611328125
"4472",1962-03-30,274.412353515625
"4473",1962-03-31,275.119873046875
"4474",1962-04-01,275.94873046875
"4475",1962-04-02,278.53271484375
"4476",1962-04-03,277.492919921875
"4477",1962-04-04,275.804931640625
"4478",1962-04-05,276.84619140625
"4479",1962-04-06,276.6123046875
"4480",1962-04-07,277.484375
"4481",1962-04-08,277.303955078125
"4482",1962-04-09,278.94775390625
"4483",1962-04-10,278.566650390625
"4484",1962-04-11,278.56103515625
"4485",1962-04-12,280.0498046875
"4486",1962-04-13,281.652587890625
"4487",1962-04-14,279.5224609375
"4488",1962-04-15,282.0126953125
"4489",1962-04-16,283.8369140625
"4490",1962-04-17,283.0810546875
"4491",1962-04-18,285.281982421875
"4492",1962-04-19,283.388916015625
"4493",1962-04-20,285.11279296875
"4494",1962-04-21,283.14208984375
"4495",1962-04-22,286.3046875
"4496",1962-04-23,284.76416015625
"4497",1962-04-24,288.002197265625
"4498",1962-04-25,285.92529296875
"4499",1962-04-26,281.767822265625
"4500",1962-04-27,284.87451171875
"4501",1962-04-28,283.3974609375
"4502",1962-04-29,279.894287109375
"4503",1962-04-30,280.4619140625
"4504",1962-05-01,283.361572265625
"4505",1962-05-02,281.081298828125
"4506",1962-05-03,282.1826171875
"4507",1962-05-04,281.464599609375
"4508",1962-05-05,281.8251953125
"4509",1962-05-06,282.347900390625
"4510",1962-05-07,282.82666015625
"4511",1962-05-08,284.613037109375
"4512",1962-05-09,285.414794921875
"4513",1962-05-10,284.052734375
"4514",1962-05-11,283.338623046875
"4515",1962-05-12,285.67041015625
"4516",1962-05-13,284.456298828125
"4517",1962-05-14,286.7177734375
"4518",1962-05-15,287.027099609375
"4519",1962-05-16,285.81494140625
"4520",1962-05-17,283.697265625
"4521",1962-05-18,282.90087890625
"4522",1962-05-19,286.308837890625
"4523",1962-05-20,284.67041015625
"4524",1962-05-21,284.78173828125
"4525",1962-05-22,284.834716796875
"4526",1962-05-23,284.109375
"4527",1962-05-24,284.777587890625
"4528",1962-05-25,286.053955078125
"4529",1962-05-26,286.1142578125
"4530",1962-05-27,288.67431640625
"4531",1962-05-28,286.084228515625
"4532",1962-05-29,283.282470703125
"4533",1962-05-30,283.45166015625
"4534",1962-05-31,284.056396484375
"4535",1962-06-01,283.882568359375
"4536",1962-06-02,285.2158203125
"4537",1962-06-03,287.050048828125
"4538",1962-06-04,289.106201171875
"4539",1962-06-05,291.033935546875
"4540",1962-06-06,291.93603515625
"4541",1962-06-07,293.733642578125
"4542",1962-06-08,293.25634765625
"4543",1962-06-09,290.688232421875
"4544",1962-06-10,288.72216796875
"4545",1962-06-11,288.30810546875
"4546",1962-06-12,287.370849609375
"4547",1962-06-13,286.731689453125
"4548",1962-06-14,289.297119140625
"4549",1962-06-15,291.30419921875
"4550",1962-06-16,289.456298828125
"4551",1962-06-17,289.63134765625
"4552",1962-06-18,290.629150390625
"4553",1962-06-19,291.10888671875
"4554",1962-06-20,287.13134765625
"4555",1962-06-21,288.962646484375
"4556",1962-06-22,288.43212890625
"4557",1962-06-23,288.68115234375
"4558",1962-06-24,285.300537109375
"4559",1962-06-25,288.5205078125
"4560",1962-06-26,288.426025390625
"4561",1962-06-27,289.303466796875
"4562",1962-06-28,286.624267578125
"4563",1962-06-29,290.917724609375
"4564",1962-06-30,290.785888671875
"4565",1962-07-01,291.80615234375
"4566",1962-07-02,290.853515625
"4567",1962-07-03,288.403076171875
"4568",1962-07-04,289.95654296875
"4569",1962-07-05,288.89404296875
"4570",1962-07-06,289.40234375
"4571",1962-07-07,290.06005859375
"4572",1962-07-08,290.106201171875
"4573",1962-07-09,290.477783203125
"4574",1962-07-10,293.603271484375
"4575",1962-07-11,293.15625
"4576",1962-07-12,286.169189453125
"4577",1962-07-13,288.862548828125
"4578",1962-07-14,289.340576171875
"4579",1962-07-15,290.071533203125
"4580",1962-07-16,291.86328125
"4581",1962-07-17,292.700927734375
"4582",1962-07-18,290.436279296875
"4583",1962-07-19,289.283447265625
"4584",1962-07-20,290.884033203125
"4585",1962-07-21,291.02880859375
"4586",1962-07-22,289.2314453125
"4587",1962-07-23,288.91748046875
"4588",1962-07-24,289.53466796875
"4589",1962-07-25,290.1513671875
"4590",1962-07-26,289.772216796875
"4591",1962-07-27,291.052490234375
"4592",1962-07-28,291.005126953125
"4593",1962-07-29,290.774658203125
"4594",1962-07-30,290.188232421875
"4595",1962-07-31,288.726318359375
"4596",1962-08-01,291.308837890625
"4597",1962-08-02,290.88037109375
"4598",1962-08-03,291.69580078125
"4599",1962-08-04,288.048583984375
"4600",1962-08-05,288.547119140625
"4601",1962-08-06,287.02685546875
"4602",1962-08-07,290.088623046875
"4603",1962-08-08,288.05224609375
"4604",1962-08-09,288.813720703125
"4605",1962-08-10,287.17529296875
"4606",1962-08-11,287.411376953125
"4607",1962-08-12,288.408203125
"4608",1962-08-13,288.910888671875
"4609",1962-08-14,288.478515625
"4610",1962-08-15,288.9619140625
"4611",1962-08-16,284.859130859375
"4612",1962-08-17,289.658935546875
"4613",1962-08-18,286.496826171875
"4614",1962-08-19,290.469970703125
"4615",1962-08-20,292.801513671875
"4616",1962-08-21,291.11669921875
"4617",1962-08-22,288.323486328125
"4618",1962-08-23,288.2724609375
"4619",1962-08-24,287.412109375
"4620",1962-08-25,289.76123046875
"4621",1962-08-26,289.16552734375
"4622",1962-08-27,287.229248046875
"4623",1962-08-28,289.35205078125
"4624",1962-08-29,289.10546875
"4625",1962-08-30,287.138427734375
"4626",1962-08-31,289.20361328125
"4627",1962-09-01,288.924072265625
"4628",1962-09-02,287.339599609375
"4629",1962-09-03,287.68701171875
"4630",1962-09-04,288.402587890625
"4631",1962-09-05,286.435302734375
"4632",1962-09-06,289.31689453125
"4633",1962-09-07,287.609130859375
"4634",1962-09-08,287.25927734375
"4635",1962-09-09,286.4423828125
"4636",1962-09-10,286.859375
"4637",1962-09-11,286.914306640625
"4638",1962-09-12,284.743408203125
"4639",1962-09-13,286.962158203125
"4640",1962-09-14,286.388427734375
"4641",1962-09-15,283.025390625
"4642",1962-09-16,285.454345703125
"4643",1962-09-17,285.283935546875
"4644",1962-09-18,285.391845703125
"4645",1962-09-19,286.08984375
"4646",1962-09-20,286.380126953125
"4647",1962-09-21,287.64111328125
"4648",1962-09-22,286.429931640625
"4649",1962-09-23,286.501708984375
"4650",1962-09-24,286.982421875
"4651",1962-09-25,286.296630859375
"4652",1962-09-26,286.71484375
"4653",1962-09-27,288.278076171875
"4654",1962-09-28,284.20751953125
"4655",1962-09-29,285.47314453125
"4656",1962-09-30,286.268798828125
"4657",1962-10-01,287.472412109375
"4658",1962-10-02,289.30517578125
"4659",1962-10-03,287.69189453125
"4660",1962-10-04,286.449462890625
"4661",1962-10-05,285.998046875
"4662",1962-10-06,286.233154296875
"4663",1962-10-07,286.560791015625
"4664",1962-10-08,285.769775390625
"4665",1962-10-09,285.229736328125
"4666",1962-10-10,285.4267578125
"4667",1962-10-11,284.277587890625
"4668",1962-10-12,282.14404296875
"4669",1962-10-13,283.825439453125
"4670",1962-10-14,281.369140625
"4671",1962-10-15,282.047119140625
"4672",1962-10-16,282.712158203125
"4673",1962-10-17,285.44775390625
"4674",1962-10-18,287.314453125
"4675",1962-10-19,284.589599609375
"4676",1962-10-20,285.5166015625
"4677",1962-10-21,286.261962890625
"4678",1962-10-22,284.24462890625
"4679",1962-10-23,284.033935546875
"4680",1962-10-24,284.8955078125
"4681",1962-10-25,284.840576171875
"4682",1962-10-26,284.953125
"4683",1962-10-27,279.917236328125
"4684",1962-10-28,281.372802734375
"4685",1962-10-29,280.124755859375
"4686",1962-10-30,280.0810546875
"4687",1962-10-31,281.130859375
"4688",1962-11-01,281.209716796875
"4689",1962-11-02,278.793701171875
"4690",1962-11-03,279.639404296875
"4691",1962-11-04,281.48193359375
"4692",1962-11-05,281.82177734375
"4693",1962-11-06,282.9208984375
"4694",1962-11-07,280.392333984375
"4695",1962-11-08,280.3974609375
"4696",1962-11-09,278.13232421875
"4697",1962-11-10,276.806640625
"4698",1962-11-11,274.892578125
"4699",1962-11-12,274.95556640625
"4700",1962-11-13,275.778564453125
"4701",1962-11-14,279.05126953125
"4702",1962-11-15,277.77783203125
"4703",1962-11-16,273.292724609375
"4704",1962-11-17,273.006591796875
"4705",1962-11-18,273.686279296875
"4706",1962-11-19,274.221435546875
"4707",1962-11-20,271.759033203125
"4708",1962-11-21,274.255859375
"4709",1962-11-22,272.969970703125
"4710",1962-11-23,268.755859375
"4711",1962-11-24,274.74462890625
"4712",1962-11-25,275.208740234375
"4713",1962-11-26,279.68359375
"4714",1962-11-27,277.387451171875
"4715",1962-11-28,277.294677734375
"4716",1962-11-29,273.47802734375
"4717",1962-11-30,267.857666015625
"4718",1962-12-01,270.316650390625
"4719",1962-12-02,276.1513671875
"4720",1962-12-03,275.4814453125
"4721",1962-12-04,276.585693359375
"4722",1962-12-05,276.951171875
"4723",1962-12-06,276.951171875
"4724",1962-12-07,276.22802734375
"4725",1962-12-08,278.517578125
"4726",1962-12-09,278.5361328125
"4727",1962-12-10,276.383544921875
"4728",1962-12-11,276.261474609375
"4729",1962-12-12,276.4296875
"4730",1962-12-13,271.8916015625
"4731",1962-12-14,271.96826171875
"4732",1962-12-15,273.46337890625
"4733",1962-12-16,274.103271484375
"4734",1962-12-17,267.54296875
"4735",1962-12-18,267.625244140625
"4736",1962-12-19,265.603759765625
"4737",1962-12-20,268.2861328125
"4738",1962-12-21,267.369140625
"4739",1962-12-22,273.130859375
"4740",1962-12-23,274.450927734375
"4741",1962-12-24,274.605712890625
"4742",1962-12-25,275.56298828125
"4743",1962-12-26,272.956787109375
"4744",1962-12-27,263.58740234375
"4745",1962-12-28,265.817138671875
"4746",1962-12-29,266.9580078125
"4747",1962-12-30,266.715087890625
"4748",1962-12-31,258.611083984375
"4749",1963-01-01,265.826171875
"4750",1963-01-02,262.36767578125
"4751",1963-01-03,263.738037109375
"4752",1963-01-04,268.493408203125
"4753",1963-01-05,268.43310546875
"4754",1963-01-06,263.37939453125
"4755",1963-01-07,268.620361328125
"4756",1963-01-08,263.7548828125
"4757",1963-01-09,261.23583984375
"4758",1963-01-10,259.31640625
"4759",1963-01-11,261.333984375
"4760",1963-01-12,266.595703125
"4761",1963-01-13,270.58056640625
"4762",1963-01-14,265.293212890625
"4763",1963-01-15,260.081298828125
"4764",1963-01-16,259.178955078125
"4765",1963-01-17,263.72802734375
"4766",1963-01-18,270.9677734375
"4767",1963-01-19,271.494140625
"4768",1963-01-20,270.563720703125
"4769",1963-01-21,265.1630859375
"4770",1963-01-22,268.214111328125
"4771",1963-01-23,273.11376953125
"4772",1963-01-24,271.968505859375
"4773",1963-01-25,275.146728515625
"4774",1963-01-26,275.59423828125
"4775",1963-01-27,273.06396484375
"4776",1963-01-28,274.177490234375
"4777",1963-01-29,273.42138671875
"4778",1963-01-30,273.019287109375
"4779",1963-01-31,270.086181640625
"4780",1963-02-01,262.78466796875
"4781",1963-02-02,263.565185546875
"4782",1963-02-03,265.256591796875
"4783",1963-02-04,267.20751953125
"4784",1963-02-05,265.68212890625
"4785",1963-02-06,265.84765625
"4786",1963-02-07,262.885009765625
"4787",1963-02-08,262.812744140625
"4788",1963-02-09,266.3916015625
"4789",1963-02-10,267.644775390625
"4790",1963-02-11,269.01220703125
"4791",1963-02-12,268.652099609375
"4792",1963-02-13,268.497314453125
"4793",1963-02-14,268.96484375
"4794",1963-02-15,266.467041015625
"4795",1963-02-16,265.471923828125
"4796",1963-02-17,266.81396484375
"4797",1963-02-18,261.33349609375
"4798",1963-02-19,261.097900390625
"4799",1963-02-20,264.775634765625
"4800",1963-02-21,268.969482421875
"4801",1963-02-22,269.82177734375
"4802",1963-02-23,272.76513671875
"4803",1963-02-24,274.556396484375
"4804",1963-02-25,275.471435546875
"4805",1963-02-26,274.031982421875
"4806",1963-02-27,274.919189453125
"4807",1963-02-28,272.809814453125
"4808",1963-03-01,272.4033203125
"4809",1963-03-02,274.530517578125
"4810",1963-03-03,274.006591796875
"4811",1963-03-04,274.024169921875
"4812",1963-03-05,274.05712890625
"4813",1963-03-06,277.99951171875
"4814",1963-03-07,276.86669921875
"4815",1963-03-08,277.27099609375
"4816",1963-03-09,269.36669921875
"4817",1963-03-10,270.490478515625
"4818",1963-03-11,273.083740234375
"4819",1963-03-12,273.993896484375
"4820",1963-03-13,269.293701171875
"4821",1963-03-14,268.118896484375
"4822",1963-03-15,271.104736328125
"4823",1963-03-16,272.351806640625
"4824",1963-03-17,271.08837890625
"4825",1963-03-18,272.589599609375
"4826",1963-03-19,271.09228515625
"4827",1963-03-20,269.843994140625
"4828",1963-03-21,270.679931640625
"4829",1963-03-22,276.562744140625
"4830",1963-03-23,274.589599609375
"4831",1963-03-24,278.529541015625
"4832",1963-03-25,277.614501953125
"4833",1963-03-26,274.118896484375
"4834",1963-03-27,273.7373046875
"4835",1963-03-28,275.69970703125
"4836",1963-03-29,275.541748046875
"4837",1963-03-30,273.012451171875
"4838",1963-03-31,274.346435546875
"4839",1963-04-01,275.501708984375
"4840",1963-04-02,274.918701171875
"4841",1963-04-03,276.916748046875
"4842",1963-04-04,277.96875
"4843",1963-04-05,277.27587890625
"4844",1963-04-06,278.8251953125
"4845",1963-04-07,281.53369140625
"4846",1963-04-08,281.658447265625
"4847",1963-04-09,280.40576171875
"4848",1963-04-10,282.23486328125
"4849",1963-04-11,279.447021484375
"4850",1963-04-12,282.5751953125
"4851",1963-04-13,279.09912109375
"4852",1963-04-14,280.450439453125
"4853",1963-04-15,277.378662109375
"4854",1963-04-16,281.387451171875
"4855",1963-04-17,283.322265625
"4856",1963-04-18,281.061767578125
"4857",1963-04-19,279.759033203125
"4858",1963-04-20,282.532958984375
"4859",1963-04-21,282.271484375
"4860",1963-04-22,279.229248046875
"4861",1963-04-23,278.86767578125
"4862",1963-04-24,282.8134765625
"4863",1963-04-25,282.99267578125
"4864",1963-04-26,285.363525390625
"4865",1963-04-27,280.676025390625
"4866",1963-04-28,280.446533203125
"4867",1963-04-29,281.474609375
"4868",1963-04-30,282.594970703125
"4869",1963-05-01,281.239990234375
"4870",1963-05-02,279.49462890625
"4871",1963-05-03,280.97607421875
"4872",1963-05-04,286.39453125
"4873",1963-05-05,283.14208984375
"4874",1963-05-06,281.4853515625
"4875",1963-05-07,283.2666015625
"4876",1963-05-08,288.040771484375
"4877",1963-05-09,290.768798828125
"4878",1963-05-10,290.4404296875
"4879",1963-05-11,286.31396484375
"4880",1963-05-12,282.5078125
"4881",1963-05-13,286.485107421875
"4882",1963-05-14,285.851806640625
"4883",1963-05-15,283.849853515625
"4884",1963-05-16,286.003173828125
"4885",1963-05-17,282.33935546875
"4886",1963-05-18,282.62060546875
"4887",1963-05-19,282.68408203125
"4888",1963-05-20,283.315185546875
"4889",1963-05-21,283.7529296875
"4890",1963-05-22,284.909912109375
"4891",1963-05-23,289.355712890625
"4892",1963-05-24,286.719970703125
"4893",1963-05-25,295.469970703125
"4894",1963-05-26,294.124755859375
"4895",1963-05-27,294.705078125
"4896",1963-05-28,295.487548828125
"4897",1963-05-29,292.112548828125
"4898",1963-05-30,294.747314453125
"4899",1963-05-31,294.04541015625
"4900",1963-06-01,292.892333984375
"4901",1963-06-02,293.438232421875
"4902",1963-06-03,293.5302734375
"4903",1963-06-04,288.19189453125
"4904",1963-06-05,292.685546875
"4905",1963-06-06,296.027587890625
"4906",1963-06-07,296.829345703125
"4907",1963-06-08,296.477294921875
"4908",1963-06-09,294.861083984375
"4909",1963-06-10,292.031494140625
"4910",1963-06-11,292.400390625
"4911",1963-06-12,292.420654296875
"4912",1963-06-13,290.7802734375
"4913",1963-06-14,290.82666015625
"4914",1963-06-15,292.451904296875
"4915",1963-06-16,292.5498046875
"4916",1963-06-17,290.52783203125
"4917",1963-06-18,292.145263671875
"4918",1963-06-19,288.587158203125
"4919",1963-06-20,290.965576171875
"4920",1963-06-21,289.629150390625
"4921",1963-06-22,289.035888671875
"4922",1963-06-23,288.8447265625
"4923",1963-06-24,288.957275390625
"4924",1963-06-25,290.239501953125
"4925",1963-06-26,290.46875
"4926",1963-06-27,287.719970703125
"4927",1963-06-28,291.8251953125
"4928",1963-06-29,292.033935546875
"4929",1963-06-30,291.276123046875
"4930",1963-07-01,293.654296875
"4931",1963-07-02,292.70654296875
"4932",1963-07-03,295.749267578125
"4933",1963-07-04,296.529296875
"4934",1963-07-05,295.53369140625
"4935",1963-07-06,290.903076171875
"4936",1963-07-07,288.57275390625
"4937",1963-07-08,291.455322265625
"4938",1963-07-09,289.50390625
"4939",1963-07-10,287.67431640625
"4940",1963-07-11,288.693359375
"4941",1963-07-12,288.422119140625
"4942",1963-07-13,289.281982421875
"4943",1963-07-14,291.173828125
"4944",1963-07-15,288.775390625
"4945",1963-07-16,288.3134765625
"4946",1963-07-17,289.2314453125
"4947",1963-07-18,289.396728515625
"4948",1963-07-19,290.845947265625
"4949",1963-07-20,289.8203125
"4950",1963-07-21,291.348876953125
"4951",1963-07-22,291.5908203125
"4952",1963-07-23,292.391357421875
"4953",1963-07-24,296.070068359375
"4954",1963-07-25,290.595703125
"4955",1963-07-26,290.824951171875
"4956",1963-07-27,291.44921875
"4957",1963-07-28,292.556640625
"4958",1963-07-29,292.734375
"4959",1963-07-30,295.297119140625
"4960",1963-07-31,295.434326171875
"4961",1963-08-01,295.532958984375
"4962",1963-08-02,291.303955078125
"4963",1963-08-03,292.76611328125
"4964",1963-08-04,295.591796875
"4965",1963-08-05,294.088134765625
"4966",1963-08-06,293.107177734375
"4967",1963-08-07,292.830810546875
"4968",1963-08-08,295.276611328125
"4969",1963-08-09,290.5009765625
"4970",1963-08-10,290.338134765625
"4971",1963-08-11,290.1240234375
"4972",1963-08-12,290.736083984375
"4973",1963-08-13,288.891357421875
"4974",1963-08-14,291.377685546875
"4975",1963-08-15,290.5888671875
"4976",1963-08-16,288.60791015625
"4977",1963-08-17,290.235595703125
"4978",1963-08-18,291.552978515625
"4979",1963-08-19,288.85009765625
"4980",1963-08-20,290.095947265625
"4981",1963-08-21,289.083251953125
"4982",1963-08-22,290.8447265625
"4983",1963-08-23,290.9130859375
"4984",1963-08-24,289.244140625
"4985",1963-08-25,289.181640625
"4986",1963-08-26,287.80712890625
"4987",1963-08-27,288.0673828125
"4988",1963-08-28,289.533935546875
"4989",1963-08-29,289.619140625
"4990",1963-08-30,289.3818359375
"4991",1963-08-31,289.7734375
"4992",1963-09-01,289.72314453125
"4993",1963-09-02,290.51318359375
"4994",1963-09-03,290.76513671875
"4995",1963-09-04,289.535888671875
"4996",1963-09-05,287.690673828125
"4997",1963-09-06,289.342529296875
"4998",1963-09-07,288.18359375
"4999",1963-09-08,287.76904296875
"5000",1963-09-09,287.049560546875
"5001",1963-09-10,287.92724609375
"5002",1963-09-11,287.970458984375
"5003",1963-09-12,287.859619140625
"5004",1963-09-13,287.8681640625
"5005",1963-09-14,287.498046875
"5006",1963-09-15,288.06103515625
"5007",1963-09-16,290.057373046875
"5008",1963-09-17,288.528564453125
"5009",1963-09-18,289.4658203125
"5010",1963-09-19,287.46337890625
"5011",1963-09-20,287.614501953125
"5012",1963-09-21,288.778076171875
"5013",1963-09-22,286.46435546875
"5014",1963-09-23,288.684814453125
"5015",1963-09-24,289.46826171875
"5016",1963-09-25,287.561279296875
"5017",1963-09-26,284.401123046875
"5018",1963-09-27,284.58056640625
"5019",1963-09-28,286.8935546875
"5020",1963-09-29,284.35791015625
"5021",1963-09-30,284.402587890625
"5022",1963-10-01,284.741943359375
"5023",1963-10-02,282.81298828125
"5024",1963-10-03,284.2822265625
"5025",1963-10-04,283.13134765625
"5026",1963-10-05,283.999267578125
"5027",1963-10-06,282.9130859375
"5028",1963-10-07,281.944091796875
"5029",1963-10-08,284.02880859375
"5030",1963-10-09,284.65185546875
"5031",1963-10-10,284.99560546875
"5032",1963-10-11,286.05712890625
"5033",1963-10-12,285.2666015625
"5034",1963-10-13,283.30517578125
"5035",1963-10-14,281.2900390625
"5036",1963-10-15,281.54931640625
"5037",1963-10-16,284.5380859375
"5038",1963-10-17,283.55078125
"5039",1963-10-18,283.967529296875
"5040",1963-10-19,285.595458984375
"5041",1963-10-20,284.133544921875
"5042",1963-10-21,285.22607421875
"5043",1963-10-22,285.20849609375
"5044",1963-10-23,283.468505859375
"5045",1963-10-24,284.390380859375
"5046",1963-10-25,285.03857421875
"5047",1963-10-26,283.4697265625
"5048",1963-10-27,283.325927734375
"5049",1963-10-28,282.53271484375
"5050",1963-10-29,282.869873046875
"5051",1963-10-30,280.80078125
"5052",1963-10-31,280.747802734375
"5053",1963-11-01,279.88818359375
"5054",1963-11-02,280.518310546875
"5055",1963-11-03,280.4560546875
"5056",1963-11-04,279.028564453125
"5057",1963-11-05,280.35400390625
"5058",1963-11-06,279.38720703125
"5059",1963-11-07,280.860107421875
"5060",1963-11-08,282.32568359375
"5061",1963-11-09,280.731201171875
"5062",1963-11-10,276.3857421875
"5063",1963-11-11,276.63134765625
"5064",1963-11-12,280.074462890625
"5065",1963-11-13,280.468505859375
"5066",1963-11-14,280.070556640625
"5067",1963-11-15,279.8896484375
"5068",1963-11-16,277.28955078125
"5069",1963-11-17,274.841552734375
"5070",1963-11-18,277.180419921875
"5071",1963-11-19,275.665771484375
"5072",1963-11-20,273.659423828125
"5073",1963-11-21,276.74267578125
"5074",1963-11-22,275.292236328125
"5075",1963-11-23,273.46875
"5076",1963-11-24,273.432861328125
"5077",1963-11-25,275.8369140625
"5078",1963-11-26,276.3916015625
"5079",1963-11-27,275.85302734375
"5080",1963-11-28,277.400390625
"5081",1963-11-29,278.78857421875
"5082",1963-11-30,276.6201171875
"5083",1963-12-01,275.98828125
"5084",1963-12-02,275.666259765625
"5085",1963-12-03,274.403564453125
"5086",1963-12-04,273.77001953125
"5087",1963-12-05,273.63427734375
"5088",1963-12-06,275.1455078125
"5089",1963-12-07,273.67822265625
"5090",1963-12-08,272.373046875
"5091",1963-12-09,274.802001953125
"5092",1963-12-10,272.11474609375
"5093",1963-12-11,271.471435546875
"5094",1963-12-12,270.628173828125
"5095",1963-12-13,268.012939453125
"5096",1963-12-14,270.64599609375
"5097",1963-12-15,273.719482421875
"5098",1963-12-16,272.984375
"5099",1963-12-17,269.2138671875
"5100",1963-12-18,273.494140625
"5101",1963-12-19,266.678955078125
"5102",1963-12-20,266.9091796875
"5103",1963-12-21,263.734130859375
"5104",1963-12-22,266.3017578125
"5105",1963-12-23,276.87939453125
"5106",1963-12-24,276.871826171875
"5107",1963-12-25,274.09716796875
"5108",1963-12-26,276.852783203125
"5109",1963-12-27,277.95703125
"5110",1963-12-28,278.93359375
"5111",1963-12-29,278.71728515625
"5112",1963-12-30,277.99609375
"5113",1963-12-31,278.814208984375
"5114",1964-01-01,277.591064453125
"5115",1964-01-02,276.666259765625
"5116",1964-01-03,276.9716796875
"5117",1964-01-04,277.609619140625
"5118",1964-01-05,276.96875
"5119",1964-01-06,273.371826171875
"5120",1964-01-07,273.4638671875
"5121",1964-01-08,271.9873046875
"5122",1964-01-09,273.0419921875
"5123",1964-01-10,274.814697265625
"5124",1964-01-11,274.816650390625
"5125",1964-01-12,273.950439453125
"5126",1964-01-13,272.849365234375
"5127",1964-01-14,271.456787109375
"5128",1964-01-15,270.698486328125
"5129",1964-01-16,272.83642578125
"5130",1964-01-17,270.837890625
"5131",1964-01-18,270.562255859375
"5132",1964-01-19,271.083251953125
"5133",1964-01-20,277.73828125
"5134",1964-01-21,278.024658203125
"5135",1964-01-22,277.621826171875
"5136",1964-01-23,276.4052734375
"5137",1964-01-24,276.24365234375
"5138",1964-01-25,275.96630859375
"5139",1964-01-26,276.866943359375
"5140",1964-01-27,272.398681640625
"5141",1964-01-28,274.31884765625
"5142",1964-01-29,277.240966796875
"5143",1964-01-30,277.233154296875
"5144",1964-01-31,275.758544921875
"5145",1964-02-01,276.847412109375
"5146",1964-02-02,275.380126953125
"5147",1964-02-03,277.509765625
"5148",1964-02-04,276.112548828125
"5149",1964-02-05,273.486572265625
"5150",1964-02-06,271.1494140625
"5151",1964-02-07,275.386474609375
"5152",1964-02-08,278.8720703125
"5153",1964-02-09,277.287109375
"5154",1964-02-10,277.43994140625
"5155",1964-02-11,273.838623046875
"5156",1964-02-12,271.094970703125
"5157",1964-02-13,272.059814453125
"5158",1964-02-14,268.809814453125
"5159",1964-02-15,271.893798828125
"5160",1964-02-16,264.83984375
"5161",1964-02-17,264.655029296875
"5162",1964-02-18,263.864013671875
"5163",1964-02-19,270.7734375
"5164",1964-02-20,273.272705078125
"5165",1964-02-21,273.522705078125
"5166",1964-02-22,273.285888671875
"5167",1964-02-23,271.439697265625
"5168",1964-02-24,271.28271484375
"5169",1964-02-25,273.714599609375
"5170",1964-02-26,275.231689453125
"5171",1964-02-27,274.061279296875
"5172",1964-02-28,274.6591796875
"5173",1964-02-29,275.68701171875
"5174",1964-03-01,275.4189453125
"5175",1964-03-02,274.68603515625
"5176",1964-03-03,275.03466796875
"5177",1964-03-04,275.154541015625
"5178",1964-03-05,273.90625
"5179",1964-03-06,273.48291015625
"5180",1964-03-07,274.192626953125
"5181",1964-03-08,275.34521484375
"5182",1964-03-09,279.471923828125
"5183",1964-03-10,279.992431640625
"5184",1964-03-11,278.996826171875
"5185",1964-03-12,277.939453125
"5186",1964-03-13,273.09521484375
"5187",1964-03-14,271.84912109375
"5188",1964-03-15,273.152099609375
"5189",1964-03-16,275.80126953125
"5190",1964-03-17,273.98779296875
"5191",1964-03-18,272.384033203125
"5192",1964-03-19,271.386962890625
"5193",1964-03-20,272.980712890625
"5194",1964-03-21,273.681884765625
"5195",1964-03-22,273.280517578125
"5196",1964-03-23,274.137939453125
"5197",1964-03-24,276.66748046875
"5198",1964-03-25,278.073974609375
"5199",1964-03-26,277.380859375
"5200",1964-03-27,278.62841796875
"5201",1964-03-28,276.9794921875
"5202",1964-03-29,277.557861328125
"5203",1964-03-30,278.444091796875
"5204",1964-03-31,278.370849609375
"5205",1964-04-01,278.571533203125
"5206",1964-04-02,280.47998046875
"5207",1964-04-03,280.72998046875
"5208",1964-04-04,280.197021484375
"5209",1964-04-05,278.23583984375
"5210",1964-04-06,278.914794921875
"5211",1964-04-07,278.857666015625
"5212",1964-04-08,279.340087890625
"5213",1964-04-09,278.877685546875
"5214",1964-04-10,278.4814453125
"5215",1964-04-11,279.17529296875
"5216",1964-04-12,279.14599609375
"5217",1964-04-13,282.46728515625
"5218",1964-04-14,281.21240234375
"5219",1964-04-15,281.288818359375
"5220",1964-04-16,281.932373046875
"5221",1964-04-17,288.445556640625
"5222",1964-04-18,290.3076171875
"5223",1964-04-19,290.833251953125
"5224",1964-04-20,287.5458984375
"5225",1964-04-21,284.720703125
"5226",1964-04-22,287.468505859375
"5227",1964-04-23,280.35009765625
"5228",1964-04-24,281.82080078125
"5229",1964-04-25,280.806396484375
"5230",1964-04-26,279.6435546875
"5231",1964-04-27,284.005615234375
"5232",1964-04-28,286.7763671875
"5233",1964-04-29,282.92236328125
"5234",1964-04-30,285.76904296875
"5235",1964-05-01,283.24267578125
"5236",1964-05-02,284.12646484375
"5237",1964-05-03,284.292724609375
"5238",1964-05-04,280.660888671875
"5239",1964-05-05,283.034423828125
"5240",1964-05-06,284.0546875
"5241",1964-05-07,285.547119140625
"5242",1964-05-08,284.12451171875
"5243",1964-05-09,286.308349609375
"5244",1964-05-10,284.863525390625
"5245",1964-05-11,285.48583984375
"5246",1964-05-12,285.505859375
"5247",1964-05-13,287.13232421875
"5248",1964-05-14,285.756103515625
"5249",1964-05-15,285.47900390625
"5250",1964-05-16,288.095703125
"5251",1964-05-17,283.604736328125
"5252",1964-05-18,286.73681640625
"5253",1964-05-19,287.940673828125
"5254",1964-05-20,286.877685546875
"5255",1964-05-21,291.217041015625
"5256",1964-05-22,289.170654296875
"5257",1964-05-23,290.278076171875
"5258",1964-05-24,292.5849609375
"5259",1964-05-25,294.443603515625
"5260",1964-05-26,293.696533203125
"5261",1964-05-27,294.0458984375
"5262",1964-05-28,293.091552734375
"5263",1964-05-29,292.990478515625
"5264",1964-05-30,291.51708984375
"5265",1964-05-31,287.421630859375
"5266",1964-06-01,283.9736328125
"5267",1964-06-02,286.715087890625
"5268",1964-06-03,286.8203125
"5269",1964-06-04,286.568115234375
"5270",1964-06-05,290.802978515625
"5271",1964-06-06,289.703369140625
"5272",1964-06-07,289.464111328125
"5273",1964-06-08,288.256591796875
"5274",1964-06-09,290.845458984375
"5275",1964-06-10,288.576416015625
"5276",1964-06-11,290.520263671875
"5277",1964-06-12,289.3388671875
"5278",1964-06-13,293.757568359375
"5279",1964-06-14,298.51708984375
"5280",1964-06-15,287.645263671875
"5281",1964-06-16,286.870361328125
"5282",1964-06-17,289.020263671875
"5283",1964-06-18,290.2138671875
"5284",1964-06-19,288.933837890625
"5285",1964-06-20,286.5810546875
"5286",1964-06-21,289.167724609375
"5287",1964-06-22,291.189453125
"5288",1964-06-23,289.268310546875
"5289",1964-06-24,288.794189453125
"5290",1964-06-25,291.232421875
"5291",1964-06-26,291.5244140625
"5292",1964-06-27,288.930908203125
"5293",1964-06-28,288.9951171875
"5294",1964-06-29,289.347412109375
"5295",1964-06-30,287.75927734375
"5296",1964-07-01,289.680908203125
"5297",1964-07-02,287.001953125
"5298",1964-07-03,288.403564453125
"5299",1964-07-04,290.20947265625
"5300",1964-07-05,288.99560546875
"5301",1964-07-06,287.185791015625
"5302",1964-07-07,288.31640625
"5303",1964-07-08,287.877685546875
"5304",1964-07-09,287.118896484375
"5305",1964-07-10,287.988037109375
"5306",1964-07-11,287.224365234375
"5307",1964-07-12,289.708251953125
"5308",1964-07-13,289.9013671875
"5309",1964-07-14,291.030029296875
"5310",1964-07-15,294.626220703125
"5311",1964-07-16,293.083984375
"5312",1964-07-17,294.63232421875
"5313",1964-07-18,296.138916015625
"5314",1964-07-19,293.6044921875
"5315",1964-07-20,290.268310546875
"5316",1964-07-21,292.130615234375
"5317",1964-07-22,291.295654296875
"5318",1964-07-23,289.493408203125
"5319",1964-07-24,291.80029296875
"5320",1964-07-25,289.26416015625
"5321",1964-07-26,290.4384765625
"5322",1964-07-27,289.35400390625
"5323",1964-07-28,289.734619140625
"5324",1964-07-29,289.827880859375
"5325",1964-07-30,288.911865234375
"5326",1964-07-31,290.15771484375
"5327",1964-08-01,289.038818359375
"5328",1964-08-02,290.36669921875
"5329",1964-08-03,290.74072265625
"5330",1964-08-04,292.366943359375
"5331",1964-08-05,291.374755859375
"5332",1964-08-06,292.890380859375
"5333",1964-08-07,294.553466796875
"5334",1964-08-08,296.65087890625
"5335",1964-08-09,294.300048828125
"5336",1964-08-10,295.350341796875
"5337",1964-08-11,294.650146484375
"5338",1964-08-12,293.40869140625
"5339",1964-08-13,289.865966796875
"5340",1964-08-14,290.8505859375
"5341",1964-08-15,288.65869140625
"5342",1964-08-16,289.49951171875
"5343",1964-08-17,290.1552734375
"5344",1964-08-18,291.275390625
"5345",1964-08-19,292.3994140625
"5346",1964-08-20,289.952880859375
"5347",1964-08-21,287.64892578125
"5348",1964-08-22,288.9677734375
"5349",1964-08-23,288.715576171875
"5350",1964-08-24,287.673095703125
"5351",1964-08-25,291.51806640625
"5352",1964-08-26,292.046875
"5353",1964-08-27,292.14990234375
"5354",1964-08-28,293.029541015625
"5355",1964-08-29,288.85546875
"5356",1964-08-30,287.480712890625
"5357",1964-08-31,289.7041015625
"5358",1964-09-01,289.48828125
"5359",1964-09-02,289.25
"5360",1964-09-03,288.9853515625
"5361",1964-09-04,291.69580078125
"5362",1964-09-05,292.049072265625
"5363",1964-09-06,292.014892578125
"5364",1964-09-07,289.852783203125
"5365",1964-09-08,289.57080078125
"5366",1964-09-09,284.76318359375
"5367",1964-09-10,284.360107421875
"5368",1964-09-11,286.80126953125
"5369",1964-09-12,283.310791015625
"5370",1964-09-13,285.7177734375
"5371",1964-09-14,287.206298828125
"5372",1964-09-15,287.965087890625
"5373",1964-09-16,288.354248046875
"5374",1964-09-17,285.73974609375
"5375",1964-09-18,285.645263671875
"5376",1964-09-19,286.971923828125
"5377",1964-09-20,283.94091796875
"5378",1964-09-21,283.564697265625
"5379",1964-09-22,284.825439453125
"5380",1964-09-23,287.917236328125
"5381",1964-09-24,288.103515625
"5382",1964-09-25,288.3251953125
"5383",1964-09-26,285.791748046875
"5384",1964-09-27,286.83935546875
"5385",1964-09-28,287.5966796875
"5386",1964-09-29,286.7646484375
"5387",1964-09-30,284.446044921875
"5388",1964-10-01,284.177490234375
"5389",1964-10-02,286.667724609375
"5390",1964-10-03,285.294189453125
"5391",1964-10-04,285.3759765625
"5392",1964-10-05,284.70849609375
"5393",1964-10-06,285.5859375
"5394",1964-10-07,285.85693359375
"5395",1964-10-08,285.232666015625
"5396",1964-10-09,283.81591796875
"5397",1964-10-10,283.822021484375
"5398",1964-10-11,282.236328125
"5399",1964-10-12,284.23583984375
"5400",1964-10-13,281.2900390625
"5401",1964-10-14,282.94775390625
"5402",1964-10-15,283.857666015625
"5403",1964-10-16,282.4931640625
"5404",1964-10-17,280.24658203125
"5405",1964-10-18,281.7275390625
"5406",1964-10-19,284.3935546875
"5407",1964-10-20,285.138427734375
"5408",1964-10-21,284.978271484375
"5409",1964-10-22,282.9970703125
"5410",1964-10-23,280.778076171875
"5411",1964-10-24,280.397705078125
"5412",1964-10-25,278.988037109375
"5413",1964-10-26,279.11474609375
"5414",1964-10-27,282.700927734375
"5415",1964-10-28,281.15966796875
"5416",1964-10-29,279.233642578125
"5417",1964-10-30,278.79443359375
"5418",1964-10-31,278.291259765625
"5419",1964-11-01,279.52392578125
"5420",1964-11-02,279.744384765625
"5421",1964-11-03,280.96875
"5422",1964-11-04,280.64990234375
"5423",1964-11-05,277.918701171875
"5424",1964-11-06,281.981201171875
"5425",1964-11-07,276.599609375
"5426",1964-11-08,279.8359375
"5427",1964-11-09,280.343994140625
"5428",1964-11-10,282.11083984375
"5429",1964-11-11,280.302734375
"5430",1964-11-12,278.9375
"5431",1964-11-13,280.265869140625
"5432",1964-11-14,281.84814453125
"5433",1964-11-15,281.1318359375
"5434",1964-11-16,280.951171875
"5435",1964-11-17,277.4580078125
"5436",1964-11-18,276.16650390625
"5437",1964-11-19,275.6923828125
"5438",1964-11-20,276.6376953125
"5439",1964-11-21,276.600341796875
"5440",1964-11-22,280.5859375
"5441",1964-11-23,280.467041015625
"5442",1964-11-24,280.902099609375
"5443",1964-11-25,280.350341796875
"5444",1964-11-26,277.832763671875
"5445",1964-11-27,279.552490234375
"5446",1964-11-28,275.193359375
"5447",1964-11-29,274.418701171875
"5448",1964-11-30,274.11669921875
"5449",1964-12-01,273.98974609375
"5450",1964-12-02,275.708251953125
"5451",1964-12-03,275.249267578125
"5452",1964-12-04,273.9384765625
"5453",1964-12-05,271.691162109375
"5454",1964-12-06,275.000732421875
"5455",1964-12-07,279.16796875
"5456",1964-12-08,279.90966796875
"5457",1964-12-09,280.986572265625
"5458",1964-12-10,279.16455078125
"5459",1964-12-11,278.158935546875
"5460",1964-12-12,279.18505859375
"5461",1964-12-13,278.615234375
"5462",1964-12-14,275.40185546875
"5463",1964-12-15,275.40771484375
"5464",1964-12-16,274.79248046875
"5465",1964-12-17,273.428466796875
"5466",1964-12-18,272.469970703125
"5467",1964-12-19,272.658203125
"5468",1964-12-20,272.97314453125
"5469",1964-12-21,270.528564453125
"5470",1964-12-22,271.599609375
"5471",1964-12-23,275.706298828125
"5472",1964-12-24,277.091552734375
"5473",1964-12-25,272.712646484375
"5474",1964-12-26,266.940673828125
"5475",1964-12-27,264.55029296875
"5476",1964-12-28,268.515625
"5477",1964-12-29,270.586669921875
"5478",1964-12-30,276.097900390625
"5479",1964-12-31,276.548095703125
"5480",1965-01-01,276.644775390625
"5481",1965-01-02,271.743896484375
"5482",1965-01-03,267.6171875
"5483",1965-01-04,277.176025390625
"5484",1965-01-05,275.967041015625
"5485",1965-01-06,266.482666015625
"5486",1965-01-07,274.940185546875
"5487",1965-01-08,276.17919921875
"5488",1965-01-09,271.712158203125
"5489",1965-01-10,266.5068359375
"5490",1965-01-11,278.360595703125
"5491",1965-01-12,277.9365234375
"5492",1965-01-13,277.348876953125
"5493",1965-01-14,276.931640625
"5494",1965-01-15,276.35546875
"5495",1965-01-16,275.553955078125
"5496",1965-01-17,277.060302734375
"5497",1965-01-18,274.596435546875
"5498",1965-01-19,275.3203125
"5499",1965-01-20,272.753662109375
"5500",1965-01-21,273.447509765625
"5501",1965-01-22,270.5693359375
"5502",1965-01-23,272.74609375
"5503",1965-01-24,272.929931640625
"5504",1965-01-25,273.089111328125
"5505",1965-01-26,269.987060546875
"5506",1965-01-27,270.126220703125
"5507",1965-01-28,270.398681640625
"5508",1965-01-29,270.663330078125
"5509",1965-01-30,269.16357421875
"5510",1965-01-31,266.097900390625
"5511",1965-02-01,271.02880859375
"5512",1965-02-02,270.59521484375
"5513",1965-02-03,274.58740234375
"5514",1965-02-04,274.234619140625
"5515",1965-02-05,276.861083984375
"5516",1965-02-06,276.402099609375
"5517",1965-02-07,278.724365234375
"5518",1965-02-08,274.01611328125
"5519",1965-02-09,273.839111328125
"5520",1965-02-10,275.886962890625
"5521",1965-02-11,275.767822265625
"5522",1965-02-12,276.4384765625
"5523",1965-02-13,276.424560546875
"5524",1965-02-14,274.64501953125
"5525",1965-02-15,271.404296875
"5526",1965-02-16,269.189208984375
"5527",1965-02-17,269.84521484375
"5528",1965-02-18,276.17529296875
"5529",1965-02-19,275.45458984375
"5530",1965-02-20,272.9892578125
"5531",1965-02-21,276.439208984375
"5532",1965-02-22,273.74609375
"5533",1965-02-23,271.80712890625
"5534",1965-02-24,275.014404296875
"5535",1965-02-25,271.87109375
"5536",1965-02-26,272.23681640625
"5537",1965-02-27,265.53515625
"5538",1965-02-28,264.266357421875
"5539",1965-03-01,268.460205078125
"5540",1965-03-02,272.2099609375
"5541",1965-03-03,270.566650390625
"5542",1965-03-04,272.387451171875
"5543",1965-03-05,272.10693359375
"5544",1965-03-06,270.11376953125
"5545",1965-03-07,273.513916015625
"5546",1965-03-08,276.151123046875
"5547",1965-03-09,274.27685546875
"5548",1965-03-10,276.7294921875
"5549",1965-03-11,276.4296875
"5550",1965-03-12,274.568603515625
"5551",1965-03-13,276.396484375
"5552",1965-03-14,276.42578125
"5553",1965-03-15,276.320556640625
"5554",1965-03-16,277.163330078125
"5555",1965-03-17,277.15283203125
"5556",1965-03-18,278.197509765625
"5557",1965-03-19,276.37353515625
"5558",1965-03-20,277.146728515625
"5559",1965-03-21,276.83642578125
"5560",1965-03-22,277.310302734375
"5561",1965-03-23,275.614013671875
"5562",1965-03-24,275.988037109375
"5563",1965-03-25,275.93115234375
"5564",1965-03-26,276.5693359375
"5565",1965-03-27,277.56298828125
"5566",1965-03-28,278.125732421875
"5567",1965-03-29,284.084228515625
"5568",1965-03-30,283.1416015625
"5569",1965-03-31,281.688232421875
"5570",1965-04-01,280.762939453125
"5571",1965-04-02,281.68115234375
"5572",1965-04-03,278.91845703125
"5573",1965-04-04,282.8798828125
"5574",1965-04-05,280.77587890625
"5575",1965-04-06,279.3642578125
"5576",1965-04-07,280.821044921875
"5577",1965-04-08,276.60791015625
"5578",1965-04-09,276.1376953125
"5579",1965-04-10,276.4990234375
"5580",1965-04-11,278.476318359375
"5581",1965-04-12,279.460693359375
"5582",1965-04-13,278.0732421875
"5583",1965-04-14,279.831787109375
"5584",1965-04-15,280.43115234375
"5585",1965-04-16,279.23095703125
"5586",1965-04-17,279.79248046875
"5587",1965-04-18,278.30908203125
"5588",1965-04-19,281.15478515625
"5589",1965-04-20,282.60107421875
"5590",1965-04-21,286.07275390625
"5591",1965-04-22,285.553466796875
"5592",1965-04-23,287.094482421875
"5593",1965-04-24,284.771728515625
"5594",1965-04-25,280.63720703125
"5595",1965-04-26,280.427490234375
"5596",1965-04-27,281.607421875
"5597",1965-04-28,287.403076171875
"5598",1965-04-29,286.491455078125
"5599",1965-04-30,287.466552734375
"5600",1965-05-01,288.55517578125
"5601",1965-05-02,286.696533203125
"5602",1965-05-03,283.999755859375
"5603",1965-05-04,284.9794921875
"5604",1965-05-05,279.372802734375
"5605",1965-05-06,284.034423828125
"5606",1965-05-07,284.01904296875
"5607",1965-05-08,286.0576171875
"5608",1965-05-09,284.29541015625
"5609",1965-05-10,285.791748046875
"5610",1965-05-11,287.883056640625
"5611",1965-05-12,286.377685546875
"5612",1965-05-13,287.318115234375
"5613",1965-05-14,286.883544921875
"5614",1965-05-15,284.49267578125
"5615",1965-05-16,280.154296875
"5616",1965-05-17,281.853515625
"5617",1965-05-18,282.776611328125
"5618",1965-05-19,282.67138671875
"5619",1965-05-20,283.74072265625
"5620",1965-05-21,284.969970703125
"5621",1965-05-22,285.334716796875
"5622",1965-05-23,287.4345703125
"5623",1965-05-24,288.444580078125
"5624",1965-05-25,289.443359375
"5625",1965-05-26,288.2841796875
"5626",1965-05-27,288.771240234375
"5627",1965-05-28,288.96923828125
"5628",1965-05-29,287.782470703125
"5629",1965-05-30,286.6708984375
"5630",1965-05-31,287.259521484375
"5631",1965-06-01,287.890869140625
"5632",1965-06-02,290.44921875
"5633",1965-06-03,289.994873046875
"5634",1965-06-04,289.14208984375
"5635",1965-06-05,291.59814453125
"5636",1965-06-06,295.512939453125
"5637",1965-06-07,293.715087890625
"5638",1965-06-08,286.99072265625
"5639",1965-06-09,291.33837890625
"5640",1965-06-10,291.106201171875
"5641",1965-06-11,291.170654296875
"5642",1965-06-12,289.054443359375
"5643",1965-06-13,291.5146484375
"5644",1965-06-14,293.249267578125
"5645",1965-06-15,289.093994140625
"5646",1965-06-16,289.535400390625
"5647",1965-06-17,289.07861328125
"5648",1965-06-18,289.23974609375
"5649",1965-06-19,288.74365234375
"5650",1965-06-20,290.85791015625
"5651",1965-06-21,289.361572265625
"5652",1965-06-22,288.1318359375
"5653",1965-06-23,291.53466796875
"5654",1965-06-24,288.9267578125
"5655",1965-06-25,287.87158203125
"5656",1965-06-26,288.241943359375
"5657",1965-06-27,289.053955078125
"5658",1965-06-28,287.583251953125
"5659",1965-06-29,291.283447265625
"5660",1965-06-30,287.540771484375
"5661",1965-07-01,287.77978515625
"5662",1965-07-02,287.652099609375
"5663",1965-07-03,289.11474609375
"5664",1965-07-04,290.321044921875
"5665",1965-07-05,287.424560546875
"5666",1965-07-06,288.62060546875
"5667",1965-07-07,286.502685546875
"5668",1965-07-08,288.343994140625
"5669",1965-07-09,290.305908203125
"5670",1965-07-10,287.624755859375
"5671",1965-07-11,286.896240234375
"5672",1965-07-12,286.043701171875
"5673",1965-07-13,289.86865234375
"5674",1965-07-14,289.81787109375
"5675",1965-07-15,291.416748046875
"5676",1965-07-16,292.126708984375
"5677",1965-07-17,293.942138671875
"5678",1965-07-18,294.46826171875
"5679",1965-07-19,294.901611328125
"5680",1965-07-20,295.191650390625
"5681",1965-07-21,296.42822265625
"5682",1965-07-22,295.7099609375
"5683",1965-07-23,293.0146484375
"5684",1965-07-24,290.4990234375
"5685",1965-07-25,287.3828125
"5686",1965-07-26,291.380126953125
"5687",1965-07-27,289.488525390625
"5688",1965-07-28,287.764404296875
"5689",1965-07-29,290.322998046875
"5690",1965-07-30,286.27734375
"5691",1965-07-31,287.860595703125
"5692",1965-08-01,287.481689453125
"5693",1965-08-02,285.21142578125
"5694",1965-08-03,290.061767578125
"5695",1965-08-04,289.802490234375
"5696",1965-08-05,289.35400390625
"5697",1965-08-06,290.098388671875
"5698",1965-08-07,287.95166015625
"5699",1965-08-08,288.986572265625
"5700",1965-08-09,289.133056640625
"5701",1965-08-10,290.833740234375
"5702",1965-08-11,291.8173828125
"5703",1965-08-12,291.2119140625
"5704",1965-08-13,292.39013671875
"5705",1965-08-14,292.736328125
"5706",1965-08-15,291.525146484375
"5707",1965-08-16,291.50244140625
"5708",1965-08-17,292.001220703125
"5709",1965-08-18,293.27294921875
"5710",1965-08-19,290.03955078125
"5711",1965-08-20,290.168212890625
"5712",1965-08-21,289.76806640625
"5713",1965-08-22,290.468505859375
"5714",1965-08-23,290.195068359375
"5715",1965-08-24,290.730224609375
"5716",1965-08-25,290.8642578125
"5717",1965-08-26,288.257080078125
"5718",1965-08-27,287.70166015625
"5719",1965-08-28,289.318115234375
"5720",1965-08-29,287.54150390625
"5721",1965-08-30,288.236328125
"5722",1965-08-31,287.588623046875
"5723",1965-09-01,288.993408203125
"5724",1965-09-02,291.8017578125
"5725",1965-09-03,290.037353515625
"5726",1965-09-04,290.57568359375
"5727",1965-09-05,288.846923828125
"5728",1965-09-06,288.43212890625
"5729",1965-09-07,288.912841796875
"5730",1965-09-08,287.5654296875
"5731",1965-09-09,286.831298828125
"5732",1965-09-10,287.937255859375
"5733",1965-09-11,287.204345703125
"5734",1965-09-12,286.679443359375
"5735",1965-09-13,287.2392578125
"5736",1965-09-14,287.93603515625
"5737",1965-09-15,287.61572265625
"5738",1965-09-16,287.156982421875
"5739",1965-09-17,287.121826171875
"5740",1965-09-18,287.966796875
"5741",1965-09-19,288.114501953125
"5742",1965-09-20,286.688720703125
"5743",1965-09-21,287.390869140625
"5744",1965-09-22,288.5341796875
"5745",1965-09-23,286.889892578125
"5746",1965-09-24,288.41650390625
"5747",1965-09-25,291.372314453125
"5748",1965-09-26,288.96142578125
"5749",1965-09-27,290.064208984375
"5750",1965-09-28,287.085693359375
"5751",1965-09-29,285.36474609375
"5752",1965-09-30,286.650146484375
"5753",1965-10-01,288.95751953125
"5754",1965-10-02,285.431884765625
"5755",1965-10-03,285.32275390625
"5756",1965-10-04,286.656005859375
"5757",1965-10-05,286.157958984375
"5758",1965-10-06,285.926513671875
"5759",1965-10-07,287.14990234375
"5760",1965-10-08,283.8828125
"5761",1965-10-09,281.865234375
"5762",1965-10-10,284.8642578125
"5763",1965-10-11,283.3818359375
"5764",1965-10-12,285.86865234375
"5765",1965-10-13,286.32666015625
"5766",1965-10-14,284.64013671875
"5767",1965-10-15,284.55615234375
"5768",1965-10-16,284.3447265625
"5769",1965-10-17,283.62548828125
"5770",1965-10-18,283.497314453125
"5771",1965-10-19,284.742431640625
"5772",1965-10-20,284.913818359375
"5773",1965-10-21,284.3408203125
"5774",1965-10-22,284.008056640625
"5775",1965-10-23,283.174072265625
"5776",1965-10-24,282.8818359375
"5777",1965-10-25,281.7880859375
"5778",1965-10-26,282.999755859375
"5779",1965-10-27,285.279541015625
"5780",1965-10-28,285.580078125
"5781",1965-10-29,283.7275390625
"5782",1965-10-30,284.130615234375
"5783",1965-10-31,282.372802734375
"5784",1965-11-01,281.799072265625
"5785",1965-11-02,281.62744140625
"5786",1965-11-03,280.240234375
"5787",1965-11-04,280.3955078125
"5788",1965-11-05,282.3017578125
"5789",1965-11-06,282.61669921875
"5790",1965-11-07,278.939697265625
"5791",1965-11-08,279.198974609375
"5792",1965-11-09,279.10595703125
"5793",1965-11-10,278.189453125
"5794",1965-11-11,275.13916015625
"5795",1965-11-12,272.45263671875
"5796",1965-11-13,270.98046875
"5797",1965-11-14,270.997314453125
"5798",1965-11-15,270.5634765625
"5799",1965-11-16,270.676025390625
"5800",1965-11-17,273.84521484375
"5801",1965-11-18,271.8017578125
"5802",1965-11-19,272.08642578125
"5803",1965-11-20,269.951171875
"5804",1965-11-21,265.59912109375
"5805",1965-11-22,264.86328125
"5806",1965-11-23,268.515380859375
"5807",1965-11-24,269.888916015625
"5808",1965-11-25,272.45263671875
"5809",1965-11-26,275.400390625
"5810",1965-11-27,275.693603515625
"5811",1965-11-28,272.1025390625
"5812",1965-11-29,273.220703125
"5813",1965-11-30,274.552001953125
"5814",1965-12-01,274.725341796875
"5815",1965-12-02,269.89794921875
"5816",1965-12-03,270.976806640625
"5817",1965-12-04,270.774169921875
"5818",1965-12-05,271.498779296875
"5819",1965-12-06,273.550048828125
"5820",1965-12-07,268.98095703125
"5821",1965-12-08,270.67431640625
"5822",1965-12-09,274.212646484375
"5823",1965-12-10,274.287841796875
"5824",1965-12-11,272.81396484375
"5825",1965-12-12,264.832763671875
"5826",1965-12-13,258.695556640625
"5827",1965-12-14,265.998291015625
"5828",1965-12-15,267.304443359375
"5829",1965-12-16,267.26318359375
"5830",1965-12-17,265.504638671875
"5831",1965-12-18,272.35498046875
"5832",1965-12-19,276.1884765625
"5833",1965-12-20,276.121337890625
"5834",1965-12-21,271.70751953125
"5835",1965-12-22,269.07470703125
"5836",1965-12-23,272.979248046875
"5837",1965-12-24,272.427490234375
"5838",1965-12-25,274.10986328125
"5839",1965-12-26,273.685546875
"5840",1965-12-27,272.021240234375
"5841",1965-12-28,269.17041015625
"5842",1965-12-29,266.22412109375
"5843",1965-12-30,265.938720703125
"5844",1965-12-31,265.90576171875
"5845",1966-01-01,268.17626953125
"5846",1966-01-02,269.34033203125
"5847",1966-01-03,267.811279296875
"5848",1966-01-04,261.658203125
"5849",1966-01-05,269.512451171875
"5850",1966-01-06,275.251220703125
"5851",1966-01-07,275.1787109375
"5852",1966-01-08,271.579833984375
"5853",1966-01-09,268.906494140625
"5854",1966-01-10,269.280029296875
"5855",1966-01-11,268.65234375
"5856",1966-01-12,268.259521484375
"5857",1966-01-13,266.316162109375
"5858",1966-01-14,264.744384765625
"5859",1966-01-15,265.881103515625
"5860",1966-01-16,264.0625
"5861",1966-01-17,269.50634765625
"5862",1966-01-18,268.67626953125
"5863",1966-01-19,261.422607421875
"5864",1966-01-20,266.375732421875
"5865",1966-01-21,269.46875
"5866",1966-01-22,270.157958984375
"5867",1966-01-23,269.1904296875
"5868",1966-01-24,270.17333984375
"5869",1966-01-25,272.0361328125
"5870",1966-01-26,269.957763671875
"5871",1966-01-27,269.010986328125
"5872",1966-01-28,268.884033203125
"5873",1966-01-29,274.2763671875
"5874",1966-01-30,276.493408203125
"5875",1966-01-31,276.316650390625
"5876",1966-02-01,273.567138671875
"5877",1966-02-02,265.282958984375
"5878",1966-02-03,264.40234375
"5879",1966-02-04,265.587890625
"5880",1966-02-05,266.89453125
"5881",1966-02-06,267.34716796875
"5882",1966-02-07,263.336181640625
"5883",1966-02-08,262.0693359375
"5884",1966-02-09,263.5947265625
"5885",1966-02-10,269.791748046875
"5886",1966-02-11,262.9033203125
"5887",1966-02-12,258.887939453125
"5888",1966-02-13,259.298095703125
"5889",1966-02-14,263.1923828125
"5890",1966-02-15,263.599609375
"5891",1966-02-16,260.4677734375
"5892",1966-02-17,260.944580078125
"5893",1966-02-18,263.396484375
"5894",1966-02-19,264.0625
"5895",1966-02-20,267.956787109375
"5896",1966-02-21,274.7568359375
"5897",1966-02-22,274.7705078125
"5898",1966-02-23,274.757080078125
"5899",1966-02-24,275.02099609375
"5900",1966-02-25,274.495361328125
"5901",1966-02-26,275.314697265625
"5902",1966-02-27,276.37548828125
"5903",1966-02-28,276.046630859375
"5904",1966-03-01,276.55126953125
"5905",1966-03-02,275.7880859375
"5906",1966-03-03,276.392333984375
"5907",1966-03-04,275.3701171875
"5908",1966-03-05,274.77783203125
"5909",1966-03-06,276.8046875
"5910",1966-03-07,278.00146484375
"5911",1966-03-08,278.112060546875
"5912",1966-03-09,278.186767578125
"5913",1966-03-10,275.325927734375
"5914",1966-03-11,274.630859375
"5915",1966-03-12,270.736083984375
"5916",1966-03-13,268.475830078125
"5917",1966-03-14,272.760498046875
"5918",1966-03-15,276.89013671875
"5919",1966-03-16,278.70703125
"5920",1966-03-17,280.32568359375
"5921",1966-03-18,275.771240234375
"5922",1966-03-19,275.533935546875
"5923",1966-03-20,278.299560546875
"5924",1966-03-21,279.3046875
"5925",1966-03-22,277.823486328125
"5926",1966-03-23,276.985107421875
"5927",1966-03-24,274.830810546875
"5928",1966-03-25,273.793212890625
"5929",1966-03-26,274.1875
"5930",1966-03-27,274.34130859375
"5931",1966-03-28,274.96337890625
"5932",1966-03-29,275.5322265625
"5933",1966-03-30,276.312744140625
"5934",1966-03-31,276.341796875
"5935",1966-04-01,276.354248046875
"5936",1966-04-02,276.068603515625
"5937",1966-04-03,277.73095703125
"5938",1966-04-04,276.502197265625
"5939",1966-04-05,276.55615234375
"5940",1966-04-06,278.9296875
"5941",1966-04-07,279.0576171875
"5942",1966-04-08,278.495361328125
"5943",1966-04-09,278.030517578125
"5944",1966-04-10,273.848388671875
"5945",1966-04-11,271.630859375
"5946",1966-04-12,271.00439453125
"5947",1966-04-13,270.420654296875
"5948",1966-04-14,270.29052734375
"5949",1966-04-15,271.940185546875
"5950",1966-04-16,270.75048828125
"5951",1966-04-17,272.475830078125
"5952",1966-04-18,275.22900390625
"5953",1966-04-19,275.286865234375
"5954",1966-04-20,275.8359375
"5955",1966-04-21,279.2529296875
"5956",1966-04-22,280.4326171875
"5957",1966-04-23,277.76611328125
"5958",1966-04-24,278.635986328125
"5959",1966-04-25,280.89013671875
"5960",1966-04-26,279.0966796875
"5961",1966-04-27,283.385009765625
"5962",1966-04-28,283.5166015625
"5963",1966-04-29,284.27490234375
"5964",1966-04-30,285.521240234375
"5965",1966-05-01,286.427490234375
"5966",1966-05-02,287.279052734375
"5967",1966-05-03,291.05419921875
"5968",1966-05-04,283.4599609375
"5969",1966-05-05,282.246826171875
"5970",1966-05-06,279.981201171875
"5971",1966-05-07,282.008056640625
"5972",1966-05-08,281.989501953125
"5973",1966-05-09,285.232177734375
"5974",1966-05-10,287.32958984375
"5975",1966-05-11,287.512939453125
"5976",1966-05-12,283.700439453125
"5977",1966-05-13,289.11962890625
"5978",1966-05-14,286.386474609375
"5979",1966-05-15,286.65625
"5980",1966-05-16,288.93896484375
"5981",1966-05-17,293.463623046875
"5982",1966-05-18,294.728515625
"5983",1966-05-19,287.333740234375
"5984",1966-05-20,284.296875
"5985",1966-05-21,285.357666015625
"5986",1966-05-22,286.991455078125
"5987",1966-05-23,284.87646484375
"5988",1966-05-24,285.914794921875
"5989",1966-05-25,285.76611328125
"5990",1966-05-26,288.474365234375
"5991",1966-05-27,285.588134765625
"5992",1966-05-28,286.7265625
"5993",1966-05-29,286.9794921875
"5994",1966-05-30,289.458740234375
"5995",1966-05-31,290.884521484375
"5996",1966-06-01,288.4208984375
"5997",1966-06-02,288.639404296875
"5998",1966-06-03,287.019287109375
"5999",1966-06-04,286.270263671875
"6000",1966-06-05,286.41064453125
"6001",1966-06-06,288.9921875
"6002",1966-06-07,288.144287109375
"6003",1966-06-08,290.55615234375
"6004",1966-06-09,292.441650390625
"6005",1966-06-10,295.0107421875
"6006",1966-06-11,297.293701171875
"6007",1966-06-12,297.177734375
"6008",1966-06-13,298.202392578125
"6009",1966-06-14,295.12451171875
"6010",1966-06-15,294.78173828125
"6011",1966-06-16,297.74462890625
"6012",1966-06-17,300.7978515625
"6013",1966-06-18,299.91796875
"6014",1966-06-19,298.699951171875
"6015",1966-06-20,297.17919921875
"6016",1966-06-21,290.833984375
"6017",1966-06-22,292.434326171875
"6018",1966-06-23,291.981201171875
"6019",1966-06-24,290.68603515625
"6020",1966-06-25,290.33251953125
"6021",1966-06-26,292.3994140625
"6022",1966-06-27,289.916748046875
"6023",1966-06-28,291.212890625
"6024",1966-06-29,295.818359375
"6025",1966-06-30,295.984375
"6026",1966-07-01,294.353759765625
"6027",1966-07-02,292.11181640625
"6028",1966-07-03,290.948486328125
"6029",1966-07-04,292.175048828125
"6030",1966-07-05,291.0986328125
"6031",1966-07-06,293.394287109375
"6032",1966-07-07,290.278076171875
"6033",1966-07-08,293.040283203125
"6034",1966-07-09,294.484619140625
"6035",1966-07-10,292.41748046875
"6036",1966-07-11,288.763671875
"6037",1966-07-12,291.241943359375
"6038",1966-07-13,289.604736328125
"6039",1966-07-14,289.79638671875
"6040",1966-07-15,288.46240234375
"6041",1966-07-16,290.06201171875
"6042",1966-07-17,291.210205078125
"6043",1966-07-18,294.51025390625
"6044",1966-07-19,298.147705078125
"6045",1966-07-20,299.029296875
"6046",1966-07-21,299.7275390625
"6047",1966-07-22,298.55615234375
"6048",1966-07-23,293.704345703125
"6049",1966-07-24,292.10205078125
"6050",1966-07-25,297.1650390625
"6051",1966-07-26,289.7607421875
"6052",1966-07-27,290.28564453125
"6053",1966-07-28,291.510498046875
"6054",1966-07-29,289.968505859375
"6055",1966-07-30,289.7275390625
"6056",1966-07-31,289.197265625
"6057",1966-08-01,289.023193359375
"6058",1966-08-02,289.30029296875
"6059",1966-08-03,290.38330078125
"6060",1966-08-04,291.03857421875
"6061",1966-08-05,289.271240234375
"6062",1966-08-06,290.455078125
"6063",1966-08-07,292.72802734375
"6064",1966-08-08,290.889404296875
"6065",1966-08-09,290.328857421875
"6066",1966-08-10,289.258544921875
"6067",1966-08-11,289.923583984375
"6068",1966-08-12,289.712158203125
"6069",1966-08-13,291.099853515625
"6070",1966-08-14,289.254150390625
"6071",1966-08-15,289.6044921875
"6072",1966-08-16,290.197265625
"6073",1966-08-17,289.583984375
"6074",1966-08-18,291.036865234375
"6075",1966-08-19,292.224609375
"6076",1966-08-20,291.136474609375
"6077",1966-08-21,292.546875
"6078",1966-08-22,290.982177734375
"6079",1966-08-23,289.89111328125
"6080",1966-08-24,288.5634765625
"6081",1966-08-25,291.551513671875
"6082",1966-08-26,292.332763671875
"6083",1966-08-27,294.2236328125
"6084",1966-08-28,294.766357421875
"6085",1966-08-29,293.3935546875
"6086",1966-08-30,291.13134765625
"6087",1966-08-31,290.03857421875
"6088",1966-09-01,289.86865234375
"6089",1966-09-02,290.215087890625
"6090",1966-09-03,289.026611328125
"6091",1966-09-04,288.28369140625
"6092",1966-09-05,290.320068359375
"6093",1966-09-06,287.635986328125
"6094",1966-09-07,289.647216796875
"6095",1966-09-08,289.36328125
"6096",1966-09-09,287.421875
"6097",1966-09-10,287.54443359375
"6098",1966-09-11,288.386474609375
"6099",1966-09-12,289.131103515625
"6100",1966-09-13,289.004638671875
"6101",1966-09-14,289.0595703125
"6102",1966-09-15,287.0263671875
"6103",1966-09-16,286.896484375
"6104",1966-09-17,286.628173828125
"6105",1966-09-18,285.65185546875
"6106",1966-09-19,287.55517578125
"6107",1966-09-20,289.758544921875
"6108",1966-09-21,290.35302734375
"6109",1966-09-22,286.8330078125
"6110",1966-09-23,286.19580078125
"6111",1966-09-24,288.141845703125
"6112",1966-09-25,285.379638671875
"6113",1966-09-26,285.65869140625
"6114",1966-09-27,283.2646484375
"6115",1966-09-28,282.3544921875
"6116",1966-09-29,283.462890625
"6117",1966-09-30,287.109619140625
"6118",1966-10-01,284.890869140625
"6119",1966-10-02,286.3759765625
"6120",1966-10-03,285.681396484375
"6121",1966-10-04,284.149169921875
"6122",1966-10-05,282.391845703125
"6123",1966-10-06,283.635009765625
"6124",1966-10-07,283.826416015625
"6125",1966-10-08,285.15478515625
"6126",1966-10-09,283.5068359375
"6127",1966-10-10,281.294921875
"6128",1966-10-11,279.870849609375
"6129",1966-10-12,282.88427734375
"6130",1966-10-13,280.488525390625
"6131",1966-10-14,280.629150390625
"6132",1966-10-15,282.311279296875
"6133",1966-10-16,284.949951171875
"6134",1966-10-17,286.54248046875
"6135",1966-10-18,285.337890625
"6136",1966-10-19,283.682861328125
"6137",1966-10-20,283.397216796875
"6138",1966-10-21,284.748046875
"6139",1966-10-22,283.519775390625
"6140",1966-10-23,281.994140625
"6141",1966-10-24,282.672119140625
"6142",1966-10-25,279.60791015625
"6143",1966-10-26,278.746337890625
"6144",1966-10-27,278.06298828125
"6145",1966-10-28,277.111083984375
"6146",1966-10-29,276.91650390625
"6147",1966-10-30,279.08251953125
"6148",1966-10-31,281.021240234375
"6149",1966-11-01,279.750732421875
"6150",1966-11-02,275.91845703125
"6151",1966-11-03,275.847900390625
"6152",1966-11-04,276.42578125
"6153",1966-11-05,281.159423828125
"6154",1966-11-06,280.8662109375
"6155",1966-11-07,281.552490234375
"6156",1966-11-08,281.762451171875
"6157",1966-11-09,282.189208984375
"6158",1966-11-10,276.554931640625
"6159",1966-11-11,275.19384765625
"6160",1966-11-12,278.314697265625
"6161",1966-11-13,280.736083984375
"6162",1966-11-14,281.44189453125
"6163",1966-11-15,279.021484375
"6164",1966-11-16,276.4619140625
"6165",1966-11-17,275.109375
"6166",1966-11-18,275.052978515625
"6167",1966-11-19,273.221923828125
"6168",1966-11-20,273.0537109375
"6169",1966-11-21,275.2568359375
"6170",1966-11-22,273.974853515625
"6171",1966-11-23,274.111328125
"6172",1966-11-24,275.76953125
"6173",1966-11-25,276.139892578125
"6174",1966-11-26,277.01416015625
"6175",1966-11-27,279.477783203125
"6176",1966-11-28,279.4765625
"6177",1966-11-29,274.98828125
"6178",1966-11-30,274.647705078125
"6179",1966-12-01,274.69970703125
"6180",1966-12-02,276.792724609375
"6181",1966-12-03,277.465576171875
"6182",1966-12-04,274.454345703125
"6183",1966-12-05,274.7607421875
"6184",1966-12-06,275.702880859375
"6185",1966-12-07,275.5390625
"6186",1966-12-08,274.778564453125
"6187",1966-12-09,274.673828125
"6188",1966-12-10,273.966064453125
"6189",1966-12-11,273.656494140625
"6190",1966-12-12,273.7392578125
"6191",1966-12-13,272.794921875
"6192",1966-12-14,270.85302734375
"6193",1966-12-15,267.28125
"6194",1966-12-16,267.591796875
"6195",1966-12-17,277.701904296875
"6196",1966-12-18,279.694580078125
"6197",1966-12-19,277.1630859375
"6198",1966-12-20,273.24853515625
"6199",1966-12-21,267.041748046875
"6200",1966-12-22,269.9677734375
"6201",1966-12-23,275.22119140625
"6202",1966-12-24,275.09716796875
"6203",1966-12-25,269.994873046875
"6204",1966-12-26,267.407958984375
"6205",1966-12-27,267.427001953125
"6206",1966-12-28,269.804931640625
"6207",1966-12-29,276.037109375
"6208",1966-12-30,276.07861328125
"6209",1966-12-31,275.9501953125
"6210",1967-01-01,274.649169921875
"6211",1967-01-02,271.79833984375
"6212",1967-01-03,272.9384765625
"6213",1967-01-04,267.20068359375
"6214",1967-01-05,269.52685546875
"6215",1967-01-06,263.59912109375
"6216",1967-01-07,259.647216796875
"6217",1967-01-08,262.5078125
"6218",1967-01-09,273.234619140625
"6219",1967-01-10,275.242431640625
"6220",1967-01-11,273.498779296875
"6221",1967-01-12,271.386474609375
"6222",1967-01-13,279.07666015625
"6223",1967-01-14,275.309326171875
"6224",1967-01-15,275.111572265625
"6225",1967-01-16,276.437255859375
"6226",1967-01-17,275.267822265625
"6227",1967-01-18,275.062744140625
"6228",1967-01-19,276.59375
"6229",1967-01-20,274.628173828125
"6230",1967-01-21,272.312744140625
"6231",1967-01-22,266.373046875
"6232",1967-01-23,265.7060546875
"6233",1967-01-24,264.32958984375
"6234",1967-01-25,263.671142578125
"6235",1967-01-26,265.750244140625
"6236",1967-01-27,267.414306640625
"6237",1967-01-28,269.428466796875
"6238",1967-01-29,267.616943359375
"6239",1967-01-30,265.804443359375
"6240",1967-01-31,268.17431640625
"6241",1967-02-01,269.067626953125
"6242",1967-02-02,268.861572265625
"6243",1967-02-03,277.119384765625
"6244",1967-02-04,276.85888671875
"6245",1967-02-05,276.78564453125
"6246",1967-02-06,278.95947265625
"6247",1967-02-07,275.9072265625
"6248",1967-02-08,273.521728515625
"6249",1967-02-09,273.389404296875
"6250",1967-02-10,272.6484375
"6251",1967-02-11,271.323974609375
"6252",1967-02-12,273.76318359375
"6253",1967-02-13,274.010009765625
"6254",1967-02-14,271.963623046875
"6255",1967-02-15,272.41845703125
"6256",1967-02-16,273.0751953125
"6257",1967-02-17,271.22119140625
"6258",1967-02-18,273.856201171875
"6259",1967-02-19,275.451416015625
"6260",1967-02-20,276.364501953125
"6261",1967-02-21,276.017822265625
"6262",1967-02-22,276.50927734375
"6263",1967-02-23,275.074951171875
"6264",1967-02-24,275.907470703125
"6265",1967-02-25,272.990234375
"6266",1967-02-26,274.321533203125
"6267",1967-02-27,276.959228515625
"6268",1967-02-28,276.7119140625
"6269",1967-03-01,277.27783203125
"6270",1967-03-02,276.469970703125
"6271",1967-03-03,278.13623046875
"6272",1967-03-04,278.11083984375
"6273",1967-03-05,277.39208984375
"6274",1967-03-06,278.842529296875
"6275",1967-03-07,279.135498046875
"6276",1967-03-08,278.91552734375
"6277",1967-03-09,279.293212890625
"6278",1967-03-10,280.7958984375
"6279",1967-03-11,279.193115234375
"6280",1967-03-12,278.6943359375
"6281",1967-03-13,279.729248046875
"6282",1967-03-14,278.850341796875
"6283",1967-03-15,281.09423828125
"6284",1967-03-16,281.989013671875
"6285",1967-03-17,276.30810546875
"6286",1967-03-18,279.617431640625
"6287",1967-03-19,275.922607421875
"6288",1967-03-20,278.58837890625
"6289",1967-03-21,283.645751953125
"6290",1967-03-22,280.455322265625
"6291",1967-03-23,278.889404296875
"6292",1967-03-24,275.678466796875
"6293",1967-03-25,277.310302734375
"6294",1967-03-26,280.59033203125
"6295",1967-03-27,278.614990234375
"6296",1967-03-28,276.288818359375
"6297",1967-03-29,278.439208984375
"6298",1967-03-30,278.22802734375
"6299",1967-03-31,278.947021484375
"6300",1967-04-01,278.680908203125
"6301",1967-04-02,278.4287109375
"6302",1967-04-03,276.77978515625
"6303",1967-04-04,276.584228515625
"6304",1967-04-05,277.113037109375
"6305",1967-04-06,278.663330078125
"6306",1967-04-07,278.187255859375
"6307",1967-04-08,283.954345703125
"6308",1967-04-09,279.16943359375
"6309",1967-04-10,279.614501953125
"6310",1967-04-11,278.712158203125
"6311",1967-04-12,279.837646484375
"6312",1967-04-13,281.26513671875
"6313",1967-04-14,281.445556640625
"6314",1967-04-15,281.7421875
"6315",1967-04-16,283.474365234375
"6316",1967-04-17,284.54443359375
"6317",1967-04-18,279.391357421875
"6318",1967-04-19,279.320556640625
"6319",1967-04-20,280.138671875
"6320",1967-04-21,277.26904296875
"6321",1967-04-22,278.330078125
"6322",1967-04-23,279.957763671875
"6323",1967-04-24,282.310791015625
"6324",1967-04-25,283.339111328125
"6325",1967-04-26,285.033447265625
"6326",1967-04-27,284.794921875
"6327",1967-04-28,285.603759765625
"6328",1967-04-29,285.30859375
"6329",1967-04-30,281.91455078125
"6330",1967-05-01,279.583740234375
"6331",1967-05-02,280.315185546875
"6332",1967-05-03,280.511962890625
"6333",1967-05-04,282.20263671875
"6334",1967-05-05,284.14208984375
"6335",1967-05-06,281.999267578125
"6336",1967-05-07,280.98828125
"6337",1967-05-08,284.736083984375
"6338",1967-05-09,285.34521484375
"6339",1967-05-10,285.37451171875
"6340",1967-05-11,289.13818359375
"6341",1967-05-12,293.12939453125
"6342",1967-05-13,287.812255859375
"6343",1967-05-14,285.63720703125
"6344",1967-05-15,287.33740234375
"6345",1967-05-16,284.266845703125
"6346",1967-05-17,283.89404296875
"6347",1967-05-18,284.627685546875
"6348",1967-05-19,282.708251953125
"6349",1967-05-20,283.80029296875
"6350",1967-05-21,285.04345703125
"6351",1967-05-22,288.098876953125
"6352",1967-05-23,291.619384765625
"6353",1967-05-24,285.380615234375
"6354",1967-05-25,289.322998046875
"6355",1967-05-26,288.19189453125
"6356",1967-05-27,288.174072265625
"6357",1967-05-28,289.080810546875
"6358",1967-05-29,290.3935546875
"6359",1967-05-30,293.871826171875
"6360",1967-05-31,294.938720703125
"6361",1967-06-01,291.8623046875
"6362",1967-06-02,291.759765625
"6363",1967-06-03,289.6162109375
"6364",1967-06-04,287.42041015625
"6365",1967-06-05,289.58251953125
"6366",1967-06-06,286.249267578125
"6367",1967-06-07,286.212890625
"6368",1967-06-08,287.2802734375
"6369",1967-06-09,287.937255859375
"6370",1967-06-10,289.324951171875
"6371",1967-06-11,290.88427734375
"6372",1967-06-12,291.535888671875
"6373",1967-06-13,294.8779296875
"6374",1967-06-14,293.6943359375
"6375",1967-06-15,293.24169921875
"6376",1967-06-16,293.555419921875
"6377",1967-06-17,293.893798828125
"6378",1967-06-18,294.09912109375
"6379",1967-06-19,292.49755859375
"6380",1967-06-20,291.0078125
"6381",1967-06-21,290.443603515625
"6382",1967-06-22,288.2744140625
"6383",1967-06-23,288.51171875
"6384",1967-06-24,288.6728515625
"6385",1967-06-25,290.356689453125
"6386",1967-06-26,289.0908203125
"6387",1967-06-27,289.9423828125
"6388",1967-06-28,290.009521484375
"6389",1967-06-29,289.551513671875
"6390",1967-06-30,289.851318359375
"6391",1967-07-01,290.779541015625
"6392",1967-07-02,290.990234375
"6393",1967-07-03,291.0419921875
"6394",1967-07-04,287.283447265625
"6395",1967-07-05,290.33154296875
"6396",1967-07-06,291.115234375
"6397",1967-07-07,292.835693359375
"6398",1967-07-08,294.298095703125
"6399",1967-07-09,294.650634765625
"6400",1967-07-10,292.435546875
"6401",1967-07-11,291.650390625
"6402",1967-07-12,291.82421875
"6403",1967-07-13,292.701416015625
"6404",1967-07-14,292.547119140625
"6405",1967-07-15,294.34521484375
"6406",1967-07-16,294.24560546875
"6407",1967-07-17,295.37841796875
"6408",1967-07-18,296.778076171875
"6409",1967-07-19,294.906005859375
"6410",1967-07-20,292.320556640625
"6411",1967-07-21,291.886474609375
"6412",1967-07-22,290.69677734375
"6413",1967-07-23,292.055419921875
"6414",1967-07-24,293.239501953125
"6415",1967-07-25,290.597412109375
"6416",1967-07-26,290.22998046875
"6417",1967-07-27,291.88916015625
"6418",1967-07-28,291.594970703125
"6419",1967-07-29,291.390380859375
"6420",1967-07-30,291.213134765625
"6421",1967-07-31,291.67333984375
"6422",1967-08-01,293.029541015625
"6423",1967-08-02,297.653076171875
"6424",1967-08-03,293.31103515625
"6425",1967-08-04,290.89453125
"6426",1967-08-05,289.9306640625
"6427",1967-08-06,291.740966796875
"6428",1967-08-07,292.79833984375
"6429",1967-08-08,293.174072265625
"6430",1967-08-09,293.82958984375
"6431",1967-08-10,289.75830078125
"6432",1967-08-11,291.844482421875
"6433",1967-08-12,291.8583984375
"6434",1967-08-13,289.605224609375
"6435",1967-08-14,289.687744140625
"6436",1967-08-15,291.957275390625
"6437",1967-08-16,290.75732421875
"6438",1967-08-17,289.906494140625
"6439",1967-08-18,289.65283203125
"6440",1967-08-19,289.94580078125
"6441",1967-08-20,290.719482421875
"6442",1967-08-21,292.03125
"6443",1967-08-22,293.771240234375
"6444",1967-08-23,293.8642578125
"6445",1967-08-24,294.70849609375
"6446",1967-08-25,294.7919921875
"6447",1967-08-26,293.0849609375
"6448",1967-08-27,293.845703125
"6449",1967-08-28,293.982666015625
"6450",1967-08-29,291.876708984375
"6451",1967-08-30,290.3994140625
"6452",1967-08-31,289.347412109375
"6453",1967-09-01,289.567626953125
"6454",1967-09-02,289.198974609375
"6455",1967-09-03,287.881103515625
"6456",1967-09-04,290.15087890625
"6457",1967-09-05,290.774169921875
"6458",1967-09-06,288.840576171875
"6459",1967-09-07,288.72021484375
"6460",1967-09-08,289.0400390625
"6461",1967-09-09,290.33447265625
"6462",1967-09-10,289.864990234375
"6463",1967-09-11,290.549072265625
"6464",1967-09-12,292.5361328125
"6465",1967-09-13,292.2919921875
"6466",1967-09-14,292.095703125
"6467",1967-09-15,291.018310546875
"6468",1967-09-16,290.48291015625
"6469",1967-09-17,288.10888671875
"6470",1967-09-18,290.02978515625
"6471",1967-09-19,289.79541015625
"6472",1967-09-20,289.501708984375
"6473",1967-09-21,288.5888671875
"6474",1967-09-22,287.78369140625
"6475",1967-09-23,286.52685546875
"6476",1967-09-24,289.066162109375
"6477",1967-09-25,285.490478515625
"6478",1967-09-26,287.4130859375
"6479",1967-09-27,285.875244140625
"6480",1967-09-28,287.516357421875
"6481",1967-09-29,287.578857421875
"6482",1967-09-30,288.086181640625
"6483",1967-10-01,288.487548828125
"6484",1967-10-02,287.251708984375
"6485",1967-10-03,285.86572265625
"6486",1967-10-04,285.31884765625
"6487",1967-10-05,285.04833984375
"6488",1967-10-06,284.460205078125
"6489",1967-10-07,286.46826171875
"6490",1967-10-08,285.6708984375
"6491",1967-10-09,285.854736328125
"6492",1967-10-10,287.1083984375
"6493",1967-10-11,285.415283203125
"6494",1967-10-12,286.53076171875
"6495",1967-10-13,284.376220703125
"6496",1967-10-14,286.13671875
"6497",1967-10-15,285.65185546875
"6498",1967-10-16,284.6279296875
"6499",1967-10-17,276.848876953125
"6500",1967-10-18,279.296630859375
"6501",1967-10-19,280.89990234375
"6502",1967-10-20,283.19775390625
"6503",1967-10-21,284.823486328125
"6504",1967-10-22,284.8876953125
"6505",1967-10-23,282.62353515625
"6506",1967-10-24,283.548828125
"6507",1967-10-25,284.13427734375
"6508",1967-10-26,284.59912109375
"6509",1967-10-27,284.120849609375
"6510",1967-10-28,282.445556640625
"6511",1967-10-29,281.975341796875
"6512",1967-10-30,280.5703125
"6513",1967-10-31,280.64501953125
"6514",1967-11-01,280.46875
"6515",1967-11-02,281.33349609375
"6516",1967-11-03,282.500732421875
"6517",1967-11-04,282.50634765625
"6518",1967-11-05,281.613037109375
"6519",1967-11-06,282.020751953125
"6520",1967-11-07,282.2529296875
"6521",1967-11-08,282.21484375
"6522",1967-11-09,280.533935546875
"6523",1967-11-10,279.64404296875
"6524",1967-11-11,283.14599609375
"6525",1967-11-12,281.078857421875
"6526",1967-11-13,281.158447265625
"6527",1967-11-14,281.710205078125
"6528",1967-11-15,281.446533203125
"6529",1967-11-16,278.94677734375
"6530",1967-11-17,281.27099609375
"6531",1967-11-18,282.7998046875
"6532",1967-11-19,277.54638671875
"6533",1967-11-20,281.215087890625
"6534",1967-11-21,281.318359375
"6535",1967-11-22,283.05126953125
"6536",1967-11-23,280.5263671875
"6537",1967-11-24,279.537841796875
"6538",1967-11-25,279.16455078125
"6539",1967-11-26,275.640625
"6540",1967-11-27,275.145751953125
"6541",1967-11-28,274.944091796875
"6542",1967-11-29,276.2978515625
"6543",1967-11-30,280.669921875
"6544",1967-12-01,281.851806640625
"6545",1967-12-02,282.222412109375
"6546",1967-12-03,280.246826171875
"6547",1967-12-04,280.71435546875
"6548",1967-12-05,281.314453125
"6549",1967-12-06,276.525146484375
"6550",1967-12-07,270.93115234375
"6551",1967-12-08,268.40283203125
"6552",1967-12-09,266.4208984375
"6553",1967-12-10,267.25439453125
"6554",1967-12-11,273.5625
"6555",1967-12-12,273.99072265625
"6556",1967-12-13,272.748046875
"6557",1967-12-14,278.21484375
"6558",1967-12-15,280.162109375
"6559",1967-12-16,276.743896484375
"6560",1967-12-17,272.615966796875
"6561",1967-12-18,269.881591796875
"6562",1967-12-19,266.581298828125
"6563",1967-12-20,268.076416015625
"6564",1967-12-21,274.25390625
"6565",1967-12-22,273.701416015625
"6566",1967-12-23,274.2900390625
"6567",1967-12-24,270.8505859375
"6568",1967-12-25,269.133056640625
"6569",1967-12-26,267.704833984375
"6570",1967-12-27,274.396240234375
"6571",1967-12-28,276.4775390625
"6572",1967-12-29,271.80126953125
"6573",1967-12-30,268.53125
"6574",1967-12-31,268.079345703125
"6575",1968-01-01,269.52783203125
"6576",1968-01-02,266.3603515625
"6577",1968-01-03,266.8095703125
"6578",1968-01-04,268.07568359375
"6579",1968-01-05,268.4072265625
"6580",1968-01-06,266.098876953125
"6581",1968-01-07,261.64453125
"6582",1968-01-08,261.6171875
"6583",1968-01-09,263.699462890625
"6584",1968-01-10,266.053466796875
"6585",1968-01-11,262.52099609375
"6586",1968-01-12,264.00146484375
"6587",1968-01-13,274.1748046875
"6588",1968-01-14,273.201416015625
"6589",1968-01-15,274.8076171875
"6590",1968-01-16,271.58251953125
"6591",1968-01-17,270.788330078125
"6592",1968-01-18,269.8232421875
"6593",1968-01-19,274.479736328125
"6594",1968-01-20,277.158447265625
"6595",1968-01-21,276.34423828125
"6596",1968-01-22,275.8369140625
"6597",1968-01-23,275.919189453125
"6598",1968-01-24,274.69482421875
"6599",1968-01-25,276.62744140625
"6600",1968-01-26,271.896484375
"6601",1968-01-27,276.741455078125
"6602",1968-01-28,274.9189453125
"6603",1968-01-29,278.01123046875
"6604",1968-01-30,278.24755859375
"6605",1968-01-31,276.89404296875
"6606",1968-02-01,277.89208984375
"6607",1968-02-02,274.9130859375
"6608",1968-02-03,273.4716796875
"6609",1968-02-04,273.8115234375
"6610",1968-02-05,274.1123046875
"6611",1968-02-06,274.654296875
"6612",1968-02-07,274.12890625
"6613",1968-02-08,274.837890625
"6614",1968-02-09,274.131103515625
"6615",1968-02-10,272.15185546875
"6616",1968-02-11,270.090087890625
"6617",1968-02-12,272.979736328125
"6618",1968-02-13,274.86962890625
"6619",1968-02-14,274.141845703125
"6620",1968-02-15,274.668701171875
"6621",1968-02-16,268.9345703125
"6622",1968-02-17,269.968505859375
"6623",1968-02-18,269.521240234375
"6624",1968-02-19,270.39599609375
"6625",1968-02-20,270.333984375
"6626",1968-02-21,269.400146484375
"6627",1968-02-22,268.91748046875
"6628",1968-02-23,267.779541015625
"6629",1968-02-24,272.886962890625
"6630",1968-02-25,271.564208984375
"6631",1968-02-26,275.673095703125
"6632",1968-02-27,274.735107421875
"6633",1968-02-28,272.11181640625
"6634",1968-02-29,272.652587890625
"6635",1968-03-01,272.389892578125
"6636",1968-03-02,274.263671875
"6637",1968-03-03,272.659912109375
"6638",1968-03-04,276.5390625
"6639",1968-03-05,276.947265625
"6640",1968-03-06,275.823974609375
"6641",1968-03-07,273.40625
"6642",1968-03-08,276.052734375
"6643",1968-03-09,275.33154296875
"6644",1968-03-10,273.6064453125
"6645",1968-03-11,274.63671875
"6646",1968-03-12,274.9423828125
"6647",1968-03-13,279.221435546875
"6648",1968-03-14,276.3115234375
"6649",1968-03-15,274.173095703125
"6650",1968-03-16,273.364013671875
"6651",1968-03-17,276.728759765625
"6652",1968-03-18,276.406005859375
"6653",1968-03-19,276.7314453125
"6654",1968-03-20,277.965576171875
"6655",1968-03-21,277.60009765625
"6656",1968-03-22,277.304931640625
"6657",1968-03-23,277.666015625
"6658",1968-03-24,280.572509765625
"6659",1968-03-25,281.568115234375
"6660",1968-03-26,280.115234375
"6661",1968-03-27,280.763916015625
"6662",1968-03-28,282.3515625
"6663",1968-03-29,282.846923828125
"6664",1968-03-30,282.502197265625
"6665",1968-03-31,279.212646484375
"6666",1968-04-01,278.497802734375
"6667",1968-04-02,277.33349609375
"6668",1968-04-03,276.93115234375
"6669",1968-04-04,276.8603515625
"6670",1968-04-05,277.046630859375
"6671",1968-04-06,277.06640625
"6672",1968-04-07,275.873046875
"6673",1968-04-08,275.948486328125
"6674",1968-04-09,277.3134765625
"6675",1968-04-10,278.700439453125
"6676",1968-04-11,280.702392578125
"6677",1968-04-12,283.64111328125
"6678",1968-04-13,287.386962890625
"6679",1968-04-14,283.9833984375
"6680",1968-04-15,284.07666015625
"6681",1968-04-16,284.876708984375
"6682",1968-04-17,287.445556640625
"6683",1968-04-18,286.844970703125
"6684",1968-04-19,291.7060546875
"6685",1968-04-20,284.4755859375
"6686",1968-04-21,285.54150390625
"6687",1968-04-22,289.20947265625
"6688",1968-04-23,284.775634765625
"6689",1968-04-24,286.845947265625
"6690",1968-04-25,286.78857421875
"6691",1968-04-26,286.134033203125
"6692",1968-04-27,288.468994140625
"6693",1968-04-28,288.603515625
"6694",1968-04-29,289.361572265625
"6695",1968-04-30,289.336669921875
"6696",1968-05-01,283.302001953125
"6697",1968-05-02,284.302734375
"6698",1968-05-03,281.196044921875
"6699",1968-05-04,283.720458984375
"6700",1968-05-05,281.632568359375
"6701",1968-05-06,284.330322265625
"6702",1968-05-07,283.260498046875
"6703",1968-05-08,281.548095703125
"6704",1968-05-09,281.419677734375
"6705",1968-05-10,285.36181640625
"6706",1968-05-11,282.44482421875
"6707",1968-05-12,282.691650390625
"6708",1968-05-13,283.581298828125
"6709",1968-05-14,283.53271484375
"6710",1968-05-15,284.762451171875
"6711",1968-05-16,286.076171875
"6712",1968-05-17,281.965087890625
"6713",1968-05-18,282.151611328125
"6714",1968-05-19,281.22998046875
"6715",1968-05-20,285.231689453125
"6716",1968-05-21,284.9326171875
"6717",1968-05-22,286.864013671875
"6718",1968-05-23,286.157470703125
"6719",1968-05-24,287.76318359375
"6720",1968-05-25,287.858154296875
"6721",1968-05-26,287.46484375
"6722",1968-05-27,289.13232421875
"6723",1968-05-28,291.311767578125
"6724",1968-05-29,290.932861328125
"6725",1968-05-30,291.81396484375
"6726",1968-05-31,293.042724609375
"6727",1968-06-01,291.21826171875
"6728",1968-06-02,295.250244140625
"6729",1968-06-03,295.291015625
"6730",1968-06-04,291.4462890625
"6731",1968-06-05,295.24365234375
"6732",1968-06-06,288.56396484375
"6733",1968-06-07,288.1640625
"6734",1968-06-08,286.750732421875
"6735",1968-06-09,289.226318359375
"6736",1968-06-10,290.386474609375
"6737",1968-06-11,292.33447265625
"6738",1968-06-12,293.758056640625
"6739",1968-06-13,295.990966796875
"6740",1968-06-14,295.546142578125
"6741",1968-06-15,295.00390625
"6742",1968-06-16,297.2314453125
"6743",1968-06-17,297.2919921875
"6744",1968-06-18,297.55810546875
"6745",1968-06-19,293.52685546875
"6746",1968-06-20,294.362060546875
"6747",1968-06-21,290.427978515625
"6748",1968-06-22,289.64697265625
"6749",1968-06-23,291.588623046875
"6750",1968-06-24,289.626953125
"6751",1968-06-25,290.072998046875
"6752",1968-06-26,290.285400390625
"6753",1968-06-27,288.4794921875
"6754",1968-06-28,291.005615234375
"6755",1968-06-29,291.446044921875
"6756",1968-06-30,292.052001953125
"6757",1968-07-01,292.59033203125
"6758",1968-07-02,297.63134765625
"6759",1968-07-03,298.326171875
"6760",1968-07-04,290.269775390625
"6761",1968-07-05,289.851318359375
"6762",1968-07-06,291.51806640625
"6763",1968-07-07,288.27294921875
"6764",1968-07-08,289.52392578125
"6765",1968-07-09,289.172119140625
"6766",1968-07-10,289.8642578125
"6767",1968-07-11,290.703125
"6768",1968-07-12,289.5888671875
"6769",1968-07-13,289.296142578125
"6770",1968-07-14,290.9287109375
"6771",1968-07-15,292.68505859375
"6772",1968-07-16,291.78271484375
"6773",1968-07-17,291.697509765625
"6774",1968-07-18,292.52099609375
"6775",1968-07-19,292.492431640625
"6776",1968-07-20,290.18994140625
"6777",1968-07-21,293.40966796875
"6778",1968-07-22,291.0712890625
"6779",1968-07-23,292.453125
"6780",1968-07-24,293.18701171875
"6781",1968-07-25,292.323974609375
"6782",1968-07-26,293.885009765625
"6783",1968-07-27,294.92626953125
"6784",1968-07-28,293.760009765625
"6785",1968-07-29,295.0712890625
"6786",1968-07-30,296.402099609375
"6787",1968-07-31,292.012451171875
"6788",1968-08-01,294.23486328125
"6789",1968-08-02,295.772705078125
"6790",1968-08-03,295.93359375
"6791",1968-08-04,296.162109375
"6792",1968-08-05,296.7939453125
"6793",1968-08-06,297.22998046875
"6794",1968-08-07,297.177001953125
"6795",1968-08-08,298.306884765625
"6796",1968-08-09,296.884033203125
"6797",1968-08-10,294.86474609375
"6798",1968-08-11,291.77197265625
"6799",1968-08-12,291.72021484375
"6800",1968-08-13,291.20166015625
"6801",1968-08-14,288.953857421875
"6802",1968-08-15,290.554931640625
"6803",1968-08-16,289.20458984375
"6804",1968-08-17,289.259033203125
"6805",1968-08-18,287.377685546875
"6806",1968-08-19,290.9619140625
"6807",1968-08-20,292.209228515625
"6808",1968-08-21,289.142822265625
"6809",1968-08-22,294.7451171875
"6810",1968-08-23,295.762939453125
"6811",1968-08-24,297.094482421875
"6812",1968-08-25,297.3876953125
"6813",1968-08-26,297.21240234375
"6814",1968-08-27,296.572265625
"6815",1968-08-28,294.159912109375
"6816",1968-08-29,291.742919921875
"6817",1968-08-30,292.388427734375
"6818",1968-08-31,291.744873046875
"6819",1968-09-01,293.490478515625
"6820",1968-09-02,293.708984375
"6821",1968-09-03,294.27099609375
"6822",1968-09-04,296.63037109375
"6823",1968-09-05,294.46484375
"6824",1968-09-06,292.209716796875
"6825",1968-09-07,296.46142578125
"6826",1968-09-08,296.820068359375
"6827",1968-09-09,295.853515625
"6828",1968-09-10,294.4677734375
"6829",1968-09-11,293.27880859375
"6830",1968-09-12,291.48046875
"6831",1968-09-13,286.656494140625
"6832",1968-09-14,285.7294921875
"6833",1968-09-15,288.078125
"6834",1968-09-16,288.398193359375
"6835",1968-09-17,288.169921875
"6836",1968-09-18,286.857666015625
"6837",1968-09-19,287.67333984375
"6838",1968-09-20,287.248291015625
"6839",1968-09-21,287.961181640625
"6840",1968-09-22,287.8994140625
"6841",1968-09-23,286.38671875
"6842",1968-09-24,283.826416015625
"6843",1968-09-25,281.3232421875
"6844",1968-09-26,281.84521484375
"6845",1968-09-27,286.509765625
"6846",1968-09-28,285.609619140625
"6847",1968-09-29,287.7138671875
"6848",1968-09-30,286.81298828125
"6849",1968-10-01,285.502197265625
"6850",1968-10-02,284.63623046875
"6851",1968-10-03,286.83349609375
"6852",1968-10-04,286.617919921875
"6853",1968-10-05,281.040283203125
"6854",1968-10-06,278.243408203125
"6855",1968-10-07,280.261474609375
"6856",1968-10-08,282.736328125
"6857",1968-10-09,282.09765625
"6858",1968-10-10,280.248779296875
"6859",1968-10-11,280.3876953125
"6860",1968-10-12,286.63720703125
"6861",1968-10-13,286.312255859375
"6862",1968-10-14,286.909423828125
"6863",1968-10-15,281.552490234375
"6864",1968-10-16,281.876708984375
"6865",1968-10-17,281.379150390625
"6866",1968-10-18,279.806396484375
"6867",1968-10-19,279.95068359375
"6868",1968-10-20,284.54931640625
"6869",1968-10-21,286.74462890625
"6870",1968-10-22,286.44921875
"6871",1968-10-23,286.127197265625
"6872",1968-10-24,281.44140625
"6873",1968-10-25,281.82568359375
"6874",1968-10-26,284.5556640625
"6875",1968-10-27,281.616943359375
"6876",1968-10-28,282.9921875
"6877",1968-10-29,284.177978515625
"6878",1968-10-30,283.794921875
"6879",1968-10-31,283.296630859375
"6880",1968-11-01,274.81884765625
"6881",1968-11-02,275.125244140625
"6882",1968-11-03,274.87255859375
"6883",1968-11-04,273.044189453125
"6884",1968-11-05,273.830810546875
"6885",1968-11-06,272.863037109375
"6886",1968-11-07,272.507080078125
"6887",1968-11-08,273.065673828125
"6888",1968-11-09,273.315673828125
"6889",1968-11-10,274.279541015625
"6890",1968-11-11,274.87158203125
"6891",1968-11-12,271.76220703125
"6892",1968-11-13,271.928955078125
"6893",1968-11-14,273.23828125
"6894",1968-11-15,270.80810546875
"6895",1968-11-16,271.01123046875
"6896",1968-11-17,269.12548828125
"6897",1968-11-18,271.83203125
"6898",1968-11-19,273.069091796875
"6899",1968-11-20,275.208984375
"6900",1968-11-21,276.13916015625
"6901",1968-11-22,278.114501953125
"6902",1968-11-23,278.9931640625
"6903",1968-11-24,280.42236328125
"6904",1968-11-25,278.794921875
"6905",1968-11-26,281.353271484375
"6906",1968-11-27,279.69921875
"6907",1968-11-28,278.716796875
"6908",1968-11-29,276.123046875
"6909",1968-11-30,276.236083984375
"6910",1968-12-01,274.53955078125
"6911",1968-12-02,274.92626953125
"6912",1968-12-03,276.502685546875
"6913",1968-12-04,277.86328125
"6914",1968-12-05,277.162353515625
"6915",1968-12-06,276.7294921875
"6916",1968-12-07,274.234130859375
"6917",1968-12-08,274.903076171875
"6918",1968-12-09,273.28076171875
"6919",1968-12-10,272.606201171875
"6920",1968-12-11,273.6455078125
"6921",1968-12-12,273.921142578125
"6922",1968-12-13,275.49853515625
"6923",1968-12-14,271.156494140625
"6924",1968-12-15,272.385009765625
"6925",1968-12-16,273.528564453125
"6926",1968-12-17,274.838134765625
"6927",1968-12-18,274.47509765625
"6928",1968-12-19,273.858642578125
"6929",1968-12-20,275.40283203125
"6930",1968-12-21,275.646484375
"6931",1968-12-22,275.10791015625
"6932",1968-12-23,275.560302734375
"6933",1968-12-24,274.8212890625
"6934",1968-12-25,273.642578125
"6935",1968-12-26,271.268798828125
"6936",1968-12-27,268.761962890625
"6937",1968-12-28,269.140869140625
"6938",1968-12-29,270.51171875
"6939",1968-12-30,273.177490234375
"6940",1968-12-31,267.68994140625
"6941",1969-01-01,269.11572265625
"6942",1969-01-02,271.858154296875
"6943",1969-01-03,274.46484375
"6944",1969-01-04,273.572998046875
"6945",1969-01-05,273.075927734375
"6946",1969-01-06,272.159423828125
"6947",1969-01-07,267.430908203125
"6948",1969-01-08,269.48095703125
"6949",1969-01-09,270.044677734375
"6950",1969-01-10,269.567626953125
"6951",1969-01-11,269.44970703125
"6952",1969-01-12,269.438232421875
"6953",1969-01-13,271.425537109375
"6954",1969-01-14,274.841552734375
"6955",1969-01-15,274.930908203125
"6956",1969-01-16,274.916015625
"6957",1969-01-17,275.174560546875
"6958",1969-01-18,274.778076171875
"6959",1969-01-19,274.039794921875
"6960",1969-01-20,273.66162109375
"6961",1969-01-21,273.400146484375
"6962",1969-01-22,272.448974609375
"6963",1969-01-23,271.968017578125
"6964",1969-01-24,270.855224609375
"6965",1969-01-25,270.577880859375
"6966",1969-01-26,276.385986328125
"6967",1969-01-27,275.763427734375
"6968",1969-01-28,275.941650390625
"6969",1969-01-29,274.74267578125
"6970",1969-01-30,276.777099609375
"6971",1969-01-31,276.338623046875
"6972",1969-02-01,274.09423828125
"6973",1969-02-02,272.35107421875
"6974",1969-02-03,269.52294921875
"6975",1969-02-04,269.765869140625
"6976",1969-02-05,274.473388671875
"6977",1969-02-06,275.61865234375
"6978",1969-02-07,273.787353515625
"6979",1969-02-08,271.53662109375
"6980",1969-02-09,271.027587890625
"6981",1969-02-10,271.19482421875
"6982",1969-02-11,264.325927734375
"6983",1969-02-12,263.265869140625
"6984",1969-02-13,260.04345703125
"6985",1969-02-14,259.320556640625
"6986",1969-02-15,268.173828125
"6987",1969-02-16,265.578369140625
"6988",1969-02-17,266.495361328125
"6989",1969-02-18,269.283203125
"6990",1969-02-19,268.20166015625
"6991",1969-02-20,266.487060546875
"6992",1969-02-21,266.2763671875
"6993",1969-02-22,271.40576171875
"6994",1969-02-23,273.7314453125
"6995",1969-02-24,272.099609375
"6996",1969-02-25,269.593017578125
"6997",1969-02-26,267.184326171875
"6998",1969-02-27,270.468017578125
"6999",1969-02-28,271.904052734375
"7000",1969-03-01,271.4267578125
"7001",1969-03-02,270.548095703125
"7002",1969-03-03,270.057373046875
"7003",1969-03-04,273.77734375
"7004",1969-03-05,276.65478515625
"7005",1969-03-06,278.040283203125
"7006",1969-03-07,272.876220703125
"7007",1969-03-08,275.97705078125
"7008",1969-03-09,271.966552734375
"7009",1969-03-10,274.58837890625
"7010",1969-03-11,274.22900390625
"7011",1969-03-12,271.6025390625
"7012",1969-03-13,272.079833984375
"7013",1969-03-14,271.25732421875
"7014",1969-03-15,272.753173828125
"7015",1969-03-16,272.835693359375
"7016",1969-03-17,271.3525390625
"7017",1969-03-18,272.35107421875
"7018",1969-03-19,273.82080078125
"7019",1969-03-20,274.742431640625
"7020",1969-03-21,274.5205078125
"7021",1969-03-22,274.0400390625
"7022",1969-03-23,274.682373046875
"7023",1969-03-24,275.866455078125
"7024",1969-03-25,274.88916015625
"7025",1969-03-26,276.61962890625
"7026",1969-03-27,277.622802734375
"7027",1969-03-28,276.29736328125
"7028",1969-03-29,276.3125
"7029",1969-03-30,275.601318359375
"7030",1969-03-31,277.3330078125
"7031",1969-04-01,276.91796875
"7032",1969-04-02,277.814208984375
"7033",1969-04-03,280.465087890625
"7034",1969-04-04,281.55419921875
"7035",1969-04-05,280.592041015625
"7036",1969-04-06,281.9169921875
"7037",1969-04-07,285.25439453125
"7038",1969-04-08,280.8583984375
"7039",1969-04-09,281.821533203125
"7040",1969-04-10,280.119140625
"7041",1969-04-11,281.296875
"7042",1969-04-12,278.083740234375
"7043",1969-04-13,278.2041015625
"7044",1969-04-14,279.720947265625
"7045",1969-04-15,278.031982421875
"7046",1969-04-16,279.277587890625
"7047",1969-04-17,279.981689453125
"7048",1969-04-18,279.09814453125
"7049",1969-04-19,279.11328125
"7050",1969-04-20,277.1396484375
"7051",1969-04-21,279.112548828125
"7052",1969-04-22,279.397216796875
"7053",1969-04-23,285.4833984375
"7054",1969-04-24,285.500732421875
"7055",1969-04-25,280.33349609375
"7056",1969-04-26,284.49169921875
"7057",1969-04-27,281.892822265625
"7058",1969-04-28,281.80029296875
"7059",1969-04-29,279.917724609375
"7060",1969-04-30,280.861572265625
"7061",1969-05-01,282.282958984375
"7062",1969-05-02,278.386474609375
"7063",1969-05-03,279.890380859375
"7064",1969-05-04,284.982177734375
"7065",1969-05-05,283.510986328125
"7066",1969-05-06,288.474609375
"7067",1969-05-07,289.24169921875
"7068",1969-05-08,284.09033203125
"7069",1969-05-09,284.330078125
"7070",1969-05-10,286.0537109375
"7071",1969-05-11,284.478515625
"7072",1969-05-12,286.980224609375
"7073",1969-05-13,284.46630859375
"7074",1969-05-14,288.048828125
"7075",1969-05-15,287.010986328125
"7076",1969-05-16,283.24365234375
"7077",1969-05-17,284.609619140625
"7078",1969-05-18,285.685791015625
"7079",1969-05-19,282.5341796875
"7080",1969-05-20,286.728271484375
"7081",1969-05-21,284.291015625
"7082",1969-05-22,285.738037109375
"7083",1969-05-23,288.238037109375
"7084",1969-05-24,290.28271484375
"7085",1969-05-25,291.455078125
"7086",1969-05-26,290.813720703125
"7087",1969-05-27,292.366943359375
"7088",1969-05-28,291.122802734375
"7089",1969-05-29,288.10546875
"7090",1969-05-30,289.10595703125
"7091",1969-05-31,289.969970703125
"7092",1969-06-01,286.949951171875
"7093",1969-06-02,285.509521484375
"7094",1969-06-03,286.240234375
"7095",1969-06-04,286.988037109375
"7096",1969-06-05,287.161376953125
"7097",1969-06-06,288.76416015625
"7098",1969-06-07,289.1162109375
"7099",1969-06-08,293.05859375
"7100",1969-06-09,294.736572265625
"7101",1969-06-10,294.78662109375
"7102",1969-06-11,296.52880859375
"7103",1969-06-12,294.7529296875
"7104",1969-06-13,294.76611328125
"7105",1969-06-14,293.80908203125
"7106",1969-06-15,297.02587890625
"7107",1969-06-16,297.3642578125
"7108",1969-06-17,296.95947265625
"7109",1969-06-18,296.038330078125
"7110",1969-06-19,298.369140625
"7111",1969-06-20,296.070068359375
"7112",1969-06-21,296.9140625
"7113",1969-06-22,297.5849609375
"7114",1969-06-23,295.185791015625
"7115",1969-06-24,299.702392578125
"7116",1969-06-25,297.212890625
"7117",1969-06-26,292.10400390625
"7118",1969-06-27,293.444580078125
"7119",1969-06-28,291.42578125
"7120",1969-06-29,293.573486328125
"7121",1969-06-30,293.625732421875
"7122",1969-07-01,292.404541015625
"7123",1969-07-02,292.965087890625
"7124",1969-07-03,292.223388671875
"7125",1969-07-04,290.281494140625
"7126",1969-07-05,290.251220703125
"7127",1969-07-06,289.44580078125
"7128",1969-07-07,289.080078125
"7129",1969-07-08,288.76318359375
"7130",1969-07-09,289.3564453125
"7131",1969-07-10,290.72216796875
"7132",1969-07-11,289.63427734375
"7133",1969-07-12,292.39892578125
"7134",1969-07-13,293.9677734375
"7135",1969-07-14,292.997314453125
"7136",1969-07-15,294.831298828125
"7137",1969-07-16,294.130859375
"7138",1969-07-17,295.594482421875
"7139",1969-07-18,292.67236328125
"7140",1969-07-19,288.317138671875
"7141",1969-07-20,292.947998046875
"7142",1969-07-21,292.450439453125
"7143",1969-07-22,293.43798828125
"7144",1969-07-23,293.255859375
"7145",1969-07-24,292.84716796875
"7146",1969-07-25,294.039306640625
"7147",1969-07-26,295.585693359375
"7148",1969-07-27,294.296875
"7149",1969-07-28,293.922119140625
"7150",1969-07-29,300.265380859375
"7151",1969-07-30,299.41796875
"7152",1969-07-31,300.461181640625
"7153",1969-08-01,301.47900390625
"7154",1969-08-02,301.105712890625
"7155",1969-08-03,297.8662109375
"7156",1969-08-04,296.360595703125
"7157",1969-08-05,297.68994140625
"7158",1969-08-06,297.29443359375
"7159",1969-08-07,298.3330078125
"7160",1969-08-08,299.525634765625
"7161",1969-08-09,297.62451171875
"7162",1969-08-10,295.26220703125
"7163",1969-08-11,297.25927734375
"7164",1969-08-12,297.450439453125
"7165",1969-08-13,297.6015625
"7166",1969-08-14,296.05712890625
"7167",1969-08-15,295.27734375
"7168",1969-08-16,295.70068359375
"7169",1969-08-17,295.923583984375
"7170",1969-08-18,296.22900390625
"7171",1969-08-19,294.22412109375
"7172",1969-08-20,292.6875
"7173",1969-08-21,290.62451171875
"7174",1969-08-22,288.7802734375
"7175",1969-08-23,290.444580078125
"7176",1969-08-24,290.79931640625
"7177",1969-08-25,291.364013671875
"7178",1969-08-26,291.492919921875
"7179",1969-08-27,287.985107421875
"7180",1969-08-28,289.85205078125
"7181",1969-08-29,293.7724609375
"7182",1969-08-30,293.454833984375
"7183",1969-08-31,293.5361328125
"7184",1969-09-01,291.52392578125
"7185",1969-09-02,291.4765625
"7186",1969-09-03,290.7880859375
"7187",1969-09-04,289.376953125
"7188",1969-09-05,293.158447265625
"7189",1969-09-06,293.7490234375
"7190",1969-09-07,292.250244140625
"7191",1969-09-08,291.905029296875
"7192",1969-09-09,290.61962890625
"7193",1969-09-10,292.977783203125
"7194",1969-09-11,291.3203125
"7195",1969-09-12,293.05224609375
"7196",1969-09-13,290.173095703125
"7197",1969-09-14,290.496826171875
"7198",1969-09-15,291.84716796875
"7199",1969-09-16,290.205078125
"7200",1969-09-17,290.255615234375
"7201",1969-09-18,288.158935546875
"7202",1969-09-19,289.67919921875
"7203",1969-09-20,287.271728515625
"7204",1969-09-21,287.432861328125
"7205",1969-09-22,287.917724609375
"7206",1969-09-23,288.7314453125
"7207",1969-09-24,288.47998046875
"7208",1969-09-25,288.386962890625
"7209",1969-09-26,286.95751953125
"7210",1969-09-27,285.3447265625
"7211",1969-09-28,284.404541015625
"7212",1969-09-29,285.110595703125
"7213",1969-09-30,283.498046875
"7214",1969-10-01,281.483642578125
"7215",1969-10-02,282.12890625
"7216",1969-10-03,284.38671875
"7217",1969-10-04,286.763671875
"7218",1969-10-05,287.7548828125
"7219",1969-10-06,285.585205078125
"7220",1969-10-07,287.083740234375
"7221",1969-10-08,286.1689453125
"7222",1969-10-09,289.0263671875
"7223",1969-10-10,287.73388671875
"7224",1969-10-11,285.9384765625
"7225",1969-10-12,284.29345703125
"7226",1969-10-13,284.17626953125
"7227",1969-10-14,283.3525390625
"7228",1969-10-15,285.528564453125
"7229",1969-10-16,287.383544921875
"7230",1969-10-17,286.767822265625
"7231",1969-10-18,285.982177734375
"7232",1969-10-19,283.2958984375
"7233",1969-10-20,282.214111328125
"7234",1969-10-21,283.46875
"7235",1969-10-22,284.250732421875
"7236",1969-10-23,281.110595703125
"7237",1969-10-24,283.125244140625
"7238",1969-10-25,284.581787109375
"7239",1969-10-26,284.552978515625
"7240",1969-10-27,286.056884765625
"7241",1969-10-28,283.7109375
"7242",1969-10-29,284.155517578125
"7243",1969-10-30,281.805908203125
"7244",1969-10-31,282.712646484375
"7245",1969-11-01,283.940185546875
"7246",1969-11-02,279.86279296875
"7247",1969-11-03,282.25146484375
"7248",1969-11-04,278.91796875
"7249",1969-11-05,275.99951171875
"7250",1969-11-06,280.808349609375
"7251",1969-11-07,281.12890625
"7252",1969-11-08,280.120849609375
"7253",1969-11-09,279.79443359375
"7254",1969-11-10,278.690673828125
"7255",1969-11-11,280.854248046875
"7256",1969-11-12,284.037353515625
"7257",1969-11-13,280.9619140625
"7258",1969-11-14,280.05224609375
"7259",1969-11-15,279.565185546875
"7260",1969-11-16,280.34912109375
"7261",1969-11-17,278.54248046875
"7262",1969-11-18,277.556640625
"7263",1969-11-19,278.87890625
"7264",1969-11-20,278.23046875
"7265",1969-11-21,277.15283203125
"7266",1969-11-22,273.387451171875
"7267",1969-11-23,274.521728515625
"7268",1969-11-24,268.912841796875
"7269",1969-11-25,266.7685546875
"7270",1969-11-26,263.577880859375
"7271",1969-11-27,275.5341796875
"7272",1969-11-28,273.22509765625
"7273",1969-11-29,269.39892578125
"7274",1969-11-30,271.31005859375
"7275",1969-12-01,278.5810546875
"7276",1969-12-02,277.082275390625
"7277",1969-12-03,272.279296875
"7278",1969-12-04,267.94482421875
"7279",1969-12-05,266.71484375
"7280",1969-12-06,265.169677734375
"7281",1969-12-07,272.709716796875
"7282",1969-12-08,273.78759765625
"7283",1969-12-09,276.17138671875
"7284",1969-12-10,276.133056640625
"7285",1969-12-11,274.854736328125
"7286",1969-12-12,274.7802734375
"7287",1969-12-13,273.189208984375
"7288",1969-12-14,272.771728515625
"7289",1969-12-15,273.6103515625
"7290",1969-12-16,271.652099609375
"7291",1969-12-17,271.736572265625
"7292",1969-12-18,270.067138671875
"7293",1969-12-19,268.057861328125
"7294",1969-12-20,265.506591796875
"7295",1969-12-21,265.843505859375
"7296",1969-12-22,269.824462890625
"7297",1969-12-23,271.2119140625
"7298",1969-12-24,271.360107421875
"7299",1969-12-25,271.402099609375
"7300",1969-12-26,273.174072265625
"7301",1969-12-27,275.34912109375
"7302",1969-12-28,276.670166015625
"7303",1969-12-29,275.540283203125
"7304",1969-12-30,271.47216796875
"7305",1969-12-31,272.857666015625
"7306",1970-01-01,274.769775390625
"7307",1970-01-02,274.28662109375
"7308",1970-01-03,273.057861328125
"7309",1970-01-04,272.53564453125
"7310",1970-01-05,263.89990234375
"7311",1970-01-06,262.377685546875
"7312",1970-01-07,270.874755859375
"7313",1970-01-08,271.58056640625
"7314",1970-01-09,269.89208984375
"7315",1970-01-10,271.227294921875
"7316",1970-01-11,270.333251953125
"7317",1970-01-12,273.515869140625
"7318",1970-01-13,273.48193359375
"7319",1970-01-14,271.257568359375
"7320",1970-01-15,265.901123046875
"7321",1970-01-16,263.41796875
"7322",1970-01-17,268.61181640625
"7323",1970-01-18,268.328125
"7324",1970-01-19,266.299560546875
"7325",1970-01-20,269.843017578125
"7326",1970-01-21,271.112548828125
"7327",1970-01-22,270.6298828125
"7328",1970-01-23,270.22607421875
"7329",1970-01-24,271.8125
"7330",1970-01-25,271.6572265625
"7331",1970-01-26,271.11865234375
"7332",1970-01-27,270.78564453125
"7333",1970-01-28,268.425537109375
"7334",1970-01-29,266.6787109375
"7335",1970-01-30,269.829345703125
"7336",1970-01-31,270.730712890625
"7337",1970-02-01,272.25634765625
"7338",1970-02-02,268.821044921875
"7339",1970-02-03,270.479736328125
"7340",1970-02-04,269.934814453125
"7341",1970-02-05,266.900390625
"7342",1970-02-06,268.442138671875
"7343",1970-02-07,272.946044921875
"7344",1970-02-08,272.306396484375
"7345",1970-02-09,268.88037109375
"7346",1970-02-10,263.898681640625
"7347",1970-02-11,262.545166015625
"7348",1970-02-12,268.857666015625
"7349",1970-02-13,265.479248046875
"7350",1970-02-14,263.0029296875
"7351",1970-02-15,267.321533203125
"7352",1970-02-16,259.927978515625
"7353",1970-02-17,266.964111328125
"7354",1970-02-18,264.4287109375
"7355",1970-02-19,268.869384765625
"7356",1970-02-20,269.1904296875
"7357",1970-02-21,270.404541015625
"7358",1970-02-22,271.814453125
"7359",1970-02-23,269.012939453125
"7360",1970-02-24,265.35791015625
"7361",1970-02-25,265.382568359375
"7362",1970-02-26,268.314208984375
"7363",1970-02-27,268.34912109375
"7364",1970-02-28,273.63916015625
"7365",1970-03-01,277.184326171875
"7366",1970-03-02,271.843505859375
"7367",1970-03-03,271.887451171875
"7368",1970-03-04,274.525146484375
"7369",1970-03-05,272.814453125
"7370",1970-03-06,275.105224609375
"7371",1970-03-07,274.263671875
"7372",1970-03-08,272.380615234375
"7373",1970-03-09,272.2509765625
"7374",1970-03-10,272.9052734375
"7375",1970-03-11,273.52392578125
"7376",1970-03-12,273.099365234375
"7377",1970-03-13,273.808837890625
"7378",1970-03-14,274.00244140625
"7379",1970-03-15,275.950439453125
"7380",1970-03-16,276.306396484375
"7381",1970-03-17,277.962890625
"7382",1970-03-18,276.795654296875
"7383",1970-03-19,277.5009765625
"7384",1970-03-20,276.814208984375
"7385",1970-03-21,277.615966796875
"7386",1970-03-22,275.2900390625
"7387",1970-03-23,275.57177734375
"7388",1970-03-24,276.477783203125
"7389",1970-03-25,274.02685546875
"7390",1970-03-26,273.982421875
"7391",1970-03-27,272.91162109375
"7392",1970-03-28,272.130615234375
"7393",1970-03-29,275.944091796875
"7394",1970-03-30,275.321533203125
"7395",1970-03-31,274.8310546875
"7396",1970-04-01,272.74658203125
"7397",1970-04-02,274.80078125
"7398",1970-04-03,275.28515625
"7399",1970-04-04,275.4609375
"7400",1970-04-05,274.103515625
"7401",1970-04-06,275.689453125
"7402",1970-04-07,276.220947265625
"7403",1970-04-08,276.67333984375
"7404",1970-04-09,277.92041015625
"7405",1970-04-10,277.331298828125
"7406",1970-04-11,279.787109375
"7407",1970-04-12,279.712646484375
"7408",1970-04-13,278.28759765625
"7409",1970-04-14,281.254150390625
"7410",1970-04-15,277.26953125
"7411",1970-04-16,278.07568359375
"7412",1970-04-17,279.040283203125
"7413",1970-04-18,280.6796875
"7414",1970-04-19,279.857177734375
"7415",1970-04-20,280.402587890625
"7416",1970-04-21,278.174072265625
"7417",1970-04-22,281.818603515625
"7418",1970-04-23,279.547119140625
"7419",1970-04-24,282.53955078125
"7420",1970-04-25,281.855712890625
"7421",1970-04-26,279.698486328125
"7422",1970-04-27,279.938232421875
"7423",1970-04-28,280.615234375
"7424",1970-04-29,280.562255859375
"7425",1970-04-30,283.27783203125
"7426",1970-05-01,285.510498046875
"7427",1970-05-02,284.570068359375
"7428",1970-05-03,287.054443359375
"7429",1970-05-04,282.37939453125
"7430",1970-05-05,285.833251953125
"7431",1970-05-06,290.599365234375
"7432",1970-05-07,288.769775390625
"7433",1970-05-08,289.350341796875
"7434",1970-05-09,290.959228515625
"7435",1970-05-10,292.79931640625
"7436",1970-05-11,293.548095703125
"7437",1970-05-12,292.279296875
"7438",1970-05-13,290.935546875
"7439",1970-05-14,292.41845703125
"7440",1970-05-15,289.31396484375
"7441",1970-05-16,285.13525390625
"7442",1970-05-17,286.071533203125
"7443",1970-05-18,286.646484375
"7444",1970-05-19,286.84912109375
"7445",1970-05-20,286.609375
"7446",1970-05-21,284.30712890625
"7447",1970-05-22,284.38330078125
"7448",1970-05-23,285.35400390625
"7449",1970-05-24,285.322998046875
"7450",1970-05-25,286.339599609375
"7451",1970-05-26,287.309326171875
"7452",1970-05-27,292.233154296875
"7453",1970-05-28,289.2451171875
"7454",1970-05-29,288.0029296875
"7455",1970-05-30,289.67138671875
"7456",1970-05-31,289.04736328125
"7457",1970-06-01,288.1962890625
"7458",1970-06-02,289.17724609375
"7459",1970-06-03,292.59521484375
"7460",1970-06-04,295.280517578125
"7461",1970-06-05,295.885986328125
"7462",1970-06-06,297.251220703125
"7463",1970-06-07,297.09130859375
"7464",1970-06-08,299.06298828125
"7465",1970-06-09,299.95068359375
"7466",1970-06-10,298.001708984375
"7467",1970-06-11,297.58984375
"7468",1970-06-12,289.052978515625
"7469",1970-06-13,293.4150390625
"7470",1970-06-14,292.68115234375
"7471",1970-06-15,292.2197265625
"7472",1970-06-16,292.836669921875
"7473",1970-06-17,295.68701171875
"7474",1970-06-18,299.161865234375
"7475",1970-06-19,299.7666015625
"7476",1970-06-20,298.546142578125
"7477",1970-06-21,298.34765625
"7478",1970-06-22,297.46484375
"7479",1970-06-23,296.5126953125
"7480",1970-06-24,293.170654296875
"7481",1970-06-25,290.105712890625
"7482",1970-06-26,291.590087890625
"7483",1970-06-27,291.579345703125
"7484",1970-06-28,296.89892578125
"7485",1970-06-29,289.751953125
"7486",1970-06-30,291.07666015625
"7487",1970-07-01,289.345947265625
"7488",1970-07-02,288.883544921875
"7489",1970-07-03,289.53759765625
"7490",1970-07-04,291.6669921875
"7491",1970-07-05,291.47705078125
"7492",1970-07-06,290.07177734375
"7493",1970-07-07,292.017578125
"7494",1970-07-08,294.45458984375
"7495",1970-07-09,300.44921875
"7496",1970-07-10,291.087646484375
"7497",1970-07-11,288.88232421875
"7498",1970-07-12,290.105712890625
"7499",1970-07-13,289.5390625
"7500",1970-07-14,289.0625
"7501",1970-07-15,292.454833984375
"7502",1970-07-16,290.18505859375
"7503",1970-07-17,291.2373046875
"7504",1970-07-18,289.100830078125
"7505",1970-07-19,290.132080078125
"7506",1970-07-20,290.21630859375
"7507",1970-07-21,288.986328125
"7508",1970-07-22,289.239501953125
"7509",1970-07-23,289.9033203125
"7510",1970-07-24,290.2099609375
"7511",1970-07-25,292.46240234375
"7512",1970-07-26,291.74072265625
"7513",1970-07-27,289.359130859375
"7514",1970-07-28,287.820068359375
"7515",1970-07-29,290.667724609375
"7516",1970-07-30,290.14599609375
"7517",1970-07-31,291.99365234375
"7518",1970-08-01,293.6845703125
"7519",1970-08-02,296.424560546875
"7520",1970-08-03,296.710693359375
"7521",1970-08-04,296.142333984375
"7522",1970-08-05,293.2490234375
"7523",1970-08-06,294.9013671875
"7524",1970-08-07,293.5751953125
"7525",1970-08-08,292.77978515625
"7526",1970-08-09,293.873779296875
"7527",1970-08-10,291.10107421875
"7528",1970-08-11,291.861083984375
"7529",1970-08-12,291.417236328125
"7530",1970-08-13,292.43115234375
"7531",1970-08-14,294.222412109375
"7532",1970-08-15,290.883544921875
"7533",1970-08-16,291.900146484375
"7534",1970-08-17,287.750244140625
"7535",1970-08-18,288.377685546875
"7536",1970-08-19,290.449951171875
"7537",1970-08-20,293.123779296875
"7538",1970-08-21,293.701416015625
"7539",1970-08-22,295.493408203125
"7540",1970-08-23,295.133056640625
"7541",1970-08-24,293.83837890625
"7542",1970-08-25,293.67236328125
"7543",1970-08-26,294.030029296875
"7544",1970-08-27,289.694580078125
"7545",1970-08-28,292.343994140625
"7546",1970-08-29,292.91943359375
"7547",1970-08-30,292.02490234375
"7548",1970-08-31,291.873291015625
"7549",1970-09-01,290.259521484375
"7550",1970-09-02,289.8935546875
"7551",1970-09-03,287.615478515625
"7552",1970-09-04,287.907958984375
"7553",1970-09-05,288.908203125
"7554",1970-09-06,288.9970703125
"7555",1970-09-07,286.040771484375
"7556",1970-09-08,288.365478515625
"7557",1970-09-09,288.7021484375
"7558",1970-09-10,289.70263671875
"7559",1970-09-11,288.478271484375
"7560",1970-09-12,288.673828125
"7561",1970-09-13,287.2353515625
"7562",1970-09-14,287.047607421875
"7563",1970-09-15,287.3408203125
"7564",1970-09-16,285.791748046875
"7565",1970-09-17,288.388916015625
"7566",1970-09-18,289.6708984375
"7567",1970-09-19,289.472900390625
"7568",1970-09-20,287.947998046875
"7569",1970-09-21,287.613037109375
"7570",1970-09-22,285.76611328125
"7571",1970-09-23,285.151611328125
"7572",1970-09-24,284.769287109375
"7573",1970-09-25,283.58447265625
"7574",1970-09-26,283.382568359375
"7575",1970-09-27,284.864501953125
"7576",1970-09-28,285.961669921875
"7577",1970-09-29,287.220703125
"7578",1970-09-30,285.688720703125
"7579",1970-10-01,285.920654296875
"7580",1970-10-02,282.041015625
"7581",1970-10-03,283.7392578125
"7582",1970-10-04,282.867431640625
"7583",1970-10-05,285.66943359375
"7584",1970-10-06,286.485107421875
"7585",1970-10-07,284.860595703125
"7586",1970-10-08,286.6650390625
"7587",1970-10-09,286.2490234375
"7588",1970-10-10,285.841796875
"7589",1970-10-11,287.059814453125
"7590",1970-10-12,285.300048828125
"7591",1970-10-13,285.477294921875
"7592",1970-10-14,284.34912109375
"7593",1970-10-15,283.488037109375
"7594",1970-10-16,283.596923828125
"7595",1970-10-17,284.60693359375
"7596",1970-10-18,284.62890625
"7597",1970-10-19,284.81103515625
"7598",1970-10-20,284.9296875
"7599",1970-10-21,283.229248046875
"7600",1970-10-22,280.64208984375
"7601",1970-10-23,281.73095703125
"7602",1970-10-24,285.316650390625
"7603",1970-10-25,284.57275390625
"7604",1970-10-26,280.320556640625
"7605",1970-10-27,278.973876953125
"7606",1970-10-28,275.15380859375
"7607",1970-10-29,277.9951171875
"7608",1970-10-30,281.68994140625
"7609",1970-10-31,277.062255859375
"7610",1970-11-01,274.916748046875
"7611",1970-11-02,276.298095703125
"7612",1970-11-03,274.137451171875
"7613",1970-11-04,278.963134765625
"7614",1970-11-05,274.722412109375
"7615",1970-11-06,272.457763671875
"7616",1970-11-07,276.26318359375
"7617",1970-11-08,277.1875
"7618",1970-11-09,278.420166015625
"7619",1970-11-10,269.21044921875
"7620",1970-11-11,274.638916015625
"7621",1970-11-12,274.648681640625
"7622",1970-11-13,276.950927734375
"7623",1970-11-14,278.189453125
"7624",1970-11-15,276.22607421875
"7625",1970-11-16,277.12060546875
"7626",1970-11-17,276.652099609375
"7627",1970-11-18,276.6826171875
"7628",1970-11-19,281.599853515625
"7629",1970-11-20,281.622314453125
"7630",1970-11-21,278.739013671875
"7631",1970-11-22,279.291015625
"7632",1970-11-23,277.731689453125
"7633",1970-11-24,280.839599609375
"7634",1970-11-25,281.329833984375
"7635",1970-11-26,280.03125
"7636",1970-11-27,277.724853515625
"7637",1970-11-28,279.637451171875
"7638",1970-11-29,278.04150390625
"7639",1970-11-30,272.678955078125
"7640",1970-12-01,274.400146484375
"7641",1970-12-02,277.97216796875
"7642",1970-12-03,275.163818359375
"7643",1970-12-04,276.3291015625
"7644",1970-12-05,278.721923828125
"7645",1970-12-06,279.517578125
"7646",1970-12-07,278.4228515625
"7647",1970-12-08,279.7890625
"7648",1970-12-09,279.75732421875
"7649",1970-12-10,279.2783203125
"7650",1970-12-11,275.28759765625
"7651",1970-12-12,278.602783203125
"7652",1970-12-13,279.087646484375
"7653",1970-12-14,277.077880859375
"7654",1970-12-15,274.555419921875
"7655",1970-12-16,277.6787109375
"7656",1970-12-17,279.210205078125
"7657",1970-12-18,278.50927734375
"7658",1970-12-19,280.17822265625
"7659",1970-12-20,280.64453125
"7660",1970-12-21,274.768798828125
"7661",1970-12-22,272.79345703125
"7662",1970-12-23,272.320068359375
"7663",1970-12-24,269.483642578125
"7664",1970-12-25,271.37255859375
"7665",1970-12-26,269.718994140625
"7666",1970-12-27,271.54345703125
"7667",1970-12-28,271.566162109375
"7668",1970-12-29,271.023681640625
"7669",1970-12-30,268.994384765625
"7670",1970-12-31,266.063720703125
"7671",1971-01-01,265.128662109375
"7672",1971-01-02,272.966796875
"7673",1971-01-03,273.93017578125
"7674",1971-01-04,277.3203125
"7675",1971-01-05,273.5546875
"7676",1971-01-06,270.603271484375
"7677",1971-01-07,277.96435546875
"7678",1971-01-08,279.16796875
"7679",1971-01-09,277.809326171875
"7680",1971-01-10,278.8330078125
"7681",1971-01-11,277.734130859375
"7682",1971-01-12,273.908203125
"7683",1971-01-13,272.80810546875
"7684",1971-01-14,272.405517578125
"7685",1971-01-15,274.648193359375
"7686",1971-01-16,273.734375
"7687",1971-01-17,276.58837890625
"7688",1971-01-18,276.830078125
"7689",1971-01-19,276.5458984375
"7690",1971-01-20,276.77001953125
"7691",1971-01-21,276.687255859375
"7692",1971-01-22,274.806884765625
"7693",1971-01-23,275.6396484375
"7694",1971-01-24,278.4345703125
"7695",1971-01-25,278.647216796875
"7696",1971-01-26,277.342041015625
"7697",1971-01-27,276.303955078125
"7698",1971-01-28,275.09716796875
"7699",1971-01-29,270.943359375
"7700",1971-01-30,270.4697265625
"7701",1971-01-31,273.626220703125
"7702",1971-02-01,270.707763671875
"7703",1971-02-02,275.8173828125
"7704",1971-02-03,276.8232421875
"7705",1971-02-04,279.496826171875
"7706",1971-02-05,278.7919921875
"7707",1971-02-06,279.04736328125
"7708",1971-02-07,278.359130859375
"7709",1971-02-08,278.712158203125
"7710",1971-02-09,275.511962890625
"7711",1971-02-10,274.947021484375
"7712",1971-02-11,276.865478515625
"7713",1971-02-12,277.045654296875
"7714",1971-02-13,278.09814453125
"7715",1971-02-14,278.26806640625
"7716",1971-02-15,276.744384765625
"7717",1971-02-16,277.336181640625
"7718",1971-02-17,275.444091796875
"7719",1971-02-18,275.2978515625
"7720",1971-02-19,274.728271484375
"7721",1971-02-20,274.8466796875
"7722",1971-02-21,275.191162109375
"7723",1971-02-22,275.1552734375
"7724",1971-02-23,274.861083984375
"7725",1971-02-24,279.329833984375
"7726",1971-02-25,276.212158203125
"7727",1971-02-26,268.806884765625
"7728",1971-02-27,266.049072265625
"7729",1971-02-28,267.493896484375
"7730",1971-03-01,267.076416015625
"7731",1971-03-02,267.6328125
"7732",1971-03-03,265.81396484375
"7733",1971-03-04,265.585693359375
"7734",1971-03-05,267.3193359375
"7735",1971-03-06,271.673828125
"7736",1971-03-07,276.109619140625
"7737",1971-03-08,279.107666015625
"7738",1971-03-09,278.001220703125
"7739",1971-03-10,274.854736328125
"7740",1971-03-11,273.417236328125
"7741",1971-03-12,275.101318359375
"7742",1971-03-13,276.073486328125
"7743",1971-03-14,277.94775390625
"7744",1971-03-15,276.021240234375
"7745",1971-03-16,276.412353515625
"7746",1971-03-17,276.131591796875
"7747",1971-03-18,277.511474609375
"7748",1971-03-19,276.077880859375
"7749",1971-03-20,277.396484375
"7750",1971-03-21,278.258056640625
"7751",1971-03-22,277.26416015625
"7752",1971-03-23,275.24267578125
"7753",1971-03-24,276.75390625
"7754",1971-03-25,279.7646484375
"7755",1971-03-26,280.263916015625
"7756",1971-03-27,275.239990234375
"7757",1971-03-28,275.05029296875
"7758",1971-03-29,278.29736328125
"7759",1971-03-30,279.0390625
"7760",1971-03-31,279.337158203125
"7761",1971-04-01,277.78515625
"7762",1971-04-02,278.265625
"7763",1971-04-03,277.834228515625
"7764",1971-04-04,277.78857421875
"7765",1971-04-05,277.91796875
"7766",1971-04-06,277.811767578125
"7767",1971-04-07,277.798828125
"7768",1971-04-08,278.694091796875
"7769",1971-04-09,282.822509765625
"7770",1971-04-10,282.46875
"7771",1971-04-11,283.226806640625
"7772",1971-04-12,285.19970703125
"7773",1971-04-13,282.3369140625
"7774",1971-04-14,282.154296875
"7775",1971-04-15,278.86376953125
"7776",1971-04-16,279.09375
"7777",1971-04-17,280.34521484375
"7778",1971-04-18,280.5908203125
"7779",1971-04-19,283.02587890625
"7780",1971-04-20,284.20263671875
"7781",1971-04-21,285.14892578125
"7782",1971-04-22,286.86376953125
"7783",1971-04-23,282.810302734375
"7784",1971-04-24,279.146728515625
"7785",1971-04-25,278.515869140625
"7786",1971-04-26,277.62939453125
"7787",1971-04-27,278.3916015625
"7788",1971-04-28,280.293701171875
"7789",1971-04-29,280.14501953125
"7790",1971-04-30,281.16748046875
"7791",1971-05-01,283.065673828125
"7792",1971-05-02,284.59375
"7793",1971-05-03,285.19677734375
"7794",1971-05-04,286.0634765625
"7795",1971-05-05,287.84228515625
"7796",1971-05-06,287.893798828125
"7797",1971-05-07,290.4775390625
"7798",1971-05-08,291.9228515625
"7799",1971-05-09,291.1845703125
"7800",1971-05-10,288.14208984375
"7801",1971-05-11,288.250244140625
"7802",1971-05-12,288.2685546875
"7803",1971-05-13,291.531494140625
"7804",1971-05-14,291.94775390625
"7805",1971-05-15,293.5068359375
"7806",1971-05-16,288.415283203125
"7807",1971-05-17,290.127197265625
"7808",1971-05-18,288.17236328125
"7809",1971-05-19,286.6513671875
"7810",1971-05-20,287.082763671875
"7811",1971-05-21,288.0859375
"7812",1971-05-22,286.567138671875
"7813",1971-05-23,285.096435546875
"7814",1971-05-24,283.637451171875
"7815",1971-05-25,284.091796875
"7816",1971-05-26,281.669189453125
"7817",1971-05-27,284.70654296875
"7818",1971-05-28,294.18505859375
"7819",1971-05-29,295.650634765625
"7820",1971-05-30,289.789794921875
"7821",1971-05-31,297.19384765625
"7822",1971-06-01,297.28125
"7823",1971-06-02,295.97900390625
"7824",1971-06-03,297.737548828125
"7825",1971-06-04,296.14404296875
"7826",1971-06-05,294.18603515625
"7827",1971-06-06,293.262451171875
"7828",1971-06-07,293.399169921875
"7829",1971-06-08,289.950927734375
"7830",1971-06-09,286.013427734375
"7831",1971-06-10,289.08203125
"7832",1971-06-11,293.50537109375
"7833",1971-06-12,294.140625
"7834",1971-06-13,292.914306640625
"7835",1971-06-14,288.693115234375
"7836",1971-06-15,287.97314453125
"7837",1971-06-16,286.15771484375
"7838",1971-06-17,287.10595703125
"7839",1971-06-18,286.41845703125
"7840",1971-06-19,286.503173828125
"7841",1971-06-20,288.212158203125
"7842",1971-06-21,289.25146484375
"7843",1971-06-22,285.4697265625
"7844",1971-06-23,290.13720703125
"7845",1971-06-24,291.010498046875
"7846",1971-06-25,288.22265625
"7847",1971-06-26,292.1826171875
"7848",1971-06-27,290.8515625
"7849",1971-06-28,288.4775390625
"7850",1971-06-29,290.202880859375
"7851",1971-06-30,294.375244140625
"7852",1971-07-01,295.50732421875
"7853",1971-07-02,297.802490234375
"7854",1971-07-03,299.550048828125
"7855",1971-07-04,299.801025390625
"7856",1971-07-05,297.682861328125
"7857",1971-07-06,296.173828125
"7858",1971-07-07,296.41455078125
"7859",1971-07-08,298.5107421875
"7860",1971-07-09,297.302001953125
"7861",1971-07-10,296.00146484375
"7862",1971-07-11,293.962158203125
"7863",1971-07-12,293.1162109375
"7864",1971-07-13,289.35498046875
"7865",1971-07-14,288.237060546875
"7866",1971-07-15,289.72265625
"7867",1971-07-16,286.7041015625
"7868",1971-07-17,291.478515625
"7869",1971-07-18,291.337890625
"7870",1971-07-19,290.249755859375
"7871",1971-07-20,290.739990234375
"7872",1971-07-21,290.163818359375
"7873",1971-07-22,288.866455078125
"7874",1971-07-23,289.730224609375
"7875",1971-07-24,290.659423828125
"7876",1971-07-25,292.1181640625
"7877",1971-07-26,290.078857421875
"7878",1971-07-27,290.568603515625
"7879",1971-07-28,294.802734375
"7880",1971-07-29,296.13330078125
"7881",1971-07-30,291.1005859375
"7882",1971-07-31,291.893798828125
"7883",1971-08-01,292.392822265625
"7884",1971-08-02,293.612060546875
"7885",1971-08-03,293.363525390625
"7886",1971-08-04,293.900634765625
"7887",1971-08-05,292.841552734375
"7888",1971-08-06,292.493896484375
"7889",1971-08-07,290.477294921875
"7890",1971-08-08,292.372802734375
"7891",1971-08-09,290.18359375
"7892",1971-08-10,289.992919921875
"7893",1971-08-11,290.094482421875
"7894",1971-08-12,290.679443359375
"7895",1971-08-13,290.697265625
"7896",1971-08-14,290.086669921875
"7897",1971-08-15,290.81201171875
"7898",1971-08-16,291.450927734375
"7899",1971-08-17,292.501220703125
"7900",1971-08-18,291.632080078125
"7901",1971-08-19,292.6953125
"7902",1971-08-20,295.201416015625
"7903",1971-08-21,296.95361328125
"7904",1971-08-22,293.395751953125
"7905",1971-08-23,291.724365234375
"7906",1971-08-24,292.332275390625
"7907",1971-08-25,291.58251953125
"7908",1971-08-26,293.3134765625
"7909",1971-08-27,291.500732421875
"7910",1971-08-28,289.716796875
"7911",1971-08-29,289.922119140625
"7912",1971-08-30,288.4052734375
"7913",1971-08-31,289.23095703125
"7914",1971-09-01,288.38818359375
"7915",1971-09-02,291.92333984375
"7916",1971-09-03,290.66064453125
"7917",1971-09-04,286.706787109375
"7918",1971-09-05,288.90771484375
"7919",1971-09-06,289.012939453125
"7920",1971-09-07,291.15625
"7921",1971-09-08,292.469970703125
"7922",1971-09-09,291.087158203125
"7923",1971-09-10,288.8203125
"7924",1971-09-11,288.752685546875
"7925",1971-09-12,287.884033203125
"7926",1971-09-13,285.994873046875
"7927",1971-09-14,285.21142578125
"7928",1971-09-15,285.6279296875
"7929",1971-09-16,286.69091796875
"7930",1971-09-17,287.6376953125
"7931",1971-09-18,288.811279296875
"7932",1971-09-19,288.60498046875
"7933",1971-09-20,289.186767578125
"7934",1971-09-21,288.301025390625
"7935",1971-09-22,289.378662109375
"7936",1971-09-23,288.1962890625
"7937",1971-09-24,286.66650390625
"7938",1971-09-25,287.42822265625
"7939",1971-09-26,286.214599609375
"7940",1971-09-27,284.269775390625
"7941",1971-09-28,284.1904296875
"7942",1971-09-29,284.73095703125
"7943",1971-09-30,287.9482421875
"7944",1971-10-01,288.346923828125
"7945",1971-10-02,288.870361328125
"7946",1971-10-03,288.24755859375
"7947",1971-10-04,283.987548828125
"7948",1971-10-05,285.256591796875
"7949",1971-10-06,287.402099609375
"7950",1971-10-07,290.987060546875
"7951",1971-10-08,286.888427734375
"7952",1971-10-09,286.90087890625
"7953",1971-10-10,286.85986328125
"7954",1971-10-11,288.171142578125
"7955",1971-10-12,284.625
"7956",1971-10-13,280.056884765625
"7957",1971-10-14,279.5185546875
"7958",1971-10-15,280.65283203125
"7959",1971-10-16,283.27685546875
"7960",1971-10-17,282.148681640625
"7961",1971-10-18,283.357421875
"7962",1971-10-19,285.49755859375
"7963",1971-10-20,284.246337890625
"7964",1971-10-21,285.658935546875
"7965",1971-10-22,287.946044921875
"7966",1971-10-23,283.00927734375
"7967",1971-10-24,285.625244140625
"7968",1971-10-25,283.794921875
"7969",1971-10-26,282.92138671875
"7970",1971-10-27,281.36279296875
"7971",1971-10-28,281.650146484375
"7972",1971-10-29,282.116943359375
"7973",1971-10-30,283.499755859375
"7974",1971-10-31,284.089599609375
"7975",1971-11-01,283.344970703125
"7976",1971-11-02,286.34765625
"7977",1971-11-03,284.73095703125
"7978",1971-11-04,283.83837890625
"7979",1971-11-05,278.49755859375
"7980",1971-11-06,275.700927734375
"7981",1971-11-07,280.54296875
"7982",1971-11-08,279.83251953125
"7983",1971-11-09,273.248046875
"7984",1971-11-10,277.237060546875
"7985",1971-11-11,282.54248046875
"7986",1971-11-12,277.015380859375
"7987",1971-11-13,279.055908203125
"7988",1971-11-14,280.131103515625
"7989",1971-11-15,283.28564453125
"7990",1971-11-16,282.921630859375
"7991",1971-11-17,276.95849609375
"7992",1971-11-18,272.170166015625
"7993",1971-11-19,271.6650390625
"7994",1971-11-20,274.298583984375
"7995",1971-11-21,274.498779296875
"7996",1971-11-22,272.8408203125
"7997",1971-11-23,271.946044921875
"7998",1971-11-24,275.724365234375
"7999",1971-11-25,277.827392578125
"8000",1971-11-26,279.05517578125
"8001",1971-11-27,280.79052734375
"8002",1971-11-28,280.353515625
"8003",1971-11-29,277.336669921875
"8004",1971-11-30,276.874755859375
"8005",1971-12-01,276.167724609375
"8006",1971-12-02,275.26025390625
"8007",1971-12-03,276.800048828125
"8008",1971-12-04,280.54248046875
"8009",1971-12-05,282.022705078125
"8010",1971-12-06,279.1748046875
"8011",1971-12-07,279.672119140625
"8012",1971-12-08,276.2392578125
"8013",1971-12-09,277.64306640625
"8014",1971-12-10,277.087158203125
"8015",1971-12-11,277.60595703125
"8016",1971-12-12,274.811279296875
"8017",1971-12-13,278.390380859375
"8018",1971-12-14,277.54248046875
"8019",1971-12-15,280.277587890625
"8020",1971-12-16,282.543701171875
"8021",1971-12-17,280.55029296875
"8022",1971-12-18,280.915283203125
"8023",1971-12-19,280.750732421875
"8024",1971-12-20,279.469482421875
"8025",1971-12-21,282.8701171875
"8026",1971-12-22,278.841796875
"8027",1971-12-23,279.331787109375
"8028",1971-12-24,282.62841796875
"8029",1971-12-25,280.86865234375
"8030",1971-12-26,279.34765625
"8031",1971-12-27,279.408447265625
"8032",1971-12-28,273.980224609375
"8033",1971-12-29,273.955322265625
"8034",1971-12-30,270.92578125
"8035",1971-12-31,269.533447265625
"8036",1972-01-01,269.6875
"8037",1972-01-02,270.21142578125
"8038",1972-01-03,271.9580078125
"8039",1972-01-04,272.500244140625
"8040",1972-01-05,273.537353515625
"8041",1972-01-06,273.43994140625
"8042",1972-01-07,271.088134765625
"8043",1972-01-08,271.2421875
"8044",1972-01-09,271.284912109375
"8045",1972-01-10,270.595947265625
"8046",1972-01-11,269.560302734375
"8047",1972-01-12,271.515625
"8048",1972-01-13,271.052978515625
"8049",1972-01-14,268.576171875
"8050",1972-01-15,268.571533203125
"8051",1972-01-16,267.1943359375
"8052",1972-01-17,266.770751953125
"8053",1972-01-18,266.921630859375
"8054",1972-01-19,274.287353515625
"8055",1972-01-20,274.465087890625
"8056",1972-01-21,273.85205078125
"8057",1972-01-22,276.47900390625
"8058",1972-01-23,276.746337890625
"8059",1972-01-24,275.467041015625
"8060",1972-01-25,272.8515625
"8061",1972-01-26,272.04052734375
"8062",1972-01-27,271.11865234375
"8063",1972-01-28,268.32421875
"8064",1972-01-29,264.466552734375
"8065",1972-01-30,268.298828125
"8066",1972-01-31,270.42138671875
"8067",1972-02-01,272.19091796875
"8068",1972-02-02,270.053955078125
"8069",1972-02-03,273.251953125
"8070",1972-02-04,272.571533203125
"8071",1972-02-05,271.86572265625
"8072",1972-02-06,270.55419921875
"8073",1972-02-07,273.297607421875
"8074",1972-02-08,275.203857421875
"8075",1972-02-09,275.7431640625
"8076",1972-02-10,274.118896484375
"8077",1972-02-11,273.740234375
"8078",1972-02-12,274.78173828125
"8079",1972-02-13,275.398681640625
"8080",1972-02-14,275.064697265625
"8081",1972-02-15,275.103515625
"8082",1972-02-16,274.62744140625
"8083",1972-02-17,274.673828125
"8084",1972-02-18,273.27587890625
"8085",1972-02-19,273.05029296875
"8086",1972-02-20,273.405517578125
"8087",1972-02-21,273.81005859375
"8088",1972-02-22,273.248046875
"8089",1972-02-23,273.701904296875
"8090",1972-02-24,274.824951171875
"8091",1972-02-25,272.981201171875
"8092",1972-02-26,273.037109375
"8093",1972-02-27,273.7783203125
"8094",1972-02-28,273.35546875
"8095",1972-02-29,272.1884765625
"8096",1972-03-01,273.390869140625
"8097",1972-03-02,273.066650390625
"8098",1972-03-03,272.74658203125
"8099",1972-03-04,276.1962890625
"8100",1972-03-05,275.325927734375
"8101",1972-03-06,274.471923828125
"8102",1972-03-07,273.991455078125
"8103",1972-03-08,273.26171875
"8104",1972-03-09,273.01904296875
"8105",1972-03-10,270.55810546875
"8106",1972-03-11,271.09765625
"8107",1972-03-12,275.966796875
"8108",1972-03-13,276.997314453125
"8109",1972-03-14,276.811279296875
"8110",1972-03-15,277.6123046875
"8111",1972-03-16,278.853759765625
"8112",1972-03-17,281.769287109375
"8113",1972-03-18,280.42626953125
"8114",1972-03-19,281.4658203125
"8115",1972-03-20,280.55712890625
"8116",1972-03-21,280.26123046875
"8117",1972-03-22,281.937255859375
"8118",1972-03-23,279.03125
"8119",1972-03-24,278.806396484375
"8120",1972-03-25,279.47802734375
"8121",1972-03-26,278.420654296875
"8122",1972-03-27,278.411865234375
"8123",1972-03-28,276.823486328125
"8124",1972-03-29,276.64111328125
"8125",1972-03-30,280.385009765625
"8126",1972-03-31,281.54638671875
"8127",1972-04-01,279.34033203125
"8128",1972-04-02,277.345947265625
"8129",1972-04-03,281.171142578125
"8130",1972-04-04,282.226318359375
"8131",1972-04-05,280.61083984375
"8132",1972-04-06,281.636962890625
"8133",1972-04-07,280.174560546875
"8134",1972-04-08,279.456298828125
"8135",1972-04-09,280.77099609375
"8136",1972-04-10,280.3720703125
"8137",1972-04-11,284.664794921875
"8138",1972-04-12,282.50048828125
"8139",1972-04-13,279.489990234375
"8140",1972-04-14,279.760009765625
"8141",1972-04-15,282.24853515625
"8142",1972-04-16,282.00732421875
"8143",1972-04-17,284.466064453125
"8144",1972-04-18,282.043701171875
"8145",1972-04-19,283.415283203125
"8146",1972-04-20,283.450439453125
"8147",1972-04-21,283.91796875
"8148",1972-04-22,284.143798828125
"8149",1972-04-23,283.429931640625
"8150",1972-04-24,279.2666015625
"8151",1972-04-25,283.804443359375
"8152",1972-04-26,285.576416015625
"8153",1972-04-27,282.392822265625
"8154",1972-04-28,280.846435546875
"8155",1972-04-29,280.848876953125
"8156",1972-04-30,283.0537109375
"8157",1972-05-01,290.07421875
"8158",1972-05-02,291.840576171875
"8159",1972-05-03,293.414306640625
"8160",1972-05-04,293.555419921875
"8161",1972-05-05,292.514892578125
"8162",1972-05-06,286.739013671875
"8163",1972-05-07,288.853515625
"8164",1972-05-08,289.261474609375
"8165",1972-05-09,289.070068359375
"8166",1972-05-10,288.046630859375
"8167",1972-05-11,288.020263671875
"8168",1972-05-12,287.858154296875
"8169",1972-05-13,287.730712890625
"8170",1972-05-14,287.189697265625
"8171",1972-05-15,286.986083984375
"8172",1972-05-16,287.558349609375
"8173",1972-05-17,288.60107421875
"8174",1972-05-18,281.193359375
"8175",1972-05-19,286.457763671875
"8176",1972-05-20,286.86865234375
"8177",1972-05-21,286.2099609375
"8178",1972-05-22,284.0498046875
"8179",1972-05-23,290.025634765625
"8180",1972-05-24,293.64013671875
"8181",1972-05-25,285.949462890625
"8182",1972-05-26,283.87841796875
"8183",1972-05-27,284.670654296875
"8184",1972-05-28,288.632080078125
"8185",1972-05-29,285.635009765625
"8186",1972-05-30,285.656494140625
"8187",1972-05-31,285.437744140625
"8188",1972-06-01,285.22021484375
"8189",1972-06-02,287.915771484375
"8190",1972-06-03,286.367431640625
"8191",1972-06-04,292.302001953125
"8192",1972-06-05,297.926513671875
"8193",1972-06-06,299.208984375
"8194",1972-06-07,290.426025390625
"8195",1972-06-08,290.839599609375
"8196",1972-06-09,286.86474609375
"8197",1972-06-10,290.18359375
"8198",1972-06-11,288.271728515625
"8199",1972-06-12,288.1337890625
"8200",1972-06-13,287.399658203125
"8201",1972-06-14,290.154541015625
"8202",1972-06-15,289.015869140625
"8203",1972-06-16,291.4951171875
"8204",1972-06-17,289.669677734375
"8205",1972-06-18,289.810546875
"8206",1972-06-19,287.955078125
"8207",1972-06-20,287.91259765625
"8208",1972-06-21,288.2900390625
"8209",1972-06-22,286.834228515625
"8210",1972-06-23,287.29638671875
"8211",1972-06-24,289.1416015625
"8212",1972-06-25,292.057861328125
"8213",1972-06-26,294.3271484375
"8214",1972-06-27,298.489501953125
"8215",1972-06-28,297.502685546875
"8216",1972-06-29,296.876220703125
"8217",1972-06-30,295.73974609375
"8218",1972-07-01,296.632080078125
"8219",1972-07-02,289.80029296875
"8220",1972-07-03,289.05810546875
"8221",1972-07-04,290.278076171875
"8222",1972-07-05,292.33935546875
"8223",1972-07-06,296.113037109375
"8224",1972-07-07,295.8876953125
"8225",1972-07-08,290.571533203125
"8226",1972-07-09,290.849853515625
"8227",1972-07-10,291.624267578125
"8228",1972-07-11,291.462158203125
"8229",1972-07-12,293.145751953125
"8230",1972-07-13,292.741943359375
"8231",1972-07-14,297.22021484375
"8232",1972-07-15,295.5732421875
"8233",1972-07-16,295.919921875
"8234",1972-07-17,297.55859375
"8235",1972-07-18,299.237548828125
"8236",1972-07-19,300.030029296875
"8237",1972-07-20,297.483642578125
"8238",1972-07-21,298.467041015625
"8239",1972-07-22,298.6611328125
"8240",1972-07-23,296.402099609375
"8241",1972-07-24,294.48388671875
"8242",1972-07-25,295.5517578125
"8243",1972-07-26,291.305908203125
"8244",1972-07-27,294.035888671875
"8245",1972-07-28,290.00048828125
"8246",1972-07-29,291.93115234375
"8247",1972-07-30,295.809814453125
"8248",1972-07-31,294.985595703125
"8249",1972-08-01,293.78759765625
"8250",1972-08-02,294.9755859375
"8251",1972-08-03,293.43701171875
"8252",1972-08-04,290.20703125
"8253",1972-08-05,290.880126953125
"8254",1972-08-06,290.90869140625
"8255",1972-08-07,295.905029296875
"8256",1972-08-08,293.835693359375
"8257",1972-08-09,292.324462890625
"8258",1972-08-10,289.836669921875
"8259",1972-08-11,289.37744140625
"8260",1972-08-12,292.66748046875
"8261",1972-08-13,291.45458984375
"8262",1972-08-14,289.711669921875
"8263",1972-08-15,290.252197265625
"8264",1972-08-16,292.283447265625
"8265",1972-08-17,289.346923828125
"8266",1972-08-18,291.536376953125
"8267",1972-08-19,289.705810546875
"8268",1972-08-20,291.703125
"8269",1972-08-21,293.376708984375
"8270",1972-08-22,291.25732421875
"8271",1972-08-23,290.647705078125
"8272",1972-08-24,290.91064453125
"8273",1972-08-25,290.512451171875
"8274",1972-08-26,291.674072265625
"8275",1972-08-27,292.113525390625
"8276",1972-08-28,293.43115234375
"8277",1972-08-29,293.248779296875
"8278",1972-08-30,291.187744140625
"8279",1972-08-31,291.031494140625
"8280",1972-09-01,290.5263671875
"8281",1972-09-02,291.3818359375
"8282",1972-09-03,294.580322265625
"8283",1972-09-04,289.030029296875
"8284",1972-09-05,290.260986328125
"8285",1972-09-06,290.303466796875
"8286",1972-09-07,290.243896484375
"8287",1972-09-08,287.599365234375
"8288",1972-09-09,288.48193359375
"8289",1972-09-10,288.777587890625
"8290",1972-09-11,287.37646484375
"8291",1972-09-12,286.453857421875
"8292",1972-09-13,288.169677734375
"8293",1972-09-14,285.938232421875
"8294",1972-09-15,281.578125
"8295",1972-09-16,286.25927734375
"8296",1972-09-17,287.05224609375
"8297",1972-09-18,289.45166015625
"8298",1972-09-19,287.278564453125
"8299",1972-09-20,286.868408203125
"8300",1972-09-21,287.15185546875
"8301",1972-09-22,287.740234375
"8302",1972-09-23,287.105224609375
"8303",1972-09-24,285.8935546875
"8304",1972-09-25,285.996826171875
"8305",1972-09-26,286.56787109375
"8306",1972-09-27,282.965576171875
"8307",1972-09-28,283.478271484375
"8308",1972-09-29,282.630126953125
"8309",1972-09-30,283.75146484375
"8310",1972-10-01,283.914306640625
"8311",1972-10-02,284.608642578125
"8312",1972-10-03,285.30322265625
"8313",1972-10-04,285.806640625
"8314",1972-10-05,289.3642578125
"8315",1972-10-06,285.860595703125
"8316",1972-10-07,284.7294921875
"8317",1972-10-08,286.1240234375
"8318",1972-10-09,285.461669921875
"8319",1972-10-10,285.045166015625
"8320",1972-10-11,284.070068359375
"8321",1972-10-12,284.445068359375
"8322",1972-10-13,285.0009765625
"8323",1972-10-14,283.74560546875
"8324",1972-10-15,284.164794921875
"8325",1972-10-16,286.23583984375
"8326",1972-10-17,287.00732421875
"8327",1972-10-18,280.70703125
"8328",1972-10-19,283.15576171875
"8329",1972-10-20,280.00048828125
"8330",1972-10-21,278.30322265625
"8331",1972-10-22,277.1806640625
"8332",1972-10-23,284.427490234375
"8333",1972-10-24,282.646484375
"8334",1972-10-25,284.408203125
"8335",1972-10-26,285.35986328125
"8336",1972-10-27,281.84521484375
"8337",1972-10-28,281.681884765625
"8338",1972-10-29,282.898681640625
"8339",1972-10-30,282.994873046875
"8340",1972-10-31,283.140869140625
"8341",1972-11-01,283.65087890625
"8342",1972-11-02,282.840576171875
"8343",1972-11-03,283.98828125
"8344",1972-11-04,279.755615234375
"8345",1972-11-05,282.868896484375
"8346",1972-11-06,282.949951171875
"8347",1972-11-07,282.861328125
"8348",1972-11-08,281.9501953125
"8349",1972-11-09,282.807861328125
"8350",1972-11-10,283.073974609375
"8351",1972-11-11,280.349609375
"8352",1972-11-12,280.201171875
"8353",1972-11-13,277.482421875
"8354",1972-11-14,275.659912109375
"8355",1972-11-15,276.6064453125
"8356",1972-11-16,275.811767578125
"8357",1972-11-17,272.115234375
"8358",1972-11-18,273.916748046875
"8359",1972-11-19,274.40869140625
"8360",1972-11-20,275.303955078125
"8361",1972-11-21,275.232421875
"8362",1972-11-22,275.78662109375
"8363",1972-11-23,275.517822265625
"8364",1972-11-24,274.06787109375
"8365",1972-11-25,276.187255859375
"8366",1972-11-26,275.3359375
"8367",1972-11-27,280.105224609375
"8368",1972-11-28,281.325927734375
"8369",1972-11-29,280.6875
"8370",1972-11-30,281.294921875
"8371",1972-12-01,280.321044921875
"8372",1972-12-02,282.162841796875
"8373",1972-12-03,281.69580078125
"8374",1972-12-04,279.576171875
"8375",1972-12-05,279.817138671875
"8376",1972-12-06,280.83984375
"8377",1972-12-07,279.94921875
"8378",1972-12-08,277.65087890625
"8379",1972-12-09,276.181396484375
"8380",1972-12-10,279.4658203125
"8381",1972-12-11,278.396728515625
"8382",1972-12-12,279.607666015625
"8383",1972-12-13,282.03173828125
"8384",1972-12-14,282.66455078125
"8385",1972-12-15,281.5458984375
"8386",1972-12-16,280.6044921875
"8387",1972-12-17,277.169921875
"8388",1972-12-18,276.77734375
"8389",1972-12-19,278.581787109375
"8390",1972-12-20,278.959228515625
"8391",1972-12-21,278.72900390625
"8392",1972-12-22,278.950927734375
"8393",1972-12-23,278.043701171875
"8394",1972-12-24,278.24853515625
"8395",1972-12-25,272.968017578125
"8396",1972-12-26,275.318603515625
"8397",1972-12-27,275.408935546875
"8398",1972-12-28,274.573486328125
"8399",1972-12-29,276.13720703125
"8400",1972-12-30,277.23486328125
"8401",1972-12-31,276.088134765625
"8402",1973-01-01,276.81005859375
"8403",1973-01-02,279.90771484375
"8404",1973-01-03,279.87841796875
"8405",1973-01-04,278.523193359375
"8406",1973-01-05,281.399658203125
"8407",1973-01-06,277.55126953125
"8408",1973-01-07,273.724609375
"8409",1973-01-08,273.352783203125
"8410",1973-01-09,274.80859375
"8411",1973-01-10,274.13525390625
"8412",1973-01-11,273.593017578125
"8413",1973-01-12,274.139404296875
"8414",1973-01-13,274.446044921875
"8415",1973-01-14,273.627197265625
"8416",1973-01-15,274.289794921875
"8417",1973-01-16,273.869140625
"8418",1973-01-17,271.2744140625
"8419",1973-01-18,270.6982421875
"8420",1973-01-19,271.701416015625
"8421",1973-01-20,272.368896484375
"8422",1973-01-21,274.08740234375
"8423",1973-01-22,275.062744140625
"8424",1973-01-23,274.016357421875
"8425",1973-01-24,276.1220703125
"8426",1973-01-25,277.532958984375
"8427",1973-01-26,279.02734375
"8428",1973-01-27,276.235595703125
"8429",1973-01-28,273.83447265625
"8430",1973-01-29,275.11669921875
"8431",1973-01-30,274.134765625
"8432",1973-01-31,275.0224609375
"8433",1973-02-01,276.28271484375
"8434",1973-02-02,278.590087890625
"8435",1973-02-03,278.488525390625
"8436",1973-02-04,279.157958984375
"8437",1973-02-05,280.117431640625
"8438",1973-02-06,279.959228515625
"8439",1973-02-07,280.492919921875
"8440",1973-02-08,278.465087890625
"8441",1973-02-09,275.32275390625
"8442",1973-02-10,274.891845703125
"8443",1973-02-11,272.825439453125
"8444",1973-02-12,276.871337890625
"8445",1973-02-13,275.144287109375
"8446",1973-02-14,275.055419921875
"8447",1973-02-15,274.098876953125
"8448",1973-02-16,273.66748046875
"8449",1973-02-17,274.829833984375
"8450",1973-02-18,274.569091796875
"8451",1973-02-19,277.472412109375
"8452",1973-02-20,280.56884765625
"8453",1973-02-21,282.800537109375
"8454",1973-02-22,275.370361328125
"8455",1973-02-23,274.0986328125
"8456",1973-02-24,272.6513671875
"8457",1973-02-25,273.501220703125
"8458",1973-02-26,273.861572265625
"8459",1973-02-27,276.905517578125
"8460",1973-02-28,279.56689453125
"8461",1973-03-01,280.669189453125
"8462",1973-03-02,275.251220703125
"8463",1973-03-03,277.38525390625
"8464",1973-03-04,277.52734375
"8465",1973-03-05,279.711669921875
"8466",1973-03-06,278.28076171875
"8467",1973-03-07,278.62841796875
"8468",1973-03-08,279.2314453125
"8469",1973-03-09,279.416015625
"8470",1973-03-10,280.680908203125
"8471",1973-03-11,279.35986328125
"8472",1973-03-12,280.904052734375
"8473",1973-03-13,280.39990234375
"8474",1973-03-14,281.366943359375
"8475",1973-03-15,278.800048828125
"8476",1973-03-16,281.278076171875
"8477",1973-03-17,280.118408203125
"8478",1973-03-18,281.2255859375
"8479",1973-03-19,279.6015625
"8480",1973-03-20,283.139892578125
"8481",1973-03-21,283.160888671875
"8482",1973-03-22,281.6767578125
"8483",1973-03-23,283.985595703125
"8484",1973-03-24,281.84619140625
"8485",1973-03-25,282.615234375
"8486",1973-03-26,281.933349609375
"8487",1973-03-27,280.041748046875
"8488",1973-03-28,280.55029296875
"8489",1973-03-29,282.106201171875
"8490",1973-03-30,282.2666015625
"8491",1973-03-31,281.011474609375
"8492",1973-04-01,278.331298828125
"8493",1973-04-02,280.119140625
"8494",1973-04-03,279.856201171875
"8495",1973-04-04,277.2861328125
"8496",1973-04-05,282.231689453125
"8497",1973-04-06,278.885498046875
"8498",1973-04-07,281.530517578125
"8499",1973-04-08,279.894775390625
"8500",1973-04-09,279.891357421875
"8501",1973-04-10,277.97216796875
"8502",1973-04-11,276.5283203125
"8503",1973-04-12,279.2080078125
"8504",1973-04-13,280.35205078125
"8505",1973-04-14,280.412109375
"8506",1973-04-15,282.993408203125
"8507",1973-04-16,281.538330078125
"8508",1973-04-17,282.849853515625
"8509",1973-04-18,281.487060546875
"8510",1973-04-19,279.86962890625
"8511",1973-04-20,279.53271484375
"8512",1973-04-21,278.828857421875
"8513",1973-04-22,287.62353515625
"8514",1973-04-23,286.633544921875
"8515",1973-04-24,281.05712890625
"8516",1973-04-25,280.928466796875
"8517",1973-04-26,279.93798828125
"8518",1973-04-27,279.38134765625
"8519",1973-04-28,280.777587890625
"8520",1973-04-29,282.857177734375
"8521",1973-04-30,282.850341796875
"8522",1973-05-01,284.277587890625
"8523",1973-05-02,284.051025390625
"8524",1973-05-03,284.741943359375
"8525",1973-05-04,288.842529296875
"8526",1973-05-05,286.82080078125
"8527",1973-05-06,284.951171875
"8528",1973-05-07,284.96484375
"8529",1973-05-08,283.201904296875
"8530",1973-05-09,283.794189453125
"8531",1973-05-10,282.230224609375
"8532",1973-05-11,281.081787109375
"8533",1973-05-12,283.09765625
"8534",1973-05-13,281.88330078125
"8535",1973-05-14,283.77587890625
"8536",1973-05-15,285.906005859375
"8537",1973-05-16,286.344970703125
"8538",1973-05-17,288.5009765625
"8539",1973-05-18,283.256591796875
"8540",1973-05-19,283.685791015625
"8541",1973-05-20,291.51220703125
"8542",1973-05-21,289.971435546875
"8543",1973-05-22,286.26123046875
"8544",1973-05-23,289.922119140625
"8545",1973-05-24,287.275634765625
"8546",1973-05-25,286.386474609375
"8547",1973-05-26,287.964599609375
"8548",1973-05-27,286.451416015625
"8549",1973-05-28,291.908447265625
"8550",1973-05-29,294.43115234375
"8551",1973-05-30,294.060302734375
"8552",1973-05-31,293.94091796875
"8553",1973-06-01,288.613525390625
"8554",1973-06-02,288.57373046875
"8555",1973-06-03,287.0908203125
"8556",1973-06-04,288.12890625
"8557",1973-06-05,289.09033203125
"8558",1973-06-06,291.9873046875
"8559",1973-06-07,295.250732421875
"8560",1973-06-08,293.51123046875
"8561",1973-06-09,290.313720703125
"8562",1973-06-10,290.5166015625
"8563",1973-06-11,287.93701171875
"8564",1973-06-12,289
"8565",1973-06-13,288.529541015625
"8566",1973-06-14,288.68212890625
"8567",1973-06-15,288.542236328125
"8568",1973-06-16,290.349365234375
"8569",1973-06-17,292.166259765625
"8570",1973-06-18,294.5302734375
"8571",1973-06-19,294.30517578125
"8572",1973-06-20,294.740966796875
"8573",1973-06-21,296.123291015625
"8574",1973-06-22,297.27587890625
"8575",1973-06-23,297.375244140625
"8576",1973-06-24,296.651123046875
"8577",1973-06-25,296.338134765625
"8578",1973-06-26,294.86962890625
"8579",1973-06-27,292.8916015625
"8580",1973-06-28,291.922607421875
"8581",1973-06-29,293.807373046875
"8582",1973-06-30,293.578369140625
"8583",1973-07-01,294.0625
"8584",1973-07-02,297.917724609375
"8585",1973-07-03,298.500732421875
"8586",1973-07-04,294.937744140625
"8587",1973-07-05,297.173583984375
"8588",1973-07-06,301.5771484375
"8589",1973-07-07,301.665283203125
"8590",1973-07-08,295.243896484375
"8591",1973-07-09,293.41650390625
"8592",1973-07-10,290.80029296875
"8593",1973-07-11,291.367919921875
"8594",1973-07-12,293.979248046875
"8595",1973-07-13,295.007568359375
"8596",1973-07-14,293.72119140625
"8597",1973-07-15,297.65966796875
"8598",1973-07-16,298.666015625
"8599",1973-07-17,293.69287109375
"8600",1973-07-18,291.8642578125
"8601",1973-07-19,292.410400390625
"8602",1973-07-20,292.546630859375
"8603",1973-07-21,291.921875
"8604",1973-07-22,292.52392578125
"8605",1973-07-23,292.52099609375
"8606",1973-07-24,292.037353515625
"8607",1973-07-25,292.17724609375
"8608",1973-07-26,292.6396484375
"8609",1973-07-27,297.32470703125
"8610",1973-07-28,297.7744140625
"8611",1973-07-29,296.9970703125
"8612",1973-07-30,296.247802734375
"8613",1973-07-31,294.866455078125
"8614",1973-08-01,293.07275390625
"8615",1973-08-02,293.04150390625
"8616",1973-08-03,295.75341796875
"8617",1973-08-04,292.665771484375
"8618",1973-08-05,289.02197265625
"8619",1973-08-06,293.515869140625
"8620",1973-08-07,290.247314453125
"8621",1973-08-08,291.475830078125
"8622",1973-08-09,289.6279296875
"8623",1973-08-10,291.012939453125
"8624",1973-08-11,291.85009765625
"8625",1973-08-12,293.432861328125
"8626",1973-08-13,295.72998046875
"8627",1973-08-14,296.078125
"8628",1973-08-15,296.885498046875
"8629",1973-08-16,296.68798828125
"8630",1973-08-17,297.848876953125
"8631",1973-08-18,292.750244140625
"8632",1973-08-19,290.853759765625
"8633",1973-08-20,289.629638671875
"8634",1973-08-21,289.14404296875
"8635",1973-08-22,288.03662109375
"8636",1973-08-23,289.989013671875
"8637",1973-08-24,291.3544921875
"8638",1973-08-25,289.275146484375
"8639",1973-08-26,291.091064453125
"8640",1973-08-27,292.227783203125
"8641",1973-08-28,293.665771484375
"8642",1973-08-29,290.8525390625
"8643",1973-08-30,289.072998046875
"8644",1973-08-31,290.077880859375
"8645",1973-09-01,288.84326171875
"8646",1973-09-02,289.994140625
"8647",1973-09-03,290.937255859375
"8648",1973-09-04,290.634521484375
"8649",1973-09-05,291.310791015625
"8650",1973-09-06,290.323974609375
"8651",1973-09-07,290.704833984375
"8652",1973-09-08,291.087646484375
"8653",1973-09-09,291.79833984375
"8654",1973-09-10,287.048828125
"8655",1973-09-11,285.688720703125
"8656",1973-09-12,288.607421875
"8657",1973-09-13,288.240966796875
"8658",1973-09-14,290.7294921875
"8659",1973-09-15,291.2880859375
"8660",1973-09-16,290.84375
"8661",1973-09-17,288.091064453125
"8662",1973-09-18,287.85791015625
"8663",1973-09-19,287.7001953125
"8664",1973-09-20,285.41650390625
"8665",1973-09-21,287.75634765625
"8666",1973-09-22,283.93310546875
"8667",1973-09-23,283.461669921875
"8668",1973-09-24,286.0263671875
"8669",1973-09-25,282.426025390625
"8670",1973-09-26,281.039794921875
"8671",1973-09-27,282.71142578125
"8672",1973-09-28,284.181640625
"8673",1973-09-29,284.925048828125
"8674",1973-09-30,283.54541015625
"8675",1973-10-01,285.4658203125
"8676",1973-10-02,292.034912109375
"8677",1973-10-03,290.772216796875
"8678",1973-10-04,289.49755859375
"8679",1973-10-05,285.844482421875
"8680",1973-10-06,287.626220703125
"8681",1973-10-07,284.0439453125
"8682",1973-10-08,284.57421875
"8683",1973-10-09,282.80224609375
"8684",1973-10-10,279.90966796875
"8685",1973-10-11,276.65869140625
"8686",1973-10-12,280.6982421875
"8687",1973-10-13,280.74951171875
"8688",1973-10-14,280.591796875
"8689",1973-10-15,278.32373046875
"8690",1973-10-16,278.645263671875
"8691",1973-10-17,277.3544921875
"8692",1973-10-18,275.8974609375
"8693",1973-10-19,275.382080078125
"8694",1973-10-20,278.18603515625
"8695",1973-10-21,277.600830078125
"8696",1973-10-22,278.219482421875
"8697",1973-10-23,274.688232421875
"8698",1973-10-24,282.67626953125
"8699",1973-10-25,285.469482421875
"8700",1973-10-26,283.829345703125
"8701",1973-10-27,282.40185546875
"8702",1973-10-28,282.16552734375
"8703",1973-10-29,282.875
"8704",1973-10-30,282.97314453125
"8705",1973-10-31,276.57177734375
"8706",1973-11-01,280.47119140625
"8707",1973-11-02,280.668701171875
"8708",1973-11-03,281.668212890625
"8709",1973-11-04,281.854736328125
"8710",1973-11-05,282.770263671875
"8711",1973-11-06,279.35693359375
"8712",1973-11-07,280.515380859375
"8713",1973-11-08,284.219482421875
"8714",1973-11-09,284.428466796875
"8715",1973-11-10,281.384033203125
"8716",1973-11-11,277.159912109375
"8717",1973-11-12,278.265380859375
"8718",1973-11-13,277.508544921875
"8719",1973-11-14,273.124755859375
"8720",1973-11-15,274.243896484375
"8721",1973-11-16,274.000732421875
"8722",1973-11-17,269.52392578125
"8723",1973-11-18,279.26708984375
"8724",1973-11-19,279.296875
"8725",1973-11-20,275.9296875
"8726",1973-11-21,279.698974609375
"8727",1973-11-22,282.3505859375
"8728",1973-11-23,282.125
"8729",1973-11-24,276.72119140625
"8730",1973-11-25,270.7314453125
"8731",1973-11-26,270.287109375
"8732",1973-11-27,269.255126953125
"8733",1973-11-28,265.749755859375
"8734",1973-11-29,266.442138671875
"8735",1973-11-30,263.28369140625
"8736",1973-12-01,264.189453125
"8737",1973-12-02,276.632568359375
"8738",1973-12-03,278.24853515625
"8739",1973-12-04,277.64697265625
"8740",1973-12-05,275.353759765625
"8741",1973-12-06,276.883544921875
"8742",1973-12-07,273.41162109375
"8743",1973-12-08,268.860595703125
"8744",1973-12-09,277.844970703125
"8745",1973-12-10,279.522705078125
"8746",1973-12-11,279.641845703125
"8747",1973-12-12,276.402587890625
"8748",1973-12-13,276.56689453125
"8749",1973-12-14,272.9521484375
"8750",1973-12-15,269.99267578125
"8751",1973-12-16,275.434814453125
"8752",1973-12-17,274.02685546875
"8753",1973-12-18,270.5087890625
"8754",1973-12-19,276.2802734375
"8755",1973-12-20,274.1630859375
"8756",1973-12-21,274.244140625
"8757",1973-12-22,274.385986328125
"8758",1973-12-23,273.2548828125
"8759",1973-12-24,274.164794921875
"8760",1973-12-25,273.79248046875
"8761",1973-12-26,278.099609375
"8762",1973-12-27,280.04638671875
"8763",1973-12-28,279.545166015625
"8764",1973-12-29,279.1533203125
"8765",1973-12-30,279.418701171875
"8766",1973-12-31,278.386474609375
"8767",1974-01-01,276.720947265625
"8768",1974-01-02,276.87255859375
"8769",1974-01-03,274.197265625
"8770",1974-01-04,274.707275390625
"8771",1974-01-05,274.8251953125
"8772",1974-01-06,275.117919921875
"8773",1974-01-07,275.35791015625
"8774",1974-01-08,272.83642578125
"8775",1974-01-09,275.22021484375
"8776",1974-01-10,274.970458984375
"8777",1974-01-11,273.207275390625
"8778",1974-01-12,274.910400390625
"8779",1974-01-13,277.167724609375
"8780",1974-01-14,277.658447265625
"8781",1974-01-15,278.29248046875
"8782",1974-01-16,277.728515625
"8783",1974-01-17,274.22607421875
"8784",1974-01-18,278.736572265625
"8785",1974-01-19,278.7021484375
"8786",1974-01-20,277.621337890625
"8787",1974-01-21,277.340087890625
"8788",1974-01-22,275.61572265625
"8789",1974-01-23,276.733642578125
"8790",1974-01-24,278.603271484375
"8791",1974-01-25,277.933837890625
"8792",1974-01-26,278.87353515625
"8793",1974-01-27,277.40576171875
"8794",1974-01-28,277.18505859375
"8795",1974-01-29,277.716552734375
"8796",1974-01-30,276.846435546875
"8797",1974-01-31,277.397705078125
"8798",1974-02-01,277.041748046875
"8799",1974-02-02,277.521240234375
"8800",1974-02-03,277.99169921875
"8801",1974-02-04,278.459228515625
"8802",1974-02-05,276.7001953125
"8803",1974-02-06,274.39453125
"8804",1974-02-07,273.42919921875
"8805",1974-02-08,272.578369140625
"8806",1974-02-09,272.7109375
"8807",1974-02-10,278.030517578125
"8808",1974-02-11,279.545654296875
"8809",1974-02-12,280.079345703125
"8810",1974-02-13,279.18212890625
"8811",1974-02-14,275.737060546875
"8812",1974-02-15,276.949951171875
"8813",1974-02-16,276.25048828125
"8814",1974-02-17,276.797607421875
"8815",1974-02-18,277.1630859375
"8816",1974-02-19,273.844482421875
"8817",1974-02-20,276.2607421875
"8818",1974-02-21,279.059326171875
"8819",1974-02-22,279.386474609375
"8820",1974-02-23,278.559326171875
"8821",1974-02-24,278.413330078125
"8822",1974-02-25,277.5263671875
"8823",1974-02-26,277.4140625
"8824",1974-02-27,276.01220703125
"8825",1974-02-28,277.4560546875
"8826",1974-03-01,277.36572265625
"8827",1974-03-02,275.72900390625
"8828",1974-03-03,277.151123046875
"8829",1974-03-04,275.99267578125
"8830",1974-03-05,276.3154296875
"8831",1974-03-06,277.504638671875
"8832",1974-03-07,276.363525390625
"8833",1974-03-08,273.76904296875
"8834",1974-03-09,275.057373046875
"8835",1974-03-10,279.097900390625
"8836",1974-03-11,279.599853515625
"8837",1974-03-12,277.73046875
"8838",1974-03-13,279.22509765625
"8839",1974-03-14,278.807861328125
"8840",1974-03-15,279.09619140625
"8841",1974-03-16,279.57763671875
"8842",1974-03-17,276.12646484375
"8843",1974-03-18,277.556396484375
"8844",1974-03-19,277.4189453125
"8845",1974-03-20,279.57666015625
"8846",1974-03-21,277.85595703125
"8847",1974-03-22,280.5498046875
"8848",1974-03-23,280.34619140625
"8849",1974-03-24,282.189453125
"8850",1974-03-25,282.945556640625
"8851",1974-03-26,284.955078125
"8852",1974-03-27,283.4814453125
"8853",1974-03-28,285.380859375
"8854",1974-03-29,285.6767578125
"8855",1974-03-30,284.618408203125
"8856",1974-03-31,285.359375
"8857",1974-04-01,284.79248046875
"8858",1974-04-02,284.830810546875
"8859",1974-04-03,285.199951171875
"8860",1974-04-04,285.384521484375
"8861",1974-04-05,289.134033203125
"8862",1974-04-06,291.396728515625
"8863",1974-04-07,290.23583984375
"8864",1974-04-08,289.6689453125
"8865",1974-04-09,283.874755859375
"8866",1974-04-10,284.44189453125
"8867",1974-04-11,276.70361328125
"8868",1974-04-12,277.804931640625
"8869",1974-04-13,280.854736328125
"8870",1974-04-14,281.93408203125
"8871",1974-04-15,284.6416015625
"8872",1974-04-16,285.345947265625
"8873",1974-04-17,286.020751953125
"8874",1974-04-18,287.52734375
"8875",1974-04-19,286.089111328125
"8876",1974-04-20,287.08544921875
"8877",1974-04-21,287.852294921875
"8878",1974-04-22,286.812255859375
"8879",1974-04-23,286.278564453125
"8880",1974-04-24,284.3486328125
"8881",1974-04-25,283.489013671875
"8882",1974-04-26,284.2333984375
"8883",1974-04-27,285.885009765625
"8884",1974-04-28,287.119873046875
"8885",1974-04-29,288.727783203125
"8886",1974-04-30,289.779541015625
"8887",1974-05-01,289.207763671875
"8888",1974-05-02,290.50048828125
"8889",1974-05-03,287.72119140625
"8890",1974-05-04,281.0986328125
"8891",1974-05-05,284.43798828125
"8892",1974-05-06,285.99853515625
"8893",1974-05-07,288.808349609375
"8894",1974-05-08,288.221435546875
"8895",1974-05-09,289.20849609375
"8896",1974-05-10,290.773193359375
"8897",1974-05-11,290.259765625
"8898",1974-05-12,287.669921875
"8899",1974-05-13,288.73095703125
"8900",1974-05-14,289.935791015625
"8901",1974-05-15,291.739990234375
"8902",1974-05-16,289.8896484375
"8903",1974-05-17,291.93603515625
"8904",1974-05-18,292.548095703125
"8905",1974-05-19,293.77587890625
"8906",1974-05-20,289.75732421875
"8907",1974-05-21,286.966796875
"8908",1974-05-22,289.68603515625
"8909",1974-05-23,290.561767578125
"8910",1974-05-24,293.218994140625
"8911",1974-05-25,288.73828125
"8912",1974-05-26,290.981689453125
"8913",1974-05-27,287.49560546875
"8914",1974-05-28,285.67333984375
"8915",1974-05-29,284.555419921875
"8916",1974-05-30,287.57421875
"8917",1974-05-31,290.337158203125
"8918",1974-06-01,289.545654296875
"8919",1974-06-02,288.181640625
"8920",1974-06-03,289.282470703125
"8921",1974-06-04,287.82177734375
"8922",1974-06-05,288.901611328125
"8923",1974-06-06,286.616455078125
"8924",1974-06-07,286.636474609375
"8925",1974-06-08,286.708984375
"8926",1974-06-09,287.02880859375
"8927",1974-06-10,286.087890625
"8928",1974-06-11,285.17822265625
"8929",1974-06-12,292.749755859375
"8930",1974-06-13,296.66796875
"8931",1974-06-14,296.410888671875
"8932",1974-06-15,297.0556640625
"8933",1974-06-16,298.410400390625
"8934",1974-06-17,298.583251953125
"8935",1974-06-18,295.385498046875
"8936",1974-06-19,290.6845703125
"8937",1974-06-20,294.044921875
"8938",1974-06-21,295.810791015625
"8939",1974-06-22,297.21875
"8940",1974-06-23,295.961181640625
"8941",1974-06-24,295.600830078125
"8942",1974-06-25,296.038330078125
"8943",1974-06-26,291.971435546875
"8944",1974-06-27,288.5830078125
"8945",1974-06-28,292.445068359375
"8946",1974-06-29,290.8583984375
"8947",1974-06-30,293.454833984375
"8948",1974-07-01,292.817138671875
"8949",1974-07-02,293.3212890625
"8950",1974-07-03,291.394775390625
"8951",1974-07-04,288.84619140625
"8952",1974-07-05,289.199462890625
"8953",1974-07-06,291.726806640625
"8954",1974-07-07,292.064697265625
"8955",1974-07-08,294.59130859375
"8956",1974-07-09,295.117919921875
"8957",1974-07-10,294.7265625
"8958",1974-07-11,292.86474609375
"8959",1974-07-12,290.681396484375
"8960",1974-07-13,291.744384765625
"8961",1974-07-14,287.8974609375
"8962",1974-07-15,289.49609375
"8963",1974-07-16,289.028564453125
"8964",1974-07-17,290.257080078125
"8965",1974-07-18,291.75341796875
"8966",1974-07-19,293.668701171875
"8967",1974-07-20,294.835205078125
"8968",1974-07-21,291.544189453125
"8969",1974-07-22,289.79931640625
"8970",1974-07-23,291.0771484375
"8971",1974-07-24,288.923095703125
"8972",1974-07-25,290.494873046875
"8973",1974-07-26,292.6923828125
"8974",1974-07-27,289.513671875
"8975",1974-07-28,290.173583984375
"8976",1974-07-29,291.330810546875
"8977",1974-07-30,290.807861328125
"8978",1974-07-31,290.60400390625
"8979",1974-08-01,291.611328125
"8980",1974-08-02,290.052001953125
"8981",1974-08-03,291.20703125
"8982",1974-08-04,291.294677734375
"8983",1974-08-05,294.044677734375
"8984",1974-08-06,292.88916015625
"8985",1974-08-07,293.705810546875
"8986",1974-08-08,294.8056640625
"8987",1974-08-09,294.8076171875
"8988",1974-08-10,290.901611328125
"8989",1974-08-11,291.6669921875
"8990",1974-08-12,290.93603515625
"8991",1974-08-13,289.30322265625
"8992",1974-08-14,291.218994140625
"8993",1974-08-15,291.6796875
"8994",1974-08-16,292.4365234375
"8995",1974-08-17,290.884521484375
"8996",1974-08-18,292.28173828125
"8997",1974-08-19,292.31396484375
"8998",1974-08-20,293.398681640625
"8999",1974-08-21,291.87255859375
"9000",1974-08-22,291.615478515625
"9001",1974-08-23,291.329345703125
"9002",1974-08-24,290.78173828125
"9003",1974-08-25,291.315185546875
"9004",1974-08-26,294.205078125
"9005",1974-08-27,293.175048828125
"9006",1974-08-28,291.7978515625
"9007",1974-08-29,289.55712890625
"9008",1974-08-30,293.672607421875
"9009",1974-08-31,295.958740234375
"9010",1974-09-01,296.712646484375
"9011",1974-09-02,290.81298828125
"9012",1974-09-03,289.71826171875
"9013",1974-09-04,290.101806640625
"9014",1974-09-05,287.5576171875
"9015",1974-09-06,288.049072265625
"9016",1974-09-07,289.0888671875
"9017",1974-09-08,287.7099609375
"9018",1974-09-09,288.82177734375
"9019",1974-09-10,289.514892578125
"9020",1974-09-11,288.1484375
"9021",1974-09-12,290.31005859375
"9022",1974-09-13,290.0673828125
"9023",1974-09-14,287.904541015625
"9024",1974-09-15,289.904052734375
"9025",1974-09-16,290.707275390625
"9026",1974-09-17,290.19482421875
"9027",1974-09-18,288.47705078125
"9028",1974-09-19,286.5126953125
"9029",1974-09-20,287.95703125
"9030",1974-09-21,285.9462890625
"9031",1974-09-22,285.205078125
"9032",1974-09-23,285.83740234375
"9033",1974-09-24,284.468994140625
"9034",1974-09-25,285.54052734375
"9035",1974-09-26,285.697021484375
"9036",1974-09-27,286.027587890625
"9037",1974-09-28,286.47265625
"9038",1974-09-29,285.281005859375
"9039",1974-09-30,284.550537109375
"9040",1974-10-01,284.82861328125
"9041",1974-10-02,284.0029296875
"9042",1974-10-03,284.6591796875
"9043",1974-10-04,281.90576171875
"9044",1974-10-05,282.583740234375
"9045",1974-10-06,282.142822265625
"9046",1974-10-07,283.79541015625
"9047",1974-10-08,282.6708984375
"9048",1974-10-09,281.887451171875
"9049",1974-10-10,278.97412109375
"9050",1974-10-11,279.072998046875
"9051",1974-10-12,278.67333984375
"9052",1974-10-13,280.992919921875
"9053",1974-10-14,279.982177734375
"9054",1974-10-15,279.94287109375
"9055",1974-10-16,281.109130859375
"9056",1974-10-17,281.81591796875
"9057",1974-10-18,278.563720703125
"9058",1974-10-19,281.02099609375
"9059",1974-10-20,279.334228515625
"9060",1974-10-21,280.45947265625
"9061",1974-10-22,280.37646484375
"9062",1974-10-23,279.419921875
"9063",1974-10-24,280.735595703125
"9064",1974-10-25,281.98095703125
"9065",1974-10-26,281.808349609375
"9066",1974-10-27,278.41796875
"9067",1974-10-28,277.798828125
"9068",1974-10-29,279.347412109375
"9069",1974-10-30,277.19140625
"9070",1974-10-31,279.151123046875
"9071",1974-11-01,278.79345703125
"9072",1974-11-02,278.00146484375
"9073",1974-11-03,276.53271484375
"9074",1974-11-04,276.662109375
"9075",1974-11-05,275.915771484375
"9076",1974-11-06,278.368408203125
"9077",1974-11-07,274.894775390625
"9078",1974-11-08,277.797119140625
"9079",1974-11-09,279.59423828125
"9080",1974-11-10,282.17919921875
"9081",1974-11-11,281.6884765625
"9082",1974-11-12,280.295166015625
"9083",1974-11-13,281.98876953125
"9084",1974-11-14,282.60302734375
"9085",1974-11-15,282.574951171875
"9086",1974-11-16,280.965087890625
"9087",1974-11-17,280.712646484375
"9088",1974-11-18,281.38330078125
"9089",1974-11-19,280.2578125
"9090",1974-11-20,279.04052734375
"9091",1974-11-21,273.498046875
"9092",1974-11-22,272.60595703125
"9093",1974-11-23,273.951171875
"9094",1974-11-24,277.458984375
"9095",1974-11-25,277.70458984375
"9096",1974-11-26,277.10791015625
"9097",1974-11-27,276.80126953125
"9098",1974-11-28,276.261474609375
"9099",1974-11-29,275.45263671875
"9100",1974-11-30,273.84619140625
"9101",1974-12-01,275.750244140625
"9102",1974-12-02,280.86962890625
"9103",1974-12-03,279.871826171875
"9104",1974-12-04,281.22900390625
"9105",1974-12-05,277.639892578125
"9106",1974-12-06,277.54443359375
"9107",1974-12-07,277.2333984375
"9108",1974-12-08,280.25048828125
"9109",1974-12-09,280.355224609375
"9110",1974-12-10,278.29443359375
"9111",1974-12-11,276.4912109375
"9112",1974-12-12,273.30224609375
"9113",1974-12-13,277.32421875
"9114",1974-12-14,279.402099609375
"9115",1974-12-15,277.419677734375
"9116",1974-12-16,276.164794921875
"9117",1974-12-17,276.4892578125
"9118",1974-12-18,273.49609375
"9119",1974-12-19,274.78271484375
"9120",1974-12-20,280.36083984375
"9121",1974-12-21,281.357666015625
"9122",1974-12-22,281.453857421875
"9123",1974-12-23,280.5537109375
"9124",1974-12-24,280.4482421875
"9125",1974-12-25,279.189697265625
"9126",1974-12-26,280.8095703125
"9127",1974-12-27,275.53076171875
"9128",1974-12-28,274.05908203125
"9129",1974-12-29,275.520751953125
"9130",1974-12-30,271.39697265625
"9131",1974-12-31,277.92431640625
"9132",1975-01-01,276.7607421875
"9133",1975-01-02,279.682861328125
"9134",1975-01-03,280.711669921875
"9135",1975-01-04,278.10498046875
"9136",1975-01-05,283.34375
"9137",1975-01-06,281.48388671875
"9138",1975-01-07,273.361572265625
"9139",1975-01-08,270.340576171875
"9140",1975-01-09,279.739990234375
"9141",1975-01-10,278.679931640625
"9142",1975-01-11,276.088623046875
"9143",1975-01-12,278.841796875
"9144",1975-01-13,279.971435546875
"9145",1975-01-14,280.919677734375
"9146",1975-01-15,280.986083984375
"9147",1975-01-16,281.272705078125
"9148",1975-01-17,277.791748046875
"9149",1975-01-18,277.814697265625
"9150",1975-01-19,275.823974609375
"9151",1975-01-20,277.049560546875
"9152",1975-01-21,277.171875
"9153",1975-01-22,278.3427734375
"9154",1975-01-23,278.582763671875
"9155",1975-01-24,277.378662109375
"9156",1975-01-25,276.314208984375
"9157",1975-01-26,276.340087890625
"9158",1975-01-27,275.008056640625
"9159",1975-01-28,276.0625
"9160",1975-01-29,275.849853515625
"9161",1975-01-30,274.685546875
"9162",1975-01-31,276.28955078125
"9163",1975-02-01,278.3916015625
"9164",1975-02-02,275.74267578125
"9165",1975-02-03,276.596435546875
"9166",1975-02-04,276.710205078125
"9167",1975-02-05,274.647216796875
"9168",1975-02-06,274.779052734375
"9169",1975-02-07,275.453125
"9170",1975-02-08,275.947998046875
"9171",1975-02-09,274.163330078125
"9172",1975-02-10,274.273681640625
"9173",1975-02-11,275.441650390625
"9174",1975-02-12,274.7763671875
"9175",1975-02-13,274.236328125
"9176",1975-02-14,271.298828125
"9177",1975-02-15,269.081298828125
"9178",1975-02-16,275.037353515625
"9179",1975-02-17,275.5576171875
"9180",1975-02-18,278.37548828125
"9181",1975-02-19,278.34228515625
"9182",1975-02-20,276.9658203125
"9183",1975-02-21,277.90576171875
"9184",1975-02-22,277.659423828125
"9185",1975-02-23,276.93408203125
"9186",1975-02-24,278.83251953125
"9187",1975-02-25,277.950439453125
"9188",1975-02-26,278.117919921875
"9189",1975-02-27,278.503662109375
"9190",1975-02-28,278.609619140625
"9191",1975-03-01,278.682861328125
"9192",1975-03-02,276.16162109375
"9193",1975-03-03,277.577880859375
"9194",1975-03-04,279.34033203125
"9195",1975-03-05,278.602783203125
"9196",1975-03-06,276.4287109375
"9197",1975-03-07,277.807861328125
"9198",1975-03-08,277.715087890625
"9199",1975-03-09,278.46875
"9200",1975-03-10,278.99365234375
"9201",1975-03-11,279.08935546875
"9202",1975-03-12,278.064208984375
"9203",1975-03-13,280.0166015625
"9204",1975-03-14,279.826171875
"9205",1975-03-15,277.69873046875
"9206",1975-03-16,277.8359375
"9207",1975-03-17,275.6064453125
"9208",1975-03-18,277.0498046875
"9209",1975-03-19,282.3662109375
"9210",1975-03-20,279.232177734375
"9211",1975-03-21,279.3603515625
"9212",1975-03-22,277.01708984375
"9213",1975-03-23,279.125244140625
"9214",1975-03-24,279.181396484375
"9215",1975-03-25,276.98095703125
"9216",1975-03-26,276.4306640625
"9217",1975-03-27,275.30126953125
"9218",1975-03-28,276.3876953125
"9219",1975-03-29,275.87939453125
"9220",1975-03-30,277.6123046875
"9221",1975-03-31,278.5380859375
"9222",1975-04-01,277.958740234375
"9223",1975-04-02,277.20849609375
"9224",1975-04-03,276.651123046875
"9225",1975-04-04,276.82763671875
"9226",1975-04-05,279.012939453125
"9227",1975-04-06,276.322021484375
"9228",1975-04-07,276.32666015625
"9229",1975-04-08,277.901123046875
"9230",1975-04-09,278.22119140625
"9231",1975-04-10,278.518798828125
"9232",1975-04-11,279.42529296875
"9233",1975-04-12,277.316650390625
"9234",1975-04-13,280.999267578125
"9235",1975-04-14,282.163818359375
"9236",1975-04-15,278.925537109375
"9237",1975-04-16,281.560791015625
"9238",1975-04-17,283.35791015625
"9239",1975-04-18,284.91015625
"9240",1975-04-19,286.128662109375
"9241",1975-04-20,283.265625
"9242",1975-04-21,284.9765625
"9243",1975-04-22,281.248779296875
"9244",1975-04-23,282.12744140625
"9245",1975-04-24,287.115234375
"9246",1975-04-25,285.533447265625
"9247",1975-04-26,287.287841796875
"9248",1975-04-27,285.876708984375
"9249",1975-04-28,284.117919921875
"9250",1975-04-29,289.605712890625
"9251",1975-04-30,283.041015625
"9252",1975-05-01,283.84716796875
"9253",1975-05-02,282.19775390625
"9254",1975-05-03,285.569580078125
"9255",1975-05-04,286.25
"9256",1975-05-05,289.01708984375
"9257",1975-05-06,291.733154296875
"9258",1975-05-07,291.14794921875
"9259",1975-05-08,292.8701171875
"9260",1975-05-09,296.36865234375
"9261",1975-05-10,293.418212890625
"9262",1975-05-11,287.71875
"9263",1975-05-12,286.48583984375
"9264",1975-05-13,285.644287109375
"9265",1975-05-14,288.3369140625
"9266",1975-05-15,288.81103515625
"9267",1975-05-16,289.373779296875
"9268",1975-05-17,289.903564453125
"9269",1975-05-18,293.055908203125
"9270",1975-05-19,290.430908203125
"9271",1975-05-20,289.5615234375
"9272",1975-05-21,286.631591796875
"9273",1975-05-22,285.194580078125
"9274",1975-05-23,287.992431640625
"9275",1975-05-24,289.449462890625
"9276",1975-05-25,290.578369140625
"9277",1975-05-26,293.50732421875
"9278",1975-05-27,292.59912109375
"9279",1975-05-28,291.565185546875
"9280",1975-05-29,283.74462890625
"9281",1975-05-30,279.891357421875
"9282",1975-05-31,283.114501953125
"9283",1975-06-01,282.488037109375
"9284",1975-06-02,283.650390625
"9285",1975-06-03,285.96044921875
"9286",1975-06-04,284.2978515625
"9287",1975-06-05,287.102294921875
"9288",1975-06-06,286.1103515625
"9289",1975-06-07,291.429931640625
"9290",1975-06-08,294.73974609375
"9291",1975-06-09,298.295654296875
"9292",1975-06-10,295.93896484375
"9293",1975-06-11,295.444091796875
"9294",1975-06-12,292.82958984375
"9295",1975-06-13,289.080810546875
"9296",1975-06-14,289.0830078125
"9297",1975-06-15,287.861572265625
"9298",1975-06-16,287.46875
"9299",1975-06-17,288.488037109375
"9300",1975-06-18,290.50146484375
"9301",1975-06-19,292.99853515625
"9302",1975-06-20,295.607177734375
"9303",1975-06-21,296.753662109375
"9304",1975-06-22,298.079833984375
"9305",1975-06-23,297.171142578125
"9306",1975-06-24,294.786376953125
"9307",1975-06-25,293.16259765625
"9308",1975-06-26,290.3212890625
"9309",1975-06-27,290.725341796875
"9310",1975-06-28,291.71826171875
"9311",1975-06-29,293.1826171875
"9312",1975-06-30,295.973388671875
"9313",1975-07-01,295.5244140625
"9314",1975-07-02,294.719970703125
"9315",1975-07-03,296.576171875
"9316",1975-07-04,293.534912109375
"9317",1975-07-05,295.055908203125
"9318",1975-07-06,295.167236328125
"9319",1975-07-07,291.775146484375
"9320",1975-07-08,296.16357421875
"9321",1975-07-09,299.097900390625
"9322",1975-07-10,297.387451171875
"9323",1975-07-11,293.331787109375
"9324",1975-07-12,292.5830078125
"9325",1975-07-13,292.99853515625
"9326",1975-07-14,293.907470703125
"9327",1975-07-15,292.8076171875
"9328",1975-07-16,292.646728515625
"9329",1975-07-17,294.926025390625
"9330",1975-07-18,292.130859375
"9331",1975-07-19,294.505859375
"9332",1975-07-20,296.63232421875
"9333",1975-07-21,294.518798828125
"9334",1975-07-22,290.042724609375
"9335",1975-07-23,289.9619140625
"9336",1975-07-24,289.909912109375
"9337",1975-07-25,291.51171875
"9338",1975-07-26,294.785400390625
"9339",1975-07-27,296.90869140625
"9340",1975-07-28,298.4423828125
"9341",1975-07-29,295.546875
"9342",1975-07-30,295.60888671875
"9343",1975-07-31,294.14208984375
"9344",1975-08-01,294.4892578125
"9345",1975-08-02,295.2421875
"9346",1975-08-03,297.539306640625
"9347",1975-08-04,300.28173828125
"9348",1975-08-05,301.7900390625
"9349",1975-08-06,303.51904296875
"9350",1975-08-07,302.906494140625
"9351",1975-08-08,303.71484375
"9352",1975-08-09,303.60791015625
"9353",1975-08-10,303.989013671875
"9354",1975-08-11,303.39697265625
"9355",1975-08-12,296.8515625
"9356",1975-08-13,295.12548828125
"9357",1975-08-14,296.123779296875
"9358",1975-08-15,297.872314453125
"9359",1975-08-16,294.340087890625
"9360",1975-08-17,291.942626953125
"9361",1975-08-18,293.094970703125
"9362",1975-08-19,294.03173828125
"9363",1975-08-20,294.212158203125
"9364",1975-08-21,293.2705078125
"9365",1975-08-22,290.86572265625
"9366",1975-08-23,291.558837890625
"9367",1975-08-24,291.95361328125
"9368",1975-08-25,293.2431640625
"9369",1975-08-26,293.764404296875
"9370",1975-08-27,295.84423828125
"9371",1975-08-28,294.425048828125
"9372",1975-08-29,292.7646484375
"9373",1975-08-30,293.747314453125
"9374",1975-08-31,294.088134765625
"9375",1975-09-01,294.6376953125
"9376",1975-09-02,295.1484375
"9377",1975-09-03,292.65283203125
"9378",1975-09-04,290.54248046875
"9379",1975-09-05,290.562744140625
"9380",1975-09-06,289.473876953125
"9381",1975-09-07,287.47119140625
"9382",1975-09-08,288.822265625
"9383",1975-09-09,289.90478515625
"9384",1975-09-10,289.265380859375
"9385",1975-09-11,289.63134765625
"9386",1975-09-12,288.992919921875
"9387",1975-09-13,285.36474609375
"9388",1975-09-14,286.29736328125
"9389",1975-09-15,288.25830078125
"9390",1975-09-16,288.194580078125
"9391",1975-09-17,291.194091796875
"9392",1975-09-18,290.860595703125
"9393",1975-09-19,290.54248046875
"9394",1975-09-20,288.9375
"9395",1975-09-21,287.16064453125
"9396",1975-09-22,287.410888671875
"9397",1975-09-23,288.541015625
"9398",1975-09-24,286.553955078125
"9399",1975-09-25,287.557861328125
"9400",1975-09-26,287.98828125
"9401",1975-09-27,285.2529296875
"9402",1975-09-28,285.957763671875
"9403",1975-09-29,287.534423828125
"9404",1975-09-30,288.023681640625
"9405",1975-10-01,287.86669921875
"9406",1975-10-02,287.19580078125
"9407",1975-10-03,286.687744140625
"9408",1975-10-04,285.222900390625
"9409",1975-10-05,286.978759765625
"9410",1975-10-06,286.844970703125
"9411",1975-10-07,287.200439453125
"9412",1975-10-08,284.436279296875
"9413",1975-10-09,280.559326171875
"9414",1975-10-10,279.525390625
"9415",1975-10-11,281.381591796875
"9416",1975-10-12,284.096435546875
"9417",1975-10-13,282.833984375
"9418",1975-10-14,281.75927734375
"9419",1975-10-15,282.655029296875
"9420",1975-10-16,282.71923828125
"9421",1975-10-17,283.695556640625
"9422",1975-10-18,282.185791015625
"9423",1975-10-19,281.444580078125
"9424",1975-10-20,279.73583984375
"9425",1975-10-21,280.482421875
"9426",1975-10-22,280.5009765625
"9427",1975-10-23,282.47119140625
"9428",1975-10-24,283.484619140625
"9429",1975-10-25,285.03076171875
"9430",1975-10-26,285.619384765625
"9431",1975-10-27,284.862548828125
"9432",1975-10-28,285.19677734375
"9433",1975-10-29,284.30712890625
"9434",1975-10-30,285.2685546875
"9435",1975-10-31,283.071044921875
"9436",1975-11-01,282.661865234375
"9437",1975-11-02,282.524169921875
"9438",1975-11-03,283.4091796875
"9439",1975-11-04,283.3037109375
"9440",1975-11-05,283.78955078125
"9441",1975-11-06,282.188720703125
"9442",1975-11-07,278.660400390625
"9443",1975-11-08,277.084716796875
"9444",1975-11-09,278.21435546875
"9445",1975-11-10,275.005859375
"9446",1975-11-11,277.45751953125
"9447",1975-11-12,279.0322265625
"9448",1975-11-13,279.299560546875
"9449",1975-11-14,278.2548828125
"9450",1975-11-15,281.459228515625
"9451",1975-11-16,279.252197265625
"9452",1975-11-17,276.743896484375
"9453",1975-11-18,276.7587890625
"9454",1975-11-19,274.88134765625
"9455",1975-11-20,273.303466796875
"9456",1975-11-21,273.430419921875
"9457",1975-11-22,272.15673828125
"9458",1975-11-23,277.455810546875
"9459",1975-11-24,277.87890625
"9460",1975-11-25,278.5634765625
"9461",1975-11-26,277.9052734375
"9462",1975-11-27,278.209228515625
"9463",1975-11-28,277.921630859375
"9464",1975-11-29,276.49072265625
"9465",1975-11-30,277.47119140625
"9466",1975-12-01,278.247314453125
"9467",1975-12-02,277.8662109375
"9468",1975-12-03,277.917236328125
"9469",1975-12-04,281.421630859375
"9470",1975-12-05,281.5029296875
"9471",1975-12-06,279.882568359375
"9472",1975-12-07,280.882568359375
"9473",1975-12-08,279.043701171875
"9474",1975-12-09,282.66015625
"9475",1975-12-10,277.160400390625
"9476",1975-12-11,280.080078125
"9477",1975-12-12,279.708251953125
"9478",1975-12-13,273.357177734375
"9479",1975-12-14,279.362060546875
"9480",1975-12-15,280.98095703125
"9481",1975-12-16,281.199462890625
"9482",1975-12-17,271.935302734375
"9483",1975-12-18,276.42138671875
"9484",1975-12-19,273.48486328125
"9485",1975-12-20,278.97021484375
"9486",1975-12-21,283.356689453125
"9487",1975-12-22,281.173828125
"9488",1975-12-23,281.085693359375
"9489",1975-12-24,278.839599609375
"9490",1975-12-25,273.04052734375
"9491",1975-12-26,279.144775390625
"9492",1975-12-27,282.223876953125
"9493",1975-12-28,282.085693359375
"9494",1975-12-29,280.895263671875
"9495",1975-12-30,281.83837890625
"9496",1975-12-31,279.921630859375
"9497",1976-01-01,275.472412109375
"9498",1976-01-02,271.840087890625
"9499",1976-01-03,272.833984375
"9500",1976-01-04,271.304443359375
"9501",1976-01-05,275.228759765625
"9502",1976-01-06,267.907470703125
"9503",1976-01-07,278.848388671875
"9504",1976-01-08,281.055419921875
"9505",1976-01-09,278.154541015625
"9506",1976-01-10,275.78662109375
"9507",1976-01-11,275.519287109375
"9508",1976-01-12,277.580322265625
"9509",1976-01-13,275.089111328125
"9510",1976-01-14,273.406005859375
"9511",1976-01-15,266.84619140625
"9512",1976-01-16,275.656982421875
"9513",1976-01-17,273.952880859375
"9514",1976-01-18,277.60107421875
"9515",1976-01-19,277.7587890625
"9516",1976-01-20,279.80908203125
"9517",1976-01-21,277.0654296875
"9518",1976-01-22,275.0234375
"9519",1976-01-23,270.471435546875
"9520",1976-01-24,267.844482421875
"9521",1976-01-25,270.63720703125
"9522",1976-01-26,270.241943359375
"9523",1976-01-27,269.120849609375
"9524",1976-01-28,271.439453125
"9525",1976-01-29,271.907470703125
"9526",1976-01-30,271.625
"9527",1976-01-31,269.240966796875
"9528",1976-02-01,270.176513671875
"9529",1976-02-02,271.9609375
"9530",1976-02-03,272.1669921875
"9531",1976-02-04,269.3720703125
"9532",1976-02-05,272.390380859375
"9533",1976-02-06,272.36767578125
"9534",1976-02-07,270.91015625
"9535",1976-02-08,269.4140625
"9536",1976-02-09,275.11865234375
"9537",1976-02-10,276.89892578125
"9538",1976-02-11,275.4638671875
"9539",1976-02-12,274.500244140625
"9540",1976-02-13,273.413818359375
"9541",1976-02-14,272.208740234375
"9542",1976-02-15,272.678466796875
"9543",1976-02-16,277.310302734375
"9544",1976-02-17,275.371337890625
"9545",1976-02-18,272.64306640625
"9546",1976-02-19,272.35205078125
"9547",1976-02-20,273.6640625
"9548",1976-02-21,273.930908203125
"9549",1976-02-22,274.16650390625
"9550",1976-02-23,274.329833984375
"9551",1976-02-24,277.12548828125
"9552",1976-02-25,282.077880859375
"9553",1976-02-26,281.364013671875
"9554",1976-02-27,280.1162109375
"9555",1976-02-28,278.52783203125
"9556",1976-02-29,278.673583984375
"9557",1976-03-01,278.645751953125
"9558",1976-03-02,278.171875
"9559",1976-03-03,278.25537109375
"9560",1976-03-04,278.0732421875
"9561",1976-03-05,275.15283203125
"9562",1976-03-06,273.93310546875
"9563",1976-03-07,274.172119140625
"9564",1976-03-08,272.44140625
"9565",1976-03-09,272.225341796875
"9566",1976-03-10,272.92529296875
"9567",1976-03-11,273.10009765625
"9568",1976-03-12,271.79296875
"9569",1976-03-13,270.14697265625
"9570",1976-03-14,271.90185546875
"9571",1976-03-15,271.826904296875
"9572",1976-03-16,272.2548828125
"9573",1976-03-17,276.41455078125
"9574",1976-03-18,278.040771484375
"9575",1976-03-19,278.165283203125
"9576",1976-03-20,276.83837890625
"9577",1976-03-21,274.400634765625
"9578",1976-03-22,275.156982421875
"9579",1976-03-23,273.362548828125
"9580",1976-03-24,272.743408203125
"9581",1976-03-25,273.859375
"9582",1976-03-26,278.34619140625
"9583",1976-03-27,278.21728515625
"9584",1976-03-28,282.325927734375
"9585",1976-03-29,279.57861328125
"9586",1976-03-30,278.704345703125
"9587",1976-03-31,278.992919921875
"9588",1976-04-01,280.034912109375
"9589",1976-04-02,279.319091796875
"9590",1976-04-03,281.294921875
"9591",1976-04-04,276.84326171875
"9592",1976-04-05,278.676513671875
"9593",1976-04-06,279.786376953125
"9594",1976-04-07,281.08251953125
"9595",1976-04-08,279.70556640625
"9596",1976-04-09,278.95947265625
"9597",1976-04-10,283.77001953125
"9598",1976-04-11,281.848388671875
"9599",1976-04-12,281.99951171875
"9600",1976-04-13,283.14599609375
"9601",1976-04-14,286.053466796875
"9602",1976-04-15,285.23046875
"9603",1976-04-16,283.636962890625
"9604",1976-04-17,281.243896484375
"9605",1976-04-18,281.525146484375
"9606",1976-04-19,281.949462890625
"9607",1976-04-20,287.113037109375
"9608",1976-04-21,283.2275390625
"9609",1976-04-22,281.16748046875
"9610",1976-04-23,283.263427734375
"9611",1976-04-24,284.30126953125
"9612",1976-04-25,283.937255859375
"9613",1976-04-26,281.778564453125
"9614",1976-04-27,278.4736328125
"9615",1976-04-28,279.00732421875
"9616",1976-04-29,282.897705078125
"9617",1976-04-30,283.253173828125
"9618",1976-05-01,282.994384765625
"9619",1976-05-02,279.71875
"9620",1976-05-03,282.40185546875
"9621",1976-05-04,284.393798828125
"9622",1976-05-05,286.336669921875
"9623",1976-05-06,285.4833984375
"9624",1976-05-07,287.420166015625
"9625",1976-05-08,288.004638671875
"9626",1976-05-09,293.622314453125
"9627",1976-05-10,296.19384765625
"9628",1976-05-11,287.348388671875
"9629",1976-05-12,284.8916015625
"9630",1976-05-13,284.831787109375
"9631",1976-05-14,285.10986328125
"9632",1976-05-15,288.5869140625
"9633",1976-05-16,287.148681640625
"9634",1976-05-17,288.3271484375
"9635",1976-05-18,293.836181640625
"9636",1976-05-19,295.3193359375
"9637",1976-05-20,292.158447265625
"9638",1976-05-21,292.888427734375
"9639",1976-05-22,292.590576171875
"9640",1976-05-23,291.372314453125
"9641",1976-05-24,293.33740234375
"9642",1976-05-25,294.850341796875
"9643",1976-05-26,293.7333984375
"9644",1976-05-27,281.041259765625
"9645",1976-05-28,283.40234375
"9646",1976-05-29,285.457763671875
"9647",1976-05-30,285.350830078125
"9648",1976-05-31,286.63232421875
"9649",1976-06-01,289.563720703125
"9650",1976-06-02,288.9609375
"9651",1976-06-03,289.43896484375
"9652",1976-06-04,289.92138671875
"9653",1976-06-05,285.032470703125
"9654",1976-06-06,286.7119140625
"9655",1976-06-07,292.009521484375
"9656",1976-06-08,291.526123046875
"9657",1976-06-09,291.18701171875
"9658",1976-06-10,292.958984375
"9659",1976-06-11,291.585693359375
"9660",1976-06-12,291.385986328125
"9661",1976-06-13,291.526611328125
"9662",1976-06-14,288.706787109375
"9663",1976-06-15,289.54052734375
"9664",1976-06-16,295.441650390625
"9665",1976-06-17,296.4072265625
"9666",1976-06-18,291.837646484375
"9667",1976-06-19,286.22021484375
"9668",1976-06-20,286.674560546875
"9669",1976-06-21,290.934814453125
"9670",1976-06-22,292.73291015625
"9671",1976-06-23,293.62353515625
"9672",1976-06-24,293.193359375
"9673",1976-06-25,296.038330078125
"9674",1976-06-26,296.712646484375
"9675",1976-06-27,294.997314453125
"9676",1976-06-28,295.28466796875
"9677",1976-06-29,295.37255859375
"9678",1976-06-30,297.2255859375
"9679",1976-07-01,295.382080078125
"9680",1976-07-02,295.63037109375
"9681",1976-07-03,298.841552734375
"9682",1976-07-04,296.880615234375
"9683",1976-07-05,296.703125
"9684",1976-07-06,299.58642578125
"9685",1976-07-07,299.467041015625
"9686",1976-07-08,291.45263671875
"9687",1976-07-09,293.201416015625
"9688",1976-07-10,297.650634765625
"9689",1976-07-11,295.241943359375
"9690",1976-07-12,297.169677734375
"9691",1976-07-13,298.40673828125
"9692",1976-07-14,297.2607421875
"9693",1976-07-15,295.921630859375
"9694",1976-07-16,297.626220703125
"9695",1976-07-17,295.602783203125
"9696",1976-07-18,298.009765625
"9697",1976-07-19,295.5439453125
"9698",1976-07-20,294.718017578125
"9699",1976-07-21,294.156982421875
"9700",1976-07-22,297.33349609375
"9701",1976-07-23,295.693115234375
"9702",1976-07-24,294.02392578125
"9703",1976-07-25,295.872802734375
"9704",1976-07-26,295.34716796875
"9705",1976-07-27,293.511962890625
"9706",1976-07-28,294.49560546875
"9707",1976-07-29,291.19921875
"9708",1976-07-30,289.200439453125
"9709",1976-07-31,290.406982421875
"9710",1976-08-01,289.595703125
"9711",1976-08-02,288.977783203125
"9712",1976-08-03,289.591552734375
"9713",1976-08-04,287.2119140625
"9714",1976-08-05,290.427490234375
"9715",1976-08-06,293.8203125
"9716",1976-08-07,295.050537109375
"9717",1976-08-08,296.112548828125
"9718",1976-08-09,296.6689453125
"9719",1976-08-10,298.95458984375
"9720",1976-08-11,298.69189453125
"9721",1976-08-12,296.8896484375
"9722",1976-08-13,296.772705078125
"9723",1976-08-14,296.94970703125
"9724",1976-08-15,297.576416015625
"9725",1976-08-16,297.083251953125
"9726",1976-08-17,298.558837890625
"9727",1976-08-18,299.361572265625
"9728",1976-08-19,299.42529296875
"9729",1976-08-20,295.986083984375
"9730",1976-08-21,294.33203125
"9731",1976-08-22,295.960205078125
"9732",1976-08-23,296.617431640625
"9733",1976-08-24,295.789794921875
"9734",1976-08-25,295.786865234375
"9735",1976-08-26,294.650634765625
"9736",1976-08-27,293.055908203125
"9737",1976-08-28,294.930419921875
"9738",1976-08-29,298.786865234375
"9739",1976-08-30,296.97314453125
"9740",1976-08-31,291.28466796875
"9741",1976-09-01,291.098388671875
"9742",1976-09-02,290.86767578125
"9743",1976-09-03,288.74609375
"9744",1976-09-04,287.849853515625
"9745",1976-09-05,289.66259765625
"9746",1976-09-06,291.318359375
"9747",1976-09-07,289.3330078125
"9748",1976-09-08,286.54736328125
"9749",1976-09-09,284.46728515625
"9750",1976-09-10,286.3974609375
"9751",1976-09-11,286.79541015625
"9752",1976-09-12,286.918212890625
"9753",1976-09-13,288.502685546875
"9754",1976-09-14,289.06982421875
"9755",1976-09-15,288.546142578125
"9756",1976-09-16,286.15185546875
"9757",1976-09-17,283.52587890625
"9758",1976-09-18,285.337890625
"9759",1976-09-19,287.450439453125
"9760",1976-09-20,287.452880859375
"9761",1976-09-21,289.607421875
"9762",1976-09-22,287.572265625
"9763",1976-09-23,287.943115234375
"9764",1976-09-24,289.373291015625
"9765",1976-09-25,287.329833984375
"9766",1976-09-26,288.624755859375
"9767",1976-09-27,286.37890625
"9768",1976-09-28,282.442138671875
"9769",1976-09-29,282.47216796875
"9770",1976-09-30,282.6748046875
"9771",1976-10-01,283.297607421875
"9772",1976-10-02,283.283203125
"9773",1976-10-03,282.2392578125
"9774",1976-10-04,284.564453125
"9775",1976-10-05,284.383544921875
"9776",1976-10-06,285.6787109375
"9777",1976-10-07,286.693359375
"9778",1976-10-08,286.28076171875
"9779",1976-10-09,286.633056640625
"9780",1976-10-10,284.125244140625
"9781",1976-10-11,286.949462890625
"9782",1976-10-12,285.291015625
"9783",1976-10-13,283.3720703125
"9784",1976-10-14,277.451904296875
"9785",1976-10-15,278.270751953125
"9786",1976-10-16,277.902587890625
"9787",1976-10-17,276.99658203125
"9788",1976-10-18,277.296630859375
"9789",1976-10-19,277.84130859375
"9790",1976-10-20,279.44580078125
"9791",1976-10-21,281.732177734375
"9792",1976-10-22,282.909423828125
"9793",1976-10-23,283.14892578125
"9794",1976-10-24,281.53955078125
"9795",1976-10-25,280.998291015625
"9796",1976-10-26,279.7041015625
"9797",1976-10-27,278.8603515625
"9798",1976-10-28,277.768798828125
"9799",1976-10-29,276.62060546875
"9800",1976-10-30,275.771728515625
"9801",1976-10-31,277.444580078125
"9802",1976-11-01,275.36376953125
"9803",1976-11-02,279.3115234375
"9804",1976-11-03,279.97802734375
"9805",1976-11-04,279.966064453125
"9806",1976-11-05,280.718017578125
"9807",1976-11-06,281.9775390625
"9808",1976-11-07,282.1669921875
"9809",1976-11-08,282.0849609375
"9810",1976-11-09,281.127685546875
"9811",1976-11-10,281.53759765625
"9812",1976-11-11,281.822021484375
"9813",1976-11-12,280.550048828125
"9814",1976-11-13,278.364501953125
"9815",1976-11-14,275.4541015625
"9816",1976-11-15,273.63671875
"9817",1976-11-16,276.508056640625
"9818",1976-11-17,276.709716796875
"9819",1976-11-18,278.177978515625
"9820",1976-11-19,275.837646484375
"9821",1976-11-20,278.35791015625
"9822",1976-11-21,281.583740234375
"9823",1976-11-22,274.68701171875
"9824",1976-11-23,274.700439453125
"9825",1976-11-24,271.448486328125
"9826",1976-11-25,280.04736328125
"9827",1976-11-26,280.7646484375
"9828",1976-11-27,279.298583984375
"9829",1976-11-28,280.99169921875
"9830",1976-11-29,280.388671875
"9831",1976-11-30,278.484619140625
"9832",1976-12-01,274.7861328125
"9833",1976-12-02,273.104248046875
"9834",1976-12-03,272.72900390625
"9835",1976-12-04,276.61474609375
"9836",1976-12-05,278.191650390625
"9837",1976-12-06,276.18896484375
"9838",1976-12-07,278.30615234375
"9839",1976-12-08,278.483642578125
"9840",1976-12-09,275.580810546875
"9841",1976-12-10,274.282958984375
"9842",1976-12-11,272.82080078125
"9843",1976-12-12,272.62255859375
"9844",1976-12-13,272.182861328125
"9845",1976-12-14,269.148681640625
"9846",1976-12-15,271.12548828125
"9847",1976-12-16,272.12890625
"9848",1976-12-17,271.7724609375
"9849",1976-12-18,269.7373046875
"9850",1976-12-19,268.65966796875
"9851",1976-12-20,271.58642578125
"9852",1976-12-21,272.28515625
"9853",1976-12-22,272.59228515625
"9854",1976-12-23,267.643310546875
"9855",1976-12-24,269.25439453125
"9856",1976-12-25,274.82958984375
"9857",1976-12-26,269.9443359375
"9858",1976-12-27,271.77978515625
"9859",1976-12-28,266.727783203125
"9860",1976-12-29,265.57373046875
"9861",1976-12-30,273.896484375
"9862",1976-12-31,271.092041015625
"9863",1977-01-01,276.309814453125
"9864",1977-01-02,276.12060546875
"9865",1977-01-03,273.57080078125
"9866",1977-01-04,274.9189453125
"9867",1977-01-05,276.560302734375
"9868",1977-01-06,277.3232421875
"9869",1977-01-07,276.076171875
"9870",1977-01-08,272.4990234375
"9871",1977-01-09,270.261962890625
"9872",1977-01-10,270.472412109375
"9873",1977-01-11,273.590087890625
"9874",1977-01-12,273.112548828125
"9875",1977-01-13,271.488525390625
"9876",1977-01-14,271.2109375
"9877",1977-01-15,274.46044921875
"9878",1977-01-16,274.12548828125
"9879",1977-01-17,272.31103515625
"9880",1977-01-18,271.71240234375
"9881",1977-01-19,270.13330078125
"9882",1977-01-20,268.893798828125
"9883",1977-01-21,269.427734375
"9884",1977-01-22,269.79833984375
"9885",1977-01-23,268.60986328125
"9886",1977-01-24,271.706298828125
"9887",1977-01-25,273.912109375
"9888",1977-01-26,275.536376953125
"9889",1977-01-27,273.927978515625
"9890",1977-01-28,269.991455078125
"9891",1977-01-29,269.61083984375
"9892",1977-01-30,263.45947265625
"9893",1977-01-31,268.578369140625
"9894",1977-02-01,274.138427734375
"9895",1977-02-02,271.493408203125
"9896",1977-02-03,273.491455078125
"9897",1977-02-04,275.134765625
"9898",1977-02-05,274.8583984375
"9899",1977-02-06,273.777587890625
"9900",1977-02-07,273.29638671875
"9901",1977-02-08,273.109619140625
"9902",1977-02-09,269.289794921875
"9903",1977-02-10,269.14111328125
"9904",1977-02-11,264.79443359375
"9905",1977-02-12,264.444580078125
"9906",1977-02-13,269.272705078125
"9907",1977-02-14,271.2109375
"9908",1977-02-15,271.308349609375
"9909",1977-02-16,269.91162109375
"9910",1977-02-17,267.935302734375
"9911",1977-02-18,270.727294921875
"9912",1977-02-19,274.241943359375
"9913",1977-02-20,274.462158203125
"9914",1977-02-21,272.017822265625
"9915",1977-02-22,271.98486328125
"9916",1977-02-23,270.26171875
"9917",1977-02-24,268.5
"9918",1977-02-25,267.19091796875
"9919",1977-02-26,269.2060546875
"9920",1977-02-27,273.4326171875
"9921",1977-02-28,274.684814453125
"9922",1977-03-01,274.99365234375
"9923",1977-03-02,275.365234375
"9924",1977-03-03,273.70166015625
"9925",1977-03-04,276.8828125
"9926",1977-03-05,277.377197265625
"9927",1977-03-06,276.370361328125
"9928",1977-03-07,276.4931640625
"9929",1977-03-08,277.728271484375
"9930",1977-03-09,276.9013671875
"9931",1977-03-10,277.60107421875
"9932",1977-03-11,279.4990234375
"9933",1977-03-12,276.83349609375
"9934",1977-03-13,276.861328125
"9935",1977-03-14,275.99951171875
"9936",1977-03-15,276.15576171875
"9937",1977-03-16,278.291015625
"9938",1977-03-17,277.41796875
"9939",1977-03-18,279.992919921875
"9940",1977-03-19,277.355712890625
"9941",1977-03-20,276.24951171875
"9942",1977-03-21,276.27294921875
"9943",1977-03-22,278.4638671875
"9944",1977-03-23,278.429443359375
"9945",1977-03-24,282.718994140625
"9946",1977-03-25,279.308837890625
"9947",1977-03-26,278.203369140625
"9948",1977-03-27,273.65380859375
"9949",1977-03-28,273.822998046875
"9950",1977-03-29,273.10302734375
"9951",1977-03-30,277.98046875
"9952",1977-03-31,274.959716796875
"9953",1977-04-01,276.211669921875
"9954",1977-04-02,277.8798828125
"9955",1977-04-03,279.690185546875
"9956",1977-04-04,280.24609375
"9957",1977-04-05,281.49072265625
"9958",1977-04-06,277.172607421875
"9959",1977-04-07,273.1142578125
"9960",1977-04-08,274.59912109375
"9961",1977-04-09,274.571044921875
"9962",1977-04-10,275.028076171875
"9963",1977-04-11,274.564208984375
"9964",1977-04-12,276.408935546875
"9965",1977-04-13,276.791259765625
"9966",1977-04-14,279.31396484375
"9967",1977-04-15,280.820068359375
"9968",1977-04-16,281.07568359375
"9969",1977-04-17,279.6005859375
"9970",1977-04-18,280.389892578125
"9971",1977-04-19,282.16796875
"9972",1977-04-20,279.29296875
"9973",1977-04-21,280.968994140625
"9974",1977-04-22,284.740966796875
"9975",1977-04-23,281.4287109375
"9976",1977-04-24,278.702880859375
"9977",1977-04-25,280.965087890625
"9978",1977-04-26,282.10107421875
"9979",1977-04-27,282.325439453125
"9980",1977-04-28,282.95751953125
"9981",1977-04-29,285.779052734375
"9982",1977-04-30,284.93603515625
"9983",1977-05-01,288.567626953125
"9984",1977-05-02,281.544921875
"9985",1977-05-03,280.1162109375
"9986",1977-05-04,290.20751953125
"9987",1977-05-05,298.508544921875
"9988",1977-05-06,288.301025390625
"9989",1977-05-07,285.403076171875
"9990",1977-05-08,285.27685546875
"9991",1977-05-09,284.114990234375
"9992",1977-05-10,282.5703125
"9993",1977-05-11,284.52685546875
"9994",1977-05-12,285.44580078125
"9995",1977-05-13,283.611328125
"9996",1977-05-14,283.395263671875
"9997",1977-05-15,285.476806640625
"9998",1977-05-16,288.298095703125
"9999",1977-05-17,289.959716796875
"10000",1977-05-18,289.82861328125
"10001",1977-05-19,290.513427734375
"10002",1977-05-20,292.713623046875
"10003",1977-05-21,292.83154296875
"10004",1977-05-22,292.51318359375
"10005",1977-05-23,293.1181640625
"10006",1977-05-24,294.746826171875
"10007",1977-05-25,290.033447265625
"10008",1977-05-26,292.50048828125
"10009",1977-05-27,294.056884765625
"10010",1977-05-28,293.71337890625
"10011",1977-05-29,285.481201171875
"10012",1977-05-30,284.80322265625
"10013",1977-05-31,287.068359375
"10014",1977-06-01,290.354248046875
"10015",1977-06-02,292.27001953125
"10016",1977-06-03,293.547607421875
"10017",1977-06-04,290.73974609375
"10018",1977-06-05,285.233154296875
"10019",1977-06-06,285.688720703125
"10020",1977-06-07,284.644775390625
"10021",1977-06-08,286.36279296875
"10022",1977-06-09,288.7548828125
"10023",1977-06-10,291.2509765625
"10024",1977-06-11,292.416259765625
"10025",1977-06-12,293.492919921875
"10026",1977-06-13,298.552490234375
"10027",1977-06-14,301.001953125
"10028",1977-06-15,301.12353515625
"10029",1977-06-16,297.35546875
"10030",1977-06-17,297.55908203125
"10031",1977-06-18,296.29833984375
"10032",1977-06-19,295.132568359375
"10033",1977-06-20,292.766357421875
"10034",1977-06-21,293.869384765625
"10035",1977-06-22,292.39697265625
"10036",1977-06-23,293.50537109375
"10037",1977-06-24,296.11474609375
"10038",1977-06-25,292.4931640625
"10039",1977-06-26,291.16552734375
"10040",1977-06-27,288.015380859375
"10041",1977-06-28,289.340576171875
"10042",1977-06-29,286.935546875
"10043",1977-06-30,288.6904296875
"10044",1977-07-01,286.86669921875
"10045",1977-07-02,293.029052734375
"10046",1977-07-03,294.466552734375
"10047",1977-07-04,296.612060546875
"10048",1977-07-05,299.049560546875
"10049",1977-07-06,295.074951171875
"10050",1977-07-07,295.2177734375
"10051",1977-07-08,297.169677734375
"10052",1977-07-09,298.671875
"10053",1977-07-10,299.8701171875
"10054",1977-07-11,298.51123046875
"10055",1977-07-12,297.71630859375
"10056",1977-07-13,290.724609375
"10057",1977-07-14,288.242919921875
"10058",1977-07-15,290.665283203125
"10059",1977-07-16,291.06689453125
"10060",1977-07-17,289.601806640625
"10061",1977-07-18,286.216064453125
"10062",1977-07-19,289.061279296875
"10063",1977-07-20,289.039306640625
"10064",1977-07-21,290.259033203125
"10065",1977-07-22,290.971923828125
"10066",1977-07-23,292.34375
"10067",1977-07-24,288.566162109375
"10068",1977-07-25,288.94287109375
"10069",1977-07-26,290.220458984375
"10070",1977-07-27,290.103515625
"10071",1977-07-28,289.768310546875
"10072",1977-07-29,291.1982421875
"10073",1977-07-30,290.278564453125
"10074",1977-07-31,293.074462890625
"10075",1977-08-01,295.6220703125
"10076",1977-08-02,296.3486328125
"10077",1977-08-03,293.837890625
"10078",1977-08-04,293.73046875
"10079",1977-08-05,292.819580078125
"10080",1977-08-06,290.7578125
"10081",1977-08-07,291.64208984375
"10082",1977-08-08,294.0302734375
"10083",1977-08-09,291.90283203125
"10084",1977-08-10,292.552978515625
"10085",1977-08-11,295.1748046875
"10086",1977-08-12,291.286376953125
"10087",1977-08-13,289.2216796875
"10088",1977-08-14,292.7197265625
"10089",1977-08-15,293.090576171875
"10090",1977-08-16,294.369873046875
"10091",1977-08-17,296.55908203125
"10092",1977-08-18,296.072021484375
"10093",1977-08-19,290.3701171875
"10094",1977-08-20,288.074462890625
"10095",1977-08-21,289.15771484375
"10096",1977-08-22,290.601318359375
"10097",1977-08-23,291.578125
"10098",1977-08-24,289.866455078125
"10099",1977-08-25,291.081787109375
"10100",1977-08-26,289.9794921875
"10101",1977-08-27,291.180419921875
"10102",1977-08-28,289.19140625
"10103",1977-08-29,289.27783203125
"10104",1977-08-30,291.22021484375
"10105",1977-08-31,291.372802734375
"10106",1977-09-01,290.751953125
"10107",1977-09-02,290.669189453125
"10108",1977-09-03,289.517333984375
"10109",1977-09-04,288.737548828125
"10110",1977-09-05,286.843994140625
"10111",1977-09-06,288.0126953125
"10112",1977-09-07,288.52685546875
"10113",1977-09-08,287.10302734375
"10114",1977-09-09,286.609375
"10115",1977-09-10,284.908935546875
"10116",1977-09-11,286.484375
"10117",1977-09-12,285.170166015625
"10118",1977-09-13,285.663818359375
"10119",1977-09-14,290.927490234375
"10120",1977-09-15,286.351806640625
"10121",1977-09-16,285.6572265625
"10122",1977-09-17,285.775390625
"10123",1977-09-18,288.7919921875
"10124",1977-09-19,290.946533203125
"10125",1977-09-20,290.05322265625
"10126",1977-09-21,290.59375
"10127",1977-09-22,288.419921875
"10128",1977-09-23,288.1728515625
"10129",1977-09-24,288.264404296875
"10130",1977-09-25,285.83544921875
"10131",1977-09-26,286.052490234375
"10132",1977-09-27,285.30322265625
"10133",1977-09-28,285.54638671875
"10134",1977-09-29,285.358154296875
"10135",1977-09-30,287.663818359375
"10136",1977-10-01,282.28369140625
"10137",1977-10-02,282.4873046875
"10138",1977-10-03,281.008056640625
"10139",1977-10-04,279.85009765625
"10140",1977-10-05,282.462158203125
"10141",1977-10-06,285.5068359375
"10142",1977-10-07,279.704345703125
"10143",1977-10-08,282.55908203125
"10144",1977-10-09,285.2900390625
"10145",1977-10-10,286.319580078125
"10146",1977-10-11,285.8125
"10147",1977-10-12,284.7548828125
"10148",1977-10-13,286.635986328125
"10149",1977-10-14,283.76220703125
"10150",1977-10-15,282.7744140625
"10151",1977-10-16,284.323486328125
"10152",1977-10-17,283.971435546875
"10153",1977-10-18,283.08544921875
"10154",1977-10-19,282.150146484375
"10155",1977-10-20,281.59130859375
"10156",1977-10-21,283.25927734375
"10157",1977-10-22,284.955078125
"10158",1977-10-23,285.4453125
"10159",1977-10-24,284.8583984375
"10160",1977-10-25,286.732421875
"10161",1977-10-26,285.094482421875
"10162",1977-10-27,284.441650390625
"10163",1977-10-28,284.778076171875
"10164",1977-10-29,285.2294921875
"10165",1977-10-30,284.9912109375
"10166",1977-10-31,284.321533203125
"10167",1977-11-01,284.263427734375
"10168",1977-11-02,282.1845703125
"10169",1977-11-03,280.85205078125
"10170",1977-11-04,280.994873046875
"10171",1977-11-05,282.477783203125
"10172",1977-11-06,283.435302734375
"10173",1977-11-07,284.30859375
"10174",1977-11-08,283.539306640625
"10175",1977-11-09,282.6474609375
"10176",1977-11-10,283.247314453125
"10177",1977-11-11,285.002685546875
"10178",1977-11-12,283.159912109375
"10179",1977-11-13,281.65966796875
"10180",1977-11-14,277.661865234375
"10181",1977-11-15,277.80859375
"10182",1977-11-16,277.148193359375
"10183",1977-11-17,275.507568359375
"10184",1977-11-18,274.691650390625
"10185",1977-11-19,272.021240234375
"10186",1977-11-20,275.0791015625
"10187",1977-11-21,275.577392578125
"10188",1977-11-22,275.03515625
"10189",1977-11-23,277.2080078125
"10190",1977-11-24,277.227783203125
"10191",1977-11-25,273.9970703125
"10192",1977-11-26,270.505859375
"10193",1977-11-27,268.755126953125
"10194",1977-11-28,273.03955078125
"10195",1977-11-29,272.18505859375
"10196",1977-11-30,272.74658203125
"10197",1977-12-01,272.8046875
"10198",1977-12-02,272.012451171875
"10199",1977-12-03,273.339111328125
"10200",1977-12-04,273.193359375
"10201",1977-12-05,271.676025390625
"10202",1977-12-06,274.25732421875
"10203",1977-12-07,274.500732421875
"10204",1977-12-08,276.01904296875
"10205",1977-12-09,275.6884765625
"10206",1977-12-10,274.96240234375
"10207",1977-12-11,273.76416015625
"10208",1977-12-12,276.899658203125
"10209",1977-12-13,279.37109375
"10210",1977-12-14,278.055908203125
"10211",1977-12-15,279.85986328125
"10212",1977-12-16,278.88671875
"10213",1977-12-17,279.50341796875
"10214",1977-12-18,274.015869140625
"10215",1977-12-19,278.605712890625
"10216",1977-12-20,278.451904296875
"10217",1977-12-21,277.630126953125
"10218",1977-12-22,277.2470703125
"10219",1977-12-23,278.375244140625
"10220",1977-12-24,281.333251953125
"10221",1977-12-25,276.74169921875
"10222",1977-12-26,279.318115234375
"10223",1977-12-27,277.73974609375
"10224",1977-12-28,274.31591796875
"10225",1977-12-29,275.52392578125
"10226",1977-12-30,272.437744140625
"10227",1977-12-31,270.546630859375
"10228",1978-01-01,279.630859375
"10229",1978-01-02,278.499755859375
"10230",1978-01-03,274.4150390625
"10231",1978-01-04,266.818115234375
"10232",1978-01-05,277.65673828125
"10233",1978-01-06,277.731689453125
"10234",1978-01-07,279.207763671875
"10235",1978-01-08,278.393798828125
"10236",1978-01-09,277.482421875
"10237",1978-01-10,277.286376953125
"10238",1978-01-11,274.134521484375
"10239",1978-01-12,270.737060546875
"10240",1978-01-13,277.42236328125
"10241",1978-01-14,275.095458984375
"10242",1978-01-15,277.3720703125
"10243",1978-01-16,275.765625
"10244",1978-01-17,275.72412109375
"10245",1978-01-18,274.34814453125
"10246",1978-01-19,274.84033203125
"10247",1978-01-20,274.612548828125
"10248",1978-01-21,273.116943359375
"10249",1978-01-22,271.228759765625
"10250",1978-01-23,273.99365234375
"10251",1978-01-24,274.019287109375
"10252",1978-01-25,271.753173828125
"10253",1978-01-26,270.285400390625
"10254",1978-01-27,269.12109375
"10255",1978-01-28,275.042724609375
"10256",1978-01-29,274.865234375
"10257",1978-01-30,274.40283203125
"10258",1978-01-31,274.9970703125
"10259",1978-02-01,273.440185546875
"10260",1978-02-02,273.91455078125
"10261",1978-02-03,272.555908203125
"10262",1978-02-04,271.31591796875
"10263",1978-02-05,271.923583984375
"10264",1978-02-06,270.65087890625
"10265",1978-02-07,269.67822265625
"10266",1978-02-08,267.04345703125
"10267",1978-02-09,265.8447265625
"10268",1978-02-10,265.716064453125
"10269",1978-02-11,265.236572265625
"10270",1978-02-12,267.73681640625
"10271",1978-02-13,267.49609375
"10272",1978-02-14,265.556640625
"10273",1978-02-15,263.21484375
"10274",1978-02-16,263.649658203125
"10275",1978-02-17,268.807861328125
"10276",1978-02-18,269.052490234375
"10277",1978-02-19,270.836181640625
"10278",1978-02-20,274.662841796875
"10279",1978-02-21,272.552734375
"10280",1978-02-22,272.740478515625
"10281",1978-02-23,267.521484375
"10282",1978-02-24,275.37451171875
"10283",1978-02-25,276.415283203125
"10284",1978-02-26,277.169189453125
"10285",1978-02-27,275.328369140625
"10286",1978-02-28,276.955810546875
"10287",1978-03-01,275.8828125
"10288",1978-03-02,275.07470703125
"10289",1978-03-03,275.18798828125
"10290",1978-03-04,275.138916015625
"10291",1978-03-05,274.742431640625
"10292",1978-03-06,277.74755859375
"10293",1978-03-07,277.1474609375
"10294",1978-03-08,275.2626953125
"10295",1978-03-09,276.3779296875
"10296",1978-03-10,276.650634765625
"10297",1978-03-11,281.157470703125
"10298",1978-03-12,277.325439453125
"10299",1978-03-13,277.542724609375
"10300",1978-03-14,277.67578125
"10301",1978-03-15,273.953125
"10302",1978-03-16,267.177978515625
"10303",1978-03-17,266.563232421875
"10304",1978-03-18,269.780029296875
"10305",1978-03-19,270.548095703125
"10306",1978-03-20,269.812255859375
"10307",1978-03-21,268.195068359375
"10308",1978-03-22,271.274658203125
"10309",1978-03-23,274.35009765625
"10310",1978-03-24,275.87548828125
"10311",1978-03-25,276.346435546875
"10312",1978-03-26,276.943115234375
"10313",1978-03-27,277.419677734375
"10314",1978-03-28,279.75390625
"10315",1978-03-29,279.809814453125
"10316",1978-03-30,281.465576171875
"10317",1978-03-31,280.22119140625
"10318",1978-04-01,283.599853515625
"10319",1978-04-02,279.339599609375
"10320",1978-04-03,280.330810546875
"10321",1978-04-04,282.07080078125
"10322",1978-04-05,280.22705078125
"10323",1978-04-06,279.321044921875
"10324",1978-04-07,285.708740234375
"10325",1978-04-08,284.829833984375
"10326",1978-04-09,282.62255859375
"10327",1978-04-10,280.58544921875
"10328",1978-04-11,278.679443359375
"10329",1978-04-12,277.772705078125
"10330",1978-04-13,278.193603515625
"10331",1978-04-14,281.049560546875
"10332",1978-04-15,283.098876953125
"10333",1978-04-16,281.809326171875
"10334",1978-04-17,281.07958984375
"10335",1978-04-18,278.39501953125
"10336",1978-04-19,283.3505859375
"10337",1978-04-20,280.050537109375
"10338",1978-04-21,282.70703125
"10339",1978-04-22,288.9462890625
"10340",1978-04-23,285.53955078125
"10341",1978-04-24,281.47509765625
"10342",1978-04-25,277.738037109375
"10343",1978-04-26,277.889892578125
"10344",1978-04-27,280.0654296875
"10345",1978-04-28,281.894287109375
"10346",1978-04-29,283.232177734375
"10347",1978-04-30,283.746337890625
"10348",1978-05-01,284.0078125
"10349",1978-05-02,284.820068359375
"10350",1978-05-03,285.844970703125
"10351",1978-05-04,286.2578125
"10352",1978-05-05,289.1396484375
"10353",1978-05-06,292.221435546875
"10354",1978-05-07,288.33251953125
"10355",1978-05-08,290.678466796875
"10356",1978-05-09,285.3623046875
"10357",1978-05-10,282.26708984375
"10358",1978-05-11,286.368896484375
"10359",1978-05-12,280.920654296875
"10360",1978-05-13,280.228759765625
"10361",1978-05-14,284.414794921875
"10362",1978-05-15,284.99267578125
"10363",1978-05-16,286.4013671875
"10364",1978-05-17,287.59033203125
"10365",1978-05-18,286.04150390625
"10366",1978-05-19,289.8525390625
"10367",1978-05-20,291.758544921875
"10368",1978-05-21,295.445068359375
"10369",1978-05-22,290.654296875
"10370",1978-05-23,290.263427734375
"10371",1978-05-24,294.1748046875
"10372",1978-05-25,293.66357421875
"10373",1978-05-26,292.23291015625
"10374",1978-05-27,294.940673828125
"10375",1978-05-28,297.14111328125
"10376",1978-05-29,296.74267578125
"10377",1978-05-30,296.236572265625
"10378",1978-05-31,296.440185546875
"10379",1978-06-01,297.734130859375
"10380",1978-06-02,297.6337890625
"10381",1978-06-03,297.80224609375
"10382",1978-06-04,296.15380859375
"10383",1978-06-05,297.583984375
"10384",1978-06-06,293.945556640625
"10385",1978-06-07,291.24462890625
"10386",1978-06-08,289.815673828125
"10387",1978-06-09,287.396484375
"10388",1978-06-10,289.303466796875
"10389",1978-06-11,291.091064453125
"10390",1978-06-12,290.28173828125
"10391",1978-06-13,291.068603515625
"10392",1978-06-14,292.078857421875
"10393",1978-06-15,292.61865234375
"10394",1978-06-16,296.491943359375
"10395",1978-06-17,292.2705078125
"10396",1978-06-18,292.4892578125
"10397",1978-06-19,290.258056640625
"10398",1978-06-20,291.06689453125
"10399",1978-06-21,290.6044921875
"10400",1978-06-22,294.987548828125
"10401",1978-06-23,290.24267578125
"10402",1978-06-24,288.522705078125
"10403",1978-06-25,290.033935546875
"10404",1978-06-26,290.94775390625
"10405",1978-06-27,291.761962890625
"10406",1978-06-28,292.4189453125
"10407",1978-06-29,289.274169921875
"10408",1978-06-30,290.848876953125
"10409",1978-07-01,290.26708984375
"10410",1978-07-02,289.549072265625
"10411",1978-07-03,287.921630859375
"10412",1978-07-04,289.234619140625
"10413",1978-07-05,290.58544921875
"10414",1978-07-06,290.848388671875
"10415",1978-07-07,289.622802734375
"10416",1978-07-08,285.43017578125
"10417",1978-07-09,290.890869140625
"10418",1978-07-10,295.783203125
"10419",1978-07-11,294.7998046875
"10420",1978-07-12,292.006591796875
"10421",1978-07-13,289.745361328125
"10422",1978-07-14,292.16064453125
"10423",1978-07-15,289.098876953125
"10424",1978-07-16,289.152587890625
"10425",1978-07-17,290.78564453125
"10426",1978-07-18,288.917236328125
"10427",1978-07-19,288.79443359375
"10428",1978-07-20,288.3564453125
"10429",1978-07-21,290.98828125
"10430",1978-07-22,293.2314453125
"10431",1978-07-23,290.555419921875
"10432",1978-07-24,291.605224609375
"10433",1978-07-25,289.423583984375
"10434",1978-07-26,293.344970703125
"10435",1978-07-27,291.051513671875
"10436",1978-07-28,293.245361328125
"10437",1978-07-29,296.14306640625
"10438",1978-07-30,298.852294921875
"10439",1978-07-31,300.366943359375
"10440",1978-08-01,300.625
"10441",1978-08-02,300.704345703125
"10442",1978-08-03,294.086669921875
"10443",1978-08-04,292.1318359375
"10444",1978-08-05,291.272216796875
"10445",1978-08-06,291.650390625
"10446",1978-08-07,292.740966796875
"10447",1978-08-08,293.66845703125
"10448",1978-08-09,294.569580078125
"10449",1978-08-10,293.83544921875
"10450",1978-08-11,294.028076171875
"10451",1978-08-12,292.104736328125
"10452",1978-08-13,292.27587890625
"10453",1978-08-14,292.437255859375
"10454",1978-08-15,291.3828125
"10455",1978-08-16,291.805419921875
"10456",1978-08-17,291.014892578125
"10457",1978-08-18,292.633544921875
"10458",1978-08-19,292.944580078125
"10459",1978-08-20,292.26123046875
"10460",1978-08-21,293.53466796875
"10461",1978-08-22,290.000244140625
"10462",1978-08-23,292.48876953125
"10463",1978-08-24,290.09912109375
"10464",1978-08-25,290.46630859375
"10465",1978-08-26,289.736572265625
"10466",1978-08-27,288.0712890625
"10467",1978-08-28,288.38720703125
"10468",1978-08-29,288.346923828125
"10469",1978-08-30,286.5390625
"10470",1978-08-31,288.493896484375
"10471",1978-09-01,287.717529296875
"10472",1978-09-02,285.96435546875
"10473",1978-09-03,287.56494140625
"10474",1978-09-04,288.026611328125
"10475",1978-09-05,287.790771484375
"10476",1978-09-06,288.760009765625
"10477",1978-09-07,288.100341796875
"10478",1978-09-08,288.468505859375
"10479",1978-09-09,286.4296875
"10480",1978-09-10,286.627685546875
"10481",1978-09-11,284.15185546875
"10482",1978-09-12,289.486328125
"10483",1978-09-13,285.670654296875
"10484",1978-09-14,287.347412109375
"10485",1978-09-15,284.78515625
"10486",1978-09-16,287.855712890625
"10487",1978-09-17,286.808837890625
"10488",1978-09-18,286.503173828125
"10489",1978-09-19,285.4794921875
"10490",1978-09-20,283.146240234375
"10491",1978-09-21,287.36962890625
"10492",1978-09-22,281.798828125
"10493",1978-09-23,283.48779296875
"10494",1978-09-24,285.031005859375
"10495",1978-09-25,286.701416015625
"10496",1978-09-26,284.624267578125
"10497",1978-09-27,283.2041015625
"10498",1978-09-28,282.20751953125
"10499",1978-09-29,281.988525390625
"10500",1978-09-30,282.361083984375
"10501",1978-10-01,281.109619140625
"10502",1978-10-02,283.333984375
"10503",1978-10-03,283.812744140625
"10504",1978-10-04,284.6416015625
"10505",1978-10-05,283.000244140625
"10506",1978-10-06,283.591552734375
"10507",1978-10-07,287.196044921875
"10508",1978-10-08,286.81494140625
"10509",1978-10-09,285.072998046875
"10510",1978-10-10,286.460693359375
"10511",1978-10-11,286.650390625
"10512",1978-10-12,286.1240234375
"10513",1978-10-13,286.263671875
"10514",1978-10-14,284.210205078125
"10515",1978-10-15,284.3642578125
"10516",1978-10-16,282.9970703125
"10517",1978-10-17,282.3779296875
"10518",1978-10-18,283.480224609375
"10519",1978-10-19,285.684326171875
"10520",1978-10-20,285.05029296875
"10521",1978-10-21,280.414794921875
"10522",1978-10-22,277.235107421875
"10523",1978-10-23,283.50390625
"10524",1978-10-24,284.573974609375
"10525",1978-10-25,282.950439453125
"10526",1978-10-26,282.132080078125
"10527",1978-10-27,283.669677734375
"10528",1978-10-28,287.331298828125
"10529",1978-10-29,285.063232421875
"10530",1978-10-30,285.03515625
"10531",1978-10-31,283.7998046875
"10532",1978-11-01,284.931396484375
"10533",1978-11-02,284.51953125
"10534",1978-11-03,284.27685546875
"10535",1978-11-04,282.699462890625
"10536",1978-11-05,284.18994140625
"10537",1978-11-06,285.811279296875
"10538",1978-11-07,282.277099609375
"10539",1978-11-08,283.643798828125
"10540",1978-11-09,283.966796875
"10541",1978-11-10,284.30078125
"10542",1978-11-11,282.654052734375
"10543",1978-11-12,282.713623046875
"10544",1978-11-13,282.274169921875
"10545",1978-11-14,285.187744140625
"10546",1978-11-15,283.376708984375
"10547",1978-11-16,283.306884765625
"10548",1978-11-17,282.395751953125
"10549",1978-11-18,284.5263671875
"10550",1978-11-19,284.199951171875
"10551",1978-11-20,279.588134765625
"10552",1978-11-21,282.721923828125
"10553",1978-11-22,284.599853515625
"10554",1978-11-23,282.267578125
"10555",1978-11-24,279.1640625
"10556",1978-11-25,275.300537109375
"10557",1978-11-26,273.1474609375
"10558",1978-11-27,272.6259765625
"10559",1978-11-28,273.634033203125
"10560",1978-11-29,267.731201171875
"10561",1978-11-30,269.536865234375
"10562",1978-12-01,271.05810546875
"10563",1978-12-02,274.23828125
"10564",1978-12-03,274.48193359375
"10565",1978-12-04,271.91357421875
"10566",1978-12-05,267.235107421875
"10567",1978-12-06,268.380126953125
"10568",1978-12-07,269.029052734375
"10569",1978-12-08,269.792724609375
"10570",1978-12-09,270.557861328125
"10571",1978-12-10,270.353271484375
"10572",1978-12-11,270.802001953125
"10573",1978-12-12,274.103271484375
"10574",1978-12-13,274.446044921875
"10575",1978-12-14,272.512451171875
"10576",1978-12-15,268.159912109375
"10577",1978-12-16,263.032470703125
"10578",1978-12-17,262.91455078125
"10579",1978-12-18,275.9375
"10580",1978-12-19,276.09228515625
"10581",1978-12-20,273.201171875
"10582",1978-12-21,272.876220703125
"10583",1978-12-22,269.0927734375
"10584",1978-12-23,270.6171875
"10585",1978-12-24,271.186279296875
"10586",1978-12-25,269.003173828125
"10587",1978-12-26,267.47412109375
"10588",1978-12-27,265.40966796875
"10589",1978-12-28,264.74072265625
"10590",1978-12-29,260.796875
"10591",1978-12-30,258.266357421875
"10592",1978-12-31,259.163330078125
"10593",1979-01-01,257.92138671875
"10594",1979-01-02,262.05322265625
"10595",1979-01-03,263.91796875
"10596",1979-01-04,261.06640625
"10597",1979-01-05,261.3154296875
"10598",1979-01-06,274.55517578125
"10599",1979-01-07,277.93603515625
"10600",1979-01-08,276.39990234375
"10601",1979-01-09,274.65771484375
"10602",1979-01-10,272.848388671875
"10603",1979-01-11,271.96923828125
"10604",1979-01-12,272.227294921875
"10605",1979-01-13,270.177978515625
"10606",1979-01-14,270.562744140625
"10607",1979-01-15,266.869873046875
"10608",1979-01-16,267.6474609375
"10609",1979-01-17,269.072998046875
"10610",1979-01-18,269.19580078125
"10611",1979-01-19,269.652099609375
"10612",1979-01-20,268.482421875
"10613",1979-01-21,268.050537109375
"10614",1979-01-22,269.150634765625
"10615",1979-01-23,268.2021484375
"10616",1979-01-24,267.372802734375
"10617",1979-01-25,263.109130859375
"10618",1979-01-26,259.49658203125
"10619",1979-01-27,264.4599609375
"10620",1979-01-28,269.922607421875
"10621",1979-01-29,268.94091796875
"10622",1979-01-30,265.2626953125
"10623",1979-01-31,266.8896484375
"10624",1979-02-01,271.450439453125
"10625",1979-02-02,270.10546875
"10626",1979-02-03,273.38330078125
"10627",1979-02-04,267.890869140625
"10628",1979-02-05,264.5859375
"10629",1979-02-06,266.53173828125
"10630",1979-02-07,271.690185546875
"10631",1979-02-08,270.378173828125
"10632",1979-02-09,271.109619140625
"10633",1979-02-10,269.5966796875
"10634",1979-02-11,269.15625
"10635",1979-02-12,268.97119140625
"10636",1979-02-13,265.349853515625
"10637",1979-02-14,258.952392578125
"10638",1979-02-15,260.974609375
"10639",1979-02-16,263.233154296875
"10640",1979-02-17,266.30322265625
"10641",1979-02-18,269.6767578125
"10642",1979-02-19,271.25732421875
"10643",1979-02-20,272.22021484375
"10644",1979-02-21,270.494140625
"10645",1979-02-22,269.17138671875
"10646",1979-02-23,271.483642578125
"10647",1979-02-24,273.349853515625
"10648",1979-02-25,274.41650390625
"10649",1979-02-26,275.967529296875
"10650",1979-02-27,276.679931640625
"10651",1979-02-28,274.60400390625
"10652",1979-03-01,273.4892578125
"10653",1979-03-02,276.305908203125
"10654",1979-03-03,277.665771484375
"10655",1979-03-04,277.598876953125
"10656",1979-03-05,277.542724609375
"10657",1979-03-06,277.69580078125
"10658",1979-03-07,275.611083984375
"10659",1979-03-08,277.118896484375
"10660",1979-03-09,275.398681640625
"10661",1979-03-10,275.138427734375
"10662",1979-03-11,275.892333984375
"10663",1979-03-12,274.6728515625
"10664",1979-03-13,273.766357421875
"10665",1979-03-14,274.35107421875
"10666",1979-03-15,272.505615234375
"10667",1979-03-16,269.0517578125
"10668",1979-03-17,264.9140625
"10669",1979-03-18,265.52490234375
"10670",1979-03-19,273.36572265625
"10671",1979-03-20,273.39013671875
"10672",1979-03-21,273.10546875
"10673",1979-03-22,275.40673828125
"10674",1979-03-23,275.419189453125
"10675",1979-03-24,276.286376953125
"10676",1979-03-25,276.391845703125
"10677",1979-03-26,277.6611328125
"10678",1979-03-27,278.2177734375
"10679",1979-03-28,279.728515625
"10680",1979-03-29,277.498046875
"10681",1979-03-30,277.536865234375
"10682",1979-03-31,277.774658203125
"10683",1979-04-01,277.693359375
"10684",1979-04-02,277.3603515625
"10685",1979-04-03,277.470947265625
"10686",1979-04-04,278.076416015625
"10687",1979-04-05,277.80126953125
"10688",1979-04-06,277.3095703125
"10689",1979-04-07,279.512451171875
"10690",1979-04-08,279.37890625
"10691",1979-04-09,279.28662109375
"10692",1979-04-10,283.5908203125
"10693",1979-04-11,285.81982421875
"10694",1979-04-12,287.468505859375
"10695",1979-04-13,282.54248046875
"10696",1979-04-14,283.111328125
"10697",1979-04-15,278.875
"10698",1979-04-16,278.14794921875
"10699",1979-04-17,279.01611328125
"10700",1979-04-18,280.609375
"10701",1979-04-19,280.707275390625
"10702",1979-04-20,278.85400390625
"10703",1979-04-21,279.85595703125
"10704",1979-04-22,278.830322265625
"10705",1979-04-23,281.095947265625
"10706",1979-04-24,278.4482421875
"10707",1979-04-25,281.27294921875
"10708",1979-04-26,279.359130859375
"10709",1979-04-27,281.635986328125
"10710",1979-04-28,280.254150390625
"10711",1979-04-29,279.959716796875
"10712",1979-04-30,278.502685546875
"10713",1979-05-01,280.340576171875
"10714",1979-05-02,280.293701171875
"10715",1979-05-03,280.630615234375
"10716",1979-05-04,279.41748046875
"10717",1979-05-05,280.294677734375
"10718",1979-05-06,280.464111328125
"10719",1979-05-07,280.249755859375
"10720",1979-05-08,280.275390625
"10721",1979-05-09,280.812255859375
"10722",1979-05-10,283.403564453125
"10723",1979-05-11,284.85498046875
"10724",1979-05-12,282.84326171875
"10725",1979-05-13,285.6572265625
"10726",1979-05-14,285.12744140625
"10727",1979-05-15,285.410888671875
"10728",1979-05-16,290.792724609375
"10729",1979-05-17,288.32177734375
"10730",1979-05-18,285.5478515625
"10731",1979-05-19,284.363525390625
"10732",1979-05-20,286.3798828125
"10733",1979-05-21,290.8544921875
"10734",1979-05-22,287.075927734375
"10735",1979-05-23,287.64013671875
"10736",1979-05-24,287.223388671875
"10737",1979-05-25,284.918212890625
"10738",1979-05-26,285.565185546875
"10739",1979-05-27,285.72509765625
"10740",1979-05-28,285.965576171875
"10741",1979-05-29,288.63134765625
"10742",1979-05-30,290.72705078125
"10743",1979-05-31,297.071533203125
"10744",1979-06-01,299.590087890625
"10745",1979-06-02,297.7197265625
"10746",1979-06-03,294.857421875
"10747",1979-06-04,294.25439453125
"10748",1979-06-05,297.5966796875
"10749",1979-06-06,298.4677734375
"10750",1979-06-07,296.60791015625
"10751",1979-06-08,287.513916015625
"10752",1979-06-09,286.790771484375
"10753",1979-06-10,288.98876953125
"10754",1979-06-11,289.3251953125
"10755",1979-06-12,289.651611328125
"10756",1979-06-13,287.576904296875
"10757",1979-06-14,286.08447265625
"10758",1979-06-15,288.210693359375
"10759",1979-06-16,288.331787109375
"10760",1979-06-17,291.04833984375
"10761",1979-06-18,291.3154296875
"10762",1979-06-19,294.352783203125
"10763",1979-06-20,294.743896484375
"10764",1979-06-21,293.93408203125
"10765",1979-06-22,295.002685546875
"10766",1979-06-23,294.1953125
"10767",1979-06-24,293.800537109375
"10768",1979-06-25,290.751708984375
"10769",1979-06-26,287.760009765625
"10770",1979-06-27,287.6767578125
"10771",1979-06-28,287.7626953125
"10772",1979-06-29,287.640625
"10773",1979-06-30,287.9228515625
"10774",1979-07-01,289.7685546875
"10775",1979-07-02,288.046875
"10776",1979-07-03,290.1640625
"10777",1979-07-04,292.315185546875
"10778",1979-07-05,293.241455078125
"10779",1979-07-06,293.0888671875
"10780",1979-07-07,294.022216796875
"10781",1979-07-08,292.13427734375
"10782",1979-07-09,292.659912109375
"10783",1979-07-10,292.16064453125
"10784",1979-07-11,293.443359375
"10785",1979-07-12,294.114501953125
"10786",1979-07-13,293.497314453125
"10787",1979-07-14,293.716552734375
"10788",1979-07-15,288.8857421875
"10789",1979-07-16,287.755126953125
"10790",1979-07-17,292.931884765625
"10791",1979-07-18,287.341064453125
"10792",1979-07-19,288.50244140625
"10793",1979-07-20,290.01904296875
"10794",1979-07-21,288.418212890625
"10795",1979-07-22,292.165283203125
"10796",1979-07-23,291.114501953125
"10797",1979-07-24,289.63818359375
"10798",1979-07-25,290.693359375
"10799",1979-07-26,291.28759765625
"10800",1979-07-27,293.103271484375
"10801",1979-07-28,292.385498046875
"10802",1979-07-29,287.903076171875
"10803",1979-07-30,289.49267578125
"10804",1979-07-31,290.78662109375
"10805",1979-08-01,290.4365234375
"10806",1979-08-02,289.421142578125
"10807",1979-08-03,289.9873046875
"10808",1979-08-04,289.22802734375
"10809",1979-08-05,289.60009765625
"10810",1979-08-06,291.250244140625
"10811",1979-08-07,291.337158203125
"10812",1979-08-08,291.537353515625
"10813",1979-08-09,288.924560546875
"10814",1979-08-10,289.556396484375
"10815",1979-08-11,286.920166015625
"10816",1979-08-12,290.022216796875
"10817",1979-08-13,288.7041015625
"10818",1979-08-14,292.892578125
"10819",1979-08-15,290.768310546875
"10820",1979-08-16,286.45068359375
"10821",1979-08-17,297.80859375
"10822",1979-08-18,297.816162109375
"10823",1979-08-19,295.259033203125
"10824",1979-08-20,291.750244140625
"10825",1979-08-21,289.290771484375
"10826",1979-08-22,288.169189453125
"10827",1979-08-23,288.41357421875
"10828",1979-08-24,289.852294921875
"10829",1979-08-25,291.7119140625
"10830",1979-08-26,288.061767578125
"10831",1979-08-27,285.0927734375
"10832",1979-08-28,289.0048828125
"10833",1979-08-29,291.891845703125
"10834",1979-08-30,290.96435546875
"10835",1979-08-31,290.4013671875
"10836",1979-09-01,290.153076171875
"10837",1979-09-02,291.36474609375
"10838",1979-09-03,290.2734375
"10839",1979-09-04,289.03662109375
"10840",1979-09-05,289.02197265625
"10841",1979-09-06,289.472412109375
"10842",1979-09-07,291.416015625
"10843",1979-09-08,287.909912109375
"10844",1979-09-09,290.207275390625
"10845",1979-09-10,288.7099609375
"10846",1979-09-11,290.1884765625
"10847",1979-09-12,287.160400390625
"10848",1979-09-13,287.683349609375
"10849",1979-09-14,285.68896484375
"10850",1979-09-15,285.480712890625
"10851",1979-09-16,285.300537109375
"10852",1979-09-17,288.3232421875
"10853",1979-09-18,289.339111328125
"10854",1979-09-19,287.944091796875
"10855",1979-09-20,286.151611328125
"10856",1979-09-21,286.085693359375
"10857",1979-09-22,287.5595703125
"10858",1979-09-23,285.24365234375
"10859",1979-09-24,286.96923828125
"10860",1979-09-25,286.19921875
"10861",1979-09-26,288.3232421875
"10862",1979-09-27,286.562255859375
"10863",1979-09-28,285.4140625
"10864",1979-09-29,285.20849609375
"10865",1979-09-30,283.75390625
"10866",1979-10-01,282.747802734375
"10867",1979-10-02,282.07470703125
"10868",1979-10-03,281.887939453125
"10869",1979-10-04,282.3271484375
"10870",1979-10-05,282.182861328125
"10871",1979-10-06,282.782470703125
"10872",1979-10-07,282.366943359375
"10873",1979-10-08,284.845458984375
"10874",1979-10-09,284.438232421875
"10875",1979-10-10,285.83544921875
"10876",1979-10-11,288.17041015625
"10877",1979-10-12,285.466552734375
"10878",1979-10-13,285.31201171875
"10879",1979-10-14,284.551025390625
"10880",1979-10-15,284.914794921875
"10881",1979-10-16,283.3369140625
"10882",1979-10-17,283.453857421875
"10883",1979-10-18,282.938232421875
"10884",1979-10-19,284.239990234375
"10885",1979-10-20,285.3818359375
"10886",1979-10-21,282.49267578125
"10887",1979-10-22,278.93408203125
"10888",1979-10-23,280.747802734375
"10889",1979-10-24,279.47705078125
"10890",1979-10-25,279.508544921875
"10891",1979-10-26,276.017822265625
"10892",1979-10-27,274.5966796875
"10893",1979-10-28,276.00341796875
"10894",1979-10-29,276.80908203125
"10895",1979-10-30,275.62890625
"10896",1979-10-31,274.912841796875
"10897",1979-11-01,274.947265625
"10898",1979-11-02,275.0166015625
"10899",1979-11-03,277.33447265625
"10900",1979-11-04,283.190185546875
"10901",1979-11-05,282.335205078125
"10902",1979-11-06,278.469482421875
"10903",1979-11-07,277.5048828125
"10904",1979-11-08,278.4560546875
"10905",1979-11-09,275.143310546875
"10906",1979-11-10,272.681396484375
"10907",1979-11-11,275.557861328125
"10908",1979-11-12,277.3955078125
"10909",1979-11-13,275.67919921875
"10910",1979-11-14,274.6865234375
"10911",1979-11-15,275.19482421875
"10912",1979-11-16,275.19482421875
"10913",1979-11-17,277.628173828125
"10914",1979-11-18,278.233642578125
"10915",1979-11-19,277.359619140625
"10916",1979-11-20,275.55419921875
"10917",1979-11-21,277.46142578125
"10918",1979-11-22,281.1728515625
"10919",1979-11-23,281.94970703125
"10920",1979-11-24,278.5419921875
"10921",1979-11-25,280.14697265625
"10922",1979-11-26,281.813720703125
"10923",1979-11-27,279.18701171875
"10924",1979-11-28,275.668701171875
"10925",1979-11-29,282.3388671875
"10926",1979-11-30,279.436279296875
"10927",1979-12-01,280.49462890625
"10928",1979-12-02,282.711669921875
"10929",1979-12-03,281.66552734375
"10930",1979-12-04,281.480224609375
"10931",1979-12-05,282.076904296875
"10932",1979-12-06,280.682373046875
"10933",1979-12-07,280.01806640625
"10934",1979-12-08,271.980712890625
"10935",1979-12-09,269.86376953125
"10936",1979-12-10,272.301025390625
"10937",1979-12-11,268.93408203125
"10938",1979-12-12,266.793701171875
"10939",1979-12-13,269.1962890625
"10940",1979-12-14,270.97900390625
"10941",1979-12-15,268.34716796875
"10942",1979-12-16,267.36669921875
"10943",1979-12-17,269.579345703125
"10944",1979-12-18,268.803955078125
"10945",1979-12-19,269.804931640625
"10946",1979-12-20,268.8359375
"10947",1979-12-21,269.664306640625
"10948",1979-12-22,270.819091796875
"10949",1979-12-23,275.72216796875
"10950",1979-12-24,275.820068359375
"10951",1979-12-25,275.66943359375
"10952",1979-12-26,276.422119140625
"10953",1979-12-27,275.89111328125
"10954",1979-12-28,277.120361328125
"10955",1979-12-29,274.93798828125
"10956",1979-12-30,274.81884765625
"10957",1979-12-31,272.76513671875
