"","t","precip"
"1",1950-01-01,0.00207464368406818
"2",1950-01-02,0.00133558176639781
"3",1950-01-03,8.81655392390712e-05
"4",1950-01-04,7.46031263929581e-05
"5",1950-01-05,0.000616682070358365
"6",1950-01-06,0.00118163891784206
"7",1950-01-07,0.000653849250340954
"8",1950-01-08,0.00379365931439679
"9",1950-01-09,0.000970093258729321
"10",1950-01-10,0.00567605790274683
"11",1950-01-11,0.00408148583301227
"12",1950-01-12,0.0064888531815086
"13",1950-01-13,0.000866576269743291
"14",1950-01-14,0
"15",1950-01-15,0.00652560771374056
"16",1950-01-16,0.000319849249081017
"17",1950-01-17,3.11808922219825e-05
"18",1950-01-18,4.96640285518879e-06
"19",1950-01-19,0.000110023843546969
"20",1950-01-20,1.60102326844935e-05
"21",1950-01-21,1.05027618246822e-06
"22",1950-01-22,0.000226884060509747
"23",1950-01-23,0.000623840974185441
"24",1950-01-24,0.000615886216110084
"25",1950-01-25,2.44190950411394e-05
"26",1950-01-26,0.000170636824918802
"27",1950-01-27,0.000250104974895748
"28",1950-01-28,0.000111626066768622
"29",1950-01-29,3.14782066084263e-05
"30",1950-01-30,0.000291861876576149
"31",1950-01-31,0.000234582779739867
"32",1950-02-01,9.07839202568539e-05
"33",1950-02-02,0.00615325817017265
"34",1950-02-03,0.0123480430047493
"35",1950-02-04,0.00111557962009101
"36",1950-02-05,0.00916525443608407
"37",1950-02-06,0.00206562698076596
"38",1950-02-07,0.000206827392617015
"39",1950-02-08,0.003603870049119
"40",1950-02-09,0.00264194372448401
"41",1950-02-10,0.000672973455948522
"42",1950-02-11,0.00634206880931742
"43",1950-02-12,0.00782244080619421
"44",1950-02-13,0.00674488348158775
"45",1950-02-14,0.00245566019293619
"46",1950-02-15,0.00740531299476288
"47",1950-02-16,0.00058463968690603
"48",1950-02-17,5.37550403691966e-05
"49",1950-02-18,0.00958206380255433
"50",1950-02-19,4.4926008740731e-05
"51",1950-02-20,0.000287318149787552
"52",1950-02-21,6.53765777869353e-06
"53",1950-02-22,0
"54",1950-02-23,0.00144799229286718
"55",1950-02-24,0
"56",1950-02-25,0
"57",1950-02-26,0
"58",1950-02-27,0
"59",1950-02-28,0
"60",1950-03-01,0
"61",1950-03-02,0.0001533886070888
"62",1950-03-03,0.00786330320988782
"63",1950-03-04,6.67270910525986e-07
"64",1950-03-05,2.09778215776169e-06
"65",1950-03-06,0
"66",1950-03-07,0
"67",1950-03-08,0
"68",1950-03-09,1.3345415936783e-06
"69",1950-03-10,0.000107382802525535
"70",1950-03-11,0.000430798384400077
"71",1950-03-12,0.000665975688889375
"72",1950-03-13,0.000623753137006133
"73",1950-03-14,0
"74",1950-03-15,0
"75",1950-03-16,0.00174735640740664
"76",1950-03-17,0.00766320950424415
"77",1950-03-18,0.00835241850654711
"78",1950-03-19,0.000483538040267462
"79",1950-03-20,0.00119176562293433
"80",1950-03-21,3.12980191097267e-05
"81",1950-03-22,3.08332693066404e-05
"82",1950-03-23,0.00172517214105028
"83",1950-03-24,0.00997819594795146
"84",1950-03-25,0.000222647475027316
"85",1950-03-26,8.13795391962913e-07
"86",1950-03-27,0
"87",1950-03-28,0
"88",1950-03-29,0.00020539218957083
"89",1950-03-30,0
"90",1950-03-31,0
"91",1950-04-01,0.000299922607382541
"92",1950-04-02,0.0151829754613573
"93",1950-04-03,0.00977935597558144
"94",1950-04-04,0.000780059722956139
"95",1950-04-05,0.00180773106399101
"96",1950-04-06,1.62165781603107e-06
"97",1950-04-07,3.68862114328294e-05
"98",1950-04-08,0.0152630622961851
"99",1950-04-09,0.0158171678419876
"100",1950-04-10,0.00376052056344633
"101",1950-04-11,0.00228576571845451
"102",1950-04-12,0.00116595462918667
"103",1950-04-13,0.00349694344822638
"104",1950-04-14,0.000110900620313714
"105",1950-04-15,0
"106",1950-04-16,0.00100798807153524
"107",1950-04-17,0.00450674521653127
"108",1950-04-18,0.00535024633518333
"109",1950-04-19,0.00206662030723237
"110",1950-04-20,0
"111",1950-04-21,0
"112",1950-04-22,4.79447407997213e-07
"113",1950-04-23,0
"114",1950-04-24,0.00399847724906977
"115",1950-04-25,0.00362186152869981
"116",1950-04-26,0.00379109688350354
"117",1950-04-27,0.00350331523623026
"118",1950-04-28,0.00623759496380671
"119",1950-04-29,0.0014804303496021
"120",1950-04-30,0
"121",1950-05-01,0.0015674247178481
"122",1950-05-02,0.00632538440731878
"123",1950-05-03,0.000573442420147785
"124",1950-05-04,8.8449151576242e-05
"125",1950-05-05,0.000329979715672835
"126",1950-05-06,0
"127",1950-05-07,0
"128",1950-05-08,0
"129",1950-05-09,0
"130",1950-05-10,0
"131",1950-05-11,0
"132",1950-05-12,0
"133",1950-05-13,0
"134",1950-05-14,0
"135",1950-05-15,1.53423189885871e-06
"136",1950-05-16,7.67492823570137e-05
"137",1950-05-17,0.00596250533556031
"138",1950-05-18,0.000732169846742181
"139",1950-05-19,0.000184807970583734
"140",1950-05-20,0.000375335715943947
"141",1950-05-21,0.0032233972534641
"142",1950-05-22,0.00586544973725722
"143",1950-05-23,0.0153736270225409
"144",1950-05-24,1.00350137017813e-05
"145",1950-05-25,0
"146",1950-05-26,0
"147",1950-05-27,0.00305712347289955
"148",1950-05-28,0.00830612417485099
"149",1950-05-29,0.001219205646521
"150",1950-05-30,0.00100928349934293
"151",1950-05-31,0
"152",1950-06-01,0
"153",1950-06-02,0
"154",1950-06-03,0
"155",1950-06-04,0
"156",1950-06-05,0
"157",1950-06-06,0
"158",1950-06-07,0
"159",1950-06-08,2.85983765024866e-06
"160",1950-06-09,0.00125739461418561
"161",1950-06-10,0.000790135232932698
"162",1950-06-11,5.75336969177442e-07
"163",1950-06-12,0
"164",1950-06-13,0.00064484961967537
"165",1950-06-14,0.000487594248738787
"166",1950-06-15,0.0100639764053199
"167",1950-06-16,0.00982090678735403
"168",1950-06-17,0.0086349141492974
"169",1950-06-18,0.000832462184007454
"170",1950-06-19,0.00130352796441002
"171",1950-06-20,0.00131492993693882
"172",1950-06-21,0.0263845446461346
"173",1950-06-22,0.021987154554779
"174",1950-06-23,0.0170161966107116
"175",1950-06-24,0.00890612597822837
"176",1950-06-25,0.000756498013913642
"177",1950-06-26,0
"178",1950-06-27,1.43438683153363e-06
"179",1950-06-28,0.00284545710110251
"180",1950-06-29,0.00107882829433947
"181",1950-06-30,0.00357388555818261
"182",1950-07-01,0.00273427423536532
"183",1950-07-02,0
"184",1950-07-03,0
"185",1950-07-04,0
"186",1950-07-05,0
"187",1950-07-06,0.000978289143802158
"188",1950-07-07,2.38142342823267e-06
"189",1950-07-08,0
"190",1950-07-09,1.29691470647231e-05
"191",1950-07-10,0.00183686944382089
"192",1950-07-11,0.010772262511523
"193",1950-07-12,0.000736367747720124
"194",1950-07-13,0.000442989990574461
"195",1950-07-14,0.000591618440637376
"196",1950-07-15,0
"197",1950-07-16,0
"198",1950-07-17,0.018851796803574
"199",1950-07-18,0.0035831249349485
"200",1950-07-19,3.33477737513022e-06
"201",1950-07-20,0.000175135667632276
"202",1950-07-21,6.49161029286915e-06
"203",1950-07-22,0.0104934320403345
"204",1950-07-23,0.00921743344224524
"205",1950-07-24,0.0123285581794335
"206",1950-07-25,0.0151642942164472
"207",1950-07-26,3.16374234898831e-05
"208",1950-07-27,0.000928532335819909
"209",1950-07-28,0.000348539597268882
"210",1950-07-29,0.00718848101678304
"211",1950-07-30,0.000894506578333676
"212",1950-07-31,0.00593334857069294
"213",1950-08-01,0.00882081930274126
"214",1950-08-02,0.000924425303878706
"215",1950-08-03,0.00155483893843211
"216",1950-08-04,1.8098817236023e-06
"217",1950-08-05,0.000232719642554002
"218",1950-08-06,0
"219",1950-08-07,6.00118750071488e-06
"220",1950-08-08,0
"221",1950-08-09,0
"222",1950-08-10,0.000836389231153589
"223",1950-08-11,0.00048372243020367
"224",1950-08-12,0.00385156693016597
"225",1950-08-13,0.00663288768555503
"226",1950-08-14,3.31853142370164e-05
"227",1950-08-15,0.00443897380137059
"228",1950-08-16,0.00707934713864233
"229",1950-08-17,0.0204469561636529
"230",1950-08-18,0.0197415384527062
"231",1950-08-19,0.00100529641349567
"232",1950-08-20,0.00069950228265725
"233",1950-08-21,0.000820252772200547
"234",1950-08-22,0.00137994337489999
"235",1950-08-23,0.00119754014230011
"236",1950-08-24,0.00466027746006148
"237",1950-08-25,0.0115372079195026
"238",1950-08-26,0.000967312452871738
"239",1950-08-27,0.011835622186652
"240",1950-08-28,0.00191513825757283
"241",1950-08-29,0.0158215890687643
"242",1950-08-30,0.000802656810265034
"243",1950-08-31,0.00125697653044199
"244",1950-09-01,0
"245",1950-09-02,0.000157581976964138
"246",1950-09-03,0.000209190963687433
"247",1950-09-04,0.00226714367471459
"248",1950-09-05,0.00971214679429977
"249",1950-09-06,0.000170851163659336
"250",1950-09-07,0.0162638909536668
"251",1950-09-08,0.000362348045996441
"252",1950-09-09,2.94278940486947e-05
"253",1950-09-10,0
"254",1950-09-11,5.0383376390073e-05
"255",1950-09-12,0.000853488261554958
"256",1950-09-13,0.00047725628292028
"257",1950-09-14,0.00412480779868929
"258",1950-09-15,0.006481465158231
"259",1950-09-16,0.0185340674797771
"260",1950-09-17,0.00208998453717868
"261",1950-09-18,0.00555737866670825
"262",1950-09-19,0.00381584129405255
"263",1950-09-20,8.88976582018586e-05
"264",1950-09-21,0.00889440298487898
"265",1950-09-22,0.00561889107825664
"266",1950-09-23,0.000338009307821352
"267",1950-09-24,0.000205157126117683
"268",1950-09-25,0.00941087819251152
"269",1950-09-26,0.0139583620039048
"270",1950-09-27,0.00114559271906955
"271",1950-09-28,0.00241643319697005
"272",1950-09-29,5.42812267667614e-06
"273",1950-09-30,0.000169962291863612
"274",1950-10-01,0.00529392935732176
"275",1950-10-02,0.0105729014758253
"276",1950-10-03,0.00126791987713659
"277",1950-10-04,0.00359596458474698
"278",1950-10-05,0.00101788204426612
"279",1950-10-06,0.000795362536564426
"280",1950-10-07,0.00609828700271464
"281",1950-10-08,0.0027040368154303
"282",1950-10-09,0.00795918905862436
"283",1950-10-10,0.013249179876766
"284",1950-10-11,0.0217088269273518
"285",1950-10-12,0
"286",1950-10-13,0.000134171792694815
"287",1950-10-14,0.00425565386370863
"288",1950-10-15,0.00492899924574886
"289",1950-10-16,0.00509045768376382
"290",1950-10-17,0.00836624338808178
"291",1950-10-18,0
"292",1950-10-19,0.000334825312165776
"293",1950-10-20,4.76528418857924e-06
"294",1950-10-21,0
"295",1950-10-22,9.52568939283083e-08
"296",1950-10-23,4.76837158203125e-07
"297",1950-10-24,6.19682509750419e-07
"298",1950-10-25,6.58592338140807e-05
"299",1950-10-26,0.000158873591487918
"300",1950-10-27,0.00153639046493481
"301",1950-10-28,0.0163950989372097
"302",1950-10-29,0.00683933212803822
"303",1950-10-30,0.00222739468154032
"304",1950-10-31,0.00862925920228008
"305",1950-11-01,0.00117686828980368
"306",1950-11-02,0.00051716124653467
"307",1950-11-03,0.00292706336222182
"308",1950-11-04,7.82177479550228e-05
"309",1950-11-05,6.38709764189116e-06
"310",1950-11-06,9.96610572201462e-06
"311",1950-11-07,0.000475006430860958
"312",1950-11-08,7.50703001699549e-05
"313",1950-11-09,0.00378645140415301
"314",1950-11-10,0.00303195519421706
"315",1950-11-11,0.0142267455976253
"316",1950-11-12,0.00283076103966096
"317",1950-11-13,0.0115697190194624
"318",1950-11-14,0.000509464045535424
"319",1950-11-15,0.00049560567640583
"320",1950-11-16,0
"321",1950-11-17,1.63718690942005e-05
"322",1950-11-18,0
"323",1950-11-19,4.10217228363763e-06
"324",1950-11-20,0.000395741086208545
"325",1950-11-21,0.0142506878910353
"326",1950-11-22,0.00455878968568868
"327",1950-11-23,0.012089713341652
"328",1950-11-24,0.00684545966942096
"329",1950-11-25,6.63370701659005e-06
"330",1950-11-26,4.67248190716418e-06
"331",1950-11-27,0
"332",1950-11-28,0.00587581547586069
"333",1950-11-29,0.00806635997241756
"334",1950-11-30,0.00668385936847926
"335",1950-12-01,0.00559998748627777
"336",1950-12-02,0.0006621908219131
"337",1950-12-03,0.00316724003380386
"338",1950-12-04,2.31179212732968e-05
"339",1950-12-05,0.00121679976678024
"340",1950-12-06,0.000183567037822741
"341",1950-12-07,6.79510219470103e-06
"342",1950-12-08,0.000414711864323181
"343",1950-12-09,3.26481932688694e-05
"344",1950-12-10,0.000370674546331884
"345",1950-12-11,0.0149852663307684
"346",1950-12-12,0.00935211725300178
"347",1950-12-13,0.00128940705280911
"348",1950-12-14,0.00275387234427171
"349",1950-12-15,0.00409690626656811
"350",1950-12-16,0.00664203603628266
"351",1950-12-17,0.00306868088955525
"352",1950-12-18,0.00216786914563727
"353",1950-12-19,3.76505488475232e-06
"354",1950-12-20,1.52613982891125e-05
"355",1950-12-21,0.00019262186197011
"356",1950-12-22,0.000498754973705218
"357",1950-12-23,0.000763341803576623
"358",1950-12-24,0.00344304625468794
"359",1950-12-25,8.68733069978589e-05
"360",1950-12-26,3.81580207431398e-07
"361",1950-12-27,9.53041705997748e-07
"362",1950-12-28,1.13416331828375e-05
"363",1950-12-29,0.000274269610883948
"364",1950-12-30,0.00205787805316504
"365",1950-12-31,0.000758640868298244
"366",1951-01-01,0.00135505603975616
"367",1951-01-02,0.00307138225070958
"368",1951-01-03,0.00464034149536019
"369",1951-01-04,0.000736942921719219
"370",1951-01-05,0.00363117662436707
"371",1951-01-06,0.000206562337893956
"372",1951-01-07,0.00775563938077539
"373",1951-01-08,0.000528775976931684
"374",1951-01-09,0.00202737482504745
"375",1951-01-10,0.00130303680361976
"376",1951-01-11,0.00667126306416321
"377",1951-01-12,0.00995625586165261
"378",1951-01-13,0.00266503209968505
"379",1951-01-14,0.00534109860018361
"380",1951-01-15,0.00105772719422248
"381",1951-01-16,1.7158458192057e-06
"382",1951-01-17,0.0141007561276751
"383",1951-01-18,0.000875368518620689
"384",1951-01-19,3.89149566331071e-05
"385",1951-01-20,1.62126150371478e-06
"386",1951-01-21,0
"387",1951-01-22,0.000753043098484341
"388",1951-01-23,0.00308845927065704
"389",1951-01-24,0.00360731822729576
"390",1951-01-25,3.22230499136822e-05
"391",1951-01-26,2.37681200019324e-05
"392",1951-01-27,0.0028948449598829
"393",1951-01-28,0.00327021969224006
"394",1951-01-29,1.81153893663577e-06
"395",1951-01-30,7.7936593186223e-05
"396",1951-01-31,9.46647444948212e-05
"397",1951-02-01,0.000164780049090041
"398",1951-02-02,0.000247818628849927
"399",1951-02-03,0.000426515075560019
"400",1951-02-04,0.00101267791887949
"401",1951-02-05,0.000639437767858908
"402",1951-02-06,0.0059475315065356
"403",1951-02-07,0.00156129689730733
"404",1951-02-08,0.00266332184492057
"405",1951-02-09,0.0147719359101757
"406",1951-02-10,0.00195074814746476
"407",1951-02-11,0.00214395918663612
"408",1951-02-12,0.000697534251685283
"409",1951-02-13,0.00215335952907481
"410",1951-02-14,0.000123130699023477
"411",1951-02-15,0.000189613791917509
"412",1951-02-16,0.000316933506837813
"413",1951-02-17,0.00187520696181309
"414",1951-02-18,0.0135260147944791
"415",1951-02-19,0.00837897538440302
"416",1951-02-20,0.00304891235282412
"417",1951-02-21,0.00985593925457806
"418",1951-02-22,0.0025160985196635
"419",1951-02-23,0.00108116073715792
"420",1951-02-24,0.000397726815208443
"421",1951-02-25,0.000811163737125753
"422",1951-02-26,0.000340580306726679
"423",1951-02-27,5.01483576158535e-05
"424",1951-02-28,0
"425",1951-03-01,4.29208682817261e-07
"426",1951-03-02,4.15778135334222e-05
"427",1951-03-03,5.47439411207051e-05
"428",1951-03-04,3.90916125070362e-06
"429",1951-03-05,0.000396984744384099
"430",1951-03-06,0.000128669878904475
"431",1951-03-07,0.000152155171917912
"432",1951-03-08,2.27069202765051e-05
"433",1951-03-09,1.80164071252875e-05
"434",1951-03-10,2.99218190775719e-05
"435",1951-03-11,0.000310901855300472
"436",1951-03-12,0.00403828169964981
"437",1951-03-13,0.00113040321986091
"438",1951-03-14,0.00943942522008001
"439",1951-03-15,0.00660073842300335
"440",1951-03-16,0.000220755528005157
"441",1951-03-17,0.000741533812458783
"442",1951-03-18,0.00105173485439991
"443",1951-03-19,0.00792892243771348
"444",1951-03-20,0.00102310229181057
"445",1951-03-21,0
"446",1951-03-22,0.00775218215068207
"447",1951-03-23,0.00773219937400427
"448",1951-03-24,2.48925962296198e-05
"449",1951-03-25,0.000688241158968594
"450",1951-03-26,0.000416999856383882
"451",1951-03-27,2.38418567732879e-06
"452",1951-03-28,0.00125707575443812
"453",1951-03-29,0.00102087494138914
"454",1951-03-30,0.00171068353563442
"455",1951-03-31,0.00187550356713473
"456",1951-04-01,0.00311819488706533
"457",1951-04-02,0.010994303024745
"458",1951-04-03,0.00438079410912451
"459",1951-04-04,0.00843011728966303
"460",1951-04-05,0.00631459977790882
"461",1951-04-06,4.8417028096992e-05
"462",1951-04-07,0.0090790826434386
"463",1951-04-08,0.00802038253823412
"464",1951-04-09,0.00265404651673862
"465",1951-04-10,0.000160152114631273
"466",1951-04-11,0.000911700471931454
"467",1951-04-12,0.00905867852333131
"468",1951-04-13,0.00578067922594983
"469",1951-04-14,0.00207257636685654
"470",1951-04-15,1.82085345272753e-05
"471",1951-04-16,0.0128283718522653
"472",1951-04-17,0.00372906621942093
"473",1951-04-18,0.00403861089125712
"474",1951-04-19,0.00168984409651785
"475",1951-04-20,9.9573792965657e-05
"476",1951-04-21,3.1274482353183e-05
"477",1951-04-22,0
"478",1951-04-23,1.33857662376613e-06
"479",1951-04-24,2.88497083147377e-05
"480",1951-04-25,2.21606210857317e-05
"481",1951-04-26,0.00289844843791798
"482",1951-04-27,0.00206111700390466
"483",1951-04-28,0
"484",1951-04-29,0.000337509825271809
"485",1951-04-30,0.0041029824042198
"486",1951-05-01,0.0111561206431361
"487",1951-05-02,0.00104470848089022
"488",1951-05-03,8.13478436612058e-06
"489",1951-05-04,2.87668342480174e-07
"490",1951-05-05,0.000101070251503188
"491",1951-05-06,4.9533601895746e-06
"492",1951-05-07,5.81761327111963e-06
"493",1951-05-08,1.43636452776263e-06
"494",1951-05-09,2.09801146411337e-05
"495",1951-05-10,0
"496",1951-05-11,0
"497",1951-05-12,0
"498",1951-05-13,0.00171446933933339
"499",1951-05-14,0
"500",1951-05-15,0.000737695927455206
"501",1951-05-16,0.000905938817595597
"502",1951-05-17,0
"503",1951-05-18,0
"504",1951-05-19,0
"505",1951-05-20,0
"506",1951-05-21,0
"507",1951-05-22,1.42885346576804e-06
"508",1951-05-23,0.002815042593447
"509",1951-05-24,3.13232640110073e-05
"510",1951-05-25,0.000268869328976962
"511",1951-05-26,0
"512",1951-05-27,0
"513",1951-05-28,0.000224008277143639
"514",1951-05-29,0.000704080855030043
"515",1951-05-30,0
"516",1951-05-31,0
"517",1951-06-01,0
"518",1951-06-02,0
"519",1951-06-03,2.87668399323593e-07
"520",1951-06-04,0.000412411567594972
"521",1951-06-05,2.85770795471763e-07
"522",1951-06-06,3.93146922306187e-06
"523",1951-06-07,0.000642990040432778
"524",1951-06-08,6.21688977844315e-05
"525",1951-06-09,0
"526",1951-06-10,0
"527",1951-06-11,7.14427005732432e-06
"528",1951-06-12,0.00029042438683291
"529",1951-06-13,0.00958274565277861
"530",1951-06-14,0.000988213228083623
"531",1951-06-15,9.94641471834257e-05
"532",1951-06-16,0
"533",1951-06-17,0.00163117869345797
"534",1951-06-18,0.00210505995113408
"535",1951-06-19,4.38384369090272e-05
"536",1951-06-20,9.09747175796838e-05
"537",1951-06-21,0.00142755884138523
"538",1951-06-22,4.49062299594516e-05
"539",1951-06-23,0.0242343705467647
"540",1951-06-24,0.00396272951002175
"541",1951-06-25,0.000511009466265477
"542",1951-06-26,0.00208850774242819
"543",1951-06-27,0
"544",1951-06-28,0.00176695842674235
"545",1951-06-29,3.05066362216166e-06
"546",1951-06-30,0
"547",1951-07-01,0
"548",1951-07-02,0.000525520186499762
"549",1951-07-03,0.00129462902259547
"550",1951-07-04,0.000638395649730228
"551",1951-07-05,0.000413890261654615
"552",1951-07-06,0.000188264893722589
"553",1951-07-07,0.00420227285474084
"554",1951-07-08,0.00136429590384068
"555",1951-07-09,0.00959566341680329
"556",1951-07-10,0.00433765389481877
"557",1951-07-11,0.0040686976408324
"558",1951-07-12,0.00747781466941433
"559",1951-07-13,0.000964516514613933
"560",1951-07-14,0.0068998722708784
"561",1951-07-15,0.0016241900048044
"562",1951-07-16,2.57193676134193e-06
"563",1951-07-17,3.82292853373656e-07
"564",1951-07-18,9.28369046846456e-05
"565",1951-07-19,6.16389206697932e-05
"566",1951-07-20,0
"567",1951-07-21,0
"568",1951-07-22,0
"569",1951-07-23,2.46878462348832e-05
"570",1951-07-24,0.00169047560757463
"571",1951-07-25,3.34158244186256e-06
"572",1951-07-26,8.77009824762354e-06
"573",1951-07-27,0.00020758137577559
"574",1951-07-28,0.00278770125038363
"575",1951-07-29,5.43102740948598e-05
"576",1951-07-30,0
"577",1951-07-31,1.29549443954602e-05
"578",1951-08-01,0.00381309978155286
"579",1951-08-02,0.00795636903785635
"580",1951-08-03,0
"581",1951-08-04,0
"582",1951-08-05,0.0142720475705573
"583",1951-08-06,0.000889721496832863
"584",1951-08-07,0.00329168328107698
"585",1951-08-08,0.0206649390165694
"586",1951-08-09,0.012833489827301
"587",1951-08-10,0.00354675247967862
"588",1951-08-11,0.000980692898224333
"589",1951-08-12,0.00777071584070654
"590",1951-08-13,0.0142045934335329
"591",1951-08-14,0.00619319200632162
"592",1951-08-15,0.000284247735010013
"593",1951-08-16,0.00103337155542249
"594",1951-08-17,0.000742962465210439
"595",1951-08-18,4.69617742737682e-05
"596",1951-08-19,0.00124159912246569
"597",1951-08-20,0.017575339755183
"598",1951-08-21,0.00102238056183523
"599",1951-08-22,0.000893070644337968
"600",1951-08-23,0.000162481842551188
"601",1951-08-24,5.74704245082103e-07
"602",1951-08-25,0.0001419961904503
"603",1951-08-26,0.00700668120407499
"604",1951-08-27,0.0132730353022907
"605",1951-08-28,0.00181613384808088
"606",1951-08-29,0.0073429609693676
"607",1951-08-30,0.000264666172995476
"608",1951-08-31,0.00601664836858617
"609",1951-09-01,0.0109417138141339
"610",1951-09-02,0.00433541228534295
"611",1951-09-03,0.00353417056066974
"612",1951-09-04,0.00116844307393649
"613",1951-09-05,0.000936358029321127
"614",1951-09-06,5.80714264515336e-05
"615",1951-09-07,4.77469711768208e-07
"616",1951-09-08,0
"617",1951-09-09,0
"618",1951-09-10,0.000743648716479584
"619",1951-09-11,3.82925293251901e-07
"620",1951-09-12,1.36720964292181e-05
"621",1951-09-13,0.0046871593576725
"622",1951-09-14,0.00859694809969369
"623",1951-09-15,0.0216290466632927
"624",1951-09-16,0.00375542956777508
"625",1951-09-17,0.000153264673258491
"626",1951-09-18,0.00533849920265084
"627",1951-09-19,0.00160009293136909
"628",1951-09-20,0
"629",1951-09-21,3.81073072048821e-05
"630",1951-09-22,0.000354962733808861
"631",1951-09-23,4.06525062430774e-05
"632",1951-09-24,0.000117609643837113
"633",1951-09-25,0.000177286928703779
"634",1951-09-26,2.07018679247994e-05
"635",1951-09-27,0.007255367142875
"636",1951-09-28,0.000145123493268784
"637",1951-09-29,4.67162572590496e-05
"638",1951-09-30,5.81270409725221e-05
"639",1951-10-01,1.19652220860189e-05
"640",1951-10-02,8.58417365634523e-07
"641",1951-10-03,7.34338254915201e-06
"642",1951-10-04,6.14195939192541e-05
"643",1951-10-05,0.000110812714808617
"644",1951-10-06,0
"645",1951-10-07,0.000149115552460444
"646",1951-10-08,0
"647",1951-10-09,0
"648",1951-10-10,0
"649",1951-10-11,9.58894474933913e-08
"650",1951-10-12,6.85330618921398e-05
"651",1951-10-13,0.000203863557317163
"652",1951-10-14,3.84510922231129e-05
"653",1951-10-15,2.87668342480174e-07
"654",1951-10-16,2.49122899731447e-06
"655",1951-10-17,0.000360772916110363
"656",1951-10-18,0
"657",1951-10-19,0.000293500085717824
"658",1951-10-20,0.00276269798354178
"659",1951-10-21,0.0049141339277412
"660",1951-10-22,0.010105447108117
"661",1951-10-23,4.60269529867219e-06
"662",1951-10-24,0
"663",1951-10-25,4.67659668856868e-06
"664",1951-10-26,6.63991072542558e-05
"665",1951-10-27,0.000358916124241659
"666",1951-10-28,0.000245680205750887
"667",1951-10-29,5.63208919857061e-06
"668",1951-10-30,0.00235678747026213
"669",1951-10-31,0.00410157086935214
"670",1951-11-01,0.000348862002283568
"671",1951-11-02,0.00047540049069994
"672",1951-11-03,0.000679947103776612
"673",1951-11-04,5.71381406189175e-07
"674",1951-11-05,0.000107856963154518
"675",1951-11-06,0.000156702315507573
"676",1951-11-07,0.00516773328581621
"677",1951-11-08,0.00395325545105152
"678",1951-11-09,0.00088469446052386
"679",1951-11-10,0.00366882239904953
"680",1951-11-11,0.000200868749743677
"681",1951-11-12,0.000500714864756446
"682",1951-11-13,0.00105444957591772
"683",1951-11-14,5.06298437130681e-05
"684",1951-11-15,0.000896430686509575
"685",1951-11-16,0.00541422711455652
"686",1951-11-17,0.0101880629517836
"687",1951-11-18,0.00619538127381247
"688",1951-11-19,0.00772172231881996
"689",1951-11-20,0.00554415461374447
"690",1951-11-21,0.00643750645667751
"691",1951-11-22,0.0091836874407818
"692",1951-11-23,0.000574832551706095
"693",1951-11-24,0.0121939434029628
"694",1951-11-25,0.00531782754842425
"695",1951-11-26,0
"696",1951-11-27,0.00175661135716609
"697",1951-11-28,5.71381406189175e-07
"698",1951-11-29,0.000574979170778533
"699",1951-11-30,0.00300979674557311
"700",1951-12-01,8.24918268449437e-05
"701",1951-12-02,0
"702",1951-12-03,0.00195404654368758
"703",1951-12-04,0.00472628010925291
"704",1951-12-05,1.00018223179177e-05
"705",1951-12-06,0
"706",1951-12-07,0.000515290103237476
"707",1951-12-08,0.0169493718049125
"708",1951-12-09,0.00684888979503739
"709",1951-12-10,0.000248838565482856
"710",1951-12-11,0
"711",1951-12-12,3.3177241903104e-05
"712",1951-12-13,1.24656321531802e-06
"713",1951-12-14,0.000123835581689491
"714",1951-12-15,0.00431496327928471
"715",1951-12-16,7.43761512467245e-06
"716",1951-12-17,0.000330672733298343
"717",1951-12-18,0.000953276437940076
"718",1951-12-19,0.00251882983081941
"719",1951-12-20,0.000435654594184598
"720",1951-12-21,2.81321972579462e-05
"721",1951-12-22,0.00161694077064567
"722",1951-12-23,0.000326254880860688
"723",1951-12-24,0.011411964645049
"724",1951-12-25,0.0106871198483987
"725",1951-12-26,0.000342168391910036
"726",1951-12-27,0.00130399020599725
"727",1951-12-28,0.00858937483280897
"728",1951-12-29,0.00477893746574409
"729",1951-12-30,0.00785936813917942
"730",1951-12-31,0.00697343071806245
"731",1952-01-01,0.000484752908050723
"732",1952-01-02,0.000344501078643589
"733",1952-01-03,5.86837066975932e-05
"734",1952-01-04,9.53048754581687e-06
"735",1952-01-05,2.669644402431e-06
"736",1952-01-06,0.00245953755256778
"737",1952-01-07,0.000105676296072943
"738",1952-01-08,0.00216748671368805
"739",1952-01-09,0.00809225988723483
"740",1952-01-10,0.00310535503081155
"741",1952-01-11,0.00466157521753985
"742",1952-01-12,0
"743",1952-01-13,0.00011698396428983
"744",1952-01-14,0.00651522640691837
"745",1952-01-15,0.00517990729980511
"746",1952-01-16,5.14774183102418e-05
"747",1952-01-17,0.00102368031957667
"748",1952-01-18,0.00600042311293691
"749",1952-01-19,0.000891591354047705
"750",1952-01-20,3.63369181286544e-05
"751",1952-01-21,4.77082147654073e-06
"752",1952-01-22,6.53268840551391e-05
"753",1952-01-23,0.000651546813969617
"754",1952-01-24,0.000782846560468897
"755",1952-01-25,0.00225558702368289
"756",1952-01-26,0.000353604583324341
"757",1952-01-27,0.000476572463128377
"758",1952-01-28,0.000320421287540285
"759",1952-01-29,0.000485998406361432
"760",1952-01-30,2.27539103434538e-05
"761",1952-01-31,0.000244031196416472
"762",1952-02-01,0.00755890175059903
"763",1952-02-02,0.00643110151577275
"764",1952-02-03,0.00368338576845417
"765",1952-02-04,3.02200105579686e-05
"766",1952-02-05,0
"767",1952-02-06,0.00246621580754436
"768",1952-02-07,0.000303334538784839
"769",1952-02-08,0.0014224060878405
"770",1952-02-09,0.000242094581551555
"771",1952-02-10,1.08249908521429e-05
"772",1952-02-11,0.000911847462930382
"773",1952-02-12,7.18794499903197e-05
"774",1952-02-13,0.000175793724508821
"775",1952-02-14,0.00291651173120044
"776",1952-02-15,0.00154866099478568
"777",1952-02-16,0.000760792670916999
"778",1952-02-17,0.000717159397936484
"779",1952-02-18,0.000145391891066993
"780",1952-02-19,0
"781",1952-02-20,0
"782",1952-02-21,0
"783",1952-02-22,2.6785796819695e-05
"784",1952-02-23,2.57469952202882e-06
"785",1952-02-24,9.6466913646509e-05
"786",1952-02-25,2.09798672585748e-05
"787",1952-02-26,5.2707592317347e-06
"788",1952-02-27,0
"789",1952-02-28,0
"790",1952-02-29,5.36313985435299e-05
"791",1952-03-01,0
"792",1952-03-02,0.00211646614383199
"793",1952-03-03,0.00643575482536107
"794",1952-03-04,0.00276208221276875
"795",1952-03-05,2.66086545295252e-05
"796",1952-03-06,1.96031771793059e-06
"797",1952-03-07,3.81660186121735e-07
"798",1952-03-08,0.00012722674040333
"799",1952-03-09,1.70689001492974e-05
"800",1952-03-10,0.000415348070532673
"801",1952-03-11,0.000804512034164873
"802",1952-03-12,0
"803",1952-03-13,0
"804",1952-03-14,0
"805",1952-03-15,0
"806",1952-03-16,0
"807",1952-03-17,0
"808",1952-03-18,8.57072063809028e-06
"809",1952-03-19,0.000552663043322354
"810",1952-03-20,0.00133017352084153
"811",1952-03-21,0.000166781574648667
"812",1952-03-22,0.000608859550993657
"813",1952-03-23,0.00605943880509585
"814",1952-03-24,0.000322605058840963
"815",1952-03-25,1.81343676786128e-06
"816",1952-03-26,3.81580207431398e-07
"817",1952-03-27,0
"818",1952-03-28,0
"819",1952-03-29,0
"820",1952-03-30,2.58110497952657e-06
"821",1952-03-31,3.89731006862348e-05
"822",1952-04-01,0.000610834125723159
"823",1952-04-02,6.62567663312075e-06
"824",1952-04-03,4.76837158203125e-07
"825",1952-04-04,0
"826",1952-04-05,3.34830019710353e-06
"827",1952-04-06,0.000402952512501997
"828",1952-04-07,0.0183190154102704
"829",1952-04-08,2.84079184211805e-05
"830",1952-04-09,7.1853838790048e-07
"831",1952-04-10,7.3672967175753e-05
"832",1952-04-11,0.000162859068609578
"833",1952-04-12,4.12093337445185e-05
"834",1952-04-13,5.34758230941179e-06
"835",1952-04-14,9.54939366692997e-07
"836",1952-04-15,1.90592322724115e-06
"837",1952-04-16,0
"838",1952-04-17,0
"839",1952-04-18,0
"840",1952-04-19,2.44874208306101e-05
"841",1952-04-20,0.00302830449436442
"842",1952-04-21,0.000510222158652596
"843",1952-04-22,0.007329100422794
"844",1952-04-23,0.000901149846924909
"845",1952-04-24,7.88798685107395e-05
"846",1952-04-25,0.00651520219253143
"847",1952-04-26,0.000334026581185753
"848",1952-04-27,0.000534914136096631
"849",1952-04-28,0.0053722342397009
"850",1952-04-29,0.00555738560512964
"851",1952-04-30,0.000635361014985847
"852",1952-05-01,4.20433194108227e-05
"853",1952-05-02,3.52754528876176e-06
"854",1952-05-03,4.49581144152944e-05
"855",1952-05-04,0.000877883859800477
"856",1952-05-05,0.0235252056354511
"857",1952-05-06,0.0130810462645172
"858",1952-05-07,1.90577128478253e-05
"859",1952-05-08,2.76806343890712e-06
"860",1952-05-09,0
"861",1952-05-10,9.52568939283083e-08
"862",1952-05-11,0
"863",1952-05-12,0.00112001442539622
"864",1952-05-13,1.24466555462277e-06
"865",1952-05-14,0.00011170334801136
"866",1952-05-15,0
"867",1952-05-16,0.000267020383944327
"868",1952-05-17,0
"869",1952-05-18,1.91778894986783e-07
"870",1952-05-19,0
"871",1952-05-20,0
"872",1952-05-21,9.19229489326767e-06
"873",1952-05-22,0.000447812979473383
"874",1952-05-23,0.000136433547595516
"875",1952-05-24,3.81580207431398e-07
"876",1952-05-25,1.61959997058148e-06
"877",1952-05-26,0
"878",1952-05-27,7.48847436966571e-05
"879",1952-05-28,0.0126109922289857
"880",1952-05-29,0.00458399563530065
"881",1952-05-30,0.00246301016068173
"882",1952-05-31,0.00083329115932429
"883",1952-06-01,0.00345181790180504
"884",1952-06-02,0.0162528024129642
"885",1952-06-03,0.000612494007725672
"886",1952-06-04,1.18244063855855e-05
"887",1952-06-05,0.000471485619016221
"888",1952-06-06,0.005697223489733
"889",1952-06-07,0.00121419840706949
"890",1952-06-08,0.00123333834380901
"891",1952-06-09,8.61440262838187e-05
"892",1952-06-10,0.00050959161916353
"893",1952-06-11,0.000387994635332234
"894",1952-06-12,3.82925406938739e-07
"895",1952-06-13,0
"896",1952-06-14,0.000230866461606638
"897",1952-06-15,4.51621103252364e-05
"898",1952-06-16,0.00124302981737401
"899",1952-06-17,9.59952944867837e-05
"900",1952-06-18,0.00761252537830615
"901",1952-06-19,0.011270280911674
"902",1952-06-20,0.00110907290201112
"903",1952-06-21,0.0002903425893237
"904",1952-06-22,0.000243233720880198
"905",1952-06-23,1.90624365359326e-06
"906",1952-06-24,1.15294038209868e-05
"907",1952-06-25,0.000826796996022949
"908",1952-06-26,0.000124338429998261
"909",1952-06-27,0.00107901414054368
"910",1952-06-28,0.000160016067752622
"911",1952-06-29,0.00269331867536948
"912",1952-06-30,0.00158092274699584
"913",1952-07-01,0
"914",1952-07-02,0.00436417821492796
"915",1952-07-03,0.000117609120934503
"916",1952-07-04,0
"917",1952-07-05,0
"918",1952-07-06,0
"919",1952-07-07,0
"920",1952-07-08,0
"921",1952-07-09,0
"922",1952-07-10,0
"923",1952-07-11,0.000429354930020054
"924",1952-07-12,0.0128992027311483
"925",1952-07-13,0.00739127988617838
"926",1952-07-14,0.000899688217657513
"927",1952-07-15,0.000766841160384502
"928",1952-07-16,0.000670884984344866
"929",1952-07-17,0.00766172596195247
"930",1952-07-18,4.08660682751361e-05
"931",1952-07-19,0.000506378457316714
"932",1952-07-20,0.00416512547297998
"933",1952-07-21,0.000274012854390548
"934",1952-07-22,0.00372121191412589
"935",1952-07-23,0.000247050688130912
"936",1952-07-24,0
"937",1952-07-25,0
"938",1952-07-26,0.00104027215559199
"939",1952-07-27,0.00944433520942312
"940",1952-07-28,0.00396127096030341
"941",1952-07-29,0.0105217404334894
"942",1952-07-30,0.00265934004420387
"943",1952-07-31,0.00700742639190821
"944",1952-08-01,0.000718941719071609
"945",1952-08-02,0.00187713783202526
"946",1952-08-03,0.0066740767880411
"947",1952-08-04,0.00303664192779252
"948",1952-08-05,0.012288492085645
"949",1952-08-06,0.00135537981350353
"950",1952-08-07,5.55626957634558e-05
"951",1952-08-08,0.00922156027627352
"952",1952-08-09,0.00158788069972715
"953",1952-08-10,0.0141337755907784
"954",1952-08-11,0.00395933303934726
"955",1952-08-12,0.00568784581992077
"956",1952-08-13,0.00491571365273558
"957",1952-08-14,0.000377516762796404
"958",1952-08-15,0.00268142461993648
"959",1952-08-16,0.00143257149920828
"960",1952-08-17,0.00720608062079009
"961",1952-08-18,0.00035563274013839
"962",1952-08-19,0.00175122581913456
"963",1952-08-20,0.000444630189292639
"964",1952-08-21,0.000274045730293437
"965",1952-08-22,0.000125892456935617
"966",1952-08-23,0.00031275784817808
"967",1952-08-24,0
"968",1952-08-25,0.0031224844997837
"969",1952-08-26,0.00155036950309295
"970",1952-08-27,0.00703626113227074
"971",1952-08-28,0.000147457330456291
"972",1952-08-29,9.4872375484556e-05
"973",1952-08-30,0
"974",1952-08-31,0.000591960390920576
"975",1952-09-01,0.000649146854755145
"976",1952-09-02,0.00188538906854774
"977",1952-09-03,0.000239789669137735
"978",1952-09-04,4.71780649604625e-05
"979",1952-09-05,0.00555099246406598
"980",1952-09-06,0.00517946733998542
"981",1952-09-07,0.00882647124944924
"982",1952-09-08,0.00353722913155252
"983",1952-09-09,0.000279714184216573
"984",1952-09-10,0
"985",1952-09-11,0.000109600428118029
"986",1952-09-12,0
"987",1952-09-13,0
"988",1952-09-14,0
"989",1952-09-15,0
"990",1952-09-16,5.71381406189175e-07
"991",1952-09-17,0.00105633146318951
"992",1952-09-18,0.000148146956234996
"993",1952-09-19,0.000786050340082056
"994",1952-09-20,7.95629733829628e-06
"995",1952-09-21,0.00615530698456723
"996",1952-09-22,0.0085925673292877
"997",1952-09-23,0.0048405387543653
"998",1952-09-24,0.0068729700383301
"999",1952-09-25,0.0103516931267222
"1000",1952-09-26,0.0102422023192048
"1001",1952-09-27,0.0119148367778621
"1002",1952-09-28,0
"1003",1952-09-29,0
"1004",1952-09-30,0.00108489940362233
"1005",1952-10-01,0.00159493676164857
"1006",1952-10-02,0.00198248009314739
"1007",1952-10-03,0.00157219805009845
"1008",1952-10-04,2.96672067179315e-06
"1009",1952-10-05,6.41826167679937e-05
"1010",1952-10-06,0.0161674253060369
"1011",1952-10-07,0.00542739089559063
"1012",1952-10-08,5.81964950470137e-05
"1013",1952-10-09,0.0021530360540396
"1014",1952-10-10,1.91778951830202e-07
"1015",1952-10-11,1.05478375189705e-06
"1016",1952-10-12,0
"1017",1952-10-13,0.000251392870382006
"1018",1952-10-14,0.00861695685580344
"1019",1952-10-15,0.00287003310495493
"1020",1952-10-16,0.00121204770766781
"1021",1952-10-17,0.000796404156517383
"1022",1952-10-18,8.20371724330471e-06
"1023",1952-10-19,8.47957915084407e-06
"1024",1952-10-20,9.00420685638892e-05
"1025",1952-10-21,0.000138582332283477
"1026",1952-10-22,0.000471618394954021
"1027",1952-10-23,0.000571793924507347
"1028",1952-10-24,0.000682449087435089
"1029",1952-10-25,0.00598424722068103
"1030",1952-10-26,0.00445632997525536
"1031",1952-10-27,0.000335592601118151
"1032",1952-10-28,0.0112695480347611
"1033",1952-10-29,0.00807996872026706
"1034",1952-10-30,0.00030567564328976
"1035",1952-10-31,0.000638748123492405
"1036",1952-11-01,0.000163871499125889
"1037",1952-11-02,0.000124266727084432
"1038",1952-11-03,0.000355351657617575
"1039",1952-11-04,0.00236919124745327
"1040",1952-11-05,0.00312335913258721
"1041",1952-11-06,0.00201690626181517
"1042",1952-11-07,0.000128204585450931
"1043",1952-11-08,0.000255206355120663
"1044",1952-11-09,0.000894669874355714
"1045",1952-11-10,0.00184628348506521
"1046",1952-11-11,2.03587235887426e-05
"1047",1952-11-12,4.29339592642464e-05
"1048",1952-11-13,0.00204614304755069
"1049",1952-11-14,0.000251463982351652
"1050",1952-11-15,0.00272063990996685
"1051",1952-11-16,0.00266267806182441
"1052",1952-11-17,0.00285845228518156
"1053",1952-11-18,3.83893593607354e-05
"1054",1952-11-19,2.04120485705062e-05
"1055",1952-11-20,0.0044679287220788
"1056",1952-11-21,0.00606340840022312
"1057",1952-11-22,0.000203655067480213
"1058",1952-11-23,0.00270350333084934
"1059",1952-11-24,0.00405460051791806
"1060",1952-11-25,0.000275020596177455
"1061",1952-11-26,0.000541584903430703
"1062",1952-11-27,0.0001030989553783
"1063",1952-11-28,1.19732591770116e-05
"1064",1952-11-29,0
"1065",1952-11-30,1.911463414217e-07
"1066",1952-12-01,1.01095485547376e-05
"1067",1952-12-02,0.00716437504968326
"1068",1952-12-03,0.00287082656745952
"1069",1952-12-04,0
"1070",1952-12-05,8.6783255710543e-06
"1071",1952-12-06,6.92721130235441e-05
"1072",1952-12-07,5.42843959578931e-05
"1073",1952-12-08,9.73350057620337e-06
"1074",1952-12-09,0.00193540278979754
"1075",1952-12-10,0.00117513080294884
"1076",1952-12-11,0.00942754262359813
"1077",1952-12-12,0.00351570311886462
"1078",1952-12-13,0.00357228620850947
"1079",1952-12-14,0.000224262833341982
"1080",1952-12-15,0.000123398040841494
"1081",1952-12-16,0.00106534058431862
"1082",1952-12-17,0.000523920568184622
"1083",1952-12-18,0.000851536144523379
"1084",1952-12-19,0.000223763652968501
"1085",1952-12-20,6.33037163879635e-05
"1086",1952-12-21,0.000320461537398842
"1087",1952-12-22,1.90798112953416e-06
"1088",1952-12-23,0.0011363604271537
"1089",1952-12-24,0.00632290874455066
"1090",1952-12-25,0.00190676332567818
"1091",1952-12-26,0.00289659880218096
"1092",1952-12-27,0.00339151392472559
"1093",1952-12-28,0.00070811040859553
"1094",1952-12-29,0.00155283634467196
"1095",1952-12-30,0.00122728250971704
"1096",1952-12-31,0.00225583518931671
"1097",1953-01-01,0.000112602903698189
"1098",1953-01-02,0.00247984750149044
"1099",1953-01-03,2.38411327018184e-05
"1100",1953-01-04,2.54376300858894e-05
"1101",1953-01-05,0.000229211192902312
"1102",1953-01-06,0.000508475635797367
"1103",1953-01-07,0.000157915537897679
"1104",1953-01-08,5.99632614921575e-05
"1105",1953-01-09,0.0044018353487445
"1106",1953-01-10,1.43051147460938e-06
"1107",1953-01-11,2.10150118391539e-05
"1108",1953-01-12,0.000420586560210268
"1109",1953-01-13,0.000126423575522949
"1110",1953-01-14,0.000249839676143893
"1111",1953-01-15,0.00532699602536013
"1112",1953-01-16,0
"1113",1953-01-17,0.000223252846694777
"1114",1953-01-18,8.68291357392081e-06
"1115",1953-01-19,9.58894474933913e-08
"1116",1953-01-20,3.19496557494858e-05
"1117",1953-01-21,0
"1118",1953-01-22,0
"1119",1953-01-23,0
"1120",1953-01-24,1.63555689596251e-05
"1121",1953-01-25,0
"1122",1953-01-26,0.00044164083016085
"1123",1953-01-27,0.00568148178524552
"1124",1953-01-28,0.00426929719469626
"1125",1953-01-29,0
"1126",1953-01-30,0.00217378009892855
"1127",1953-01-31,0.0162716908380389
"1128",1953-02-01,0.0102570240269415
"1129",1953-02-02,0.000309935604718703
"1130",1953-02-03,6.67350946059742e-07
"1131",1953-02-04,0.00199988715701238
"1132",1953-02-05,0.000938784930440306
"1133",1953-02-06,1.47460163475444e-05
"1134",1953-02-07,5.910147473287e-05
"1135",1953-02-08,8.41660830701585e-05
"1136",1953-02-09,0.000144938275063566
"1137",1953-02-10,0.000316543344524689
"1138",1953-02-11,0.00289835447802034
"1139",1953-02-12,0.000263183413835577
"1140",1953-02-13,2.3935996750879e-05
"1141",1953-02-14,6.01216419227057e-06
"1142",1953-02-15,2.4504057591912e-05
"1143",1953-02-16,0.000353273971484214
"1144",1953-02-17,1.14276281237835e-06
"1145",1953-02-18,4.79447486156914e-08
"1146",1953-02-19,2.85770795471763e-07
"1147",1953-02-20,0.00521283236122372
"1148",1953-02-21,0.00523891297143564
"1149",1953-02-22,0.00248201322398245
"1150",1953-02-23,0.00577257399737618
"1151",1953-02-24,6.93115495096208e-05
"1152",1953-02-25,0.000449632260824728
"1153",1953-02-26,0.000525108699264365
"1154",1953-02-27,3.69484104112416e-05
"1155",1953-02-28,2.49059661427964e-06
"1156",1953-03-01,2.00909113345915e-06
"1157",1953-03-02,1.48342433590187e-05
"1158",1953-03-03,0
"1159",1953-03-04,0
"1160",1953-03-05,0.000424289840850633
"1161",1953-03-06,3.73075408788281e-06
"1162",1953-03-07,0
"1163",1953-03-08,0
"1164",1953-03-09,0
"1165",1953-03-10,0.000134688889374956
"1166",1953-03-11,0.000226414530231978
"1167",1953-03-12,0
"1168",1953-03-13,0
"1169",1953-03-14,0
"1170",1953-03-15,3.72924819203035e-06
"1171",1953-03-16,4.42537369167439e-05
"1172",1953-03-17,1.74359921061296e-05
"1173",1953-03-18,0
"1174",1953-03-19,0
"1175",1953-03-20,0
"1176",1953-03-21,2.10956869750589e-06
"1177",1953-03-22,2.67240659468371e-06
"1178",1953-03-23,4.29414416203144e-06
"1179",1953-03-24,1.67433408364559e-05
"1180",1953-03-25,8.80356088828194e-06
"1181",1953-03-26,0.000688493311884031
"1182",1953-03-27,2.28616590902675e-06
"1183",1953-03-28,0.00657500559464097
"1184",1953-03-29,0.000286633280552451
"1185",1953-03-30,0.000757297422978809
"1186",1953-03-31,0.0014124000093716
"1187",1953-04-01,0.00265466021522798
"1188",1953-04-02,0.00509390286424605
"1189",1953-04-03,0.0133725816234573
"1190",1953-04-04,0.0213726797428535
"1191",1953-04-05,0.00384010694602921
"1192",1953-04-06,0.00537794548625925
"1193",1953-04-07,0.00408610953581956
"1194",1953-04-08,0.00321355264986778
"1195",1953-04-09,1.69081064882448e-05
"1196",1953-04-10,0
"1197",1953-04-11,0
"1198",1953-04-12,0.00376040429296154
"1199",1953-04-13,0.0119154458962498
"1200",1953-04-14,6.42008757267831e-06
"1201",1953-04-15,0.00029336759052967
"1202",1953-04-16,0.00128814653646714
"1203",1953-04-17,0
"1204",1953-04-18,0
"1205",1953-04-19,0
"1206",1953-04-20,0
"1207",1953-04-21,0
"1208",1953-04-22,1.66061660138439e-05
"1209",1953-04-23,7.82045924552222e-06
"1210",1953-04-24,0.000746079750570061
"1211",1953-04-25,5.90903629813511e-05
"1212",1953-04-26,0.000205857226205808
"1213",1953-04-27,0
"1214",1953-04-28,0.00544139009525679
"1215",1953-04-29,0.0120733707835825
"1216",1953-04-30,0.000533347903740378
"1217",1953-05-01,0.000663711394452093
"1218",1953-05-02,0.000124293637782102
"1219",1953-05-03,3.73257068986277e-06
"1220",1953-05-04,0
"1221",1953-05-05,0.00165028730032191
"1222",1953-05-06,0.000852357191490682
"1223",1953-05-07,0
"1224",1953-05-08,0.00088221032774527
"1225",1953-05-09,0.00105102891484421
"1226",1953-05-10,0.000819338427390903
"1227",1953-05-11,7.72053437003706e-06
"1228",1953-05-12,0.000587311232266075
"1229",1953-05-13,0
"1230",1953-05-14,9.15931014446869e-05
"1231",1953-05-15,0.00219045882244018
"1232",1953-05-16,0.00789713277936244
"1233",1953-05-17,0.000287384693308468
"1234",1953-05-18,5.58986276928408e-05
"1235",1953-05-19,0.00158725632115875
"1236",1953-05-20,0.0132103430011057
"1237",1953-05-21,0
"1238",1953-05-22,0.0139963603361366
"1239",1953-05-23,0.00101147108563282
"1240",1953-05-24,9.79400749656634e-05
"1241",1953-05-25,4.00085409637541e-05
"1242",1953-05-26,0.00470494390560816
"1243",1953-05-27,0.000230600275244797
"1244",1953-05-28,0.000508046757204283
"1245",1953-05-29,0.00492920541364583
"1246",1953-05-30,0.00555127260730615
"1247",1953-05-31,0.00153851098730229
"1248",1953-06-01,0.0124265062449922
"1249",1953-06-02,0.00706497924699079
"1250",1953-06-03,0.00146745096975565
"1251",1953-06-04,0.0166555871401215
"1252",1953-06-05,0.00757606582192238
"1253",1953-06-06,0.00133697206683792
"1254",1953-06-07,0.00132419655244576
"1255",1953-06-08,0.000403044826271071
"1256",1953-06-09,0.000140000491285264
"1257",1953-06-10,0
"1258",1953-06-11,1.39213952934369e-05
"1259",1953-06-12,0
"1260",1953-06-13,0.00026931601786373
"1261",1953-06-14,1.52371018202757e-06
"1262",1953-06-15,0.010125204742053
"1263",1953-06-16,0.00534681094188727
"1264",1953-06-17,0.0074568051559254
"1265",1953-06-18,0.00284579907747684
"1266",1953-06-19,0.00298286035689443
"1267",1953-06-20,0.00729211338705227
"1268",1953-06-21,0.000680447119520977
"1269",1953-06-22,2.67050745605957e-06
"1270",1953-06-23,0.00029169714616728
"1271",1953-06-24,0.0125776567019216
"1272",1953-06-25,0.000166272201965967
"1273",1953-06-26,0.000288600489113833
"1274",1953-06-27,0
"1275",1953-06-28,8.95957518878276e-05
"1276",1953-06-29,2.47730440605665e-06
"1277",1953-06-30,0.000158770446432754
"1278",1953-07-01,0.000429872088716365
"1279",1953-07-02,5.71381406189175e-07
"1280",1953-07-03,0
"1281",1953-07-04,3.90566061128084e-05
"1282",1953-07-05,0.000896348155436044
"1283",1953-07-06,0.00674517311290401
"1284",1953-07-07,0.00126245803357961
"1285",1953-07-08,0.00868416212779266
"1286",1953-07-09,0.000482828856661399
"1287",1953-07-10,0.0022487736538892
"1288",1953-07-11,0.00219480748251044
"1289",1953-07-12,0.000709462706026898
"1290",1953-07-13,0.000167058028239353
"1291",1953-07-14,0.0140583985157718
"1292",1953-07-15,0.0105735295510385
"1293",1953-07-16,0.0140332853561631
"1294",1953-07-17,0.00575798052068421
"1295",1953-07-18,0.00517990592692286
"1296",1953-07-19,0.00635639220490702
"1297",1953-07-20,3.35635809278756e-05
"1298",1953-07-21,0.00098165707396447
"1299",1953-07-22,0.0155230745830863
"1300",1953-07-23,0.0207170763560498
"1301",1953-07-24,0.00407319359533176
"1302",1953-07-25,4.10002161288503e-05
"1303",1953-07-26,0.00229381412606244
"1304",1953-07-27,0.00494178894768993
"1305",1953-07-28,0.00622645721159643
"1306",1953-07-29,0.00120162340351726
"1307",1953-07-30,0.0013435019092185
"1308",1953-07-31,0.0171682589161719
"1309",1953-08-01,0.00308721637884446
"1310",1953-08-02,0.00225200543718529
"1311",1953-08-03,0.00190938571489596
"1312",1953-08-04,0.00965144714683674
"1313",1953-08-05,0.00268891718735631
"1314",1953-08-06,0.000112170482111651
"1315",1953-08-07,5.08792181790341e-05
"1316",1953-08-08,0
"1317",1953-08-09,0
"1318",1953-08-10,0.00276028977759779
"1319",1953-08-11,0
"1320",1953-08-12,0
"1321",1953-08-13,9.98187024379149e-05
"1322",1953-08-14,4.78814797588711e-07
"1323",1953-08-15,1.92860728702726e-05
"1324",1953-08-16,0.00245546917591355
"1325",1953-08-17,0.00557046538847317
"1326",1953-08-18,0.00196312902608042
"1327",1953-08-19,0.00393244166929207
"1328",1953-08-20,0.000335157185361368
"1329",1953-08-21,0.0154368922085268
"1330",1953-08-22,0.0156796756200492
"1331",1953-08-23,0.00978808313084301
"1332",1953-08-24,0.00729482773294876
"1333",1953-08-25,0.0151260338307111
"1334",1953-08-26,0.00226214959400295
"1335",1953-08-27,9.09661105197301e-05
"1336",1953-08-28,0.00722967626990112
"1337",1953-08-29,0.000716620077184871
"1338",1953-08-30,0.000690480199409649
"1339",1953-08-31,0.00764861445384213
"1340",1953-09-01,0.000169197556715517
"1341",1953-09-02,0.00610250828066228
"1342",1953-09-03,0.00999846064678422
"1343",1953-09-04,1.81043429847705e-06
"1344",1953-09-05,0
"1345",1953-09-06,0
"1346",1953-09-07,8.28502925287466e-06
"1347",1953-09-08,0.00260141871154929
"1348",1953-09-09,0.0171107539422337
"1349",1953-09-10,0.0020061440882273
"1350",1953-09-11,0.00234612692372593
"1351",1953-09-12,0.0106947974245486
"1352",1953-09-13,3.51451838582761e-05
"1353",1953-09-14,0
"1354",1953-09-15,0
"1355",1953-09-16,8.15060612779916e-07
"1356",1953-09-17,0
"1357",1953-09-18,0.00116208015242592
"1358",1953-09-19,0.0056665239872018
"1359",1953-09-20,0.000206174994616504
"1360",1953-09-21,0.0039129067297381
"1361",1953-09-22,0.011472664695475
"1362",1953-09-23,0.00574300519377857
"1363",1953-09-24,0.00908681118744425
"1364",1953-09-25,0.00631056159971877
"1365",1953-09-26,0.00025038087392204
"1366",1953-09-27,0.000156698575040082
"1367",1953-09-28,0.0193185711104888
"1368",1953-09-29,0.00183449854847595
"1369",1953-09-30,0.00714812617570715
"1370",1953-10-01,0.000529638883563166
"1371",1953-10-02,0
"1372",1953-10-03,0.0012997522430851
"1373",1953-10-04,0
"1374",1953-10-05,0
"1375",1953-10-06,0
"1376",1953-10-07,8.15060684544733e-06
"1377",1953-10-08,0
"1378",1953-10-09,8.36726645729868e-05
"1379",1953-10-10,0.00164833073364434
"1380",1953-10-11,0.000353133553289808
"1381",1953-10-12,2.25472041393004e-05
"1382",1953-10-13,2.8649785235757e-05
"1383",1953-10-14,0.00359314078883699
"1384",1953-10-15,0.00404347521543968
"1385",1953-10-16,0.00119840973002283
"1386",1953-10-17,0.00380008949287003
"1387",1953-10-18,0.00231646232106186
"1388",1953-10-19,8.30294350748773e-05
"1389",1953-10-20,0.000644697993891441
"1390",1953-10-21,0.00122807174921036
"1391",1953-10-22,0.000124837190753624
"1392",1953-10-23,0.000148823458005154
"1393",1953-10-24,0.00151741908911163
"1394",1953-10-25,0.000768060589507513
"1395",1953-10-26,0.00103725812095945
"1396",1953-10-27,0.000544129506124591
"1397",1953-10-28,0.00057227954391692
"1398",1953-10-29,0.00628764602424781
"1399",1953-10-30,0.00292290706420317
"1400",1953-10-31,0.0047291019056388
"1401",1953-11-01,0.00640844877580093
"1402",1953-11-02,0.00476906279703826
"1403",1953-11-03,0.0057723757063286
"1404",1953-11-04,0.00147200434275874
"1405",1953-11-05,0.000522205205868431
"1406",1953-11-06,0.00162478311386849
"1407",1953-11-07,0.014236376208828
"1408",1953-11-08,9.44953432053808e-05
"1409",1953-11-09,0.00423351336166888
"1410",1953-11-10,5.06442250980399e-06
"1411",1953-11-11,0.0024207586520788
"1412",1953-11-12,0.00174071376409302
"1413",1953-11-13,4.786263252754e-05
"1414",1953-11-14,0.00404379858355242
"1415",1953-11-15,0
"1416",1953-11-16,0.000668643654137213
"1417",1953-11-17,0.000421821157658542
"1418",1953-11-18,0.000181574310545329
"1419",1953-11-19,4.33464981597353e-06
"1420",1953-11-20,0.000206628200828618
"1421",1953-11-21,0.000411522576087009
"1422",1953-11-22,0.000186913438597003
"1423",1953-11-23,6.60770269291788e-05
"1424",1953-11-24,0.000154376881255303
"1425",1953-11-25,0.000102717877837222
"1426",1953-11-26,0.000184102747368797
"1427",1953-11-27,0.00242031076049898
"1428",1953-11-28,0.00616998141094882
"1429",1953-11-29,0.0013974591920487
"1430",1953-11-30,0.00441058072647138
"1431",1953-12-01,1.62221027721898e-06
"1432",1953-12-02,0.000177288671466158
"1433",1953-12-03,0.00167966805020114
"1434",1953-12-04,0.00296938111273448
"1435",1953-12-05,0
"1436",1953-12-06,3.38676821911577e-05
"1437",1953-12-07,7.65891194873802e-05
"1438",1953-12-08,3.82097077249455e-05
"1439",1953-12-09,0.000415279666412971
"1440",1953-12-10,7.74440515556307e-05
"1441",1953-12-11,0.000394981229874247
"1442",1953-12-12,0.000221628993131162
"1443",1953-12-13,0.000896050784831459
"1444",1953-12-14,0.00041637177218945
"1445",1953-12-15,0.00153806089412001
"1446",1953-12-16,0.0103251567488769
"1447",1953-12-17,0.00359924061922356
"1448",1953-12-18,0.00129918511765936
"1449",1953-12-19,0.00388006158755161
"1450",1953-12-20,0.000195161793101306
"1451",1953-12-21,0.000175245835748683
"1452",1953-12-22,0.000654571547784144
"1453",1953-12-23,0.00584049763983785
"1454",1953-12-24,0.00303983481171599
"1455",1953-12-25,0.000173754878744603
"1456",1953-12-26,0.00207115920301248
"1457",1953-12-27,0.00681742071344615
"1458",1953-12-28,7.63873003961635e-07
"1459",1953-12-29,4.95943719869274e-06
"1460",1953-12-30,0.000981091212509
"1461",1953-12-31,0.0033520003747185
"1462",1954-01-01,3.15751195785197e-05
"1463",1954-01-02,0.000523178680396086
"1464",1954-01-03,4.23202890260654e-05
"1465",1954-01-04,6.67270910525986e-07
"1466",1954-01-05,7.94134908801425e-05
"1467",1954-01-06,0.00387550779669255
"1468",1954-01-07,2.85690703094588e-07
"1469",1954-01-08,9.0380323001682e-05
"1470",1954-01-09,3.21642937706201e-05
"1471",1954-01-10,0
"1472",1954-01-11,0.000409616755121078
"1473",1954-01-12,9.29753319951487e-05
"1474",1954-01-13,0.00382233273285237
"1475",1954-01-14,0.0101833382068435
"1476",1954-01-15,0.00962256693605923
"1477",1954-01-16,0.000132544436723947
"1478",1954-01-17,4.06156095777988e-05
"1479",1954-01-18,0
"1480",1954-01-19,0.0113312272915209
"1481",1954-01-20,0.00166615607025733
"1482",1954-01-21,0.00141835130943946
"1483",1954-01-22,5.43745903769377e-06
"1484",1954-01-23,5.05647608406434e-06
"1485",1954-01-24,6.97200348440674e-05
"1486",1954-01-25,6.47792920744905e-05
"1487",1954-01-26,0.000294715869472384
"1488",1954-01-27,8.53836472813896e-06
"1489",1954-01-28,7.46815327374861e-05
"1490",1954-01-29,6.08451622383654e-05
"1491",1954-01-30,1.85418453497732e-05
"1492",1954-01-31,9.20045261487701e-05
"1493",1954-02-01,0.000234570658903976
"1494",1954-02-02,0.000454936845017073
"1495",1954-02-03,8.57468478443479e-07
"1496",1954-02-04,7.5326597198e-05
"1497",1954-02-05,0.000100314901146703
"1498",1954-02-06,0.000436623266011793
"1499",1954-02-07,0.00116895240989834
"1500",1954-02-08,0.00119665720575313
"1501",1954-02-09,0.00149077931274633
"1502",1954-02-10,0.000949049821429071
"1503",1954-02-11,0.000359665306518764
"1504",1954-02-12,2.74671824058714e-05
"1505",1954-02-13,2.79605994819576e-05
"1506",1954-02-14,7.02504062815024e-05
"1507",1954-02-15,0
"1508",1954-02-16,4.68118525986938e-06
"1509",1954-02-17,0.00111802634529568
"1510",1954-02-18,0.00184989264653268
"1511",1954-02-19,9.1044946088914e-05
"1512",1954-02-20,2.55912939337577e-05
"1513",1954-02-21,4.70426579113337e-05
"1514",1954-02-22,0.00417859821573074
"1515",1954-02-23,0.00417710129113402
"1516",1954-02-24,0.0103862825926626
"1517",1954-02-25,0.00866691423289012
"1518",1954-02-26,0.00893252629612107
"1519",1954-02-27,0.004824621239095
"1520",1954-02-28,0.00342079775782622
"1521",1954-03-01,0.00705369140086987
"1522",1954-03-02,0.00196098315973359
"1523",1954-03-03,0.000527926694243064
"1524",1954-03-04,0.00915644950873684
"1525",1954-03-05,0.00101102788829621
"1526",1954-03-06,6.16049011341602e-05
"1527",1954-03-07,0.00946686561292154
"1528",1954-03-08,0.000915336896468943
"1529",1954-03-09,2.31710972684596e-05
"1530",1954-03-10,0.000864728203850973
"1531",1954-03-11,0.000293609549771645
"1532",1954-03-12,0.000130137008454767
"1533",1954-03-13,2.5883811190397e-05
"1534",1954-03-14,2.9673624624138e-05
"1535",1954-03-15,4.47258334475009e-05
"1536",1954-03-16,1.71817981708955e-06
"1537",1954-03-17,6.24829731918908e-05
"1538",1954-03-18,5.89696303450182e-05
"1539",1954-03-19,4.76837158203125e-07
"1540",1954-03-20,7.30662013666006e-05
"1541",1954-03-21,0.00394227132306924
"1542",1954-03-22,0.0013639806466017
"1543",1954-03-23,5.97020943473581e-05
"1544",1954-03-24,0.00443384186110052
"1545",1954-03-25,0.00370978960108914
"1546",1954-03-26,5.5358398867611e-05
"1547",1954-03-27,8.555692647505e-05
"1548",1954-03-28,0
"1549",1954-03-29,0.000223878309554948
"1550",1954-03-30,0.00152919906076932
"1551",1954-03-31,0.00494508180509001
"1552",1954-04-01,0.00882983312476426
"1553",1954-04-02,0.000616208327699042
"1554",1954-04-03,0.0043136271107187
"1555",1954-04-04,0.00123576607711584
"1556",1954-04-05,0.000419042828525562
"1557",1954-04-06,0.000206704149775305
"1558",1954-04-07,0.000147280608473466
"1559",1954-04-08,2.03849858735339e-05
"1560",1954-04-09,0
"1561",1954-04-10,1.62822351512659e-06
"1562",1954-04-11,0
"1563",1954-04-12,0.000110362609348158
"1564",1954-04-13,0.00211626982849111
"1565",1954-04-14,0.00409433049742347
"1566",1954-04-15,0.000564283210110261
"1567",1954-04-16,0.000597102087340318
"1568",1954-04-17,0
"1569",1954-04-18,0.00207270881236354
"1570",1954-04-19,0.000290232588781691
"1571",1954-04-20,0
"1572",1954-04-21,4.48196794877731e-06
"1573",1954-04-22,0
"1574",1954-04-23,0
"1575",1954-04-24,0
"1576",1954-04-25,0
"1577",1954-04-26,5.71381406189175e-06
"1578",1954-04-27,3.48883659171406e-05
"1579",1954-04-28,0.000358269406206091
"1580",1954-04-29,0.00343381684069755
"1581",1954-04-30,0.000424511861638166
"1582",1954-05-01,0.00270729335153419
"1583",1954-05-02,3.37114906869829e-05
"1584",1954-05-03,0.0028896754967036
"1585",1954-05-04,0.000979512413039174
"1586",1954-05-05,0.00511215172627999
"1587",1954-05-06,0.000829215041505904
"1588",1954-05-07,4.66256511231222e-05
"1589",1954-05-08,0
"1590",1954-05-09,0
"1591",1954-05-10,0
"1592",1954-05-11,0
"1593",1954-05-12,0
"1594",1954-05-13,0.000624088268523337
"1595",1954-05-14,0
"1596",1954-05-15,0.00168604579721432
"1597",1954-05-16,0.000597389612266852
"1598",1954-05-17,0.000747912804399675
"1599",1954-05-18,0.00356140028685559
"1600",1954-05-19,0.007950483384775
"1601",1954-05-20,0.00637020820704493
"1602",1954-05-21,0.0194949331744283
"1603",1954-05-22,0.00978739722881983
"1604",1954-05-23,0.00613653824302673
"1605",1954-05-24,0.0147534632333191
"1606",1954-05-25,5.3403050515044e-06
"1607",1954-05-26,0
"1608",1954-05-27,0
"1609",1954-05-28,0
"1610",1954-05-29,3.07027111148273e-05
"1611",1954-05-30,4.59351826975762e-06
"1612",1954-05-31,0.00116067046803892
"1613",1954-06-01,0
"1614",1954-06-02,0
"1615",1954-06-03,0
"1616",1954-06-04,0
"1617",1954-06-05,0
"1618",1954-06-06,0
"1619",1954-06-07,0
"1620",1954-06-08,0.00524656385823619
"1621",1954-06-09,0.0104677216296523
"1622",1954-06-10,0.00670295157578948
"1623",1954-06-11,0.00407596027071122
"1624",1954-06-12,0.00497404021461989
"1625",1954-06-13,7.14427005732432e-06
"1626",1954-06-14,5.38584536116105e-05
"1627",1954-06-15,0.000766443406973849
"1628",1954-06-16,0.0106052495684708
"1629",1954-06-17,0.00302661674891169
"1630",1954-06-18,0.000358474944562204
"1631",1954-06-19,0.00275607975623871
"1632",1954-06-20,0.00326749297943252
"1633",1954-06-21,0.00056857020535972
"1634",1954-06-22,0.0013492275097633
"1635",1954-06-23,0.00497130852403416
"1636",1954-06-24,0.0012585965559424
"1637",1954-06-25,0.00967490015773365
"1638",1954-06-26,0.0120818001769294
"1639",1954-06-27,0.0105124303800039
"1640",1954-06-28,0.000653269456506678
"1641",1954-06-29,6.07384800446198e-05
"1642",1954-06-30,0.00052689527643679
"1643",1954-07-01,0.00143513042985433
"1644",1954-07-02,0.00189877406086225
"1645",1954-07-03,0.000239301647866341
"1646",1954-07-04,0.00128106807824224
"1647",1954-07-05,0.00579832683138193
"1648",1954-07-06,0.00153055987902917
"1649",1954-07-07,0.00365989113930709
"1650",1954-07-08,0.000798234379715268
"1651",1954-07-09,0.000316154571692095
"1652",1954-07-10,0.0182502032812408
"1653",1954-07-11,0.00318372013003909
"1654",1954-07-12,0.00713591955445736
"1655",1954-07-13,0.00819156231682427
"1656",1954-07-14,0.00312321962690021
"1657",1954-07-15,0.00335722642745395
"1658",1954-07-16,0.00291059935022986
"1659",1954-07-17,0.00459631749612299
"1660",1954-07-18,0.000414867219660664
"1661",1954-07-19,0.00121731422404991
"1662",1954-07-20,0.000876146536541
"1663",1954-07-21,0.000149082499774522
"1664",1954-07-22,0.00183929382893666
"1665",1954-07-23,0.000865113111899518
"1666",1954-07-24,3.0338469457547e-05
"1667",1954-07-25,0.00256873891538589
"1668",1954-07-26,0.00258588716769736
"1669",1954-07-27,0.015940895876156
"1670",1954-07-28,0.0167040725109473
"1671",1954-07-29,0.00818182987768523
"1672",1954-07-30,0.00815662733566569
"1673",1954-07-31,0.00872895088923542
"1674",1954-08-01,0.00361445539664373
"1675",1954-08-02,0.000669728266302627
"1676",1954-08-03,0.00155465219904727
"1677",1954-08-04,0
"1678",1954-08-05,5.40519804985706e-05
"1679",1954-08-06,0.00409386202125006
"1680",1954-08-07,0.0243666593969465
"1681",1954-08-08,0.00572437678329152
"1682",1954-08-09,0.00562720253469706
"1683",1954-08-10,0.00676336888773221
"1684",1954-08-11,0.00353345222538337
"1685",1954-08-12,0.000144268679036941
"1686",1954-08-13,0.000554207346340263
"1687",1954-08-14,0.00134293509796635
"1688",1954-08-15,2.3631060741991e-05
"1689",1954-08-16,0.00225235651993216
"1690",1954-08-17,0.00242171779689215
"1691",1954-08-18,0.00284389732195223
"1692",1954-08-19,0.00542574058272294
"1693",1954-08-20,0.000164705523388875
"1694",1954-08-21,0
"1695",1954-08-22,0.000458526443253504
"1696",1954-08-23,0.000217776927058821
"1697",1954-08-24,0.0072073808170785
"1698",1954-08-25,0.00603170950358844
"1699",1954-08-26,7.45335603369313e-06
"1700",1954-08-27,1.53296650751145e-06
"1701",1954-08-28,0.000453569324633918
"1702",1954-08-29,0.000376724613147417
"1703",1954-08-30,0.00645236509262759
"1704",1954-08-31,4.39544519394985e-05
"1705",1954-09-01,6.98451049174764e-06
"1706",1954-09-02,8.9101595676766e-05
"1707",1954-09-03,1.74856068042573e-05
"1708",1954-09-04,0.00119033684569558
"1709",1954-09-05,0.00657920528192335
"1710",1954-09-06,0.00386688462356233
"1711",1954-09-07,0.00363767149843852
"1712",1954-09-08,0.00257565594881726
"1713",1954-09-09,0.00782446626908495
"1714",1954-09-10,0.00584294679811137
"1715",1954-09-11,0.0121706921999021
"1716",1954-09-12,0.00305392168320395
"1717",1954-09-13,0.000752924855987658
"1718",1954-09-14,0.0016594992047203
"1719",1954-09-15,0.00958287439425476
"1720",1954-09-16,0.0163738540962868
"1721",1954-09-17,0.00545539536949491
"1722",1954-09-18,1.75447775063731e-05
"1723",1954-09-19,8.05028867034707e-06
"1724",1954-09-20,0.0107620984251184
"1725",1954-09-21,0.00341378205666842
"1726",1954-09-22,0.00108208337809401
"1727",1954-09-23,3.31915407514316e-05
"1728",1954-09-24,0.00622285722511151
"1729",1954-09-25,0.0118420117360074
"1730",1954-09-26,0.000247082563703316
"1731",1954-09-27,0.0061566768740704
"1732",1954-09-28,1.2465634426917e-06
"1733",1954-09-29,0.000682975590905244
"1734",1954-09-30,0.00276504691623813
"1735",1954-10-01,8.5230414867965e-05
"1736",1954-10-02,0
"1737",1954-10-03,0.000259555229320085
"1738",1954-10-04,2.96339545116098e-05
"1739",1954-10-05,1.57363700736823e-06
"1740",1954-10-06,2.1941947011328e-05
"1741",1954-10-07,2.09904709436159e-06
"1742",1954-10-08,1.24593015016217e-06
"1743",1954-10-09,0.00185636917132115
"1744",1954-10-10,0.00358899163245496
"1745",1954-10-11,0.000596209009017912
"1746",1954-10-12,0.00205246483125165
"1747",1954-10-13,0.000917667529392929
"1748",1954-10-14,0.000864386092871428
"1749",1954-10-15,0.000243015267642477
"1750",1954-10-16,0.00639332973855744
"1751",1954-10-17,2.94932506221812e-05
"1752",1954-10-18,0.00707451200827336
"1753",1954-10-19,0.0165388726199467
"1754",1954-10-20,0.000324655096846982
"1755",1954-10-21,2.2855256247567e-06
"1756",1954-10-22,0.0108655398047972
"1757",1954-10-23,0.00139250962109827
"1758",1954-10-24,0.022483546170406
"1759",1954-10-25,0.00685794902528869
"1760",1954-10-26,0.000129907344160074
"1761",1954-10-27,0
"1762",1954-10-28,0.00435558844549178
"1763",1954-10-29,0.0135384543773398
"1764",1954-10-30,0.00188700529633934
"1765",1954-10-31,0.000507261915799972
"1766",1954-11-01,0
"1767",1954-11-02,0.00110207714652688
"1768",1954-11-03,0.000429137728815476
"1769",1954-11-04,0.00306265893021873
"1770",1954-11-05,0.00497505370003637
"1771",1954-11-06,0.00325682753828005
"1772",1954-11-07,0
"1773",1954-11-08,5.43754788395745e-06
"1774",1954-11-09,0.00757609509355461
"1775",1954-11-10,0.00296571718524774
"1776",1954-11-11,0.00883958701928123
"1777",1954-11-12,0.002551352631599
"1778",1954-11-13,0.00675782494272426
"1779",1954-11-14,0.0103574434796201
"1780",1954-11-15,5.15046269811137e-06
"1781",1954-11-16,0.000770179171013297
"1782",1954-11-17,0.000264326307046758
"1783",1954-11-18,5.07393772863907e-05
"1784",1954-11-19,0.000337516466061061
"1785",1954-11-20,0.000392572698729055
"1786",1954-11-21,0.000340709277679707
"1787",1954-11-22,7.27982824741957e-05
"1788",1954-11-23,4.29576977012402e-06
"1789",1954-11-24,0.000315881068672752
"1790",1954-11-25,0.00138887859247916
"1791",1954-11-26,0.00840630698803579
"1792",1954-11-27,0.0027262818121585
"1793",1954-11-28,0.00722109885566624
"1794",1954-11-29,0.0164709075033898
"1795",1954-11-30,0.00930271067045396
"1796",1954-12-01,0.00355082993792166
"1797",1954-12-02,0.0083842780913983
"1798",1954-12-03,0.00035645925981953
"1799",1954-12-04,0.00699721641831275
"1800",1954-12-05,0.00290776351903332
"1801",1954-12-06,0.000587614729738561
"1802",1954-12-07,0.00079835434735287
"1803",1954-12-08,0.000183234692087808
"1804",1954-12-09,0.0121200571629743
"1805",1954-12-10,0.00370082399319926
"1806",1954-12-11,3.29929816302865e-05
"1807",1954-12-12,0.00845328652485478
"1808",1954-12-13,0.0040397977027169
"1809",1954-12-14,0.00278365544090775
"1810",1954-12-15,0.00423898128974542
"1811",1954-12-16,1.52774606476669e-06
"1812",1954-12-17,0.00170866298230976
"1813",1954-12-18,0.00052392564703041
"1814",1954-12-19,0
"1815",1954-12-20,1.27752282423899e-05
"1816",1954-12-21,0.00572991369153897
"1817",1954-12-22,0.00228376021550503
"1818",1954-12-23,0.00132997076622132
"1819",1954-12-24,0.000111568332329171
"1820",1954-12-25,0
"1821",1954-12-26,0.00267273970962378
"1822",1954-12-27,0.00115247393580376
"1823",1954-12-28,0.00247708148799575
"1824",1954-12-29,0
"1825",1954-12-30,3.3400200777578e-05
"1826",1954-12-31,0.000249240328230371
"1827",1955-01-01,0.000127333155433007
"1828",1955-01-02,0.000192605958829972
"1829",1955-01-03,0.000355915470208856
"1830",1955-01-04,7.17640588128177e-05
"1831",1955-01-05,1.82568060722588e-05
"1832",1955-01-06,0.000625991655397229
"1833",1955-01-07,0.00018244472846618
"1834",1955-01-08,8.87069086843439e-05
"1835",1955-01-09,0.00114791824762506
"1836",1955-01-10,0.0170584615423195
"1837",1955-01-11,8.99955319368928e-05
"1838",1955-01-12,0.000126994410493353
"1839",1955-01-13,0.000935103452320618
"1840",1955-01-14,1.33462185658573e-06
"1841",1955-01-15,0.000363230745790588
"1842",1955-01-16,0.0072194752433461
"1843",1955-01-17,3.82292796530237e-07
"1844",1955-01-18,1.41128613790897e-05
"1845",1955-01-19,0
"1846",1955-01-20,0
"1847",1955-01-21,0.000228226628053108
"1848",1955-01-22,4.58933146774143e-06
"1849",1955-01-23,4.38591565057322e-05
"1850",1955-01-24,0.00139654842757864
"1851",1955-01-25,2.87146406208194e-06
"1852",1955-01-26,0.000816971318272408
"1853",1955-01-27,6.18929226448017e-05
"1854",1955-01-28,0.000471461049528443
"1855",1955-01-29,0.000364072892807599
"1856",1955-01-30,0.00585462228627875
"1857",1955-01-31,0.000218372783820087
"1858",1955-02-01,0.00211524111330164
"1859",1955-02-02,0.00055607011262282
"1860",1955-02-03,0.00142859649264437
"1861",1955-02-04,0.00514097949780989
"1862",1955-02-05,0.00170859714347671
"1863",1955-02-06,0.000283843188185529
"1864",1955-02-07,0
"1865",1955-02-08,0.00244412671145255
"1866",1955-02-09,0.00408132201675926
"1867",1955-02-10,0
"1868",1955-02-11,2.32969997568944e-05
"1869",1955-02-12,4.29248643740721e-07
"1870",1955-02-13,3.16531587145619e-05
"1871",1955-02-14,0.000421576664678014
"1872",1955-02-15,0.00034357665083462
"1873",1955-02-16,0.00981258094543591
"1874",1955-02-17,0.000632006335763435
"1875",1955-02-18,0.00213253609490494
"1876",1955-02-19,0.00130210079714743
"1877",1955-02-20,1.21254366831636e-05
"1878",1955-02-21,0.000168582213120771
"1879",1955-02-22,0
"1880",1955-02-23,1.91778951830202e-07
"1881",1955-02-24,0
"1882",1955-02-25,2.09714983157028e-06
"1883",1955-02-26,0
"1884",1955-02-27,1.19169646950468e-06
"1885",1955-02-28,6.27794880756483e-05
"1886",1955-03-01,0.00026462288019502
"1887",1955-03-02,1.80782348593311e-05
"1888",1955-03-03,1.91778894986783e-07
"1889",1955-03-04,0.00326516697447232
"1890",1955-03-05,0.00125782867144153
"1891",1955-03-06,2.50796335308223e-05
"1892",1955-03-07,1.2305509358157e-05
"1893",1955-03-08,0.00019143462111515
"1894",1955-03-09,0.0003778523387723
"1895",1955-03-10,0
"1896",1955-03-11,3.82925406938739e-07
"1897",1955-03-12,0.000197205406038847
"1898",1955-03-13,2.45062756789594e-05
"1899",1955-03-14,0
"1900",1955-03-15,0
"1901",1955-03-16,3.12566917273216e-05
"1902",1955-03-17,0.000621081641895671
"1903",1955-03-18,0.000221780326967291
"1904",1955-03-19,0.000191003810584789
"1905",1955-03-20,0.000615085461902254
"1906",1955-03-21,4.34928115282673e-05
"1907",1955-03-22,0
"1908",1955-03-23,0.000260689671449654
"1909",1955-03-24,0.000627374175792283
"1910",1955-03-25,0.00236468206799145
"1911",1955-03-26,0.00818423020643877
"1912",1955-03-27,5.72094052131433e-07
"1913",1955-03-28,0.000435735590770037
"1914",1955-03-29,1.23918234748999e-05
"1915",1955-03-30,0
"1916",1955-03-31,0.0012604260837179
"1917",1955-04-01,0
"1918",1955-04-02,0
"1919",1955-04-03,0.00131704769262342
"1920",1955-04-04,0.00111739759586271
"1921",1955-04-05,4.28146869921875e-05
"1922",1955-04-06,0.00146904679058935
"1923",1955-04-07,0.00988436146872118
"1924",1955-04-08,9.12598792979225e-05
"1925",1955-04-09,2.38338629401369e-05
"1926",1955-04-10,0.00074731529247174
"1927",1955-04-11,0.00116979582986687
"1928",1955-04-12,0.000661639879751874
"1929",1955-04-13,0
"1930",1955-04-14,0.000159091810928658
"1931",1955-04-15,0
"1932",1955-04-16,2.38418579101562e-07
"1933",1955-04-17,0
"1934",1955-04-18,0
"1935",1955-04-19,3.80927445462476e-05
"1936",1955-04-20,6.7752433210444e-06
"1937",1955-04-21,0.000478985032714263
"1938",1955-04-22,2.10517837331281e-05
"1939",1955-04-23,0.000554807810658531
"1940",1955-04-24,0.00145534813299264
"1941",1955-04-25,0.00015566528418276
"1942",1955-04-26,0
"1943",1955-04-27,2.678348067775e-05
"1944",1955-04-28,0.00367679520110187
"1945",1955-04-29,5.77801682766221e-06
"1946",1955-04-30,0.00674784987876365
"1947",1955-05-01,1.94014187400171e-05
"1948",1955-05-02,0.0133674426888888
"1949",1955-05-03,0.00500469378869184
"1950",1955-05-04,0.0067151782422421
"1951",1955-05-05,0.00228610285284958
"1952",1955-05-06,0.00128950819890861
"1953",1955-05-07,0.00115679617556452
"1954",1955-05-08,0.00268077982434534
"1955",1955-05-09,0.00554450954678032
"1956",1955-05-10,0.00142793807930275
"1957",1955-05-11,0.000403676226540028
"1958",1955-05-12,0.00368150065332884
"1959",1955-05-13,0.00746293125780539
"1960",1955-05-14,0.00534225890623929
"1961",1955-05-15,0.00393392179569219
"1962",1955-05-16,0.00157996142684169
"1963",1955-05-17,0.00612500569332042
"1964",1955-05-18,0.0179648419607474
"1965",1955-05-19,0.00861624391654914
"1966",1955-05-20,0.00014066969453097
"1967",1955-05-21,0.000359452934389992
"1968",1955-05-22,6.01914157414285e-05
"1969",1955-05-23,0
"1970",1955-05-24,0
"1971",1955-05-25,0.00224653796612984
"1972",1955-05-26,0.00163074545258723
"1973",1955-05-27,1.88555741260643e-05
"1974",1955-05-28,0
"1975",1955-05-29,0
"1976",1955-05-30,0
"1977",1955-05-31,0
"1978",1955-06-01,0
"1979",1955-06-02,8.00139696366386e-06
"1980",1955-06-03,0
"1981",1955-06-04,0
"1982",1955-06-05,0
"1983",1955-06-06,0
"1984",1955-06-07,2.39597210338616e-06
"1985",1955-06-08,0.000274302165053086
"1986",1955-06-09,7.7303610112267e-05
"1987",1955-06-10,0.000726194768503774
"1988",1955-06-11,0.000929424882713192
"1989",1955-06-12,0.000334636753620998
"1990",1955-06-13,0.00289806186265196
"1991",1955-06-14,0.00108885126792302
"1992",1955-06-15,0.00570874623304007
"1993",1955-06-16,0.000108312793258847
"1994",1955-06-17,4.76284640171798e-07
"1995",1955-06-18,0
"1996",1955-06-19,0
"1997",1955-06-20,0
"1998",1955-06-21,0.000262719265265332
"1999",1955-06-22,0.000328373472200383
"2000",1955-06-23,0.000671372700310258
"2001",1955-06-24,0.00432730457748676
"2002",1955-06-25,1.16213464593784e-05
"2003",1955-06-26,4.63231007756804e-05
"2004",1955-06-27,9.14073296485185e-05
"2005",1955-06-28,0.000118436451884918
"2006",1955-06-29,0.00294795145146054
"2007",1955-06-30,0.00738244651438436
"2008",1955-07-01,0.00412644119558081
"2009",1955-07-02,0.00838055692219086
"2010",1955-07-03,0.00243771462038467
"2011",1955-07-04,1.9073486328125e-06
"2012",1955-07-05,0.00366515224919794
"2013",1955-07-06,0.00058074747818182
"2014",1955-07-07,0
"2015",1955-07-08,4.85879991174443e-06
"2016",1955-07-09,2.00039551145892e-06
"2017",1955-07-10,0
"2018",1955-07-11,0
"2019",1955-07-12,0
"2020",1955-07-13,0
"2021",1955-07-14,0
"2022",1955-07-15,0
"2023",1955-07-16,0
"2024",1955-07-17,0
"2025",1955-07-18,0
"2026",1955-07-19,0
"2027",1955-07-20,0
"2028",1955-07-21,0
"2029",1955-07-22,0
"2030",1955-07-23,0.000913921787798699
"2031",1955-07-24,0
"2032",1955-07-25,0
"2033",1955-07-26,0
"2034",1955-07-27,0
"2035",1955-07-28,0
"2036",1955-07-29,0
"2037",1955-07-30,0
"2038",1955-07-31,0
"2039",1955-08-01,0
"2040",1955-08-02,0
"2041",1955-08-03,0.000337561527885555
"2042",1955-08-04,0
"2043",1955-08-05,2.87035902601929e-07
"2044",1955-08-06,0.00350914603222918
"2045",1955-08-07,0.00208145121200687
"2046",1955-08-08,0.00105903355301962
"2047",1955-08-09,0.00294861466977636
"2048",1955-08-10,0.00159161966558941
"2049",1955-08-11,0.000746488635797959
"2050",1955-08-12,0
"2051",1955-08-13,0
"2052",1955-08-14,2.81134430224483e-05
"2053",1955-08-15,0.000352517118187734
"2054",1955-08-16,4.78553806715354e-06
"2055",1955-08-17,0
"2056",1955-08-18,0.00187523859773364
"2057",1955-08-19,0.00268131233468338
"2058",1955-08-20,0.00017879167899082
"2059",1955-08-21,5.05676001694155e-06
"2060",1955-08-22,0.000720154167140663
"2061",1955-08-23,2.2855256247567e-06
"2062",1955-08-24,0
"2063",1955-08-25,0
"2064",1955-08-26,0
"2065",1955-08-27,0
"2066",1955-08-28,0
"2067",1955-08-29,6.76901245242334e-05
"2068",1955-08-30,2.2855256247567e-06
"2069",1955-08-31,0.00111652177383803
"2070",1955-09-01,9.15373612997428e-06
"2071",1955-09-02,0.00775605068156437
"2072",1955-09-03,0.00161025846870189
"2073",1955-09-04,0
"2074",1955-09-05,0.00152439472839205
"2075",1955-09-06,0.00150306529667432
"2076",1955-09-07,0
"2077",1955-09-08,4.76284697015217e-07
"2078",1955-09-09,0.00956932188228166
"2079",1955-09-10,0.00476743227363841
"2080",1955-09-11,0.00173262564658216
"2081",1955-09-12,0.00021629528697531
"2082",1955-09-13,0.00713095222909033
"2083",1955-09-14,0.00650578536169633
"2084",1955-09-15,0.00351893125389324
"2085",1955-09-16,0.0120799557344071
"2086",1955-09-17,8.70760914608582e-05
"2087",1955-09-18,0.00419470404864342
"2088",1955-09-19,0
"2089",1955-09-20,0
"2090",1955-09-21,1.91778894986783e-07
"2091",1955-09-22,3.55541495764555e-05
"2092",1955-09-23,5.71541647786944e-07
"2093",1955-09-24,0.00054738111845154
"2094",1955-09-25,0.00932212556199374
"2095",1955-09-26,0.00402656450023642
"2096",1955-09-27,0
"2097",1955-09-28,2.38203330695796e-05
"2098",1955-09-29,0.000862750379383215
"2099",1955-09-30,0.000774362431911868
"2100",1955-10-01,5.30967281520134e-05
"2101",1955-10-02,0.00455147663706157
"2102",1955-10-03,0.00457747874060033
"2103",1955-10-04,9.35083145918725e-05
"2104",1955-10-05,0.00955962295847712
"2105",1955-10-06,0.00917961336563167
"2106",1955-10-07,0.00326129185850732
"2107",1955-10-08,0.000906175963677924
"2108",1955-10-09,0.000628433438578213
"2109",1955-10-10,9.90632574939809e-05
"2110",1955-10-11,0.000140290491799533
"2111",1955-10-12,0.000839085239022097
"2112",1955-10-13,0.000283968221708619
"2113",1955-10-14,0.00699783709023905
"2114",1955-10-15,0.006253555004605
"2115",1955-10-16,4.7806550412588e-05
"2116",1955-10-17,0.0036612737542896
"2117",1955-10-18,0.00285097153374281
"2118",1955-10-19,0.000384726990716899
"2119",1955-10-20,0.0222260037844535
"2120",1955-10-21,0.00277993474082905
"2121",1955-10-22,3.53385412381613e-05
"2122",1955-10-23,1.52568827616051e-06
"2123",1955-10-24,0.000832145111246518
"2124",1955-10-25,0.00088550656590769
"2125",1955-10-26,0.000140001179318006
"2126",1955-10-27,0
"2127",1955-10-28,6.80815338682805e-06
"2128",1955-10-29,0.000776170464916959
"2129",1955-10-30,0
"2130",1955-10-31,0
"2131",1955-11-01,0.000510991721057508
"2132",1955-11-02,0.000419443459520608
"2133",1955-11-03,0.00087900997249335
"2134",1955-11-04,0.00132257410768943
"2135",1955-11-05,0.00604709209255816
"2136",1955-11-06,0.000515357924996351
"2137",1955-11-07,0.000349982547902528
"2138",1955-11-08,0.00156458354740607
"2139",1955-11-09,0.00828168042244215
"2140",1955-11-10,0.00721012332633109
"2141",1955-11-11,0.00678077345037309
"2142",1955-11-12,0.00322628297726624
"2143",1955-11-13,4.82508112327196e-05
"2144",1955-11-14,0
"2145",1955-11-15,0
"2146",1955-11-16,0
"2147",1955-11-17,2.47151791654687e-05
"2148",1955-11-18,3.81580207431398e-07
"2149",1955-11-19,0
"2150",1955-11-20,0
"2151",1955-11-21,8.58417365634523e-07
"2152",1955-11-22,0
"2153",1955-11-23,0
"2154",1955-11-24,2.68374419647444e-05
"2155",1955-11-25,0
"2156",1955-11-26,8.57072109283763e-07
"2157",1955-11-27,3.73652716234574e-06
"2158",1955-11-28,0
"2159",1955-11-29,0.000644628396230473
"2160",1955-11-30,0.0076405139061535
"2161",1955-12-01,1.38432247922537e-05
"2162",1955-12-02,0.000260084228330015
"2163",1955-12-03,0.00400403534877114
"2164",1955-12-04,5.91354790913101e-06
"2165",1955-12-05,0.00161312322012463
"2166",1955-12-06,1.71414399119385e-06
"2167",1955-12-07,5.39729962838464e-05
"2168",1955-12-08,0
"2169",1955-12-09,9.95486794863609e-06
"2170",1955-12-10,8.03170643166595e-05
"2171",1955-12-11,2.92224390818774e-05
"2172",1955-12-12,5.56062066152663e-05
"2173",1955-12-13,5.73359159261599e-07
"2174",1955-12-14,6.44010264068129e-05
"2175",1955-12-15,0.0098293665332676
"2176",1955-12-16,0.00679825361294206
"2177",1955-12-17,0.0167389598209411
"2178",1955-12-18,0.00407449982230901
"2179",1955-12-19,5.86568203289062e-05
"2180",1955-12-20,2.64181434772581e-05
"2181",1955-12-21,0.00234572007389033
"2182",1955-12-22,5.55240923176825e-05
"2183",1955-12-23,0.00797945744943718
"2184",1955-12-24,0.00620269069622736
"2185",1955-12-25,0.000426004798327995
"2186",1955-12-26,0.00575051239582081
"2187",1955-12-27,0.0026453148225869
"2188",1955-12-28,0.0101686622572856
"2189",1955-12-29,0.000231069358051172
"2190",1955-12-30,5.91310692925617e-05
"2191",1955-12-31,0
"2192",1956-01-01,3.81580207431398e-07
"2193",1956-01-02,1.52568827616051e-06
"2194",1956-01-03,0.000166165934899709
"2195",1956-01-04,1.53662226125562e-05
"2196",1956-01-05,1.23390491353348e-05
"2197",1956-01-06,0.000156500056334608
"2198",1956-01-07,0.00322339042031672
"2199",1956-01-08,0.00553089176901267
"2200",1956-01-09,0.000884400921677297
"2201",1956-01-10,0.00357034520237676
"2202",1956-01-11,0.00336134664667043
"2203",1956-01-12,0.0108864947687835
"2204",1956-01-13,0.0014799930839331
"2205",1956-01-14,5.62734071962723e-06
"2206",1956-01-15,0.000585510828841507
"2207",1956-01-16,0.00310086051075587
"2208",1956-01-17,0.00153412176911161
"2209",1956-01-18,0.00909086691012817
"2210",1956-01-19,2.29280408348131e-06
"2211",1956-01-20,0.00723113918667195
"2212",1956-01-21,0.00982932366787281
"2213",1956-01-22,0
"2214",1956-01-23,0
"2215",1956-01-24,0.0012514846013687
"2216",1956-01-25,0.000742096040880824
"2217",1956-01-26,3.19780721724783e-05
"2218",1956-01-27,3.24322257938547e-05
"2219",1956-01-28,1.05014893279076e-05
"2220",1956-01-29,2.49218725230094e-05
"2221",1956-01-30,2.76870550806052e-05
"2222",1956-01-31,0.000116430390335154
"2223",1956-02-01,0.000894949179951254
"2224",1956-02-02,0.000327742903209582
"2225",1956-02-03,6.78258134598764e-05
"2226",1956-02-04,0.000117568687358016
"2227",1956-02-05,2.52653210282006e-05
"2228",1956-02-06,0
"2229",1956-02-07,0.00134595277501148
"2230",1956-02-08,3.25236064213641e-05
"2231",1956-02-09,7.75344346948259e-06
"2232",1956-02-10,1.54744598717116e-05
"2233",1956-02-11,0.000172098925929731
"2234",1956-02-12,1.94081913491573e-05
"2235",1956-02-13,0.000319528179716144
"2236",1956-02-14,0.00120228147170565
"2237",1956-02-15,9.86983793609397e-05
"2238",1956-02-16,0.000162732010721811
"2239",1956-02-17,0.000381605950963149
"2240",1956-02-18,0.0018533056090746
"2241",1956-02-19,0.00163891938791494
"2242",1956-02-20,0.00120782607064029
"2243",1956-02-21,0.000864339816871507
"2244",1956-02-22,8.42923954564867e-05
"2245",1956-02-23,4.34806949556332e-05
"2246",1956-02-24,6.52871790407517e-06
"2247",1956-02-25,9.15958929681437e-06
"2248",1956-02-26,0.000247368300392736
"2249",1956-02-27,8.7891094153747e-05
"2250",1956-02-28,0.000894018368910565
"2251",1956-02-29,0.000222127948291018
"2252",1956-03-01,0.00418279622954287
"2253",1956-03-02,0.00104575975274201
"2254",1956-03-03,9.52568939283083e-08
"2255",1956-03-04,0.000108325116059405
"2256",1956-03-05,2.07853225901999e-05
"2257",1956-03-06,0.000759813435820433
"2258",1956-03-07,0
"2259",1956-03-08,0
"2260",1956-03-09,1.81209162519735e-06
"2261",1956-03-10,0
"2262",1956-03-11,0
"2263",1956-03-12,2.28790401024526e-06
"2264",1956-03-13,0
"2265",1956-03-14,1.48802989201613e-05
"2266",1956-03-15,0.000133498337163473
"2267",1956-03-16,0.00177039322352357
"2268",1956-03-17,0.000573496535878348
"2269",1956-03-18,0.0001003450151984
"2270",1956-03-19,0.000146407896977507
"2271",1956-03-20,6.3450933112108e-06
"2272",1956-03-21,0.000245470456601282
"2273",1956-03-22,0.000567514924455281
"2274",1956-03-23,0.00233308005914523
"2275",1956-03-24,0.0113296839472241
"2276",1956-03-25,1.24085351558278e-05
"2277",1956-03-26,1.23889253700327e-06
"2278",1956-03-27,0
"2279",1956-03-28,4.02221769491007e-06
"2280",1956-03-29,2.92162628170445e-05
"2281",1956-03-30,1.1517384052695e-05
"2282",1956-03-31,0.000439971759988111
"2283",1956-04-01,0.00086875632337069
"2284",1956-04-02,0
"2285",1956-04-03,0.00148124883889977
"2286",1956-04-04,0.000197430828222878
"2287",1956-04-05,0.00363004712380643
"2288",1956-04-06,0.00105151285322336
"2289",1956-04-07,9.53121798374923e-07
"2290",1956-04-08,0.000104754706796939
"2291",1956-04-09,0.00663954044739512
"2292",1956-04-10,0.000131614999986596
"2293",1956-04-11,0.000555272401754792
"2294",1956-04-12,5.91936013734085e-05
"2295",1956-04-13,0.00275728087581228
"2296",1956-04-14,0.000647666640361422
"2297",1956-04-15,1.97181855128292e-05
"2298",1956-04-16,0.00026411837410123
"2299",1956-04-17,6.91314477307969e-06
"2300",1956-04-18,0.000200435023657519
"2301",1956-04-19,0
"2302",1956-04-20,0
"2303",1956-04-21,0
"2304",1956-04-22,0
"2305",1956-04-23,0
"2306",1956-04-24,0.00144559904038033
"2307",1956-04-25,0.00157788882455634
"2308",1956-04-26,0.00414071115392289
"2309",1956-04-27,0.00578872718324419
"2310",1956-04-28,0.0041695097770571
"2311",1956-04-29,8.00975598735931e-05
"2312",1956-04-30,0
"2313",1956-05-01,0
"2314",1956-05-02,0
"2315",1956-05-03,0
"2316",1956-05-04,0
"2317",1956-05-05,3.04472258676469e-05
"2318",1956-05-06,0.000196813674222085
"2319",1956-05-07,0.00419419242967933
"2320",1956-05-08,0
"2321",1956-05-09,0
"2322",1956-05-10,0.00887526779808567
"2323",1956-05-11,0.000105020367413999
"2324",1956-05-12,0.00418882150370337
"2325",1956-05-13,0
"2326",1956-05-14,0.0016969313194295
"2327",1956-05-15,3.71666919818381e-06
"2328",1956-05-16,0.000459901711735711
"2329",1956-05-17,0.000452931636516496
"2330",1956-05-18,1.62221027721898e-06
"2331",1956-05-19,0.00110488315959856
"2332",1956-05-20,0.00041108911682386
"2333",1956-05-21,0
"2334",1956-05-22,2.79423402957946e-05
"2335",1956-05-23,0
"2336",1956-05-24,4.76284718331499e-08
"2337",1956-05-25,0.000129233564621245
"2338",1956-05-26,0.00208231097576572
"2339",1956-05-27,0
"2340",1956-05-28,5.64063174124385e-06
"2341",1956-05-29,1.23115947872066e-05
"2342",1956-05-30,0
"2343",1956-05-31,0.00238461888500296
"2344",1956-06-01,7.62527747610875e-07
"2345",1956-06-02,6.92931461117041e-05
"2346",1956-06-03,0.000317151957460737
"2347",1956-06-04,0.0129848270998423
"2348",1956-06-05,0.00559825103846379
"2349",1956-06-06,0.001316031182796
"2350",1956-06-07,0.0022810246510403
"2351",1956-06-08,0.0162490506627364
"2352",1956-06-09,0.000164388839948515
"2353",1956-06-10,3.62134045417406e-06
"2354",1956-06-11,0.000487388839474079
"2355",1956-06-12,0.00394694376154803
"2356",1956-06-13,0.013960503981707
"2357",1956-06-14,0.000526488731338759
"2358",1956-06-15,8.96393589755462e-06
"2359",1956-06-16,0.00111821767967513
"2360",1956-06-17,0.000855679945743759
"2361",1956-06-18,0
"2362",1956-06-19,0.0031988923212225
"2363",1956-06-20,0.000506618413055548
"2364",1956-06-21,0.00339727899699938
"2365",1956-06-22,0.00017688700160079
"2366",1956-06-23,0
"2367",1956-06-24,4.85810346617654e-06
"2368",1956-06-25,0.00151272853980799
"2369",1956-06-26,0.00183803706823937
"2370",1956-06-27,0.00828613367889375
"2371",1956-06-28,0.00368439366502571
"2372",1956-06-29,0.00382288957189303
"2373",1956-06-30,0.000194622765775421
"2374",1956-07-01,0
"2375",1956-07-02,0.000841725133057025
"2376",1956-07-03,0.011640687531326
"2377",1956-07-04,0.00767914525039259
"2378",1956-07-05,0.010363769812102
"2379",1956-07-06,0.00651820469465747
"2380",1956-07-07,3.39593964326923e-05
"2381",1956-07-08,0
"2382",1956-07-09,0
"2383",1956-07-10,0
"2384",1956-07-11,0.000147253361546973
"2385",1956-07-12,0.00745217764136896
"2386",1956-07-13,9.35701848447934e-05
"2387",1956-07-14,0
"2388",1956-07-15,0.000109499084828713
"2389",1956-07-16,0
"2390",1956-07-17,1.06712725482794e-05
"2391",1956-07-18,1.31556334963534e-05
"2392",1956-07-19,2.11566302823485e-05
"2393",1956-07-20,2.38219026869047e-05
"2394",1956-07-21,0.000843423888852612
"2395",1956-07-22,0.000443985156380222
"2396",1956-07-23,9.77293341293262e-05
"2397",1956-07-24,3.07981261471468e-05
"2398",1956-07-25,0
"2399",1956-07-26,0.000632737694047592
"2400",1956-07-27,9.89556583590456e-05
"2401",1956-07-28,2.28769735599599e-05
"2402",1956-07-29,6.52157127092323e-05
"2403",1956-07-30,0.010044923357782
"2404",1956-07-31,0.0171052000277996
"2405",1956-08-01,0.00109946808515815
"2406",1956-08-02,8.44363646592683e-05
"2407",1956-08-03,0.00468365709451746
"2408",1956-08-04,0.00675774951884023
"2409",1956-08-05,0.00322488074078819
"2410",1956-08-06,0.00117563568346668
"2411",1956-08-07,0.000196136247836876
"2412",1956-08-08,0.000972017353888077
"2413",1956-08-09,2.28671837021466e-06
"2414",1956-08-10,0
"2415",1956-08-11,4.76837101359706e-07
"2416",1956-08-12,0.0103292620880211
"2417",1956-08-13,0.000950575616968763
"2418",1956-08-14,0.0227277784579201
"2419",1956-08-15,0.0050622061508534
"2420",1956-08-16,0.00463618757021322
"2421",1956-08-17,0.00261067950759752
"2422",1956-08-18,0.000966511882666055
"2423",1956-08-19,0.018821493958967
"2424",1956-08-20,0.00216127859403059
"2425",1956-08-21,0.0015062591047581
"2426",1956-08-22,0.000729000818694203
"2427",1956-08-23,0.000138165468968054
"2428",1956-08-24,0.00265855587417718
"2429",1956-08-25,0.0155245250789449
"2430",1956-08-26,0.00784876333921147
"2431",1956-08-27,1.40967906645528e-05
"2432",1956-08-28,0.0162275370894349
"2433",1956-08-29,0.0121970184363818
"2434",1956-08-30,0.0156989297247492
"2435",1956-08-31,0.00895163734639937
"2436",1956-09-01,0.00111077923622815
"2437",1956-09-02,0
"2438",1956-09-03,0
"2439",1956-09-04,0.000288800528494448
"2440",1956-09-05,0.0129980173542208
"2441",1956-09-06,0.000475608301712782
"2442",1956-09-07,0.00632938901105717
"2443",1956-09-08,0.00307925983270252
"2444",1956-09-09,0.000834102072985843
"2445",1956-09-10,0.000202047815207607
"2446",1956-09-11,0.0149809675153847
"2447",1956-09-12,0.00329232169224269
"2448",1956-09-13,0.000543390427992563
"2449",1956-09-14,0.00196713093555445
"2450",1956-09-15,0
"2451",1956-09-16,6.66248167817685e-05
"2452",1956-09-17,0
"2453",1956-09-18,0
"2454",1956-09-19,0.00123840646119788
"2455",1956-09-20,3.24046430932867e-06
"2456",1956-09-21,7.65607272228408e-05
"2457",1956-09-22,0.0033074321318054
"2458",1956-09-23,0
"2459",1956-09-24,0
"2460",1956-09-25,0
"2461",1956-09-26,0
"2462",1956-09-27,9.69820725345016e-05
"2463",1956-09-28,0.0243032153965146
"2464",1956-09-29,0.000132871221069308
"2465",1956-09-30,2.5562807309143e-05
"2466",1956-10-01,0.0035618131520323
"2467",1956-10-02,3.24117689842751e-06
"2468",1956-10-03,0.00186554105221148
"2469",1956-10-04,0.00692183918727096
"2470",1956-10-05,0.00314296706977757
"2471",1956-10-06,1.9632193925645e-05
"2472",1956-10-07,0
"2473",1956-10-08,0
"2474",1956-10-09,4.95462546723502e-06
"2475",1956-10-10,4.48188723112253e-06
"2476",1956-10-11,0
"2477",1956-10-12,0.000125176373387603
"2478",1956-10-13,8.70096318976721e-05
"2479",1956-10-14,0
"2480",1956-10-15,0
"2481",1956-10-16,3.63539394356849e-05
"2482",1956-10-17,0.00545214946339456
"2483",1956-10-18,0.000595509770107583
"2484",1956-10-19,0.000932561437252843
"2485",1956-10-20,9.75802737457343e-06
"2486",1956-10-21,0.000188682935117868
"2487",1956-10-22,0.00089011442400988
"2488",1956-10-23,0.00741541045590566
"2489",1956-10-24,0.00476199894791307
"2490",1956-10-25,0.00363366826320544
"2491",1956-10-26,0.000284018778756945
"2492",1956-10-27,5.15630068207429e-05
"2493",1956-10-28,0.00175324808975574
"2494",1956-10-29,0.00123265669509465
"2495",1956-10-30,4.52784539675122e-05
"2496",1956-10-31,0
"2497",1956-11-01,0.000269525069768406
"2498",1956-11-02,0.00103823526410451
"2499",1956-11-03,0.00116957853191479
"2500",1956-11-04,5.72726605696516e-07
"2501",1956-11-05,8.879418419383e-05
"2502",1956-11-06,5.34740607349704e-05
"2503",1956-11-07,0.000166537803011124
"2504",1956-11-08,0.000570944393075479
"2505",1956-11-09,0.000283594936320242
"2506",1956-11-10,0.000158855807057989
"2507",1956-11-11,0.000121409646851589
"2508",1956-11-12,4.62136457031193e-05
"2509",1956-11-13,0.00191125016505111
"2510",1956-11-14,0.0134301827065428
"2511",1956-11-15,0.000107657100045344
"2512",1956-11-16,0
"2513",1956-11-17,9.56917006078584e-07
"2514",1956-11-18,0
"2515",1956-11-19,3.43422186688258e-06
"2516",1956-11-20,1.24033839483673e-05
"2517",1956-11-21,0
"2518",1956-11-22,2.43667841459683e-06
"2519",1956-11-23,6.98089672823698e-05
"2520",1956-11-24,0.000776062394834298
"2521",1956-11-25,0.0128528597715558
"2522",1956-11-26,0.00701632912841887
"2523",1956-11-27,0.00122267143342469
"2524",1956-11-28,0.000327484102001563
"2525",1956-11-29,9.72844105717741e-06
"2526",1956-11-30,9.63634556683246e-06
"2527",1956-12-01,0.00194410001950018
"2528",1956-12-02,0.00421681545236652
"2529",1956-12-03,0
"2530",1956-12-04,0.00119828843747882
"2531",1956-12-05,5.72094052131433e-07
"2532",1956-12-06,0
"2533",1956-12-07,0
"2534",1956-12-08,0.00027897700391577
"2535",1956-12-09,0.00064798597850313
"2536",1956-12-10,0.00293169185545139
"2537",1956-12-11,0.00166270839378058
"2538",1956-12-12,0.00379111890231343
"2539",1956-12-13,0.00438417616976494
"2540",1956-12-14,0.00468558437813726
"2541",1956-12-15,0.00871643750906514
"2542",1956-12-16,0.0150189012210831
"2543",1956-12-17,0.00333921483331778
"2544",1956-12-18,0.00427944164305671
"2545",1956-12-19,2.72743192795133e-05
"2546",1956-12-20,0.000167337072525697
"2547",1956-12-21,0.00049448931997631
"2548",1956-12-22,0.000142362616998071
"2549",1956-12-23,0.000384316253075667
"2550",1956-12-24,0.000624756460865683
"2551",1956-12-25,0.000266681709035765
"2552",1956-12-26,0.00073568566369886
"2553",1956-12-27,3.81686484161037e-05
"2554",1956-12-28,0.00050757281951519
"2555",1956-12-29,0.000104356046904286
"2556",1956-12-30,0.00240975065571547
"2557",1956-12-31,0.000104542458700507
"2558",1957-01-01,0.000162232731952372
"2559",1957-01-02,0.00258122119544169
"2560",1957-01-03,0.00161463312542764
"2561",1957-01-04,0.00375881586569449
"2562",1957-01-05,0.00653455531653435
"2563",1957-01-06,0.00692582342162495
"2564",1957-01-07,3.81263862436754e-06
"2565",1957-01-08,0.000622181021867618
"2566",1957-01-09,0.000116763933192487
"2567",1957-01-10,2.76442023050549e-06
"2568",1957-01-11,0.000684778089635074
"2569",1957-01-12,0.00462320787482895
"2570",1957-01-13,0.000689382990003651
"2571",1957-01-14,1.34469273120885e-05
"2572",1957-01-15,4.29074145813502e-06
"2573",1957-01-16,0
"2574",1957-01-17,0
"2575",1957-01-18,0
"2576",1957-01-19,0
"2577",1957-01-20,0.00151235878036005
"2578",1957-01-21,0.000793099302427436
"2579",1957-01-22,0.00689983937559191
"2580",1957-01-23,0.000298159205556203
"2581",1957-01-24,2.59398873936334e-05
"2582",1957-01-25,0.000163603725184203
"2583",1957-01-26,0.0103425656707259
"2584",1957-01-27,7.84268814868483e-06
"2585",1957-01-28,0.00027858932116942
"2586",1957-01-29,0.00210402537231857
"2587",1957-01-30,2.86497794377283e-06
"2588",1957-01-31,3.74193377865595e-05
"2589",1957-02-01,0.0179061938088125
"2590",1957-02-02,0.000899983038834762
"2591",1957-02-03,8.62372758092533e-07
"2592",1957-02-04,0.00385070613663174
"2593",1957-02-05,0.00260218963103398
"2594",1957-02-06,0.00469836901459075
"2595",1957-02-07,0.000836452424721301
"2596",1957-02-08,0.0053962858446539
"2597",1957-02-09,0.000323073885397207
"2598",1957-02-10,0.000139437893437844
"2599",1957-02-11,1.38266110525365e-05
"2600",1957-02-12,0.00425921759233461
"2601",1957-02-13,0.00307230909675127
"2602",1957-02-14,0.00902466103434563
"2603",1957-02-15,0.00404241356591228
"2604",1957-02-16,0.0026179714477621
"2605",1957-02-17,0.0028393382235663
"2606",1957-02-18,0.00131016920477123
"2607",1957-02-19,0.000172903153156767
"2608",1957-02-20,0.00100702271413411
"2609",1957-02-21,0.000571285370824626
"2610",1957-02-22,0.00013135375309048
"2611",1957-02-23,0.000161978696951337
"2612",1957-02-24,2.57372471423878e-05
"2613",1957-02-25,2.05011377829578e-06
"2614",1957-02-26,0.00269109050401539
"2615",1957-02-27,0.00582133910120319
"2616",1957-02-28,0
"2617",1957-03-01,6.30942422503722e-05
"2618",1957-03-02,4.05805991121611e-06
"2619",1957-03-03,0.000177160320159686
"2620",1957-03-04,1.08609483504551e-05
"2621",1957-03-05,0
"2622",1957-03-06,0
"2623",1957-03-07,5.74704188238684e-07
"2624",1957-03-08,5.74704301925522e-07
"2625",1957-03-09,0
"2626",1957-03-10,5.7154136356985e-07
"2627",1957-03-11,0
"2628",1957-03-12,0.000497919825647841
"2629",1957-03-13,8.6237292862279e-07
"2630",1957-03-14,0.00395730521120186
"2631",1957-03-15,2.85690703094588e-07
"2632",1957-03-16,0
"2633",1957-03-17,0.00832089905048861
"2634",1957-03-18,0.000760702949037295
"2635",1957-03-19,0.000396204973128533
"2636",1957-03-20,0.0163015000289306
"2637",1957-03-21,0.000594549462221039
"2638",1957-03-22,5.91311169273467e-06
"2639",1957-03-23,1.92564884855528e-05
"2640",1957-03-24,0
"2641",1957-03-25,0.00070262209737848
"2642",1957-03-26,0.00256696760789055
"2643",1957-03-27,0.00407183894185437
"2644",1957-03-28,0.00841830995653936
"2645",1957-03-29,0.00055554327173013
"2646",1957-03-30,1.71414376382018e-06
"2647",1957-03-31,0
"2648",1957-04-01,4.76837158203125e-07
"2649",1957-04-02,0
"2650",1957-04-03,1.56120341330279e-05
"2651",1957-04-04,0.000123295213597885
"2652",1957-04-05,0.000284355788267021
"2653",1957-04-06,7.34094049903433e-06
"2654",1957-04-07,0
"2655",1957-04-08,0
"2656",1957-04-09,0
"2657",1957-04-10,0.00400295750750956
"2658",1957-04-11,6.53533324452837e-05
"2659",1957-04-12,0.00026043395337183
"2660",1957-04-13,0.000290009042146266
"2661",1957-04-14,1.86897661933472e-05
"2662",1957-04-15,0.0028320955435106
"2663",1957-04-16,0.00423390472519714
"2664",1957-04-17,3.90964191865351e-06
"2665",1957-04-18,0.00141790468569525
"2666",1957-04-19,0.00759429584354621
"2667",1957-04-20,1.75493358938184e-05
"2668",1957-04-21,0.00021103782546561
"2669",1957-04-22,0
"2670",1957-04-23,0.00158636878427387
"2671",1957-04-24,7.15692010544444e-07
"2672",1957-04-25,0.00012838837756135
"2673",1957-04-26,0
"2674",1957-04-27,0
"2675",1957-04-28,0.00024335661510122
"2676",1957-04-29,2.7624510039459e-06
"2677",1957-04-30,0.00163949764100835
"2678",1957-05-01,0
"2679",1957-05-02,2.66092165475129e-05
"2680",1957-05-03,0.00124959476573849
"2681",1957-05-04,0.00190606411251792
"2682",1957-05-05,0.000268231251538964
"2683",1957-05-06,3.22095802403055e-05
"2684",1957-05-07,0.00132698536981479
"2685",1957-05-08,8.727674196507e-05
"2686",1957-05-09,0.00209544986319088
"2687",1957-05-10,0.00411746975532878
"2688",1957-05-11,0.00265343993669376
"2689",1957-05-12,0.000413962902712228
"2690",1957-05-13,0.00541507865733593
"2691",1957-05-14,0.00286195343517193
"2692",1957-05-15,8.95604995321264e-06
"2693",1957-05-16,0.0023847601442526
"2694",1957-05-17,0.00121427073077029
"2695",1957-05-18,0.000800615287971596
"2696",1957-05-19,0.00520361001326819
"2697",1957-05-20,0.00303008298772056
"2698",1957-05-21,0.000914926306904817
"2699",1957-05-22,0.00147112624654255
"2700",1957-05-23,0
"2701",1957-05-24,0
"2702",1957-05-25,0
"2703",1957-05-26,1.33512783122569e-05
"2704",1957-05-27,3.83557903660403e-07
"2705",1957-05-28,5.54395317067247e-05
"2706",1957-05-29,5.70043661696218e-05
"2707",1957-05-30,0
"2708",1957-05-31,2.51585844353031e-05
"2709",1957-06-01,1.3722425535434e-05
"2710",1957-06-02,0
"2711",1957-06-03,1.62300301553842e-06
"2712",1957-06-04,0.000229299599766364
"2713",1957-06-05,0.00381766030011477
"2714",1957-06-06,0.0012460379048207
"2715",1957-06-07,0.000595457818292289
"2716",1957-06-08,5.94981043491316e-05
"2717",1957-06-09,0.0185610764524995
"2718",1957-06-10,0.000359905981497377
"2719",1957-06-11,0.00746022475431118
"2720",1957-06-12,0.00140151229197727
"2721",1957-06-13,0
"2722",1957-06-14,0
"2723",1957-06-15,1.91778894986783e-07
"2724",1957-06-16,0
"2725",1957-06-17,0
"2726",1957-06-18,0
"2727",1957-06-19,0
"2728",1957-06-20,0
"2729",1957-06-21,9.04027720025624e-05
"2730",1957-06-22,0.00637457183620427
"2731",1957-06-23,0.0138476696947691
"2732",1957-06-24,0.000458179522865976
"2733",1957-06-25,0.000810463489870017
"2734",1957-06-26,0.000355676364108604
"2735",1957-06-27,0.000129396227748657
"2736",1957-06-28,0.000675148362574873
"2737",1957-06-29,0.00382616878101771
"2738",1957-06-30,0.000489112076536458
"2739",1957-07-01,0.00499848672831149
"2740",1957-07-02,9.98263028009205e-05
"2741",1957-07-03,0
"2742",1957-07-04,0
"2743",1957-07-05,7.33588734647128e-06
"2744",1957-07-06,7.14426982995064e-06
"2745",1957-07-07,0.00466508844709779
"2746",1957-07-08,0.00743240684096236
"2747",1957-07-09,0.000473527892438597
"2748",1957-07-10,0.00137574256899597
"2749",1957-07-11,0.00083152713631307
"2750",1957-07-12,0.000240155740868886
"2751",1957-07-13,0.0108716007608223
"2752",1957-07-14,2.66320411697052e-05
"2753",1957-07-15,0.0166462731431238
"2754",1957-07-16,0.00225061692981399
"2755",1957-07-17,0.00364475900948946
"2756",1957-07-18,0.0010495460301172
"2757",1957-07-19,0.00021737486093798
"2758",1957-07-20,0
"2759",1957-07-21,0.00350323914170758
"2760",1957-07-22,2.28671899549227e-06
"2761",1957-07-23,0.00202427327172927
"2762",1957-07-24,0.000596036655394983
"2763",1957-07-25,0.00458785268534712
"2764",1957-07-26,0.0072709107225819
"2765",1957-07-27,0.0157472211576533
"2766",1957-07-28,0.00238014351361926
"2767",1957-07-29,0.00275625670673207
"2768",1957-07-30,0.000634756885915522
"2769",1957-07-31,0.0020882733276153
"2770",1957-08-01,0.00110002255365771
"2771",1957-08-02,0
"2772",1957-08-03,3.5664124879986e-05
"2773",1957-08-04,0
"2774",1957-08-05,0
"2775",1957-08-06,0
"2776",1957-08-07,0.000685344684882239
"2777",1957-08-08,0.000697131915273985
"2778",1957-08-09,0.00133746106416766
"2779",1957-08-10,0.0127088948938763
"2780",1957-08-11,0.0292736439150758
"2781",1957-08-12,0.0222886249432008
"2782",1957-08-13,0.00190295226639137
"2783",1957-08-14,0.000527502884608566
"2784",1957-08-15,0.00360986435640598
"2785",1957-08-16,0.000686471892947793
"2786",1957-08-17,0.00106159824707674
"2787",1957-08-18,1.55268808157416e-05
"2788",1957-08-19,0.00166970993723226
"2789",1957-08-20,0.000239539381311715
"2790",1957-08-21,0.00011797426867588
"2791",1957-08-22,9.49144414335024e-05
"2792",1957-08-23,0.00171278320937063
"2793",1957-08-24,0.00998783273644221
"2794",1957-08-25,0.0156829205225222
"2795",1957-08-26,0.00726645320082753
"2796",1957-08-27,0.00650240408140235
"2797",1957-08-28,0.00154093678628442
"2798",1957-08-29,0.004031065411084
"2799",1957-08-30,0.00451161510937936
"2800",1957-08-31,0.00277639259797979
"2801",1957-09-01,0.00545594839877594
"2802",1957-09-02,0.00063072248667595
"2803",1957-09-03,0.00215507916561819
"2804",1957-09-04,0.00127821113056825
"2805",1957-09-05,0.0114123203700842
"2806",1957-09-06,0.000246925179453683
"2807",1957-09-07,0.00605206147389481
"2808",1957-09-08,0.00305240768011572
"2809",1957-09-09,0.00148232383708091
"2810",1957-09-10,0.00541535847878549
"2811",1957-09-11,0.0138032931135967
"2812",1957-09-12,0.00543616971117444
"2813",1957-09-13,0.02105888465303
"2814",1957-09-14,0.0139485970541955
"2815",1957-09-15,0.00728973711375147
"2816",1957-09-16,0.00774025412010815
"2817",1957-09-17,0.000662165484982324
"2818",1957-09-18,0.000113207145375327
"2819",1957-09-19,3.76503248844529e-05
"2820",1957-09-20,0.000294636358432854
"2821",1957-09-21,0.000226292946706508
"2822",1957-09-22,3.42394579320171e-05
"2823",1957-09-23,0.00198476846981066
"2824",1957-09-24,0.00600586801022018
"2825",1957-09-25,9.86776245781584e-06
"2826",1957-09-26,9.66080216358023e-06
"2827",1957-09-27,0.00224634128971957
"2828",1957-09-28,0.00087894117950782
"2829",1957-09-29,0.00215925602361722
"2830",1957-09-30,0.00011188522341854
"2831",1957-10-01,0
"2832",1957-10-02,0.00129156433041544
"2833",1957-10-03,0.00702427704527508
"2834",1957-10-04,0
"2835",1957-10-05,0.00161252293634107
"2836",1957-10-06,0.000328880730819492
"2837",1957-10-07,1.48559149693028e-05
"2838",1957-10-08,0.000139265737516325
"2839",1957-10-09,0.000476107769372902
"2840",1957-10-10,0.000425499579250754
"2841",1957-10-11,0.00104837755043263
"2842",1957-10-12,9.33736464503454e-06
"2843",1957-10-13,0.0010883902095884
"2844",1957-10-14,0
"2845",1957-10-15,0.000429318553869962
"2846",1957-10-16,0.0009758850601429
"2847",1957-10-17,0.0108556514769589
"2848",1957-10-18,0.00374819828772388
"2849",1957-10-19,0.0145995846114602
"2850",1957-10-20,0.00023285191383593
"2851",1957-10-21,0.00647287004994723
"2852",1957-10-22,0.00648904105543124
"2853",1957-10-23,0.0127009169829648
"2854",1957-10-24,0
"2855",1957-10-25,0.000523020143191388
"2856",1957-10-26,0.00546620943623566
"2857",1957-10-27,0.000393215665212665
"2858",1957-10-28,0.00827342526463326
"2859",1957-10-29,0.0011236014756264
"2860",1957-10-30,0.000908755060549993
"2861",1957-10-31,0.00164686176321993
"2862",1957-11-01,0.0131126017315069
"2863",1957-11-02,0.00418317976851768
"2864",1957-11-03,0.000408548086397786
"2865",1957-11-04,0.0140676098671975
"2866",1957-11-05,0.00494568217408187
"2867",1957-11-06,0.000700541980279468
"2868",1957-11-07,0.000479045174472503
"2869",1957-11-08,7.98935078591967e-05
"2870",1957-11-09,0
"2871",1957-11-10,0.00109382047503459
"2872",1957-11-11,0.000253487250347462
"2873",1957-11-12,9.91475815226295e-06
"2874",1957-11-13,9.58894474933913e-08
"2875",1957-11-14,4.79447294310376e-07
"2876",1957-11-15,1.11850538360159e-05
"2877",1957-11-16,5.16506014491824e-06
"2878",1957-11-17,0.000242553746204521
"2879",1957-11-18,0.000544969986549404
"2880",1957-11-19,0.000258008513810637
"2881",1957-11-20,0.000260830386650923
"2882",1957-11-21,0.000742642908335256
"2883",1957-11-22,0.00429748577153077
"2884",1957-11-23,0.000208123701213481
"2885",1957-11-24,3.63470582556147e-05
"2886",1957-11-25,7.56560664854078e-05
"2887",1957-11-26,0.000142761109714229
"2888",1957-11-27,3.24679739378553e-05
"2889",1957-11-28,3.44791778239539e-05
"2890",1957-11-29,0
"2891",1957-11-30,0.00116842934806982
"2892",1957-12-01,2.85690703094588e-07
"2893",1957-12-02,5.28941268953531e-05
"2894",1957-12-03,0.000101449938426867
"2895",1957-12-04,0
"2896",1957-12-05,0
"2897",1957-12-06,0.00199526247985204
"2898",1957-12-07,0.00499811528243299
"2899",1957-12-08,0.00403195533806411
"2900",1957-12-09,0
"2901",1957-12-10,0
"2902",1957-12-11,0
"2903",1957-12-12,0.000376325458603333
"2904",1957-12-13,0.000151996299337043
"2905",1957-12-14,1.04885106111396e-06
"2906",1957-12-15,9.52568939283083e-08
"2907",1957-12-16,0.000229131727280674
"2908",1957-12-17,0.000165881017039737
"2909",1957-12-18,0.000496500779263442
"2910",1957-12-19,0.000436348614186954
"2911",1957-12-20,0.00536355331951199
"2912",1957-12-21,0.00319802847957362
"2913",1957-12-22,0.000285851750959409
"2914",1957-12-23,0.00329986138876848
"2915",1957-12-24,0.00151848472251004
"2916",1957-12-25,0.000382338780923419
"2917",1957-12-26,0.00011783826903411
"2918",1957-12-27,7.96675504375344e-05
"2919",1957-12-28,6.34986497516365e-05
"2920",1957-12-29,0.00488819682152553
"2921",1957-12-30,0
"2922",1957-12-31,5.33872685082315e-06
"2923",1958-01-01,9.34425042942166e-06
"2924",1958-01-02,0
"2925",1958-01-03,1.33414874881055e-06
"2926",1958-01-04,0.000951944513246872
"2927",1958-01-05,0.00711652560858056
"2928",1958-01-06,0.0123679444659501
"2929",1958-01-07,0.00192967312432302
"2930",1958-01-08,0.0018275947386428
"2931",1958-01-09,0.00149270264500956
"2932",1958-01-10,0.000354545419213537
"2933",1958-01-11,0.000157919611240231
"2934",1958-01-12,0.00543667760211974
"2935",1958-01-13,0.000706517966307274
"2936",1958-01-14,0.00110356089044217
"2937",1958-01-15,0.000416087896098816
"2938",1958-01-16,1.14418810426287e-06
"2939",1958-01-17,2.85770738628344e-07
"2940",1958-01-18,0.00821073320639698
"2941",1958-01-19,0.00192451606289978
"2942",1958-01-20,6.49703791282263e-05
"2943",1958-01-21,0.00051264937991391
"2944",1958-01-22,0.0015084604774529
"2945",1958-01-23,0.00414975397870876
"2946",1958-01-24,0.000526071815443174
"2947",1958-01-25,0.000212580595189138
"2948",1958-01-26,0.000176913026901815
"2949",1958-01-27,0.000626894332640404
"2950",1958-01-28,0.000280904355975053
"2951",1958-01-29,2.30029831982392e-05
"2952",1958-01-30,6.05332154464122e-05
"2953",1958-01-31,1.22431615068308e-05
"2954",1958-02-01,0.0012930160767155
"2955",1958-02-02,0.00131304510523478
"2956",1958-02-03,0.000761726483688108
"2957",1958-02-04,0.00444198894962256
"2958",1958-02-05,0.00577470257121604
"2959",1958-02-06,0.000937702152782549
"2960",1958-02-07,4.7944745915629e-06
"2961",1958-02-08,0.000250311343620524
"2962",1958-02-09,0.00616955364421301
"2963",1958-02-10,0.00324427018881579
"2964",1958-02-11,0.0133738136255488
"2965",1958-02-12,0.00691334920702502
"2966",1958-02-13,0.000376726852664433
"2967",1958-02-14,0.00608004070051038
"2968",1958-02-15,0.00162002978350984
"2969",1958-02-16,0.00626190395990989
"2970",1958-02-17,0.00451039829113142
"2971",1958-02-18,0
"2972",1958-02-19,0.000295613922389748
"2973",1958-02-20,2.85690703094588e-07
"2974",1958-02-21,9.23699651593779e-05
"2975",1958-02-22,0.00377012244189245
"2976",1958-02-23,2.02474104185058e-05
"2977",1958-02-24,2.58522027252184e-06
"2978",1958-02-25,3.24515141301163e-05
"2979",1958-02-26,5.57301835328872e-05
"2980",1958-02-27,3.9710298551654e-06
"2981",1958-02-28,0.0026137418539065
"2982",1958-03-01,0.0018989767390849
"2983",1958-03-02,1.88877101550133e-05
"2984",1958-03-03,0.000136612715834872
"2985",1958-03-04,0.000343873523320326
"2986",1958-03-05,0.000575848505263821
"2987",1958-03-06,0.000810880764731792
"2988",1958-03-07,9.93261463690942e-05
"2989",1958-03-08,5.37116085297384e-05
"2990",1958-03-09,0.000847448751301272
"2991",1958-03-10,8.9409635904758e-05
"2992",1958-03-11,0.000496151367769926
"2993",1958-03-12,0.000163614117695943
"2994",1958-03-13,9.72575037394563e-06
"2995",1958-03-14,0.000270759185696079
"2996",1958-03-15,0.00105265125159804
"2997",1958-03-16,4.2523548643203e-05
"2998",1958-03-17,0
"2999",1958-03-18,0.00088059586869349
"3000",1958-03-19,0.0011831559206712
"3001",1958-03-20,8.15549519188608e-05
"3002",1958-03-21,3.79353147081929e-05
"3003",1958-03-22,0
"3004",1958-03-23,0
"3005",1958-03-24,5.72094052131433e-07
"3006",1958-03-25,0
"3007",1958-03-26,8.58417365634523e-07
"3008",1958-03-27,8.20077553953524e-06
"3009",1958-03-28,0
"3010",1958-03-29,1.00193523167036e-06
"3011",1958-03-30,0
"3012",1958-03-31,0
"3013",1958-04-01,0.000843297249502939
"3014",1958-04-02,0.00289740402331518
"3015",1958-04-03,0.00108658227236447
"3016",1958-04-04,0.000603110637712234
"3017",1958-04-05,9.33627780455026e-05
"3018",1958-04-06,3.43248387935091e-06
"3019",1958-04-07,0
"3020",1958-04-08,0
"3021",1958-04-09,0.00473824250042298
"3022",1958-04-10,0.000518783302140946
"3023",1958-04-11,0
"3024",1958-04-12,0
"3025",1958-04-13,8.58417365634523e-07
"3026",1958-04-14,3.51491300989437e-05
"3027",1958-04-15,5.5808753643305e-05
"3028",1958-04-16,0
"3029",1958-04-17,0.000252526320025481
"3030",1958-04-18,0.00031400567786477
"3031",1958-04-19,0.00586740696837751
"3032",1958-04-20,0.00282715531051281
"3033",1958-04-21,6.81808906506376e-05
"3034",1958-04-22,0.000304785913215255
"3035",1958-04-23,0.000198967933272343
"3036",1958-04-24,6.19431577320029e-05
"3037",1958-04-25,0.000615996525766604
"3038",1958-04-26,0.00808508857153356
"3039",1958-04-27,0.00706557096873439
"3040",1958-04-28,0.00107996525639464
"3041",1958-04-29,5.7214120943172e-06
"3042",1958-04-30,2.86030990537256e-06
"3043",1958-05-01,0
"3044",1958-05-02,0.00125644909485345
"3045",1958-05-03,0.00261082434008131
"3046",1958-05-04,0
"3047",1958-05-05,8.57072109283763e-07
"3048",1958-05-06,0.00136196295335367
"3049",1958-05-07,0.00600205808757437
"3050",1958-05-08,0.00259018054242688
"3051",1958-05-09,0.00625342727215639
"3052",1958-05-10,0
"3053",1958-05-11,0.0037583966186503
"3054",1958-05-12,0.00120041860435549
"3055",1958-05-13,0.000813342776382342
"3056",1958-05-14,1.91778951830202e-07
"3057",1958-05-15,0.00799827835061251
"3058",1958-05-16,0.000931410222619888
"3059",1958-05-17,0.00226756189840671
"3060",1958-05-18,6.4678824855946e-05
"3061",1958-05-19,4.02150544687174e-06
"3062",1958-05-20,0.000744450177990075
"3063",1958-05-21,0.0038180815972737
"3064",1958-05-22,0.000334370448229038
"3065",1958-05-23,0.000610488877100579
"3066",1958-05-24,3.38152021868154e-05
"3067",1958-05-25,0.00822039804279484
"3068",1958-05-26,0.0221495648235077
"3069",1958-05-27,0.00125152890996105
"3070",1958-05-28,0
"3071",1958-05-29,0
"3072",1958-05-30,6.75526082432043e-05
"3073",1958-05-31,0
"3074",1958-06-01,0
"3075",1958-06-02,0
"3076",1958-06-03,5.90593026572606e-06
"3077",1958-06-04,3.44949131658723e-06
"3078",1958-06-05,0
"3079",1958-06-06,0
"3080",1958-06-07,0
"3081",1958-06-08,0.000204359460269643
"3082",1958-06-09,0.00363928338356345
"3083",1958-06-10,0.00260456817704835
"3084",1958-06-11,0.00043639924024319
"3085",1958-06-12,1.12467714643572e-05
"3086",1958-06-13,0
"3087",1958-06-14,0
"3088",1958-06-15,5.74071748360439e-07
"3089",1958-06-16,0
"3090",1958-06-17,0.000200486713765713
"3091",1958-06-18,0.00788096140695416
"3092",1958-06-19,0.000246169241336247
"3093",1958-06-20,0.00445287581800358
"3094",1958-06-21,0.00636649720820515
"3095",1958-06-22,0.00141577132126258
"3096",1958-06-23,0.00323137149166541
"3097",1958-06-24,0.00771253124185023
"3098",1958-06-25,0.00124298073660611
"3099",1958-06-26,7.84704307079664e-05
"3100",1958-06-27,3.81027729190464e-06
"3101",1958-06-28,0.00181048474132695
"3102",1958-06-29,0.0117530920822446
"3103",1958-06-30,0.00211437957295857
"3104",1958-07-01,0
"3105",1958-07-02,0
"3106",1958-07-03,0
"3107",1958-07-04,0.000989309607575706
"3108",1958-07-05,0.00290422948353353
"3109",1958-07-06,0.00531347834566986
"3110",1958-07-07,0.00010567006029305
"3111",1958-07-08,0
"3112",1958-07-09,0
"3113",1958-07-10,0.000243659123498219
"3114",1958-07-11,0
"3115",1958-07-12,1.25739161376259e-05
"3116",1958-07-13,0.010887103213463
"3117",1958-07-14,0.0158715987890332
"3118",1958-07-15,0.000844329935830501
"3119",1958-07-16,0
"3120",1958-07-17,0.0304814213704958
"3121",1958-07-18,0.00749607631587423
"3122",1958-07-19,0
"3123",1958-07-20,2.25872921646442e-05
"3124",1958-07-21,8.97018194905286e-05
"3125",1958-07-22,0.00841292803784199
"3126",1958-07-23,0.0142446996767376
"3127",1958-07-24,1.5677987505569e-05
"3128",1958-07-25,0.000291834217932774
"3129",1958-07-26,0.000255200815161061
"3130",1958-07-27,0.0160381090972805
"3131",1958-07-28,0.0050584215341587
"3132",1958-07-29,0.00998148543294519
"3133",1958-07-30,0.0035540918352126
"3134",1958-07-31,0.00475434145755571
"3135",1958-08-01,0.000994192676444072
"3136",1958-08-02,0.0306323789345697
"3137",1958-08-03,0.000377462902008574
"3138",1958-08-04,0.00149762693723687
"3139",1958-08-05,0.0101248218506953
"3140",1958-08-06,9.83676458758964e-05
"3141",1958-08-07,0.00149360946579691
"3142",1958-08-08,0.0216615393292159
"3143",1958-08-09,0.000511568929141504
"3144",1958-08-10,0
"3145",1958-08-11,0
"3146",1958-08-12,0.00396652015569998
"3147",1958-08-13,0.00689501359374844
"3148",1958-08-14,0.0089677689529708
"3149",1958-08-15,0.00346844881005381
"3150",1958-08-16,0.00519461002829757
"3151",1958-08-17,4.50726273584223e-05
"3152",1958-08-18,0.00029746831569355
"3153",1958-08-19,5.90033100706933e-05
"3154",1958-08-20,2.47810155542538e-05
"3155",1958-08-21,8.67895687406417e-06
"3156",1958-08-22,0.00385114586970303
"3157",1958-08-23,0.00772331671032589
"3158",1958-08-24,0.020335355802672
"3159",1958-08-25,0.00564100155315828
"3160",1958-08-26,0.00379957084169291
"3161",1958-08-27,0.000626997495601245
"3162",1958-08-28,1.31473554461081e-05
"3163",1958-08-29,3.16435631475542e-05
"3164",1958-08-30,0
"3165",1958-08-31,1.26940558971e-05
"3166",1958-09-01,2.0946494259988e-05
"3167",1958-09-02,1.05858336496567e-05
"3168",1958-09-03,1.14276281237835e-06
"3169",1958-09-04,1.90513844700035e-07
"3170",1958-09-05,0
"3171",1958-09-06,0
"3172",1958-09-07,0.00122910815036903
"3173",1958-09-08,0.00334540743057232
"3174",1958-09-09,0.00454153900932397
"3175",1958-09-10,1.00978677437524e-05
"3176",1958-09-11,0.000483617770441924
"3177",1958-09-12,0
"3178",1958-09-13,1.52901111505344e-06
"3179",1958-09-14,8.7898758351912e-06
"3180",1958-09-15,0.000815246106867562
"3181",1958-09-16,0.00119519965699055
"3182",1958-09-17,2.65973239947925e-05
"3183",1958-09-18,0.000226316500175017
"3184",1958-09-19,3.64379991424357e-06
"3185",1958-09-20,0.00392401831004463
"3186",1958-09-21,0.0033351375386701
"3187",1958-09-22,0.0066652977193371
"3188",1958-09-23,0.00200466511381592
"3189",1958-09-24,0.00361906191352546
"3190",1958-09-25,0.0202509835798992
"3191",1958-09-26,0.000842675227033851
"3192",1958-09-27,0
"3193",1958-09-28,0.00051027414571081
"3194",1958-09-29,0.00015512475857804
"3195",1958-09-30,0.0028890116200273
"3196",1958-10-01,0.00047037205331435
"3197",1958-10-02,0.00209955184254795
"3198",1958-10-03,0.000416967891283093
"3199",1958-10-04,0.000517751823736035
"3200",1958-10-05,0.0144545165676391
"3201",1958-10-06,0.00123478085606621
"3202",1958-10-07,0.00136146093871048
"3203",1958-10-08,0.0146244278148515
"3204",1958-10-09,0.000640674185547141
"3205",1958-10-10,0.00569126608479564
"3206",1958-10-11,0.0058622630967875
"3207",1958-10-12,0.00230202989001782
"3208",1958-10-13,0.000513731627506786
"3209",1958-10-14,0.00275606178865928
"3210",1958-10-15,0.0141538318421226
"3211",1958-10-16,0.0139846095521534
"3212",1958-10-17,0
"3213",1958-10-18,0
"3214",1958-10-19,0.000969401124166325
"3215",1958-10-20,0.000343177276533879
"3216",1958-10-21,1.08643158682753e-05
"3217",1958-10-22,7.06172801301364e-06
"3218",1958-10-23,2.3537635570392e-05
"3219",1958-10-24,0
"3220",1958-10-25,0.000391251538530923
"3221",1958-10-26,0
"3222",1958-10-27,0
"3223",1958-10-28,1.52434301980975e-06
"3224",1958-10-29,3.24442052033191e-05
"3225",1958-10-30,0.000332994142809184
"3226",1958-10-31,0.000711776088792249
"3227",1958-11-01,4.79447294310376e-07
"3228",1958-11-02,0.000996132860734633
"3229",1958-11-03,0.00207111165127571
"3230",1958-11-04,0.00141011306550354
"3231",1958-11-05,0.00765267308452167
"3232",1958-11-06,0.00143529636716266
"3233",1958-11-07,0.00021958916369158
"3234",1958-11-08,0.00687725784069926
"3235",1958-11-09,0.00353086649499801
"3236",1958-11-10,0.00752447071135975
"3237",1958-11-11,0.000769392549955228
"3238",1958-11-12,0.00127568432901626
"3239",1958-11-13,0.00950891404221466
"3240",1958-11-14,0.00754576109244454
"3241",1958-11-15,3.43161150340165e-06
"3242",1958-11-16,7.45185036521434e-06
"3243",1958-11-17,8.95378790914947e-05
"3244",1958-11-18,3.80403391204709e-05
"3245",1958-11-19,0.00028906032383702
"3246",1958-11-20,5.34708758550551e-05
"3247",1958-11-21,5.69140165680437e-05
"3248",1958-11-22,4.3812493686346e-06
"3249",1958-11-23,0.000138019232508668
"3250",1958-11-24,0.000195377914792516
"3251",1958-11-25,2.9548538122981e-06
"3252",1958-11-26,9.52568939283083e-08
"3253",1958-11-27,0.000779396277607702
"3254",1958-11-28,3.85176046471258e-05
"3255",1958-11-29,0.000150652882553004
"3256",1958-11-30,0
"3257",1958-12-01,0
"3258",1958-12-02,5.91390443105411e-06
"3259",1958-12-03,0
"3260",1958-12-04,0
"3261",1958-12-05,0
"3262",1958-12-06,0
"3263",1958-12-07,0.000399239593207312
"3264",1958-12-08,0.00491368105576839
"3265",1958-12-09,3.20455611131365e-05
"3266",1958-12-10,0
"3267",1958-12-11,0
"3268",1958-12-12,9.55099324073672e-07
"3269",1958-12-13,0.000100635041690111
"3270",1958-12-14,0.00189012371265562
"3271",1958-12-15,0.000355267961822392
"3272",1958-12-16,0.0048055833321996
"3273",1958-12-17,0.00725295639131218
"3274",1958-12-18,3.2698102586437e-05
"3275",1958-12-19,0.00479284731994767
"3276",1958-12-20,0.00540193771558961
"3277",1958-12-21,0.00374569760953136
"3278",1958-12-22,0.00832551874736964
"3279",1958-12-23,9.61947077371406e-05
"3280",1958-12-24,0.000406473287512199
"3281",1958-12-25,0.00639557687100023
"3282",1958-12-26,0.00185400272948755
"3283",1958-12-27,0.00013120718222126
"3284",1958-12-28,0.00269422561080646
"3285",1958-12-29,0.00492474488544303
"3286",1958-12-30,0.00149405026348859
"3287",1958-12-31,0.00472406225213717
"3288",1959-01-01,0.00166728924898507
"3289",1959-01-02,0.0160405975284448
"3290",1959-01-03,0.00494621229881886
"3291",1959-01-04,0.00106816662332676
"3292",1959-01-05,2.60280517068168e-05
"3293",1959-01-06,0.000573831472138409
"3294",1959-01-07,5.43635468375214e-06
"3295",1959-01-08,1.68325310028195e-05
"3296",1959-01-09,0.000185525183496793
"3297",1959-01-10,0.00106685729190303
"3298",1959-01-11,0.00802213528368156
"3299",1959-01-12,0.000340119577060705
"3300",1959-01-13,0.000138683271984519
"3301",1959-01-14,2.94573312658031e-05
"3302",1959-01-15,0
"3303",1959-01-16,0
"3304",1959-01-17,1.220258138801e-05
"3305",1959-01-18,0.000657101818035244
"3306",1959-01-19,0.0149535662885114
"3307",1959-01-20,0.0111068816040643
"3308",1959-01-21,0.00808057159883901
"3309",1959-01-22,0.0104431139927783
"3310",1959-01-23,0.00454114871513411
"3311",1959-01-24,3.57488183340138e-05
"3312",1959-01-25,0
"3313",1959-01-26,0
"3314",1959-01-27,7.22003818154349e-06
"3315",1959-01-28,5.018062545048e-06
"3316",1959-01-29,2.62979456238099e-05
"3317",1959-01-30,6.08353227562475e-05
"3318",1959-01-31,1.14410806872911e-06
"3319",1959-02-01,0
"3320",1959-02-02,0
"3321",1959-02-03,0
"3322",1959-02-04,0
"3323",1959-02-05,2.87668342480174e-07
"3324",1959-02-06,2.36973841651889e-05
"3325",1959-02-07,0.000434497622336494
"3326",1959-02-08,0.000325090282785823
"3327",1959-02-09,0.000163285159032966
"3328",1959-02-10,0.000142196744377543
"3329",1959-02-11,0.00013944993406767
"3330",1959-02-12,0.000180294423330452
"3331",1959-02-13,0.000111582979116065
"3332",1959-02-14,0.00224478476138756
"3333",1959-02-15,0.00113435818730068
"3334",1959-02-16,0.000561624743170341
"3335",1959-02-17,1.29641578041628e-05
"3336",1959-02-18,3.63130146752155e-06
"3337",1959-02-19,2.72213293328605e-06
"3338",1959-02-20,0.00194970841386066
"3339",1959-02-21,0.000119694525153591
"3340",1959-02-22,1.7099985598179e-05
"3341",1959-02-23,0.000368798075498944
"3342",1959-02-24,4.43183816969395e-05
"3343",1959-02-25,0.000256634321942784
"3344",1959-02-26,0.000208755132007354
"3345",1959-02-27,0.000123452373372857
"3346",1959-02-28,5.82418795147532e-06
"3347",1959-03-01,2.40473542589825e-05
"3348",1959-03-02,0.000757801747511166
"3349",1959-03-03,7.8102389693413e-05
"3350",1959-03-04,0.0056418507260787
"3351",1959-03-05,0.00486431830830725
"3352",1959-03-06,0.00627716144754231
"3353",1959-03-07,0.000446031838691852
"3354",1959-03-08,0
"3355",1959-03-09,0
"3356",1959-03-10,0
"3357",1959-03-11,0
"3358",1959-03-12,0
"3359",1959-03-13,4.99777081017783e-05
"3360",1959-03-14,0.00010256884837645
"3361",1959-03-15,0.00189169936493272
"3362",1959-03-16,6.61952262248633e-05
"3363",1959-03-17,7.64505500683299e-07
"3364",1959-03-18,7.34655253609162e-06
"3365",1959-03-19,5.14995178946265e-06
"3366",1959-03-20,0
"3367",1959-03-21,0
"3368",1959-03-22,0.000770760113823599
"3369",1959-03-23,0.000233765760469851
"3370",1959-03-24,2.66363234118216e-05
"3371",1959-03-25,0.000104270641770654
"3372",1959-03-26,0.0044347633538564
"3373",1959-03-27,0.000154513891743591
"3374",1959-03-28,0.00372359862211624
"3375",1959-03-29,0.000894762932148296
"3376",1959-03-30,0.000629697565273091
"3377",1959-03-31,0.00662614557950292
"3378",1959-04-01,0.00847264293406624
"3379",1959-04-02,0
"3380",1959-04-03,0.000676125897200563
"3381",1959-04-04,0.00123209462617524
"3382",1959-04-05,0.00524899727065531
"3383",1959-04-06,0.00797772776417105
"3384",1959-04-07,0.00814752571204735
"3385",1959-04-08,0.00429240737412329
"3386",1959-04-09,0.00330343651603471
"3387",1959-04-10,0.00996929948814795
"3388",1959-04-11,0.0197135012131184
"3389",1959-04-12,5.65813317052744e-05
"3390",1959-04-13,0.00061816883658139
"3391",1959-04-14,1.93041065017496e-05
"3392",1959-04-15,1.90513787856617e-07
"3393",1959-04-16,0.00126747212806322
"3394",1959-04-17,0.00056115713221061
"3395",1959-04-18,1.06333725398144e-05
"3396",1959-04-19,0.000750315048321681
"3397",1959-04-20,0
"3398",1959-04-21,4.36418004028383e-05
"3399",1959-04-22,0.000286168432296563
"3400",1959-04-23,0.0033057256362099
"3401",1959-04-24,1.25878067933627e-05
"3402",1959-04-25,3.81027632556652e-07
"3403",1959-04-26,0.00775920769501681
"3404",1959-04-27,0.0135412487143185
"3405",1959-04-28,0.0026350070432386
"3406",1959-04-29,0.0113251870287741
"3407",1959-04-30,0.00310566494135855
"3408",1959-05-01,0.000159148385648678
"3409",1959-05-02,0.00229667359963059
"3410",1959-05-03,0.00383253608822542
"3411",1959-05-04,0.00379522448292846
"3412",1959-05-05,0.00223926600318691
"3413",1959-05-06,0.000998018172367665
"3414",1959-05-07,0.00248011393705383
"3415",1959-05-08,3.43205592798768e-05
"3416",1959-05-09,0
"3417",1959-05-10,0
"3418",1959-05-11,0
"3419",1959-05-12,0.000273979186204087
"3420",1959-05-13,0.000689687221552049
"3421",1959-05-14,0
"3422",1959-05-15,0.00266772283157479
"3423",1959-05-16,0.0014042147755049
"3424",1959-05-17,9.48571588992309e-05
"3425",1959-05-18,0.00123210612309776
"3426",1959-05-19,2.09770223591477e-06
"3427",1959-05-20,0
"3428",1959-05-21,0
"3429",1959-05-22,0.000100658814517374
"3430",1959-05-23,1.91778951830202e-07
"3431",1959-05-24,0
"3432",1959-05-25,0
"3433",1959-05-26,4.18930667365203e-05
"3434",1959-05-27,0.000542759947165905
"3435",1959-05-28,0.000444550833094581
"3436",1959-05-29,4.75833965083439e-05
"3437",1959-05-30,0.000674082008117693
"3438",1959-05-31,0.000705106721568427
"3439",1959-06-01,0.000429038999129716
"3440",1959-06-02,0.000579979581459611
"3441",1959-06-03,0
"3442",1959-06-04,0
"3443",1959-06-05,8.75695065474247e-05
"3444",1959-06-06,0.00465873005487083
"3445",1959-06-07,0.00412490843751812
"3446",1959-06-08,0.000514648780665539
"3447",1959-06-09,0.00565589033067226
"3448",1959-06-10,0.00049997456494566
"3449",1959-06-11,0.000359215166213289
"3450",1959-06-12,0
"3451",1959-06-13,0
"3452",1959-06-14,7.42795782571193e-06
"3453",1959-06-15,0.000109197408391992
"3454",1959-06-16,0.000591425970014825
"3455",1959-06-17,0.00136341042093591
"3456",1959-06-18,0.000528951646003861
"3457",1959-06-19,0.000893465915396519
"3458",1959-06-20,3.83557960503822e-07
"3459",1959-06-21,0
"3460",1959-06-22,0
"3461",1959-06-23,0
"3462",1959-06-24,0
"3463",1959-06-25,0
"3464",1959-06-26,0
"3465",1959-06-27,5.71381315239705e-06
"3466",1959-06-28,0.00655143206768116
"3467",1959-06-29,0.0180125752813183
"3468",1959-06-30,0.00180841274868726
"3469",1959-07-01,1.14276281237835e-06
"3470",1959-07-02,0.00123009638150506
"3471",1959-07-03,0.000510325233335607
"3472",1959-07-04,0.000111452268356516
"3473",1959-07-05,1.911463414217e-07
"3474",1959-07-06,0.0014444991847995
"3475",1959-07-07,0
"3476",1959-07-08,7.67776508610041e-05
"3477",1959-07-09,0
"3478",1959-07-10,0.00138305299333297
"3479",1959-07-11,0.00528810861851525
"3480",1959-07-12,0.00255191859235993
"3481",1959-07-13,0.0128444300707997
"3482",1959-07-14,0.00944856063870247
"3483",1959-07-15,0
"3484",1959-07-16,3.81580207431398e-07
"3485",1959-07-17,0.00018102372712292
"3486",1959-07-18,0
"3487",1959-07-19,2.13375551538775e-05
"3488",1959-07-20,0.00221503657212452
"3489",1959-07-21,0.00207803561443143
"3490",1959-07-22,1.42885414788907e-06
"3491",1959-07-23,0.000870417650787658
"3492",1959-07-24,0.000980424400040647
"3493",1959-07-25,0.00411607734855579
"3494",1959-07-26,0.00301431483245551
"3495",1959-07-27,0.000866539362675667
"3496",1959-07-28,0.00490063553388609
"3497",1959-07-29,7.95515461504692e-06
"3498",1959-07-30,4.77469654924789e-07
"3499",1959-07-31,0
"3500",1959-08-01,0.000352580952210246
"3501",1959-08-02,2.09565223485697e-06
"3502",1959-08-03,0.000128127518109977
"3503",1959-08-04,0.00112560219417901
"3504",1959-08-05,0
"3505",1959-08-06,0
"3506",1959-08-07,0.000299442598418409
"3507",1959-08-08,0
"3508",1959-08-09,0
"3509",1959-08-10,0
"3510",1959-08-11,3.23809078395243e-05
"3511",1959-08-12,0.0121282311540654
"3512",1959-08-13,0.000773285251170819
"3513",1959-08-14,0.0027252039158725
"3514",1959-08-15,0.00170677172678779
"3515",1959-08-16,0.000145299317466652
"3516",1959-08-17,5.71541647786944e-07
"3517",1959-08-18,0
"3518",1959-08-19,0
"3519",1959-08-20,0
"3520",1959-08-21,0
"3521",1959-08-22,7.71509076002985e-06
"3522",1959-08-23,3.34434548676654e-06
"3523",1959-08-24,0.00426412120691566
"3524",1959-08-25,0.000639344968931255
"3525",1959-08-26,0.000222476321255272
"3526",1959-08-27,0
"3527",1959-08-28,0.000108792508399347
"3528",1959-08-29,7.2747085937408e-06
"3529",1959-08-30,0
"3530",1959-08-31,0
"3531",1959-09-01,0.000144498581903463
"3532",1959-09-02,0
"3533",1959-09-03,3.14671342493966e-06
"3534",1959-09-04,0.000163234031901993
"3535",1959-09-05,1.14877622081622e-06
"3536",1959-09-06,0
"3537",1959-09-07,1.90513787856617e-07
"3538",1959-09-08,0
"3539",1959-09-09,0
"3540",1959-09-10,0
"3541",1959-09-11,0
"3542",1959-09-12,0
"3543",1959-09-13,1.28732572761692e-05
"3544",1959-09-14,0
"3545",1959-09-15,0
"3546",1959-09-16,0
"3547",1959-09-17,0
"3548",1959-09-18,0
"3549",1959-09-19,0
"3550",1959-09-20,2.14438187740029e-06
"3551",1959-09-21,0.00836196429440861
"3552",1959-09-22,0.00244816650410939
"3553",1959-09-23,0
"3554",1959-09-24,0
"3555",1959-09-25,0.00039417680909537
"3556",1959-09-26,0.0114274633797322
"3557",1959-09-27,0.00419016421460583
"3558",1959-09-28,0.000356778009120262
"3559",1959-09-29,0.000520245954191978
"3560",1959-09-30,6.95951200668787e-06
"3561",1959-10-01,1.04956376389964e-06
"3562",1959-10-02,2.87668439113986e-06
"3563",1959-10-03,1.39562811227734e-05
"3564",1959-10-04,2.32735014265018e-05
"3565",1959-10-05,5.72094052131433e-07
"3566",1959-10-06,0
"3567",1959-10-07,1.52411030285293e-06
"3568",1959-10-08,2.02225335215189e-05
"3569",1959-10-09,2.31337787113262e-05
"3570",1959-10-10,0.000453064047121643
"3571",1959-10-11,5.71381383451808e-06
"3572",1959-10-12,0
"3573",1959-10-13,1.3385771353569e-06
"3574",1959-10-14,9.52568939283083e-08
"3575",1959-10-15,5.69876760323496e-05
"3576",1959-10-16,2.20672597492921e-05
"3577",1959-10-17,5.51165032902645e-05
"3578",1959-10-18,0.00371387315499305
"3579",1959-10-19,0.00469312496443308
"3580",1959-10-20,0.00923576930654235
"3581",1959-10-21,0.000733277377889863
"3582",1959-10-22,0.0135550528509611
"3583",1959-10-23,0.00154442917738606
"3584",1959-10-24,0.00748965902090504
"3585",1959-10-25,2.35803520922673e-05
"3586",1959-10-26,0.010579677175599
"3587",1959-10-27,0.0290511068888009
"3588",1959-10-28,0.00181315388090297
"3589",1959-10-29,0.00371573388110846
"3590",1959-10-30,0.0102230187039822
"3591",1959-10-31,0.00435433203529101
"3592",1959-11-01,0.00408660777497971
"3593",1959-11-02,0.000247749143397868
"3594",1959-11-03,0.00168864277020475
"3595",1959-11-04,0.00304425195724889
"3596",1959-11-05,0
"3597",1959-11-06,5.25178165844409e-07
"3598",1959-11-07,0.000292995359757242
"3599",1959-11-08,0.000931430765206187
"3600",1959-11-09,0.00880616789345368
"3601",1959-11-10,0.023817599285394
"3602",1959-11-11,0.0029822152455381
"3603",1959-11-12,0.00283640756333625
"3604",1959-11-13,0.00545609176697326
"3605",1959-11-14,0.0016510298673893
"3606",1959-11-15,0.00315515351212525
"3607",1959-11-16,0.000276934886016988
"3608",1959-11-17,0.000403144571464509
"3609",1959-11-18,0.0002829813538483
"3610",1959-11-19,0.0076555229461519
"3611",1959-11-20,0.00168462366309541
"3612",1959-11-21,2.08519472835178e-05
"3613",1959-11-22,0.00129905668472929
"3614",1959-11-23,0.00367441912567301
"3615",1959-11-24,0.000500219891364395
"3616",1959-11-25,0.000459715168290131
"3617",1959-11-26,0.000532415392626717
"3618",1959-11-27,0.00869569093720202
"3619",1959-11-28,0.000395040282796799
"3620",1959-11-29,0.00363069036393426
"3621",1959-11-30,0.000339005753630772
"3622",1959-12-01,0.00055036500452843
"3623",1959-12-02,0.000451245305157499
"3624",1959-12-03,0.0116180257755332
"3625",1959-12-04,0.0087993346969597
"3626",1959-12-05,0.0163442607299658
"3627",1959-12-06,0.00386935626738705
"3628",1959-12-07,0.000195008899936511
"3629",1959-12-08,0.000309583483613096
"3630",1959-12-09,0.00146777028567158
"3631",1959-12-10,0.000531340760971943
"3632",1959-12-11,0.000144881173582689
"3633",1959-12-12,0.00010044601822301
"3634",1959-12-13,0.000102255716399213
"3635",1959-12-14,0.000387515280067419
"3636",1959-12-15,0.00737863031827146
"3637",1959-12-16,0.00731644389452413
"3638",1959-12-17,0.00934330070049327
"3639",1959-12-18,0.00489407338318415
"3640",1959-12-19,0.00273731168863378
"3641",1959-12-20,0.0149540505374262
"3642",1959-12-21,0.00415952351113447
"3643",1959-12-22,0.000326040835659569
"3644",1959-12-23,0.00583625596391357
"3645",1959-12-24,0.00529733245002717
"3646",1959-12-25,0.000718859337212052
"3647",1959-12-26,0.0064263992207998
"3648",1959-12-27,0.00567554436474893
"3649",1959-12-28,0.00725957877875771
"3650",1959-12-29,0.000873157563717086
"3651",1959-12-30,0.00328570844521892
"3652",1959-12-31,0.00174618790708791
"3653",1960-01-01,0.00789980274566915
"3654",1960-01-02,0.00268619270354975
"3655",1960-01-03,0.00118458449287573
"3656",1960-01-04,0.00221653440985392
"3657",1960-01-05,0.0107169251568848
"3658",1960-01-06,5.14729912310941e-05
"3659",1960-01-07,0.000425541438289656
"3660",1960-01-08,1.8113789792551e-06
"3661",1960-01-09,6.69248606754991e-07
"3662",1960-01-10,0.000736549093062422
"3663",1960-01-11,3.57547569365124e-05
"3664",1960-01-12,5.1494293018095e-05
"3665",1960-01-13,4.92389727355658e-05
"3666",1960-01-14,5.32421973389319e-05
"3667",1960-01-15,8.29650360856249e-06
"3668",1960-01-16,1.90733967428969e-05
"3669",1960-01-17,0.00806201671548479
"3670",1960-01-18,0.00259726455834652
"3671",1960-01-19,6.39916269697949e-05
"3672",1960-01-20,0.00468895114363477
"3673",1960-01-21,0
"3674",1960-01-22,0.00871394990554109
"3675",1960-01-23,0.00895257212687284
"3676",1960-01-24,0.00405410008170293
"3677",1960-01-25,0.00668867715069155
"3678",1960-01-26,0.000366580995148524
"3679",1960-01-27,0.000142919987411005
"3680",1960-01-28,2.58483362927109e-05
"3681",1960-01-29,0.00163460820840555
"3682",1960-01-30,0.000831281421596941
"3683",1960-01-31,0
"3684",1960-02-01,0
"3685",1960-02-02,1.33929000867283e-06
"3686",1960-02-03,0.00451370755911285
"3687",1960-02-04,0.00837419605522882
"3688",1960-02-05,0.00312166916683054
"3689",1960-02-06,0.000105091374564381
"3690",1960-02-07,2.00359328914601e-05
"3691",1960-02-08,6.10283325386263e-06
"3692",1960-02-09,5.65847627171934e-05
"3693",1960-02-10,2.96268444799352e-06
"3694",1960-02-11,0.000125750033021177
"3695",1960-02-12,0.000272377947226232
"3696",1960-02-13,1.09877356635479e-06
"3697",1960-02-14,0.000585131240598002
"3698",1960-02-15,0.00405597830831539
"3699",1960-02-16,0.00121991369087482
"3700",1960-02-17,0.000562999996873259
"3701",1960-02-18,1.54570526547104e-05
"3702",1960-02-19,0.000260002838842865
"3703",1960-02-20,0.0118484177246501
"3704",1960-02-21,0.00618737876447994
"3705",1960-02-22,0.000139034926974091
"3706",1960-02-23,1.19268531406647e-06
"3707",1960-02-24,6.67959545808117e-06
"3708",1960-02-25,0
"3709",1960-02-26,5.54560780301472e-05
"3710",1960-02-27,0.00776530172151979
"3711",1960-02-28,0.00537439605238887
"3712",1960-02-29,0.000697115594448405
"3713",1960-03-01,0.0146239174528091
"3714",1960-03-02,0.00163966025502305
"3715",1960-03-03,0.00613532531315286
"3716",1960-03-04,0.00276866842239087
"3717",1960-03-05,2.17414624330559e-05
"3718",1960-03-06,1.93893210962415e-05
"3719",1960-03-07,0
"3720",1960-03-08,7.34164495952427e-06
"3721",1960-03-09,4.60887966937662e-05
"3722",1960-03-10,0
"3723",1960-03-11,1.24015770097685e-06
"3724",1960-03-12,0.00373518518324545
"3725",1960-03-13,0.000197465228211513
"3726",1960-03-14,6.91808111810133e-05
"3727",1960-03-15,3.24933564002094e-05
"3728",1960-03-16,2.35608329717252e-05
"3729",1960-03-17,9.34669981234038e-06
"3730",1960-03-18,0
"3731",1960-03-19,3.81580207431398e-07
"3732",1960-03-20,1.5830641359571e-05
"3733",1960-03-21,5.15216885332848e-06
"3734",1960-03-22,0
"3735",1960-03-23,5.31841373003772e-05
"3736",1960-03-24,2.38308081179639e-06
"3737",1960-03-25,5.71541590943525e-07
"3738",1960-03-26,4.76837158203125e-07
"3739",1960-03-27,2.06060508389783e-05
"3740",1960-03-28,1.53363671415718e-05
"3741",1960-03-29,2.01353866486897e-05
"3742",1960-03-30,0
"3743",1960-03-31,0
"3744",1960-04-01,0
"3745",1960-04-02,6.66798314341577e-07
"3746",1960-04-03,4.19130446971394e-06
"3747",1960-04-04,1.26866966070338e-05
"3748",1960-04-05,0
"3749",1960-04-06,0
"3750",1960-04-07,4.572964428462e-06
"3751",1960-04-08,0.00191341164673986
"3752",1960-04-09,8.37393667971753e-05
"3753",1960-04-10,0.00161146675276314
"3754",1960-04-11,0.00233452912704024
"3755",1960-04-12,0.00129250242275702
"3756",1960-04-13,0.0167006694246083
"3757",1960-04-14,0.0022235255837586
"3758",1960-04-15,0.000546742143342271
"3759",1960-04-16,0.000147269847730058
"3760",1960-04-17,0.000390267211514583
"3761",1960-04-18,1.18118607019824e-05
"3762",1960-04-19,0
"3763",1960-04-20,1.63838121807203e-05
"3764",1960-04-21,0.000228211123612709
"3765",1960-04-22,3.05144068875052e-05
"3766",1960-04-23,0.000100866865068383
"3767",1960-04-24,7.150185865612e-06
"3768",1960-04-25,0.00170612992496899
"3769",1960-04-26,0.00134966603854991
"3770",1960-04-27,3.38404828426064e-05
"3771",1960-04-28,0.000484342307458974
"3772",1960-04-29,0
"3773",1960-04-30,0.00182109300021693
"3774",1960-05-01,0.000638217610685388
"3775",1960-05-02,0.000141340101833975
"3776",1960-05-03,5.71541647786944e-07
"3777",1960-05-04,1.91778963198885e-06
"3778",1960-05-05,0.00199850396620604
"3779",1960-05-06,0.00222823928402249
"3780",1960-05-07,2.89778695901077e-05
"3781",1960-05-08,2.37420817938983e-05
"3782",1960-05-09,4.19378195601894e-05
"3783",1960-05-10,0.000116319025039502
"3784",1960-05-11,0.000106646895972062
"3785",1960-05-12,0.000167987935355995
"3786",1960-05-13,6.28695761406561e-06
"3787",1960-05-14,0
"3788",1960-05-15,2.53640625942353e-05
"3789",1960-05-16,8.57072109283763e-07
"3790",1960-05-17,4.63065148892383e-05
"3791",1960-05-18,2.2004353184002e-05
"3792",1960-05-19,0.000375377264617782
"3793",1960-05-20,0
"3794",1960-05-21,0.000363613510501182
"3795",1960-05-22,1.46688853419619e-05
"3796",1960-05-23,0
"3797",1960-05-24,0.00857589527737446
"3798",1960-05-25,0.00217275189282873
"3799",1960-05-26,1.49680361118953e-05
"3800",1960-05-27,0.00254762455745094
"3801",1960-05-28,0.000917857116917276
"3802",1960-05-29,0.000126088009892555
"3803",1960-05-30,4.98260872063838e-05
"3804",1960-05-31,0.000341590912228185
"3805",1960-06-01,1.15004132794638e-06
"3806",1960-06-02,0
"3807",1960-06-03,0
"3808",1960-06-04,0
"3809",1960-06-05,0
"3810",1960-06-06,2.54379965554108e-05
"3811",1960-06-07,0.00149058585520834
"3812",1960-06-08,0.0006276623378767
"3813",1960-06-09,0.0116588830860564
"3814",1960-06-10,0.00745858707796287
"3815",1960-06-11,0.00176346270239947
"3816",1960-06-12,0.00304447997655188
"3817",1960-06-13,0.00256740557779267
"3818",1960-06-14,0.00166007080861164
"3819",1960-06-15,0.000938161394515191
"3820",1960-06-16,0.00034649951726351
"3821",1960-06-17,0.00172884313906252
"3822",1960-06-18,1.42845351547294e-07
"3823",1960-06-19,0.000317958634752813
"3824",1960-06-20,0
"3825",1960-06-21,0
"3826",1960-06-22,0
"3827",1960-06-23,0
"3828",1960-06-24,0
"3829",1960-06-25,0.000120756558317225
"3830",1960-06-26,0.000512211058889989
"3831",1960-06-27,0.0087316272647513
"3832",1960-06-28,0.0326056277117459
"3833",1960-06-29,0.00705658840251999
"3834",1960-06-30,0.00331041775007179
"3835",1960-07-01,0.0124102125846548
"3836",1960-07-02,0.00371981761054485
"3837",1960-07-03,2.49312688538339e-06
"3838",1960-07-04,0.000256294523239831
"3839",1960-07-05,0.0117363076969923
"3840",1960-07-06,0.000603163310188393
"3841",1960-07-07,0.00493936955172103
"3842",1960-07-08,0.00545637880583172
"3843",1960-07-09,0.00603969759674783
"3844",1960-07-10,0.00300606926430191
"3845",1960-07-11,0.0128268731910453
"3846",1960-07-12,0.0145798223556994
"3847",1960-07-13,0.000439277427176421
"3848",1960-07-14,0.0116904558090027
"3849",1960-07-15,0.00272044296423246
"3850",1960-07-16,0.00969962739634411
"3851",1960-07-17,0.00748739078130711
"3852",1960-07-18,0.0247535932139726
"3853",1960-07-19,0.00474681133346166
"3854",1960-07-20,0.000501871218546057
"3855",1960-07-21,0.00111253077017182
"3856",1960-07-22,0.00057316291895404
"3857",1960-07-23,0.00562263358955306
"3858",1960-07-24,0.00804793470337017
"3859",1960-07-25,0.00155070049635242
"3860",1960-07-26,0.00281549122883007
"3861",1960-07-27,1.88973833701311e-05
"3862",1960-07-28,2.38434591892656e-06
"3863",1960-07-29,0.00309108269061653
"3864",1960-07-30,0.000419964895513658
"3865",1960-07-31,0.00785849119398563
"3866",1960-08-01,0.000400654531233613
"3867",1960-08-02,4.90642613044656e-05
"3868",1960-08-03,0.0076916416264794
"3869",1960-08-04,0.000268699098910474
"3870",1960-08-05,0.000138734775532612
"3871",1960-08-06,0.000555898507286656
"3872",1960-08-07,0.00595969090431936
"3873",1960-08-08,0.00939875430867687
"3874",1960-08-09,0.0204880396213412
"3875",1960-08-10,0.00786137809882348
"3876",1960-08-11,0.00365820536580941
"3877",1960-08-12,0.00509072014239109
"3878",1960-08-13,0.000831370862215408
"3879",1960-08-14,9.52568939283083e-08
"3880",1960-08-15,0
"3881",1960-08-16,1.48127937791287e-05
"3882",1960-08-17,0.00123526451307043
"3883",1960-08-18,0.00101248061224624
"3884",1960-08-19,0.00083825884127009
"3885",1960-08-20,1.32371890799732e-05
"3886",1960-08-21,0
"3887",1960-08-22,0.00460560640840413
"3888",1960-08-23,0.0108918657283539
"3889",1960-08-24,1.3916806551606e-05
"3890",1960-08-25,0.00981968992095972
"3891",1960-08-26,0.00439474856608513
"3892",1960-08-27,0.000400555622150023
"3893",1960-08-28,0.00986297195009911
"3894",1960-08-29,0.00710947733023204
"3895",1960-08-30,0.00975991749146488
"3896",1960-08-31,0
"3897",1960-09-01,0.0018516359529599
"3898",1960-09-02,0.000134586553542704
"3899",1960-09-03,1.2465634426917e-06
"3900",1960-09-04,0.000785196398908283
"3901",1960-09-05,0.00123407479350135
"3902",1960-09-06,0.000966864550832724
"3903",1960-09-07,0.000149884305756132
"3904",1960-09-08,0
"3905",1960-09-09,0.0011947466299489
"3906",1960-09-10,9.24764805176892e-06
"3907",1960-09-11,0.000151927637148219
"3908",1960-09-12,0.000330934931810134
"3909",1960-09-13,0.000432973208202014
"3910",1960-09-14,0.000611581128509897
"3911",1960-09-15,7.63160414862796e-07
"3912",1960-09-16,1.43201674518423e-06
"3913",1960-09-17,0
"3914",1960-09-18,0.00014481092813412
"3915",1960-09-19,0.00201739509299159
"3916",1960-09-20,0.00472637617895089
"3917",1960-09-21,0.00862585150662198
"3918",1960-09-22,0.00314518429928512
"3919",1960-09-23,0.00147049026418244
"3920",1960-09-24,0.00320371912710016
"3921",1960-09-25,0.00323718277468288
"3922",1960-09-26,0.000138061368488707
"3923",1960-09-27,0
"3924",1960-09-28,0
"3925",1960-09-29,5.93668465853625e-06
"3926",1960-09-30,4.77469654924789e-07
"3927",1960-10-01,0
"3928",1960-10-02,3.9064698285074e-06
"3929",1960-10-03,0.000653143753140739
"3930",1960-10-04,0.00256393830125035
"3931",1960-10-05,0.00772958458037465
"3932",1960-10-06,0.000633602825701018
"3933",1960-10-07,0.000178605398161835
"3934",1960-10-08,0.00620488511958683
"3935",1960-10-09,0.00781595432817994
"3936",1960-10-10,0.0150405289750779
"3937",1960-10-11,0.0127883398963604
"3938",1960-10-12,0.00669366662623361
"3939",1960-10-13,0.00293927205257205
"3940",1960-10-14,0.000117449989943452
"3941",1960-10-15,8.45060188794378e-05
"3942",1960-10-16,2.14482431601937e-05
"3943",1960-10-17,7.07280339042882e-05
"3944",1960-10-18,0.000927106905749042
"3945",1960-10-19,0.000603295501377943
"3946",1960-10-20,0.00022136012557894
"3947",1960-10-21,0.000355005586470725
"3948",1960-10-22,0.0011477643474791
"3949",1960-10-23,0.000353938811713306
"3950",1960-10-24,0.00162434469621076
"3951",1960-10-25,0.000763516789447749
"3952",1960-10-26,0.00088719769189538
"3953",1960-10-27,3.05697437816832e-05
"3954",1960-10-28,0.00113268456646765
"3955",1960-10-29,0.000222708335002153
"3956",1960-10-30,3.24260236084228e-06
"3957",1960-10-31,2.38553036524536e-06
"3958",1960-11-01,0.00313508757466252
"3959",1960-11-02,0.0233837504638359
"3960",1960-11-03,0.00811161755700596
"3961",1960-11-04,0.0150334533245768
"3962",1960-11-05,0.0117824316839688
"3963",1960-11-06,7.96927189981034e-05
"3964",1960-11-07,0
"3965",1960-11-08,0.00098119542508357
"3966",1960-11-09,0.000722040085747722
"3967",1960-11-10,0.0002407604759469
"3968",1960-11-11,0.00556715364746196
"3969",1960-11-12,0.00185679080459522
"3970",1960-11-13,0.00337754078555008
"3971",1960-11-14,0.00213299229289987
"3972",1960-11-15,0.00565491473116708
"3973",1960-11-16,0.00817693696808419
"3974",1960-11-17,0.00328706217186436
"3975",1960-11-18,0.000173350599538935
"3976",1960-11-19,0.00285894736771297
"3977",1960-11-20,0.000301030730042839
"3978",1960-11-21,2.19606035898323e-05
"3979",1960-11-22,0.012154891484272
"3980",1960-11-23,0.0113063070602948
"3981",1960-11-24,0.0043932439875789
"3982",1960-11-25,0.0119297460769303
"3983",1960-11-26,0.00388857422876754
"3984",1960-11-27,2.75030593002157e-05
"3985",1960-11-28,0.000208801683015736
"3986",1960-11-29,4.20204889906017e-06
"3987",1960-11-30,0.00208614391436868
"3988",1960-12-01,0.00240229247265233
"3989",1960-12-02,0.00947846644157835
"3990",1960-12-03,0.00736181251249945
"3991",1960-12-04,0.00341553875244927
"3992",1960-12-05,0.00329260526086728
"3993",1960-12-06,0.00035624042203608
"3994",1960-12-07,0.00329840380345559
"3995",1960-12-08,0.00134272982631956
"3996",1960-12-09,1.81533414433943e-06
"3997",1960-12-10,8.67610680188591e-06
"3998",1960-12-11,0.00395313477110903
"3999",1960-12-12,0.000589684385886358
"4000",1960-12-13,2.95608350597831e-06
"4001",1960-12-14,8.59681136375912e-05
"4002",1960-12-15,0.000188166668522172
"4003",1960-12-16,0.00133736406860407
"4004",1960-12-17,0.00114584364200709
"4005",1960-12-18,0.000614174589316008
"4006",1960-12-19,0.00539212627336383
"4007",1960-12-20,0.00147924077634798
"4008",1960-12-21,0.00227427664282231
"4009",1960-12-22,0.00119077397903311
"4010",1960-12-23,0.000865038956987974
"4011",1960-12-24,0.00103727601162973
"4012",1960-12-25,0.00632900162054284
"4013",1960-12-26,0.0194536398321361
"4014",1960-12-27,0.00317469782021362
"4015",1960-12-28,0.00253389786394109
"4016",1960-12-29,5.6755426669497e-05
"4017",1960-12-30,9.3426912542327e-05
"4018",1960-12-31,0.00148383544819808
"4019",1961-01-01,0.00061994445985647
"4020",1961-01-02,0.000877040103659965
"4021",1961-01-03,0.00675031349419442
"4022",1961-01-04,0.00159518611008025
"4023",1961-01-05,0.00311197863646839
"4024",1961-01-06,0.00185071329048014
"4025",1961-01-07,0.000778879247945952
"4026",1961-01-08,0.000569967984176856
"4027",1961-01-09,0.010973326800638
"4028",1961-01-10,0.00318592854478084
"4029",1961-01-11,0
"4030",1961-01-12,0.0026597566215969
"4031",1961-01-13,0.00331754710185805
"4032",1961-01-14,0
"4033",1961-01-15,0
"4034",1961-01-16,1.91146398265118e-07
"4035",1961-01-17,2.08795054277289e-05
"4036",1961-01-18,3.39358483643082e-05
"4037",1961-01-19,3.5565815096561e-05
"4038",1961-01-20,9.83936843113042e-06
"4039",1961-01-21,3.04483364743646e-05
"4040",1961-01-22,0.000297140843997568
"4041",1961-01-23,0.000162323216443383
"4042",1961-01-24,4.36975020647878e-05
"4043",1961-01-25,6.49494290883013e-06
"4044",1961-01-26,1.14418816110629e-06
"4045",1961-01-27,0.00566207787818485
"4046",1961-01-28,0.00577893666701357
"4047",1961-01-29,0.0176316163341426
"4048",1961-01-30,0.00209331197220308
"4049",1961-01-31,8.87761444801072e-06
"4050",1961-02-01,0.00264411653034813
"4051",1961-02-02,0.00270692307185527
"4052",1961-02-03,6.2946916727924e-06
"4053",1961-02-04,6.69248493068153e-07
"4054",1961-02-05,8.61350929426408e-05
"4055",1961-02-06,0.0173747987137176
"4056",1961-02-07,0.00291623094591387
"4057",1961-02-08,0
"4058",1961-02-09,0.00120220958086392
"4059",1961-02-10,0.00198105651190872
"4060",1961-02-11,6.36025978906218e-05
"4061",1961-02-12,6.65665777397351e-05
"4062",1961-02-13,0.000797954688209757
"4063",1961-02-14,0.00027185017620468
"4064",1961-02-15,0.000130701762032004
"4065",1961-02-16,2.87883805185629e-05
"4066",1961-02-17,0.000123439521757973
"4067",1961-02-18,0.000227771923164255
"4068",1961-02-19,1.0778397154354e-05
"4069",1961-02-20,2.28817559104755e-05
"4070",1961-02-21,2.43422520043168e-05
"4071",1961-02-22,0.000289030706881022
"4072",1961-02-23,0.000100476284728757
"4073",1961-02-24,0.00463088213348328
"4074",1961-02-25,0.00619593302053545
"4075",1961-02-26,0.00390276432523251
"4076",1961-02-27,0.00473221601197338
"4077",1961-02-28,9.92725824744412e-06
"4078",1961-03-01,3.4520213603173e-06
"4079",1961-03-02,0.00217227152512578
"4080",1961-03-03,4.79432007978176e-05
"4081",1961-03-04,2.0142985192706e-05
"4082",1961-03-05,5.06648018472333e-06
"4083",1961-03-06,1.9412805443153e-05
"4084",1961-03-07,0
"4085",1961-03-08,0
"4086",1961-03-09,1.149724937477e-06
"4087",1961-03-10,0.000269667511815896
"4088",1961-03-11,5.17844673595391e-05
"4089",1961-03-12,0.000102955174725139
"4090",1961-03-13,0.000197140316231526
"4091",1961-03-14,0.000479997008653754
"4092",1961-03-15,4.779364701335e-06
"4093",1961-03-16,9.81831726676319e-06
"4094",1961-03-17,0.000236590387942215
"4095",1961-03-18,0.00209204375136096
"4096",1961-03-19,4.67167982947103e-05
"4097",1961-03-20,0.00609162793517726
"4098",1961-03-21,0.000259753216141689
"4099",1961-03-22,8.00251244186256e-05
"4100",1961-03-23,0
"4101",1961-03-24,1.92037070370077e-05
"4102",1961-03-25,2.19367120735114e-06
"4103",1961-03-26,0.000718694769830108
"4104",1961-03-27,0.000535224969098635
"4105",1961-03-28,1.33516712139681e-05
"4106",1961-03-29,0.00912576672158139
"4107",1961-03-30,0.00040061233448796
"4108",1961-03-31,2.2855256247567e-06
"4109",1961-04-01,2.85690657619853e-06
"4110",1961-04-02,3.99966938857688e-06
"4111",1961-04-03,0.00297753611675944
"4112",1961-04-04,0.000554006950551411
"4113",1961-04-05,0.00736077395413304
"4114",1961-04-06,0.00426387076095125
"4115",1961-04-07,0.00320140501645483
"4116",1961-04-08,0.000407224129276074
"4117",1961-04-09,0
"4118",1961-04-10,2.85770738628344e-07
"4119",1961-04-11,6.09942992468859e-06
"4120",1961-04-12,0.0036601114215955
"4121",1961-04-13,0.00430830977330743
"4122",1961-04-14,0.000354510623139959
"4123",1961-04-15,0.000370501114957733
"4124",1961-04-16,0
"4125",1961-04-17,0
"4126",1961-04-18,0
"4127",1961-04-19,0
"4128",1961-04-20,3.62355058314279e-06
"4129",1961-04-21,0
"4130",1961-04-22,0.000624067833996378
"4131",1961-04-23,0
"4132",1961-04-24,1.14308330125823e-05
"4133",1961-04-25,0
"4134",1961-04-26,4.5710512495134e-06
"4135",1961-04-27,0
"4136",1961-04-28,2.87668399323593e-07
"4137",1961-04-29,0
"4138",1961-04-30,0.000317090195039782
"4139",1961-05-01,2.00189288079855e-06
"4140",1961-05-02,4.76837158203125e-07
"4141",1961-05-03,0.00641482462015119
"4142",1961-05-04,0.00125195276723389
"4143",1961-05-05,0.0104329956182596
"4144",1961-05-06,0.00493679373357736
"4145",1961-05-07,0.00521626583667967
"4146",1961-05-08,0.00103885294998918
"4147",1961-05-09,0.00122385097347433
"4148",1961-05-10,0.000325443865222041
"4149",1961-05-11,0
"4150",1961-05-12,9.36155410613537e-05
"4151",1961-05-13,0.00398271922927051
"4152",1961-05-14,0.000745318517147098
"4153",1961-05-15,0.000264383786486633
"4154",1961-05-16,0.000739525814537956
"4155",1961-05-17,0
"4156",1961-05-18,0
"4157",1961-05-19,0.00372237984174717
"4158",1961-05-20,0.000369014300531489
"4159",1961-05-21,0
"4160",1961-05-22,0
"4161",1961-05-23,1.47558267258319e-05
"4162",1961-05-24,0.000129220076814818
"4163",1961-05-25,3.23873609886505e-06
"4164",1961-05-26,0.000904156177057303
"4165",1961-05-27,0.00219855470754737
"4166",1961-05-28,0.000341397701618007
"4167",1961-05-29,0.00415590548306
"4168",1961-05-30,0.000782276947802529
"4169",1961-05-31,0.000895606373148894
"4170",1961-06-01,0.00950808912222101
"4171",1961-06-02,0.0012910513364659
"4172",1961-06-03,0.00066709300972434
"4173",1961-06-04,0.000110232207589434
"4174",1961-06-05,0
"4175",1961-06-06,6.85657619214908e-06
"4176",1961-06-07,0.000317176081182424
"4177",1961-06-08,0.0060035980056341
"4178",1961-06-09,0.000319463452171931
"4179",1961-06-10,1.43201668834081e-06
"4180",1961-06-11,2.2855256247567e-06
"4181",1961-06-12,6.42031825464073e-05
"4182",1961-06-13,0.00893360853865488
"4183",1961-06-14,0.00312710603014921
"4184",1961-06-15,1.17133185995044e-05
"4185",1961-06-16,9.2775168013759e-05
"4186",1961-06-17,0.000233975737558012
"4187",1961-06-18,0.0071083571895656
"4188",1961-06-19,0.000259688659355106
"4189",1961-06-20,0.000235960792565493
"4190",1961-06-21,7.35437233743141e-05
"4191",1961-06-22,0.00428902463971781
"4192",1961-06-23,0.00342751496646088
"4193",1961-06-24,0.000920700025744736
"4194",1961-06-25,0.00144558775559744
"4195",1961-06-26,0.00335956417671923
"4196",1961-06-27,0.0052193538431311
"4197",1961-06-28,5.20636270380237e-05
"4198",1961-06-29,4.09135091103963e-05
"4199",1961-06-30,0
"4200",1961-07-01,0
"4201",1961-07-02,0.00047848927351879
"4202",1961-07-03,0
"4203",1961-07-04,0.00476624745044774
"4204",1961-07-05,0.0026639770300676
"4205",1961-07-06,0.000203801952409322
"4206",1961-07-07,0.000394162595512171
"4207",1961-07-08,0.000454986518604983
"4208",1961-07-09,0.0113520647038854
"4209",1961-07-10,0.014854371722322
"4210",1961-07-11,0.00368794621590496
"4211",1961-07-12,0.000145762022100371
"4212",1961-07-13,4.23792014316859e-05
"4213",1961-07-14,0.0133051331395109
"4214",1961-07-15,0.00492403425960219
"4215",1961-07-16,0.0018704114954744
"4216",1961-07-17,0.00270568770065438
"4217",1961-07-18,0.00555679863646219
"4218",1961-07-19,0.00409292852805265
"4219",1961-07-20,0.00513915659604436
"4220",1961-07-21,0.00587899095751254
"4221",1961-07-22,3.04822151520057e-06
"4222",1961-07-23,2.28671854074491e-06
"4223",1961-07-24,0.000806989215561771
"4224",1961-07-25,0.00169412659670343
"4225",1961-07-26,0.00589610688621178
"4226",1961-07-27,0.00526280049234629
"4227",1961-07-28,0.00296831019295496
"4228",1961-07-29,0.000188596036423405
"4229",1961-07-30,4.19046900788089e-05
"4230",1961-07-31,0
"4231",1961-08-01,0.0120629459997872
"4232",1961-08-02,0.00607714973290285
"4233",1961-08-03,0.0104527433286421
"4234",1961-08-04,0.0146929699631073
"4235",1961-08-05,0.00144891395780178
"4236",1961-08-06,0.0100549338426958
"4237",1961-08-07,0.00575699101500504
"4238",1961-08-08,0.000183216285108756
"4239",1961-08-09,0.0128230199334212
"4240",1961-08-10,0.00282706527673326
"4241",1961-08-11,4.24536007130882e-05
"4242",1961-08-12,0.00468501371551611
"4243",1961-08-13,4.14340244105915e-05
"4244",1961-08-14,0.00937893767019204
"4245",1961-08-15,0.0102163157750397
"4246",1961-08-16,0.00224862826223671
"4247",1961-08-17,0.00310036766967414
"4248",1961-08-18,0.000329339005475049
"4249",1961-08-19,2.61949373907555e-05
"4250",1961-08-20,0.000298684841254726
"4251",1961-08-21,0.00477075846447406
"4252",1961-08-22,0.00917621440771654
"4253",1961-08-23,0.00025128295601462
"4254",1961-08-24,0.00115119041589651
"4255",1961-08-25,0
"4256",1961-08-26,0.000599738003188577
"4257",1961-08-27,0.00296982867166662
"4258",1961-08-28,3.71864706494307e-06
"4259",1961-08-29,3.05205603012837e-05
"4260",1961-08-30,5.72094052131433e-07
"4261",1961-08-31,2.9385633581569e-05
"4262",1961-09-01,4.76284469641541e-07
"4263",1961-09-02,0
"4264",1961-09-03,8.0399506316553e-05
"4265",1961-09-04,0
"4266",1961-09-05,0.0114631028197323
"4267",1961-09-06,0.015507708711084
"4268",1961-09-07,0.00389512835772621
"4269",1961-09-08,2.85690703094588e-07
"4270",1961-09-09,0
"4271",1961-09-10,5.25391135397513e-06
"4272",1961-09-11,0.00629917485548503
"4273",1961-09-12,0.000305916762727065
"4274",1961-09-13,0.00574594436056941
"4275",1961-09-14,0.00392421732476578
"4276",1961-09-15,0.00397491836451991
"4277",1961-09-16,0.000273499362720031
"4278",1961-09-17,6.88158280581774e-06
"4279",1961-09-18,0
"4280",1961-09-19,0
"4281",1961-09-20,0
"4282",1961-09-21,7.42592699225497e-05
"4283",1961-09-22,5.11265491809354e-05
"4284",1961-09-23,4.11089491194616e-05
"4285",1961-09-24,0.000426625906925437
"4286",1961-09-25,0.00966518606674072
"4287",1961-09-26,5.64530108704275e-06
"4288",1961-09-27,0.000494076531481369
"4289",1961-09-28,0.00343947428700631
"4290",1961-09-29,0.0161843752293862
"4291",1961-09-30,2.73236310590619e-05
"4292",1961-10-01,3.83412211704126e-05
"4293",1961-10-02,0.000128565902286937
"4294",1961-10-03,0.000272084245807491
"4295",1961-10-04,1.15522821566572e-05
"4296",1961-10-05,6.82079576108663e-05
"4297",1961-10-06,2.93278927188112e-05
"4298",1961-10-07,2.09983937793368e-06
"4299",1961-10-08,0.00849194872364478
"4300",1961-10-09,0.00570261309763964
"4301",1961-10-10,0.00520703849906567
"4302",1961-10-11,0.00647794629912823
"4303",1961-10-12,0
"4304",1961-10-13,0
"4305",1961-10-14,0
"4306",1961-10-15,1.91292950262323e-05
"4307",1961-10-16,0.00134495846378968
"4308",1961-10-17,0.0150053631950868
"4309",1961-10-18,0.00750362160033546
"4310",1961-10-19,0.00672134131940538
"4311",1961-10-20,0.000364947239575031
"4312",1961-10-21,0.00174319187465244
"4313",1961-10-22,0.00151313515016227
"4314",1961-10-23,0.00846313512943198
"4315",1961-10-24,0.00335417583971775
"4316",1961-10-25,0.0142315315266046
"4317",1961-10-26,0.0110833310900489
"4318",1961-10-27,0.01169053627018
"4319",1961-10-28,0.00542516799760051
"4320",1961-10-29,0.00990235661453198
"4321",1961-10-30,0.00155836908874107
"4322",1961-10-31,0.00975540152103349
"4323",1961-11-01,0.000846563047957716
"4324",1961-11-02,0.0127663018711246
"4325",1961-11-03,0.0110863473528298
"4326",1961-11-04,0.000489358232698578
"4327",1961-11-05,0
"4328",1961-11-06,5.80430242962393e-05
"4329",1961-11-07,0.00105423496296453
"4330",1961-11-08,0.00280455742904451
"4331",1961-11-09,0.00533342936523695
"4332",1961-11-10,0.0175012265945043
"4333",1961-11-11,0.0151065926911542
"4334",1961-11-12,0.00458843208616599
"4335",1961-11-13,0.000126101813179957
"4336",1961-11-14,2.09841493870044e-06
"4337",1961-11-15,3.82292796530237e-07
"4338",1961-11-16,1.70016704714726e-05
"4339",1961-11-17,7.52732506725806e-06
"4340",1961-11-18,0
"4341",1961-11-19,0
"4342",1961-11-20,7.65137997404963e-07
"4343",1961-11-21,0
"4344",1961-11-22,4.683403517447e-06
"4345",1961-11-23,0.00262514914464873
"4346",1961-11-24,0.00105933466323904
"4347",1961-11-25,0.00847933592740446
"4348",1961-11-26,0.000670894546715317
"4349",1961-11-27,7.64505500683299e-07
"4350",1961-11-28,0.000436192678364478
"4351",1961-11-29,0.00850606759195216
"4352",1961-11-30,0.000340704907728195
"4353",1961-12-01,2.85338772982868e-05
"4354",1961-12-02,0.00015316691138878
"4355",1961-12-03,0.00342788280659079
"4356",1961-12-04,6.57865393804968e-06
"4357",1961-12-05,0.0167663746169637
"4358",1961-12-06,0.000251412809802787
"4359",1961-12-07,0
"4360",1961-12-08,3.64182312750927e-06
"4361",1961-12-09,0.000458658171453408
"4362",1961-12-10,0.000424430623979788
"4363",1961-12-11,0.000656858938782534
"4364",1961-12-12,0.00015206233194931
"4365",1961-12-13,3.45303135418362e-05
"4366",1961-12-14,1.37294721263004e-05
"4367",1961-12-15,4.67204421283895e-05
"4368",1961-12-16,3.17376332077401e-05
"4369",1961-12-17,0.000140573947135181
"4370",1961-12-18,3.14869128814621e-06
"4371",1961-12-19,9.07983462639095e-07
"4372",1961-12-20,1.91715736264086e-06
"4373",1961-12-21,0.000652936816550209
"4374",1961-12-22,7.15493450798022e-06
"4375",1961-12-23,7.24630808690563e-06
"4376",1961-12-24,5.78789593532747e-05
"4377",1961-12-25,0.000150271553764014
"4378",1961-12-26,2.09786242066912e-06
"4379",1961-12-27,0.00068152305982494
"4380",1961-12-28,0.000625821872745291
"4381",1961-12-29,0.00495346114621498
"4382",1961-12-30,0.011471536825411
"4383",1961-12-31,0.00367010968227532
"4384",1962-01-01,0.000701659043897962
"4385",1962-01-02,0
"4386",1962-01-03,1.91778951830202e-07
"4387",1962-01-04,3.00621988458261e-05
"4388",1962-01-05,0.00104339968669365
"4389",1962-01-06,9.72100224316819e-06
"4390",1962-01-07,0.00262431810756425
"4391",1962-01-08,0.000270035414416725
"4392",1962-01-09,0.0143691981684242
"4393",1962-01-10,0.00634298402565037
"4394",1962-01-11,0.0106893608935934
"4395",1962-01-12,0.00475649821407842
"4396",1962-01-13,0.00365252497886104
"4397",1962-01-14,2.9555671972048e-06
"4398",1962-01-15,0.000268081360161432
"4399",1962-01-16,0.0131552025475763
"4400",1962-01-17,0.0104959348536795
"4401",1962-01-18,0.00467086311437015
"4402",1962-01-19,0.00300971447353504
"4403",1962-01-20,0.00190746088185278
"4404",1962-01-21,0.00286276927255358
"4405",1962-01-22,0.0117399875989577
"4406",1962-01-23,9.45477995628607e-05
"4407",1962-01-24,5.72726605696516e-07
"4408",1962-01-25,0.000428467607889615
"4409",1962-01-26,0.00422312336922914
"4410",1962-01-27,2.95571755941637e-05
"4411",1962-01-28,3.4799550974185e-05
"4412",1962-01-29,4.86268288568681e-06
"4413",1962-01-30,0.000107244412902219
"4414",1962-01-31,0.0129460461193958
"4415",1962-02-01,0.0180191616927345
"4416",1962-02-02,2.20443195075859e-05
"4417",1962-02-03,0.00800040115427691
"4418",1962-02-04,0.00312928992195793
"4419",1962-02-05,0.00582786213726649
"4420",1962-02-06,0.0023971870792252
"4421",1962-02-07,0.00584331070422195
"4422",1962-02-08,0.00141824565662318
"4423",1962-02-09,0.00149565787415895
"4424",1962-02-10,0.000120413688193821
"4425",1962-02-11,0.00103618303165476
"4426",1962-02-12,0.0151271012100551
"4427",1962-02-13,9.43729770597201e-06
"4428",1962-02-14,2.76370712981588e-06
"4429",1962-02-15,0.00811525818249947
"4430",1962-02-16,0.00100035036615509
"4431",1962-02-17,3.88023744903876e-05
"4432",1962-02-18,0.000153203183799633
"4433",1962-02-19,7.43207419873215e-06
"4434",1962-02-20,0
"4435",1962-02-21,0
"4436",1962-02-22,2.48197227392666e-06
"4437",1962-02-23,1.04956376389964e-06
"4438",1962-02-24,8.61941254584053e-05
"4439",1962-02-25,0.000163832749819903
"4440",1962-02-26,4.0922298978785e-05
"4441",1962-02-27,0.000257786961697093
"4442",1962-02-28,1.62221022037556e-06
"4443",1962-03-01,0.000286554623471602
"4444",1962-03-02,0.0117432029846896
"4445",1962-03-03,0.0096843342325883
"4446",1962-03-04,0.000530499588592193
"4447",1962-03-05,5.39410388000761e-05
"4448",1962-03-06,3.34031017246161e-06
"4449",1962-03-07,0.00043492784703858
"4450",1962-03-08,9.91634442470968e-06
"4451",1962-03-09,6.07170780995148e-05
"4452",1962-03-10,0.00765779410721734
"4453",1962-03-11,4.42342015958275e-05
"4454",1962-03-12,0
"4455",1962-03-13,0
"4456",1962-03-14,2.76695072898292e-06
"4457",1962-03-15,1.79222500378273e-05
"4458",1962-03-16,0
"4459",1962-03-17,2.87668399323593e-07
"4460",1962-03-18,0
"4461",1962-03-19,2.22079306695377e-05
"4462",1962-03-20,0.000603355369207748
"4463",1962-03-21,2.28782317890364e-06
"4464",1962-03-22,0.000125676499806104
"4465",1962-03-23,7.91160073276842e-06
"4466",1962-03-24,0
"4467",1962-03-25,1.35467021209479e-05
"4468",1962-03-26,0.001572995854076
"4469",1962-03-27,0.000987853562037344
"4470",1962-03-28,8.0068060128724e-05
"4471",1962-03-29,0.000165970542866489
"4472",1962-03-30,0.00526803010694721
"4473",1962-03-31,0.0215397631127416
"4474",1962-04-01,0.00525484686659183
"4475",1962-04-02,0.000717850813657606
"4476",1962-04-03,0.0176063950862613
"4477",1962-04-04,0.000623283637878558
"4478",1962-04-05,4.00244800857763e-06
"4479",1962-04-06,0.000720380771213058
"4480",1962-04-07,0.00104401031103407
"4481",1962-04-08,0.00215125364411506
"4482",1962-04-09,0.00544704643198202
"4483",1962-04-10,0.00104186462039024
"4484",1962-04-11,0.0120077949495681
"4485",1962-04-12,0.00116029576332721
"4486",1962-04-13,0.000572622248910193
"4487",1962-04-14,9.52961613620573e-07
"4488",1962-04-15,0
"4489",1962-04-16,0
"4490",1962-04-17,0.00439624285809259
"4491",1962-04-18,6.67270910525986e-07
"4492",1962-04-19,0.000600389507781074
"4493",1962-04-20,0.000761339136261086
"4494",1962-04-21,0.0048134666761257
"4495",1962-04-22,0.00228739956145319
"4496",1962-04-23,0.000105682692492337
"4497",1962-04-24,0.000719181523891166
"4498",1962-04-25,0
"4499",1962-04-26,0.00479807172814617
"4500",1962-04-27,0.00011661267802765
"4501",1962-04-28,0.000562580093173892
"4502",1962-04-29,0.000578021971705311
"4503",1962-04-30,0
"4504",1962-05-01,5.71381406189175e-07
"4505",1962-05-02,4.79447486156914e-08
"4506",1962-05-03,0.000206218148377957
"4507",1962-05-04,0.000759731577090861
"4508",1962-05-05,1.91515737810732e-05
"4509",1962-05-06,0.0079087313497439
"4510",1962-05-07,0.00017367316814898
"4511",1962-05-08,0.00109965921546973
"4512",1962-05-09,2.91603489017689e-05
"4513",1962-05-10,0.00411401133783329
"4514",1962-05-11,0.00244805260899739
"4515",1962-05-12,0.00055568940615558
"4516",1962-05-13,0.000430940185822237
"4517",1962-05-14,0.000470542479888536
"4518",1962-05-15,1.4096952043019e-05
"4519",1962-05-16,0.00103972801213104
"4520",1962-05-17,0.00556561844223324
"4521",1962-05-18,0.00728947576760675
"4522",1962-05-19,0.00954987388013251
"4523",1962-05-20,0.0106689049425768
"4524",1962-05-21,0.000126422044502306
"4525",1962-05-22,0.00680011513759382
"4526",1962-05-23,0.0036249574040994
"4527",1962-05-24,0.000614684469837812
"4528",1962-05-25,0.00948598554458613
"4529",1962-05-26,0.000588702783716144
"4530",1962-05-27,0.00048236423117487
"4531",1962-05-28,0.000823938669782365
"4532",1962-05-29,0.0018582695432201
"4533",1962-05-30,0.000529132225778994
"4534",1962-05-31,0.00204168718119035
"4535",1962-06-01,0.000216821148796953
"4536",1962-06-02,0.000109267482912401
"4537",1962-06-03,0
"4538",1962-06-04,0.000161858189358099
"4539",1962-06-05,0.000403651554051976
"4540",1962-06-06,0
"4541",1962-06-07,0
"4542",1962-06-08,0
"4543",1962-06-09,0
"4544",1962-06-10,7.05232781683662e-06
"4545",1962-06-11,0.000500348983393906
"4546",1962-06-12,4.16224731338843e-05
"4547",1962-06-13,0.00659345004322631
"4548",1962-06-14,0.000149703117244826
"4549",1962-06-15,2.68659209154976e-05
"4550",1962-06-16,0.000324102816477989
"4551",1962-06-17,3.71746159544273e-06
"4552",1962-06-18,7.34419154468924e-06
"4553",1962-06-19,0.0220356161444215
"4554",1962-06-20,0.0113093310519616
"4555",1962-06-21,0.00142215224508391
"4556",1962-06-22,0.00278928323666605
"4557",1962-06-23,0.000582915106065229
"4558",1962-06-24,0.0099558503727053
"4559",1962-06-25,0.00589226795301556
"4560",1962-06-26,0.000536318599813512
"4561",1962-06-27,0.000132747621137241
"4562",1962-06-28,0.00302118607123703
"4563",1962-06-29,0.000294072723079353
"4564",1962-06-30,4.36284472016268e-05
"4565",1962-07-01,0
"4566",1962-07-02,1.94023041331093e-05
"4567",1962-07-03,0.00696805733969086
"4568",1962-07-04,0.00163356847315299
"4569",1962-07-05,0.00625986042905424
"4570",1962-07-06,0.00174621200170577
"4571",1962-07-07,0.000664373132565288
"4572",1962-07-08,0.00023037207301968
"4573",1962-07-09,0
"4574",1962-07-10,0.000213819782459268
"4575",1962-07-11,0.00396811303744471
"4576",1962-07-12,0.0106467815348879
"4577",1962-07-13,0.00246713943744226
"4578",1962-07-14,0.000395676164089309
"4579",1962-07-15,0.000762540362813979
"4580",1962-07-16,0.00198773099054961
"4581",1962-07-17,0.00512250343570031
"4582",1962-07-18,1.36444085114817e-05
"4583",1962-07-19,0.00027154927090578
"4584",1962-07-20,0.00716375467163743
"4585",1962-07-21,0.0216347635287093
"4586",1962-07-22,0.0129149029962718
"4587",1962-07-23,0.00969851120407839
"4588",1962-07-24,2.1918543211541e-06
"4589",1962-07-25,0.000116893395897932
"4590",1962-07-26,0.00373674538565183
"4591",1962-07-27,0.000397986428765762
"4592",1962-07-28,6.11821669735946e-05
"4593",1962-07-29,0.00048935961422103
"4594",1962-07-30,0.000351050832534838
"4595",1962-07-31,0.00639768078781344
"4596",1962-08-01,0.000252228249109976
"4597",1962-08-02,0.00354310045077
"4598",1962-08-03,0.0025477704080572
"4599",1962-08-04,0.00859761113616742
"4600",1962-08-05,0.0060175102444191
"4601",1962-08-06,0.0172979094932089
"4602",1962-08-07,0.0140325642534549
"4603",1962-08-08,0.0115941253532128
"4604",1962-08-09,8.63005482187873e-07
"4605",1962-08-10,0.0172293494097175
"4606",1962-08-11,0.00524086312344707
"4607",1962-08-12,0.0040760311021586
"4608",1962-08-13,0
"4609",1962-08-14,0
"4610",1962-08-15,0.000542260363317837
"4611",1962-08-16,0.0133417392207775
"4612",1962-08-17,0.00728347718450095
"4613",1962-08-18,0.0271886414848268
"4614",1962-08-19,0.0012740228265784
"4615",1962-08-20,0
"4616",1962-08-21,0.0035002102749786
"4617",1962-08-22,0.00999664254777599
"4618",1962-08-23,0.00503312262765121
"4619",1962-08-24,0.0130387310371134
"4620",1962-08-25,0.000517027082935329
"4621",1962-08-26,0.000398153897776865
"4622",1962-08-27,0.0261768030022722
"4623",1962-08-28,5.62071176091195e-06
"4624",1962-08-29,1.71462488651741e-06
"4625",1962-08-30,0.00754032915574498
"4626",1962-08-31,0.000559651828325514
"4627",1962-09-01,0.00125685197508574
"4628",1962-09-02,0.00354371053344948
"4629",1962-09-03,0.00391153419366219
"4630",1962-09-04,0.00547982499352884
"4631",1962-09-05,0.0127779232877856
"4632",1962-09-06,0.000615780466262095
"4633",1962-09-07,0.0032482452234035
"4634",1962-09-08,0.00133304353909125
"4635",1962-09-09,0.00282085180333524
"4636",1962-09-10,0.0204978256369941
"4637",1962-09-11,0
"4638",1962-09-12,0.00387432757128181
"4639",1962-09-13,1.22881447168766e-05
"4640",1962-09-14,0
"4641",1962-09-15,0.0044233282260393
"4642",1962-09-16,0.00612917571106664
"4643",1962-09-17,0.00231794269603824
"4644",1962-09-18,0.000828124416329956
"4645",1962-09-19,0.000271588225359665
"4646",1962-09-20,0
"4647",1962-09-21,0
"4648",1962-09-22,5.33691036253003e-06
"4649",1962-09-23,5.71592062215132e-05
"4650",1962-09-24,0.000779116791932211
"4651",1962-09-25,0.000426707721942421
"4652",1962-09-26,1.45601875374268e-05
"4653",1962-09-27,1.90513787856617e-07
"4654",1962-09-28,0.000218543104836044
"4655",1962-09-29,0.000229721764299029
"4656",1962-09-30,0.00148859595640261
"4657",1962-10-01,0.00574696563558064
"4658",1962-10-02,0.00995690070874389
"4659",1962-10-03,0.00279117136142304
"4660",1962-10-04,7.43698223004685e-06
"4661",1962-10-05,4.98158866548692e-05
"4662",1962-10-06,3.74788053250086e-05
"4663",1962-10-07,2.09188755206924e-05
"4664",1962-10-08,2.52497265478269e-05
"4665",1962-10-09,4.60423321442249e-05
"4666",1962-10-10,0.000256237344729016
"4667",1962-10-11,6.74205741653111e-05
"4668",1962-10-12,5.73439308482193e-07
"4669",1962-10-13,6.55968224769765e-05
"4670",1962-10-14,2.91326878141263e-05
"4671",1962-10-15,0.00308819420479267
"4672",1962-10-16,0.000369032125377089
"4673",1962-10-17,0
"4674",1962-10-18,0.000429754487868195
"4675",1962-10-19,0
"4676",1962-10-20,0
"4677",1962-10-21,0
"4678",1962-10-22,0
"4679",1962-10-23,0.000238131782907658
"4680",1962-10-24,3.81580207431398e-07
"4681",1962-10-25,0.00295681291936489
"4682",1962-10-26,0.00459817540763652
"4683",1962-10-27,0.00151615094728186
"4684",1962-10-28,0.0157921485370025
"4685",1962-10-29,0.00111064311295195
"4686",1962-10-30,0.0148664320759053
"4687",1962-10-31,0.0130456660408527
"4688",1962-11-01,0.0065975590886751
"4689",1962-11-02,4.12516706660426e-05
"4690",1962-11-03,0.00110218698716835
"4691",1962-11-04,0.00784121770993806
"4692",1962-11-05,0.000340594498084101
"4693",1962-11-06,0.000176990376530739
"4694",1962-11-07,0.000344355018910392
"4695",1962-11-08,0.000185227037661662
"4696",1962-11-09,0.00020577066925398
"4697",1962-11-10,3.51061196397495e-05
"4698",1962-11-11,0.000291269757326518
"4699",1962-11-12,0.00526665680990845
"4700",1962-11-13,0.00121114065041183
"4701",1962-11-14,0.0142992176897678
"4702",1962-11-15,0.00996863350940203
"4703",1962-11-16,3.83512097528182e-05
"4704",1962-11-17,6.37900939182146e-05
"4705",1962-11-18,0.000621403414925226
"4706",1962-11-19,0.000947206988143989
"4707",1962-11-20,8.87754185896483e-06
"4708",1962-11-21,0.000784499799635796
"4709",1962-11-22,0.000107973960208341
"4710",1962-11-23,2.55304084895158e-05
"4711",1962-11-24,0.00617773356952966
"4712",1962-11-25,0.00227529489370681
"4713",1962-11-26,0
"4714",1962-11-27,0
"4715",1962-11-28,5.28399832546711e-05
"4716",1962-11-29,0.00494220921609667
"4717",1962-11-30,5.48504829112062e-06
"4718",1962-12-01,3.33675473029871e-07
"4719",1962-12-02,0
"4720",1962-12-03,0
"4721",1962-12-04,0
"4722",1962-12-05,8.51122257472525e-06
"4723",1962-12-06,4.10362957836696e-06
"4724",1962-12-07,6.2121723715336e-05
"4725",1962-12-08,0.00918244795593637
"4726",1962-12-09,0.00649421056721167
"4727",1962-12-10,0
"4728",1962-12-11,0.0048016904747783
"4729",1962-12-12,0.00829219083243515
"4730",1962-12-13,0.000746337054579271
"4731",1962-12-14,0.00332119404998821
"4732",1962-12-15,0.0136029421846615
"4733",1962-12-16,0.00460606510750949
"4734",1962-12-17,0.000279360093372816
"4735",1962-12-18,0.000282376718303112
"4736",1962-12-19,1.21117722642339e-05
"4737",1962-12-20,0.000351860226487588
"4738",1962-12-21,4.85654230146793e-05
"4739",1962-12-22,0.000163715077178495
"4740",1962-12-23,0.000355317527464649
"4741",1962-12-24,0.000355353740701503
"4742",1962-12-25,0.00500036104665469
"4743",1962-12-26,0.000617960430133735
"4744",1962-12-27,8.96836252195499e-06
"4745",1962-12-28,0.000694335491971287
"4746",1962-12-29,0.000452787315509795
"4747",1962-12-30,0.000382215182185064
"4748",1962-12-31,3.44608804425661e-06
"4749",1963-01-01,2.9577049076579e-06
"4750",1963-01-02,9.64307326967173e-06
"4751",1963-01-03,2.57596446999742e-05
"4752",1963-01-04,8.40426637296332e-05
"4753",1963-01-05,0.000552667703232146
"4754",1963-01-06,5.62868535780581e-06
"4755",1963-01-07,9.5367431640625e-07
"4756",1963-01-08,9.52568939283083e-08
"4757",1963-01-09,2.87668342480174e-07
"4758",1963-01-10,1.17871757083776e-05
"4759",1963-01-11,2.49312626010578e-06
"4760",1963-01-12,6.10378447163384e-06
"4761",1963-01-13,6.77868966363349e-05
"4762",1963-01-14,3.69174523484617e-06
"4763",1963-01-15,8.04498642992257e-06
"4764",1963-01-16,3.20945092653346e-05
"4765",1963-01-17,0.000367274249867933
"4766",1963-01-18,0.000329821066770819
"4767",1963-01-19,3.26936711871895e-05
"4768",1963-01-20,6.67270910525986e-07
"4769",1963-01-21,0
"4770",1963-01-22,0
"4771",1963-01-23,6.60751851455643e-06
"4772",1963-01-24,0
"4773",1963-01-25,0.000859271456931765
"4774",1963-01-26,0.00107627060720006
"4775",1963-01-27,0
"4776",1963-01-28,9.99917438093689e-06
"4777",1963-01-29,0.000684540716065385
"4778",1963-01-30,0.00150373506949109
"4779",1963-01-31,1.42060529242372e-05
"4780",1963-02-01,6.46188993869146e-05
"4781",1963-02-02,3.20211782991464e-05
"4782",1963-02-03,0.00126295908739849
"4783",1963-02-04,0.000259650979387516
"4784",1963-02-05,0.000154551151808846
"4785",1963-02-06,2.94430286658098e-05
"4786",1963-02-07,2.04247094757193e-05
"4787",1963-02-08,9.30643415131271e-05
"4788",1963-02-09,5.67795074744026e-05
"4789",1963-02-10,0.000314542712658294
"4790",1963-02-11,0.000962746466939279
"4791",1963-02-12,0.000647135071631055
"4792",1963-02-13,0.0034381481605692
"4793",1963-02-14,0.00434300847427949
"4794",1963-02-15,7.64222259022063e-05
"4795",1963-02-16,1.97844986473683e-05
"4796",1963-02-17,2.38963003198478e-05
"4797",1963-02-18,1.24466527040568e-06
"4798",1963-02-19,1.10970853484105e-05
"4799",1963-02-20,3.65469210237279e-05
"4800",1963-02-21,0
"4801",1963-02-22,0.000259137940020082
"4802",1963-02-23,9.69886888775306e-05
"4803",1963-02-24,0.000443593484362736
"4804",1963-02-25,6.48449179152522e-06
"4805",1963-02-26,0.00013495404709829
"4806",1963-02-27,6.26520932200947e-05
"4807",1963-02-28,0
"4808",1963-03-01,2.34912059795533e-05
"4809",1963-03-02,4.77881246752077e-06
"4810",1963-03-03,6.71226416670834e-07
"4811",1963-03-04,0
"4812",1963-03-05,0.000784715023257831
"4813",1963-03-06,0.00522576672301511
"4814",1963-03-07,0.00136500256292038
"4815",1963-03-08,1.72166822913766e-05
"4816",1963-03-09,0.000327378513190979
"4817",1963-03-10,0.000201948060748691
"4818",1963-03-11,0.00173478700162377
"4819",1963-03-12,0.00094323327539314
"4820",1963-03-13,0.00010872184816435
"4821",1963-03-14,0
"4822",1963-03-15,3.62798641617701e-06
"4823",1963-03-16,3.83062263722422e-05
"4824",1963-03-17,0.00402988534187898
"4825",1963-03-18,0.00069296671824759
"4826",1963-03-19,3.86493518789166e-06
"4827",1963-03-20,0.000163267821108093
"4828",1963-03-21,3.24221053915608e-06
"4829",1963-03-22,1.05732453903329e-05
"4830",1963-03-23,3.71888762629169e-06
"4831",1963-03-24,2.65489017579057e-05
"4832",1963-03-25,0.00276079820650921
"4833",1963-03-26,0.000983778288059511
"4834",1963-03-27,0.00126479072696384
"4835",1963-03-28,0.00106582946955314
"4836",1963-03-29,0.00723636755702728
"4837",1963-03-30,0.000163609032767909
"4838",1963-03-31,0.000462538566353032
"4839",1963-04-01,7.55194645307711e-05
"4840",1963-04-02,0.00112579051892681
"4841",1963-04-03,0.00037995183475914
"4842",1963-04-04,0.00182289082204079
"4843",1963-04-05,0.000260366967268055
"4844",1963-04-06,0
"4845",1963-04-07,0
"4846",1963-04-08,0
"4847",1963-04-09,0
"4848",1963-04-10,4.49343741024677e-05
"4849",1963-04-11,0.00796629997512355
"4850",1963-04-12,0.000837722691812814
"4851",1963-04-13,0
"4852",1963-04-14,0.00503264300135697
"4853",1963-04-15,0.0208732823784885
"4854",1963-04-16,0
"4855",1963-04-17,0
"4856",1963-04-18,0.00218559938696217
"4857",1963-04-19,0.00446532001797095
"4858",1963-04-20,1.03940440681072e-05
"4859",1963-04-21,0.000354230421123702
"4860",1963-04-22,0.0018975594866788
"4861",1963-04-23,0.00184120714584424
"4862",1963-04-24,2.31659154792396e-05
"4863",1963-04-25,9.58894474933913e-08
"4864",1963-04-26,0
"4865",1963-04-27,4.8890617847519e-05
"4866",1963-04-28,0.000223684716388561
"4867",1963-04-29,0.000936229317630932
"4868",1963-04-30,0.000134343612728571
"4869",1963-05-01,0.000128012636253061
"4870",1963-05-02,0.00838439281505998
"4871",1963-05-03,0.00258696271930603
"4872",1963-05-04,2.38339271163568e-06
"4873",1963-05-05,0.00318423499356868
"4874",1963-05-06,0.000729118618153279
"4875",1963-05-07,0.000684606530739984
"4876",1963-05-08,4.76284640171798e-07
"4877",1963-05-09,0.000432981489609574
"4878",1963-05-10,0.00679044057324063
"4879",1963-05-11,0.00491470940687577
"4880",1963-05-12,0.00108402601927082
"4881",1963-05-13,0.0024236754027811
"4882",1963-05-14,0.0027024890845837
"4883",1963-05-15,0.000345611689795078
"4884",1963-05-16,1.91778951830202e-07
"4885",1963-05-17,0.00464955271161216
"4886",1963-05-18,0.00326175480762458
"4887",1963-05-19,0.00865492767479736
"4888",1963-05-20,0.000221322694073933
"4889",1963-05-21,0.013225260669401
"4890",1963-05-22,0.0145815023597606
"4891",1963-05-23,0.000493893717589344
"4892",1963-05-24,0.000739895390552192
"4893",1963-05-25,0.00630819686767836
"4894",1963-05-26,0.00119822108672452
"4895",1963-05-27,0.00405069395600322
"4896",1963-05-28,0.000301671786303359
"4897",1963-05-29,0.000635245761259284
"4898",1963-05-30,1.60205963766202e-05
"4899",1963-05-31,0
"4900",1963-06-01,0
"4901",1963-06-02,0.00257060377134621
"4902",1963-06-03,0.000317257652568514
"4903",1963-06-04,0.000531625225733023
"4904",1963-06-05,0
"4905",1963-06-06,0
"4906",1963-06-07,0.00015840773266973
"4907",1963-06-08,0
"4908",1963-06-09,0.00225505575326679
"4909",1963-06-10,0.00337914640613235
"4910",1963-06-11,0.000160419194571659
"4911",1963-06-12,0.000459652744265071
"4912",1963-06-13,0.00104538516353614
"4913",1963-06-14,0.000314855524209179
"4914",1963-06-15,0.00251818838870577
"4915",1963-06-16,0.000455860959050369
"4916",1963-06-17,0.00273971504998372
"4917",1963-06-18,0.00490148387325462
"4918",1963-06-19,0.0189483822693433
"4919",1963-06-20,0.0019380639645874
"4920",1963-06-21,0.000243578982917825
"4921",1963-06-22,0.00420341159133386
"4922",1963-06-23,0.0011494759451125
"4923",1963-06-24,0.000660192590601127
"4924",1963-06-25,0.00604074627580076
"4925",1963-06-26,0.0192877089510262
"4926",1963-06-27,0.00940234404606599
"4927",1963-06-28,0.0011138799800392
"4928",1963-06-29,0.00154180858783093
"4929",1963-06-30,3.58773279458546e-05
"4930",1963-07-01,0.00542146740417593
"4931",1963-07-02,5.38139939862958e-05
"4932",1963-07-03,0.000439416044685004
"4933",1963-07-04,2.09620504278973e-05
"4934",1963-07-05,0
"4935",1963-07-06,0.000105486099869267
"4936",1963-07-07,0.00240257677523914
"4937",1963-07-08,0.00157135615188508
"4938",1963-07-09,0.000865047342074377
"4939",1963-07-10,0.00181573415471803
"4940",1963-07-11,0.00324864394497126
"4941",1963-07-12,0.000586909946832748
"4942",1963-07-13,0.00299970375272096
"4943",1963-07-14,0.00350850862736252
"4944",1963-07-15,0.00285121288402479
"4945",1963-07-16,0.00783812373811088
"4946",1963-07-17,0.000444690252038527
"4947",1963-07-18,0.00172047816511167
"4948",1963-07-19,0.00119824345011921
"4949",1963-07-20,0.00347666150628356
"4950",1963-07-21,0
"4951",1963-07-22,0
"4952",1963-07-23,0
"4953",1963-07-24,0.00208248415310663
"4954",1963-07-25,0.0033144360058941
"4955",1963-07-26,2.01982957150904e-05
"4956",1963-07-27,0
"4957",1963-07-28,0.000153827177200583
"4958",1963-07-29,2.70528780674795e-05
"4959",1963-07-30,0
"4960",1963-07-31,0.000254256553034793
"4961",1963-08-01,0.00823571147338953
"4962",1963-08-02,0.00508400421318811
"4963",1963-08-03,1.24026728940407e-05
"4964",1963-08-04,0.000949943037994672
"4965",1963-08-05,0.0116112395912751
"4966",1963-08-06,0.000782971469845961
"4967",1963-08-07,7.13351736862933e-05
"4968",1963-08-08,0.0150471724473391
"4969",1963-08-09,0.00433324784955857
"4970",1963-08-10,0.00550038351684634
"4971",1963-08-11,0.00863559379649814
"4972",1963-08-12,0.00693712379143108
"4973",1963-08-13,0.0107038533315063
"4974",1963-08-14,0.000577317902582308
"4975",1963-08-15,0.00235028869053622
"4976",1963-08-16,0.013056194249657
"4977",1963-08-17,0.00319696885537724
"4978",1963-08-18,0.000902330258611528
"4979",1963-08-19,0.0241188736545155
"4980",1963-08-20,0.0103297547875627
"4981",1963-08-21,0.00225797950463402
"4982",1963-08-22,0.00134613659793104
"4983",1963-08-23,0.000283088142168708
"4984",1963-08-24,0.0106158394111162
"4985",1963-08-25,0.00830378579837543
"4986",1963-08-26,0.0120490570151333
"4987",1963-08-27,0.0155098159593763
"4988",1963-08-28,0.00286553856773253
"4989",1963-08-29,0.0004322759907609
"4990",1963-08-30,0.000631705879811761
"4991",1963-08-31,0.00372817638424294
"4992",1963-09-01,0.0131234846234634
"4993",1963-09-02,0.0011438294849313
"4994",1963-09-03,0.00350936655104306
"4995",1963-09-04,0.00928579951869324
"4996",1963-09-05,0.00280914361792384
"4997",1963-09-06,0.000715359931916737
"4998",1963-09-07,0.000115017019481911
"4999",1963-09-08,0.00173088903085272
"5000",1963-09-09,0.0139786709769396
"5001",1963-09-10,0.00126643962630624
"5002",1963-09-11,0
"5003",1963-09-12,0
"5004",1963-09-13,7.27605515749019e-06
"5005",1963-09-14,0.000906342374037195
"5006",1963-09-15,3.5297186968819e-06
"5007",1963-09-16,1.72205528770064e-06
"5008",1963-09-17,4.56478628052537e-05
"5009",1963-09-18,4.02084289703453e-05
"5010",1963-09-19,0
"5011",1963-09-20,0
"5012",1963-09-21,0
"5013",1963-09-22,0.000509574186423833
"5014",1963-09-23,3.62805855047554e-06
"5015",1963-09-24,0.00366909577695651
"5016",1963-09-25,0.00484103358940047
"5017",1963-09-26,0.00917269253477571
"5018",1963-09-27,0.00110122745149965
"5019",1963-09-28,0
"5020",1963-09-29,0
"5021",1963-09-30,0
"5022",1963-10-01,5.71381406189175e-07
"5023",1963-10-02,0.0111299135369336
"5024",1963-10-03,0.00439988447891437
"5025",1963-10-04,0.00361352558689987
"5026",1963-10-05,0.000727416133486258
"5027",1963-10-06,0.00215606990605011
"5028",1963-10-07,4.9583270651965e-05
"5029",1963-10-08,0.00232742400550023
"5030",1963-10-09,0.0044715240945834
"5031",1963-10-10,0.00167885324117378
"5032",1963-10-11,0.00178320599582094
"5033",1963-10-12,0.00163982075719105
"5034",1963-10-13,0.0251097010914236
"5035",1963-10-14,0.00219852738791815
"5036",1963-10-15,9.58262262429344e-07
"5037",1963-10-16,0.00733267723916242
"5038",1963-10-17,0.00060269195211049
"5039",1963-10-18,0.000988433916461418
"5040",1963-10-19,0.000163650398974369
"5041",1963-10-20,0.000474346308749318
"5042",1963-10-21,0.00110533799943369
"5043",1963-10-22,0.0099060157817803
"5044",1963-10-23,0
"5045",1963-10-24,0.000103372544231206
"5046",1963-10-25,0.000159255518781265
"5047",1963-10-26,0.000148860431352205
"5048",1963-10-27,0.00012551714047504
"5049",1963-10-28,0.000232351360409666
"5050",1963-10-29,3.51911472762367e-05
"5051",1963-10-30,0.000360828309567296
"5052",1963-10-31,8.56817125622911e-05
"5053",1963-11-01,0.000139437916004681
"5054",1963-11-02,0.00831275898963213
"5055",1963-11-03,0.00047406686735485
"5056",1963-11-04,0.000266212075985095
"5057",1963-11-05,0.00174882950153687
"5058",1963-11-06,0.00300968885130715
"5059",1963-11-07,0.00616268986686919
"5060",1963-11-08,0.00887060911918525
"5061",1963-11-09,0.00195004118359066
"5062",1963-11-10,0
"5063",1963-11-11,0.00606964252710895
"5064",1963-11-12,0.0101996926678112
"5065",1963-11-13,0.0137976308760699
"5066",1963-11-14,0.00564088111786987
"5067",1963-11-15,0.00375119711532079
"5068",1963-11-16,0.00590125693270238
"5069",1963-11-17,0.000124556954574473
"5070",1963-11-18,0.0117677992249128
"5071",1963-11-19,4.95888525620103e-06
"5072",1963-11-20,2.06161811320271e-05
"5073",1963-11-21,0.00795483300277056
"5074",1963-11-22,0.0069159930862952
"5075",1963-11-23,9.11258790097236e-05
"5076",1963-11-24,0.00727542471310016
"5077",1963-11-25,0.00873748284357134
"5078",1963-11-26,0.00957275245838218
"5079",1963-11-27,0.000104548004287608
"5080",1963-11-28,0.000612647714660852
"5081",1963-11-29,0.000345173689311196
"5082",1963-11-30,0.000668142800350324
"5083",1963-12-01,0.000503307618600957
"5084",1963-12-02,0.000144893790093192
"5085",1963-12-03,3.75023877836611e-05
"5086",1963-12-04,3.72007264104468e-06
"5087",1963-12-05,0
"5088",1963-12-06,1.90726825621823e-06
"5089",1963-12-07,0
"5090",1963-12-08,0
"5091",1963-12-09,0.000137649454245548
"5092",1963-12-10,3.24188960121319e-06
"5093",1963-12-11,1.90700100120011e-05
"5094",1963-12-12,6.86654607306991e-06
"5095",1963-12-13,1.90726848359191e-06
"5096",1963-12-14,0
"5097",1963-12-15,7.64715346122102e-05
"5098",1963-12-16,2.85690703094588e-07
"5099",1963-12-17,0.000186839522996252
"5100",1963-12-18,0.00307741690187413
"5101",1963-12-19,0.000222524593365137
"5102",1963-12-20,4.69312302016078e-05
"5103",1963-12-21,1.14418810426287e-06
"5104",1963-12-22,0
"5105",1963-12-23,7.4968686021748e-05
"5106",1963-12-24,5.40349535640416e-05
"5107",1963-12-25,0.00185190994460527
"5108",1963-12-26,0.00033474499099384
"5109",1963-12-27,1.20058150514524e-05
"5110",1963-12-28,0.000275267706172144
"5111",1963-12-29,0.000596124190451519
"5112",1963-12-30,0.00227036027990835
"5113",1963-12-31,0.0034775061311052
"5114",1964-01-01,0.000820927009044681
"5115",1964-01-02,0.000205220009718232
"5116",1964-01-03,0.000352577230842144
"5117",1964-01-04,0.000406251501772203
"5118",1964-01-05,0.00282991753175565
"5119",1964-01-06,5.04689057834184e-05
"5120",1964-01-07,0.0001036048830656
"5121",1964-01-08,1.43114397133104e-06
"5122",1964-01-09,0.000275873531791149
"5123",1964-01-10,0.000236558633332606
"5124",1964-01-11,0.000252824503093052
"5125",1964-01-12,0.000430243517826057
"5126",1964-01-13,6.78181004332146e-06
"5127",1964-01-14,0
"5128",1964-01-15,0
"5129",1964-01-16,0
"5130",1964-01-17,0
"5131",1964-01-18,4.7746959808137e-07
"5132",1964-01-19,5.72078027971656e-06
"5133",1964-01-20,0.000332833353184014
"5134",1964-01-21,2.66916345026402e-06
"5135",1964-01-22,0
"5136",1964-01-23,5.17815163867397e-05
"5137",1964-01-24,0
"5138",1964-01-25,0
"5139",1964-01-26,0.00226910732430952
"5140",1964-01-27,0
"5141",1964-01-28,0.00245678656818882
"5142",1964-01-29,0.0019645672855404
"5143",1964-01-30,0.0081497774217496
"5144",1964-01-31,0.000477598000543367
"5145",1964-02-01,0.00809220465521321
"5146",1964-02-02,7.49908932107246e-05
"5147",1964-02-03,0.00294881849549711
"5148",1964-02-04,6.51985254762621e-06
"5149",1964-02-05,5.25782516547224e-05
"5150",1964-02-06,1.2465634426917e-06
"5151",1964-02-07,2.61247705566348e-05
"5152",1964-02-08,0
"5153",1964-02-09,0
"5154",1964-02-10,0
"5155",1964-02-11,1.31623505694733e-05
"5156",1964-02-12,0.000145854854338268
"5157",1964-02-13,0.000404655548265964
"5158",1964-02-14,4.04349041218666e-05
"5159",1964-02-15,0.00341204323558486
"5160",1964-02-16,0.00138686632703866
"5161",1964-02-17,0.000715316105413422
"5162",1964-02-18,8.63005197970779e-07
"5163",1964-02-19,2.85690703094588e-07
"5164",1964-02-20,2.95872979449996e-06
"5165",1964-02-21,9.35944052571358e-06
"5166",1964-02-22,0.000918640731470077
"5167",1964-02-23,4.79529010135593e-05
"5168",1964-02-24,0.000640172496957803
"5169",1964-02-25,0.000543894087968511
"5170",1964-02-26,0.000324284979797085
"5171",1964-02-27,0.00688761442143004
"5172",1964-02-28,0.00157480788675457
"5173",1964-02-29,0.00164303968813329
"5174",1964-03-01,2.37688976199024e-05
"5175",1964-03-02,0.000256358143815305
"5176",1964-03-03,0.00057374060810389
"5177",1964-03-04,0.000118529663268419
"5178",1964-03-05,1.02984047885002e-05
"5179",1964-03-06,0.000305566861584339
"5180",1964-03-07,2.94738553066054e-05
"5181",1964-03-08,1.0689314137835e-05
"5182",1964-03-09,0
"5183",1964-03-10,6.71226359827415e-07
"5184",1964-03-11,0
"5185",1964-03-12,1.91778951830202e-07
"5186",1964-03-13,8.96393572702436e-06
"5187",1964-03-14,6.19880188423849e-06
"5188",1964-03-15,4.00521105348162e-06
"5189",1964-03-16,0
"5190",1964-03-17,1.26840077996349e-05
"5191",1964-03-18,6.85867295828757e-05
"5192",1964-03-19,3.31211649609031e-05
"5193",1964-03-20,3.2518203397558e-05
"5194",1964-03-21,0.000701583318914345
"5195",1964-03-22,0.00221297591633629
"5196",1964-03-23,9.18163216283574e-05
"5197",1964-03-24,1.90513787856617e-07
"5198",1964-03-25,0
"5199",1964-03-26,0
"5200",1964-03-27,0
"5201",1964-03-28,3.81580207431398e-07
"5202",1964-03-29,1.04956376389964e-06
"5203",1964-03-30,0
"5204",1964-03-31,0
"5205",1964-04-01,0
"5206",1964-04-02,0
"5207",1964-04-03,0
"5208",1964-04-04,0
"5209",1964-04-05,4.76837158203125e-07
"5210",1964-04-06,1.58126522933344e-05
"5211",1964-04-07,0.00117375972786249
"5212",1964-04-08,0.000801873407908715
"5213",1964-04-09,0.000175127019360843
"5214",1964-04-10,0.000342055078306203
"5215",1964-04-11,4.19673438614154e-05
"5216",1964-04-12,0.00663177642672963
"5217",1964-04-13,0.00017534578626055
"5218",1964-04-14,0.00100366504210569
"5219",1964-04-15,7.46944861589327e-05
"5220",1964-04-16,0.00147165283669892
"5221",1964-04-17,0.000119356935272208
"5222",1964-04-18,0
"5223",1964-04-19,0
"5224",1964-04-20,0.000195444436542402
"5225",1964-04-21,5.9366842037889e-06
"5226",1964-04-22,0.00381713751795587
"5227",1964-04-23,0.00760341677909082
"5228",1964-04-24,0.00155222088909568
"5229",1964-04-25,0
"5230",1964-04-26,0.00128961697021168
"5231",1964-04-27,0.000988362342809523
"5232",1964-04-28,0.00291131683758294
"5233",1964-04-29,0.00548646206152625
"5234",1964-04-30,0.000713145331246778
"5235",1964-05-01,9.19923859328264e-05
"5236",1964-05-02,0.000179945755633071
"5237",1964-05-03,0.00035966165063428
"5238",1964-05-04,0.00753248764692671
"5239",1964-05-05,0.000591058686609358
"5240",1964-05-06,0.000132499816402287
"5241",1964-05-07,0.000731209557670809
"5242",1964-05-08,0.0129166189180978
"5243",1964-05-09,9.05145835190524e-05
"5244",1964-05-10,0.00327131692063176
"5245",1964-05-11,0.003060900847629
"5246",1964-05-12,0.000751007984035823
"5247",1964-05-13,0.00267207292745297
"5248",1964-05-14,0.000175141202817031
"5249",1964-05-15,0
"5250",1964-05-16,9.52569450873852e-07
"5251",1964-05-17,0.000389936962392312
"5252",1964-05-18,0
"5253",1964-05-19,0.00101905602787156
"5254",1964-05-20,2.80942344943469e-05
"5255",1964-05-21,2.59064302099432e-05
"5256",1964-05-22,0.000463050979988111
"5257",1964-05-23,0
"5258",1964-05-24,7.50456429159385e-05
"5259",1964-05-25,0.0011491063523863
"5260",1964-05-26,0.00173132492949435
"5261",1964-05-27,0.00205946200730978
"5262",1964-05-28,8.49351454235148e-05
"5263",1964-05-29,0
"5264",1964-05-30,0
"5265",1964-05-31,7.81982726039132e-06
"5266",1964-06-01,0.000155239767991588
"5267",1964-06-02,0.0025767078546437
"5268",1964-06-03,0.0156085757043911
"5269",1964-06-04,0.00473849152001549
"5270",1964-06-05,0.00136292316057052
"5271",1964-06-06,0.00245393574186892
"5272",1964-06-07,0.00804789576977782
"5273",1964-06-08,0.0129413685004351
"5274",1964-06-09,5.00285350426566e-05
"5275",1964-06-10,0.00309645522901292
"5276",1964-06-11,0.00712263102514044
"5277",1964-06-12,1.62418803029141e-06
"5278",1964-06-13,0
"5279",1964-06-14,0.000259486979359735
"5280",1964-06-15,0.00611792842624936
"5281",1964-06-16,0.00239578568965726
"5282",1964-06-17,0.00097251917424046
"5283",1964-06-18,1.6969439911918e-05
"5284",1964-06-19,0.0350241569949503
"5285",1964-06-20,0.000423733586728758
"5286",1964-06-21,0.0024223989275356
"5287",1964-06-22,0.00379052496595023
"5288",1964-06-23,0.0108639278041665
"5289",1964-06-24,0.0110825491246942
"5290",1964-06-25,0
"5291",1964-06-26,8.60680131609115e-06
"5292",1964-06-27,0.00263329919835087
"5293",1964-06-28,5.38421608098361e-05
"5294",1964-06-29,0.000340878997747041
"5295",1964-06-30,0
"5296",1964-07-01,0.000475898824333854
"5297",1964-07-02,0.00143293421274393
"5298",1964-07-03,2.00142034145756e-06
"5299",1964-07-04,0.000340781498152865
"5300",1964-07-05,0.00371282772448467
"5301",1964-07-06,0.000925849738450779
"5302",1964-07-07,0.00302402534242674
"5303",1964-07-08,0.0263876474054996
"5304",1964-07-09,0.00778291122696828
"5305",1964-07-10,0.00470030593078263
"5306",1964-07-11,0.00348224598809566
"5307",1964-07-12,0.0104995400770349
"5308",1964-07-13,4.28070925408974e-05
"5309",1964-07-14,0
"5310",1964-07-15,0.00630773362354375
"5311",1964-07-16,8.45483264129143e-05
"5312",1964-07-17,0
"5313",1964-07-18,8.57312500102125e-07
"5314",1964-07-19,0.00822470395979735
"5315",1964-07-20,0.00260718850768171
"5316",1964-07-21,0.000309748727545411
"5317",1964-07-22,0.00690586566082629
"5318",1964-07-23,0.0234913503518328
"5319",1964-07-24,0.0139112700890109
"5320",1964-07-25,0.00100948046758731
"5321",1964-07-26,6.50250922262785e-05
"5322",1964-07-27,5.7983674253137e-05
"5323",1964-07-28,0.00558262081261773
"5324",1964-07-29,1.04956376389964e-06
"5325",1964-07-30,4.67913904458328e-05
"5326",1964-07-31,0.0028334519447526
"5327",1964-08-01,9.25117107613005e-05
"5328",1964-08-02,2.4298114112753e-05
"5329",1964-08-03,3.14411136059789e-06
"5330",1964-08-04,0
"5331",1964-08-05,0
"5332",1964-08-06,2.7247603043179e-05
"5333",1964-08-07,7.0591339067505e-06
"5334",1964-08-08,0.000144174294007371
"5335",1964-08-09,0.0027712469227481
"5336",1964-08-10,0.000671586834471327
"5337",1964-08-11,5.24821064118441e-06
"5338",1964-08-12,2.15389309801139e-05
"5339",1964-08-13,5.45787020200805e-06
"5340",1964-08-14,1.76123503479175e-05
"5341",1964-08-15,0.000893417071040403
"5342",1964-08-16,0.000844546795633505
"5343",1964-08-17,8.56955357448896e-05
"5344",1964-08-18,0.0101978206885178
"5345",1964-08-19,0.00795672081585508
"5346",1964-08-20,0.00252794616426399
"5347",1964-08-21,0
"5348",1964-08-22,0.000126109501309202
"5349",1964-08-23,0.00737867315962148
"5350",1964-08-24,0.010165434126975
"5351",1964-08-25,0.000369787560146051
"5352",1964-08-26,0.000262102192891689
"5353",1964-08-27,3.67739175999304e-05
"5354",1964-08-28,2.99337187357196e-05
"5355",1964-08-29,0.00697863539772925
"5356",1964-08-30,0.00083710437775153
"5357",1964-08-31,0
"5358",1964-09-01,0
"5359",1964-09-02,5.06260528254643e-06
"5360",1964-09-03,3.5408729104347e-06
"5361",1964-09-04,0
"5362",1964-09-05,6.23419725229724e-05
"5363",1964-09-06,0.0082982970581611
"5364",1964-09-07,0.000456404371504959
"5365",1964-09-08,0.00146249483248084
"5366",1964-09-09,5.05334872968888e-06
"5367",1964-09-10,0
"5368",1964-09-11,0.0039423963295917
"5369",1964-09-12,0.00449748580109599
"5370",1964-09-13,0.000422212338946792
"5371",1964-09-14,0.0105010802797665
"5372",1964-09-15,0.00370845113707219
"5373",1964-09-16,0.00192514122630882
"5374",1964-09-17,0.0168664503626133
"5375",1964-09-18,0.000607123206179949
"5376",1964-09-19,0.00405543044519163
"5377",1964-09-20,0.00957577282315469
"5378",1964-09-21,0.000680247341335871
"5379",1964-09-22,0.000288582609300647
"5380",1964-09-23,0.000758062358158895
"5381",1964-09-24,1.24273503843142e-05
"5382",1964-09-25,1.05478437717466e-06
"5383",1964-09-26,0.0001709328393531
"5384",1964-09-27,0.00621386163788884
"5385",1964-09-28,0.000516134152519498
"5386",1964-09-29,0.000643715305955084
"5387",1964-09-30,0
"5388",1964-10-01,0
"5389",1964-10-02,0
"5390",1964-10-03,0
"5391",1964-10-04,0
"5392",1964-10-05,9.58894474933913e-08
"5393",1964-10-06,0.000309239910677661
"5394",1964-10-07,0.00829902991517883
"5395",1964-10-08,0.0260707642009947
"5396",1964-10-09,0.014690900304231
"5397",1964-10-10,0.0157524244259548
"5398",1964-10-11,0.00881178354302392
"5399",1964-10-12,0.00444625576074031
"5400",1964-10-13,0.0206858467281563
"5401",1964-10-14,0.00905234911715525
"5402",1964-10-15,0.00020581132218922
"5403",1964-10-16,0.0017329938812054
"5404",1964-10-17,0.00812632230736199
"5405",1964-10-18,1.13488285933272e-05
"5406",1964-10-19,9.50510237203162e-05
"5407",1964-10-20,0.00153096288977395
"5408",1964-10-21,0.000823240478439402
"5409",1964-10-22,0.00144866331771709
"5410",1964-10-23,0.0139383290788828
"5411",1964-10-24,0.00882889579224866
"5412",1964-10-25,0.000986576861805588
"5413",1964-10-26,2.39723732420316e-06
"5414",1964-10-27,0.000169030055474195
"5415",1964-10-28,1.25240334796217e-05
"5416",1964-10-29,8.59762394611607e-07
"5417",1964-10-30,1.33541436753148e-06
"5418",1964-10-31,0.000149989150827423
"5419",1964-11-01,0.000868191131417007
"5420",1964-11-02,0.00023096540513734
"5421",1964-11-03,0
"5422",1964-11-04,2.67264618969421e-06
"5423",1964-11-05,1.54793676188092e-05
"5424",1964-11-06,6.68616110033327e-07
"5425",1964-11-07,0
"5426",1964-11-08,0
"5427",1964-11-09,3.86921373625171e-05
"5428",1964-11-10,0.000165457500770572
"5429",1964-11-11,9.04612552403705e-05
"5430",1964-11-12,0.00608906843990553
"5431",1964-11-13,0.000819906066681142
"5432",1964-11-14,0.00822735041128908
"5433",1964-11-15,0.00253908730081776
"5434",1964-11-16,0.00144639786049083
"5435",1964-11-17,1.04885111795738e-06
"5436",1964-11-18,0.000201925515284529
"5437",1964-11-19,0.0056615636863171
"5438",1964-11-20,7.33745304160038e-05
"5439",1964-11-21,4.78042715030824e-05
"5440",1964-11-22,0.00262880291495549
"5441",1964-11-23,0.000119080683077755
"5442",1964-11-24,0.00154965867557166
"5443",1964-11-25,0.000102630998128461
"5444",1964-11-26,0.0019867279051482
"5445",1964-11-27,0.00411180356019258
"5446",1964-11-28,0.00492887317886925
"5447",1964-11-29,0.00153399167174939
"5448",1964-11-30,0.00100707135152334
"5449",1964-12-01,0.000118914115432744
"5450",1964-12-02,0.00766473215117003
"5451",1964-12-03,0.00958157256536651
"5452",1964-12-04,0.000768537573094363
"5453",1964-12-05,2.60509135614484e-05
"5454",1964-12-06,0.00217197254852408
"5455",1964-12-07,0.00861091513058909
"5456",1964-12-08,0.00671289338788483
"5457",1964-12-09,0.0141829140029586
"5458",1964-12-10,0.000216711300936367
"5459",1964-12-11,9.67088826655527e-05
"5460",1964-12-12,0.0149227565598267
"5461",1964-12-13,0.0194068083264938
"5462",1964-12-14,3.74121112258763e-05
"5463",1964-12-15,6.67830841507566e-05
"5464",1964-12-16,3.30088025179975e-05
"5465",1964-12-17,0.000200029955635728
"5466",1964-12-18,9.87745675047336e-05
"5467",1964-12-19,2.24043942580465e-05
"5468",1964-12-20,0.00191477873977419
"5469",1964-12-21,3.43240412803425e-06
"5470",1964-12-22,9.58894474933913e-08
"5471",1964-12-23,1.89362559694928e-05
"5472",1964-12-24,5.09891153797071e-05
"5473",1964-12-25,0
"5474",1964-12-26,0
"5475",1964-12-27,2.07112709631474e-05
"5476",1964-12-28,0.000204762104658585
"5477",1964-12-29,0.000591350665672508
"5478",1964-12-30,0.0246858387836255
"5479",1964-12-31,0.00368040662124258
"5480",1965-01-01,0.000616718845776631
"5481",1965-01-02,0
"5482",1965-01-03,0
"5483",1965-01-04,5.80404753804942e-05
"5484",1965-01-05,0
"5485",1965-01-06,9.52568939283083e-08
"5486",1965-01-07,0.00373128594969785
"5487",1965-01-08,0.00250996577136675
"5488",1965-01-09,0.000749669151446142
"5489",1965-01-10,8.11987500810574e-05
"5490",1965-01-11,0.0189760297234898
"5491",1965-01-12,0.000753671492020658
"5492",1965-01-13,0.00462532476512933
"5493",1965-01-14,0.0121235992846778
"5494",1965-01-15,0.0061809498574803
"5495",1965-01-16,0.00760620290020597
"5496",1965-01-17,0.0169634175836109
"5497",1965-01-18,0.00695415165682789
"5498",1965-01-19,0.00146429086089483
"5499",1965-01-20,0.00281543025630526
"5500",1965-01-21,0.000788500457019836
"5501",1965-01-22,9.01401591022477e-05
"5502",1965-01-23,0.000203639628125529
"5503",1965-01-24,0.000437256176383016
"5504",1965-01-25,0.00145733124151093
"5505",1965-01-26,7.45672853099677e-05
"5506",1965-01-27,0.00113629728639353
"5507",1965-01-28,0.00305115240917075
"5508",1965-01-29,0.00076271368777725
"5509",1965-01-30,0.00021176986018645
"5510",1965-01-31,0
"5511",1965-02-01,0
"5512",1965-02-02,0
"5513",1965-02-03,0
"5514",1965-02-04,0.000148225309089867
"5515",1965-02-05,0
"5516",1965-02-06,0.000698447310242045
"5517",1965-02-07,0
"5518",1965-02-08,0
"5519",1965-02-09,0
"5520",1965-02-10,0
"5521",1965-02-11,0
"5522",1965-02-12,0.00361547795364459
"5523",1965-02-13,0.00237622224540246
"5524",1965-02-14,6.27989610393342e-05
"5525",1965-02-15,0
"5526",1965-02-16,0
"5527",1965-02-17,7.5419264987886e-05
"5528",1965-02-18,0.00202006084964523
"5529",1965-02-19,0.000116987367960064
"5530",1965-02-20,2.97660637897934e-05
"5531",1965-02-21,2.85770738628344e-07
"5532",1965-02-22,8.00328177206211e-05
"5533",1965-02-23,0.000206009723171974
"5534",1965-02-24,1.18210911637107e-05
"5535",1965-02-25,0.00018615518729348
"5536",1965-02-26,0.00146602815914321
"5537",1965-02-27,4.08079174540887e-05
"5538",1965-02-28,2.13351229376713e-05
"5539",1965-03-01,1.42885397735881e-06
"5540",1965-03-02,0
"5541",1965-03-03,6.66798371184996e-07
"5542",1965-03-04,0
"5543",1965-03-05,7.64505500683299e-07
"5544",1965-03-06,1.14410795504227e-06
"5545",1965-03-07,0.000900895714949002
"5546",1965-03-08,0.00629142298657825
"5547",1965-03-09,0
"5548",1965-03-10,0
"5549",1965-03-11,2.57461948649507e-06
"5550",1965-03-12,1.2215641390867e-05
"5551",1965-03-13,1.63532068313543e-05
"5552",1965-03-14,0
"5553",1965-03-15,0.00107269779635644
"5554",1965-03-16,0.00428667141750338
"5555",1965-03-17,0.00126046056931273
"5556",1965-03-18,0.0067240756816318
"5557",1965-03-19,0.00479574543896888
"5558",1965-03-20,9.72535872278968e-06
"5559",1965-03-21,3.2513702592496e-05
"5560",1965-03-22,0
"5561",1965-03-23,0.00133903881976494
"5562",1965-03-24,0.000184385702027612
"5563",1965-03-25,0.000406160768079644
"5564",1965-03-26,3.68718995673589e-05
"5565",1965-03-27,0.00266441541316453
"5566",1965-03-28,0.00045357367298493
"5567",1965-03-29,4.47856484697695e-06
"5568",1965-03-30,0
"5569",1965-03-31,0
"5570",1965-04-01,1.91778894986783e-07
"5571",1965-04-02,1.05019626062131e-06
"5572",1965-04-03,8.78750608990231e-06
"5573",1965-04-04,4.79447486156914e-08
"5574",1965-04-05,1.29809268933911e-05
"5575",1965-04-06,0.00054789775788322
"5576",1965-04-07,1.89201883245005e-05
"5577",1965-04-08,0
"5578",1965-04-09,0.000283930805096588
"5579",1965-04-10,0.00410832437046338
"5580",1965-04-11,0.0129899370930389
"5581",1965-04-12,0.00308554869212685
"5582",1965-04-13,0.0050031001608204
"5583",1965-04-14,0.000982500904683548
"5584",1965-04-15,0.000307609549281551
"5585",1965-04-16,0.0143942131689982
"5586",1965-04-17,0.00620693534693828
"5587",1965-04-18,0.00644282762368675
"5588",1965-04-19,0.00427620380742155
"5589",1965-04-20,7.82720105689805e-05
"5590",1965-04-21,0.000887211699762247
"5591",1965-04-22,0.000281734320594751
"5592",1965-04-23,0.000167974031626272
"5593",1965-04-24,0.00031618357024854
"5594",1965-04-25,0.00239095069719042
"5595",1965-04-26,0.00270163980405869
"5596",1965-04-27,0.000258153781942383
"5597",1965-04-28,0.00245799116220269
"5598",1965-04-29,0.000513132184096321
"5599",1965-04-30,0
"5600",1965-05-01,0
"5601",1965-05-02,0
"5602",1965-05-03,0
"5603",1965-05-04,0.00699953592237534
"5604",1965-05-05,0.0190031670499593
"5605",1965-05-06,0.00362702562506456
"5606",1965-05-07,0.00127101511861838
"5607",1965-05-08,0.00767166602179259
"5608",1965-05-09,0.00726685980771435
"5609",1965-05-10,0.00609269647975452
"5610",1965-05-11,0
"5611",1965-05-12,2.86719625819387e-07
"5612",1965-05-13,0
"5613",1965-05-14,0
"5614",1965-05-15,0.000572271354940312
"5615",1965-05-16,0.00938979856437072
"5616",1965-05-17,0.00625324985958287
"5617",1965-05-18,0.00149747523028054
"5618",1965-05-19,0.000362154661559089
"5619",1965-05-20,0.000336036180669907
"5620",1965-05-21,1.14276281237835e-06
"5621",1965-05-22,0.000456611402114504
"5622",1965-05-23,0
"5623",1965-05-24,0
"5624",1965-05-25,0
"5625",1965-05-26,0
"5626",1965-05-27,0.000103268958298486
"5627",1965-05-28,5.90782724430028e-06
"5628",1965-05-29,2.28743141406085e-06
"5629",1965-05-30,0.00172807876401748
"5630",1965-05-31,0.00263515528422431
"5631",1965-06-01,0
"5632",1965-06-02,3.14347812491178e-06
"5633",1965-06-03,0.000130974115563731
"5634",1965-06-04,1.58217659063098e-06
"5635",1965-06-05,0
"5636",1965-06-06,0
"5637",1965-06-07,0.000407801704568556
"5638",1965-06-08,0.00702114824758837
"5639",1965-06-09,0.000742593818358728
"5640",1965-06-10,0.0123282861459302
"5641",1965-06-11,0.0032176647746951
"5642",1965-06-12,0.00686551888537679
"5643",1965-06-13,0.000382937788117488
"5644",1965-06-14,2.36383624496739e-05
"5645",1965-06-15,0.00119054376267513
"5646",1965-06-16,0.0142518332122563
"5647",1965-06-17,0.0119878462360816
"5648",1965-06-18,0.00541463766239758
"5649",1965-06-19,0.00605409251380706
"5650",1965-06-20,3.3939243110126e-05
"5651",1965-06-21,0.00182090745710184
"5652",1965-06-22,0.0132612474508278
"5653",1965-06-23,0.000303378587886982
"5654",1965-06-24,0.00672296564272301
"5655",1965-06-25,0.00470758548544836
"5656",1965-06-26,0.00907974133951939
"5657",1965-06-27,0.00297211372708261
"5658",1965-06-28,0.00234058033538531
"5659",1965-06-29,0
"5660",1965-06-30,0.00134941151787871
"5661",1965-07-01,0.000236957640481705
"5662",1965-07-02,0.00261717967623554
"5663",1965-07-03,0.000341626597219147
"5664",1965-07-04,0.000769078586586147
"5665",1965-07-05,0.00333747637108672
"5666",1965-07-06,0.00624945325762383
"5667",1965-07-07,0.0036087466668846
"5668",1965-07-08,0.0021296109378568
"5669",1965-07-09,0.00723172816014994
"5670",1965-07-10,0.0102348390801126
"5671",1965-07-11,0.00107557926821755
"5672",1965-07-12,0.0141370971987271
"5673",1965-07-13,0.000114400187442243
"5674",1965-07-14,0.000206390424864367
"5675",1965-07-15,0.00128649268145864
"5676",1965-07-16,0
"5677",1965-07-17,0
"5678",1965-07-18,3.81580207431398e-07
"5679",1965-07-19,0
"5680",1965-07-20,1.68749045315053e-05
"5681",1965-07-21,2.63858261178029e-05
"5682",1965-07-22,0.000972502714830625
"5683",1965-07-23,0.00801119208790624
"5684",1965-07-24,0.0106192412825976
"5685",1965-07-25,0.0162177335441811
"5686",1965-07-26,0.00521915732133493
"5687",1965-07-27,0.0112437735499498
"5688",1965-07-28,0.000425107902572108
"5689",1965-07-29,0.00657818159760382
"5690",1965-07-30,0.0187183513771743
"5691",1965-07-31,0.00641552846354898
"5692",1965-08-01,0.00433384079769894
"5693",1965-08-02,0.0212111087225253
"5694",1965-08-03,1.14474062229419e-06
"5695",1965-08-04,0.000907167665900488
"5696",1965-08-05,0.00124300980331782
"5697",1965-08-06,0.00312629236265138
"5698",1965-08-07,0.00725840618429174
"5699",1965-08-08,0.0001676045401382
"5700",1965-08-09,0.00461642603750079
"5701",1965-08-10,2.12575803288928e-05
"5702",1965-08-11,0.00012791615245078
"5703",1965-08-12,0
"5704",1965-08-13,0
"5705",1965-08-14,0
"5706",1965-08-15,6.13879183219979e-05
"5707",1965-08-16,0
"5708",1965-08-17,0
"5709",1965-08-18,0.00056413523543597
"5710",1965-08-19,0.0018702470106291
"5711",1965-08-20,0.000556714581819051
"5712",1965-08-21,0.000568478324396438
"5713",1965-08-22,0.00210404739726755
"5714",1965-08-23,0.0190603888595433
"5715",1965-08-24,0.00129653704425436
"5716",1965-08-25,0.00154598055178212
"5717",1965-08-26,0.00304535414124985
"5718",1965-08-27,0.00297524735742627
"5719",1965-08-28,4.04332942025576e-05
"5720",1965-08-29,0.00841014135971818
"5721",1965-08-30,0.00102652019177185
"5722",1965-08-31,0.00493623776441154
"5723",1965-09-01,0.00285344301715895
"5724",1965-09-02,2.78079551208066e-06
"5725",1965-09-03,0.00233201089474733
"5726",1965-09-04,0.0112730419987201
"5727",1965-09-05,0.00124435736393025
"5728",1965-09-06,0.0125324411865222
"5729",1965-09-07,0.00292814041495149
"5730",1965-09-08,0.00772294505458149
"5731",1965-09-09,0.016957727566421
"5732",1965-09-10,0.00720290902245324
"5733",1965-09-11,0.0106018120859517
"5734",1965-09-12,0.00580622420926602
"5735",1965-09-13,0.000245018354348758
"5736",1965-09-14,1.14276281237835e-06
"5737",1965-09-15,2.14624287764309e-06
"5738",1965-09-16,0.0112057069927687
"5739",1965-09-17,0.000149360192153836
"5740",1965-09-18,0.0174304366893239
"5741",1965-09-19,0.00137127137077186
"5742",1965-09-20,0.000738364659014223
"5743",1965-09-21,0.00163859122261556
"5744",1965-09-22,0.000227978806151441
"5745",1965-09-23,0.00118736174573542
"5746",1965-09-24,0.000382988751312041
"5747",1965-09-25,4.68023159783115e-06
"5748",1965-09-26,0.000465204521105989
"5749",1965-09-27,7.63277270152685e-05
"5750",1965-09-28,0.00861089671434456
"5751",1965-09-29,0.0127322490980077
"5752",1965-09-30,0.000638607547728043
"5753",1965-10-01,8.49485712706155e-06
"5754",1965-10-02,2.09928771255363e-06
"5755",1965-10-03,0.00610179957584478
"5756",1965-10-04,2.45390254463018e-05
"5757",1965-10-05,0.000809247608060559
"5758",1965-10-06,0.00420394507909805
"5759",1965-10-07,9.95892091282258e-05
"5760",1965-10-08,0
"5761",1965-10-09,0
"5762",1965-10-10,0
"5763",1965-10-11,3.81580207431398e-07
"5764",1965-10-12,2.71288316184837e-05
"5765",1965-10-13,0
"5766",1965-10-14,0.000148779421465406
"5767",1965-10-15,0.0064451043444933
"5768",1965-10-16,0
"5769",1965-10-17,0.000550551973901747
"5770",1965-10-18,0
"5771",1965-10-19,0
"5772",1965-10-20,6.79193851738091e-06
"5773",1965-10-21,7.36704413384359e-06
"5774",1965-10-22,5.69138295531957e-05
"5775",1965-10-23,2.40850487216449e-05
"5776",1965-10-24,0
"5777",1965-10-25,4.94213265369581e-05
"5778",1965-10-26,0.000322345959830272
"5779",1965-10-27,0.00222106168803293
"5780",1965-10-28,0.00400902736328135
"5781",1965-10-29,0.000828580061067896
"5782",1965-10-30,0.00776117798574205
"5783",1965-10-31,0.00176445408021664
"5784",1965-11-01,0.0131865436915177
"5785",1965-11-02,0.00428319478669437
"5786",1965-11-03,4.76837158203125e-07
"5787",1965-11-04,0
"5788",1965-11-05,0
"5789",1965-11-06,0
"5790",1965-11-07,2.87668342480174e-07
"5791",1965-11-08,8.94180157047231e-05
"5792",1965-11-09,1.58747029104234e-05
"5793",1965-11-10,0.000144117836896385
"5794",1965-11-11,6.56661081848142e-05
"5795",1965-11-12,0.000308329686959041
"5796",1965-11-13,0.000234234715719595
"5797",1965-11-14,2.64416914887988e-05
"5798",1965-11-15,1.29815732066163e-05
"5799",1965-11-16,6.11327396882189e-06
"5800",1965-11-17,2.44380597109739e-05
"5801",1965-11-18,0.000217555027120397
"5802",1965-11-19,0.000647216385004867
"5803",1965-11-20,0.000139761541504413
"5804",1965-11-21,1.44013138765331e-05
"5805",1965-11-22,4.97644418828713e-06
"5806",1965-11-23,0.000717565438378642
"5807",1965-11-24,0.000265694026211349
"5808",1965-11-25,0.00187860007645213
"5809",1965-11-26,0.0188229406485334
"5810",1965-11-27,0.00273491376901802
"5811",1965-11-28,0.000509100450642563
"5812",1965-11-29,0.000590067852613174
"5813",1965-11-30,0.0114940911344092
"5814",1965-12-01,0.000964667348853254
"5815",1965-12-02,4.13040253874897e-05
"5816",1965-12-03,0.00138001075356442
"5817",1965-12-04,0.00272646178200375
"5818",1965-12-05,0.000655269332071384
"5819",1965-12-06,0.00220124533052513
"5820",1965-12-07,0.000143377463643901
"5821",1965-12-08,0.000243014034140288
"5822",1965-12-09,0.00841952116752509
"5823",1965-12-10,0.0199760172254173
"5824",1965-12-11,0.0014022390532773
"5825",1965-12-12,4.53004625455833e-05
"5826",1965-12-13,9.60648196723923e-06
"5827",1965-12-14,0.00305237323436813
"5828",1965-12-15,0.000284894291041837
"5829",1965-12-16,0.00126139082021837
"5830",1965-12-17,0.00447728052677121
"5831",1965-12-18,0.0133479677863306
"5832",1965-12-19,4.09084532861925e-05
"5833",1965-12-20,7.24227174941916e-06
"5834",1965-12-21,0.000146594707985059
"5835",1965-12-22,0.000220171991315965
"5836",1965-12-23,0.00175427861267963
"5837",1965-12-24,0.00524136470630765
"5838",1965-12-25,0.0140435707289726
"5839",1965-12-26,0.00588484997206251
"5840",1965-12-27,4.38552581272234e-06
"5841",1965-12-28,0
"5842",1965-12-29,2.85770738628344e-07
"5843",1965-12-30,0.00208795708391563
"5844",1965-12-31,0.000172372378244745
"5845",1966-01-01,0.00795181861303718
"5846",1966-01-02,0.00446335769356665
"5847",1966-01-03,0.000460343537497465
"5848",1966-01-04,0.000110620777718395
"5849",1966-01-05,1.24914436696599e-05
"5850",1966-01-06,0.000386852470796839
"5851",1966-01-07,1.44066310099333e-05
"5852",1966-01-08,0.000156796011765437
"5853",1966-01-09,0.00020548384770791
"5854",1966-01-10,0.000198633464776776
"5855",1966-01-11,0.000115196449769428
"5856",1966-01-12,6.13531870499173e-05
"5857",1966-01-13,3.21261634894654e-05
"5858",1966-01-14,0.000784883315645857
"5859",1966-01-15,0.000693043858518649
"5860",1966-01-16,5.99888969077256e-05
"5861",1966-01-17,0.000271422829428047
"5862",1966-01-18,9.02892276712919e-05
"5863",1966-01-19,0.000103928064561387
"5864",1966-01-20,0.000164801928576708
"5865",1966-01-21,0.00127621372485009
"5866",1966-01-22,0.00311738421441987
"5867",1966-01-23,0.0023476029809899
"5868",1966-01-24,0.00022781022835261
"5869",1966-01-25,0.000425084456765035
"5870",1966-01-26,0.00019796400283667
"5871",1966-01-27,0.00412987112758856
"5872",1966-01-28,0.000427118211518973
"5873",1966-01-29,0.0100249866372906
"5874",1966-01-30,0.00498874207863764
"5875",1966-01-31,2.85920481246649e-06
"5876",1966-02-01,3.81580207431398e-07
"5877",1966-02-02,3.63812447403689e-05
"5878",1966-02-03,0.0051490677469701
"5879",1966-02-04,0.0051440515962895
"5880",1966-02-05,0.0139405452919164
"5881",1966-02-06,0.00834036819287576
"5882",1966-02-07,0.000111226992544289
"5883",1966-02-08,2.87544397679085e-05
"5884",1966-02-09,3.3413429605389e-06
"5885",1966-02-10,0
"5886",1966-02-11,2.48806611580221e-06
"5887",1966-02-12,8.11551819310807e-05
"5888",1966-02-13,0.000689711638756307
"5889",1966-02-14,0.00882663982338272
"5890",1966-02-15,0.00239738468007999
"5891",1966-02-16,0.0001870356653626
"5892",1966-02-17,0.000200920201052668
"5893",1966-02-18,0.000219662649556085
"5894",1966-02-19,0.000304348903569007
"5895",1966-02-20,0.00669887190360896
"5896",1966-02-21,0.0111061743855316
"5897",1966-02-22,0.0056933385976663
"5898",1966-02-23,0.00449569539705408
"5899",1966-02-24,0.00159105535942672
"5900",1966-02-25,0.00154530207510106
"5901",1966-02-26,0.013215381730447
"5902",1966-02-27,0.00358961324565144
"5903",1966-02-28,0.00234511321013997
"5904",1966-03-01,0.00299733911862177
"5905",1966-03-02,0.00313253623824039
"5906",1966-03-03,0.00312979298178107
"5907",1966-03-04,0.00478337982997346
"5908",1966-03-05,0.00197860475782363
"5909",1966-03-06,0.00140206393257358
"5910",1966-03-07,6.50059103790568e-06
"5911",1966-03-08,1.1563792384095e-05
"5912",1966-03-09,0
"5913",1966-03-10,0.00750623388324811
"5914",1966-03-11,0.00812902256620873
"5915",1966-03-12,0.000472108622261658
"5916",1966-03-13,0
"5917",1966-03-14,0.000196232003361274
"5918",1966-03-15,0
"5919",1966-03-16,0
"5920",1966-03-17,0.000529079240720876
"5921",1966-03-18,0.00222111339098774
"5922",1966-03-19,0
"5923",1966-03-20,0
"5924",1966-03-21,0.00025980211262322
"5925",1966-03-22,3.20412071914689e-05
"5926",1966-03-23,0.00276406061334455
"5927",1966-03-24,0.00373434023913433
"5928",1966-03-25,0.000826728518859454
"5929",1966-03-26,0.000423871845669055
"5930",1966-03-27,0.016374565413571
"5931",1966-03-28,0.00396520655613131
"5932",1966-03-29,0.000808431040297819
"5933",1966-03-30,0.000113316721979118
"5934",1966-03-31,0.00288177075276508
"5935",1966-04-01,0.0122339464032848
"5936",1966-04-02,0.00506379975973914
"5937",1966-04-03,0.00825346151668782
"5938",1966-04-04,0.000116621479264722
"5939",1966-04-05,0.00176600470990707
"5940",1966-04-06,1.36330143618579e-05
"5941",1966-04-07,0
"5942",1966-04-08,0
"5943",1966-04-09,0.000574706702934691
"5944",1966-04-10,7.9189589428097e-06
"5945",1966-04-11,6.0101857002337e-06
"5946",1966-04-12,0.000223563199142518
"5947",1966-04-13,0.0001128901805032
"5948",1966-04-14,0.00157339971508463
"5949",1966-04-15,0.000871987003847607
"5950",1966-04-16,0.000116150448207009
"5951",1966-04-17,0.00029836590965715
"5952",1966-04-18,0
"5953",1966-04-19,1.08562453533523e-05
"5954",1966-04-20,0.000971580126133631
"5955",1966-04-21,0
"5956",1966-04-22,0
"5957",1966-04-23,0.00693600205448774
"5958",1966-04-24,0.00016296026518603
"5959",1966-04-25,0.00226998339212514
"5960",1966-04-26,3.84493342266978e-05
"5961",1966-04-27,3.83557960503822e-07
"5962",1966-04-28,0.000117928679685519
"5963",1966-04-29,0
"5964",1966-04-30,0
"5965",1966-05-01,0
"5966",1966-05-02,0
"5967",1966-05-03,1.43834196109083e-07
"5968",1966-05-04,0.00011739773390218
"5969",1966-05-05,0.00636783638344696
"5970",1966-05-06,0.0037016253580191
"5971",1966-05-07,0.00295717169359477
"5972",1966-05-08,0.000825117481326743
"5973",1966-05-09,0
"5974",1966-05-10,1.17187792056939e-05
"5975",1966-05-11,0.00170593438087963
"5976",1966-05-12,0.00362142250378383
"5977",1966-05-13,4.76837158203125e-07
"5978",1966-05-14,0.00046014304405162
"5979",1966-05-15,1.07956518604624e-05
"5980",1966-05-16,0
"5981",1966-05-17,2.59298567470978e-05
"5982",1966-05-18,3.14526996589848e-05
"5983",1966-05-19,0.00175917126460945
"5984",1966-05-20,0.00814269349393726
"5985",1966-05-21,0.00057846974414133
"5986",1966-05-22,0.00437095766739048
"5987",1966-05-23,0.0220202520722523
"5988",1966-05-24,0.000706564611732574
"5989",1966-05-25,0.00149864757287332
"5990",1966-05-26,2.46806521317922e-05
"5991",1966-05-27,0.00163974096017228
"5992",1966-05-28,9.147736182058e-05
"5993",1966-05-29,0
"5994",1966-05-30,1.63994205308882e-05
"5995",1966-05-31,3.06737292703474e-05
"5996",1966-06-01,0
"5997",1966-06-02,0.000177118689180134
"5998",1966-06-03,0.000923478447930393
"5999",1966-06-04,0.00697931806007546
"6000",1966-06-05,0.00725764473190793
"6001",1966-06-06,0.000349504856785643
"6002",1966-06-07,6.16007526446083e-05
"6003",1966-06-08,0.000288657988789964
"6004",1966-06-09,0
"6005",1966-06-10,0.000752931511669885
"6006",1966-06-11,0
"6007",1966-06-12,1.04782611742849e-06
"6008",1966-06-13,0
"6009",1966-06-14,0
"6010",1966-06-15,3.11402809529682e-05
"6011",1966-06-16,0
"6012",1966-06-17,0.000156871836736627
"6013",1966-06-18,2.57327428698773e-06
"6014",1966-06-19,0.000147949839629291
"6015",1966-06-20,0.00064050972645191
"6016",1966-06-21,0.00452275583484152
"6017",1966-06-22,0.00416454286641965
"6018",1966-06-23,9.97894023271328e-05
"6019",1966-06-24,0.00330158061365182
"6020",1966-06-25,0.00450625193116139
"6021",1966-06-26,0.000550683581423073
"6022",1966-06-27,0.00113014442592885
"6023",1966-06-28,0.00712699184987287
"6024",1966-06-29,2.63995402178807e-05
"6025",1966-06-30,0
"6026",1966-07-01,0.000146087806854212
"6027",1966-07-02,0.000313461234156875
"6028",1966-07-03,0.00483090359648486
"6029",1966-07-04,0
"6030",1966-07-05,0
"6031",1966-07-06,0.000427512696830945
"6032",1966-07-07,0.00556051999501506
"6033",1966-07-08,0.000154037680204056
"6034",1966-07-09,1.43834196109083e-07
"6035",1966-07-10,0.00142773506678395
"6036",1966-07-11,0.00800534090262772
"6037",1966-07-12,0.0010004021023633
"6038",1966-07-13,0.00123034334797012
"6039",1966-07-14,9.31628364924109e-05
"6040",1966-07-15,0.00740204398607602
"6041",1966-07-16,0.000320764906973636
"6042",1966-07-17,0.00470023517164009
"6043",1966-07-18,2.37327545846711e-05
"6044",1966-07-19,0
"6045",1966-07-20,0
"6046",1966-07-21,2.57121587310394e-06
"6047",1966-07-22,0
"6048",1966-07-23,0.000108393590323885
"6049",1966-07-24,0.00213310469086991
"6050",1966-07-25,0.000750381579337045
"6051",1966-07-26,0.00146180890715186
"6052",1966-07-27,3.773311709665e-05
"6053",1966-07-28,4.33876712122583e-05
"6054",1966-07-29,0.000424641708548279
"6055",1966-07-30,0.012881334224403
"6056",1966-07-31,0.00842795241806016
"6057",1966-08-01,0.00296353743527789
"6058",1966-08-02,0.0190876476553967
"6059",1966-08-03,0.00094569362505581
"6060",1966-08-04,0.00461018548918446
"6061",1966-08-05,0.00878252328948292
"6062",1966-08-06,0.00338233667287113
"6063",1966-08-07,0.000184450261997426
"6064",1966-08-08,0.000112025805947269
"6065",1966-08-09,0.0113159945549342
"6066",1966-08-10,0.00633797556014315
"6067",1966-08-11,0.00275997863491284
"6068",1966-08-12,0.000341316509434364
"6069",1966-08-13,0.00053467339114377
"6070",1966-08-14,0.0126787252161762
"6071",1966-08-15,0.000264782739805014
"6072",1966-08-16,0
"6073",1966-08-17,0.000173113172138528
"6074",1966-08-18,6.73435748694828e-05
"6075",1966-08-19,8.34555356377109e-06
"6076",1966-08-20,1.24656327216144e-06
"6077",1966-08-21,0
"6078",1966-08-22,0.00186286407097214
"6079",1966-08-23,0.000964554578899879
"6080",1966-08-24,3.42301988212057e-05
"6081",1966-08-25,0
"6082",1966-08-26,0
"6083",1966-08-27,0
"6084",1966-08-28,3.81580207431398e-07
"6085",1966-08-29,0
"6086",1966-08-30,3.81660186121735e-07
"6087",1966-08-31,0.00778332380178881
"6088",1966-09-01,0.00770592383310031
"6089",1966-09-02,0.00389625864488607
"6090",1966-09-03,0.010869871374382
"6091",1966-09-04,0.00212036852974506
"6092",1966-09-05,0.00359341419334669
"6093",1966-09-06,0.00256863017199294
"6094",1966-09-07,0
"6095",1966-09-08,8.57312386415288e-07
"6096",1966-09-09,1.47613718581852e-05
"6097",1966-09-10,0.000311221855383792
"6098",1966-09-11,0.00379824939136597
"6099",1966-09-12,0.00201938589452766
"6100",1966-09-13,0.00983773781172204
"6101",1966-09-14,0.00512608993813046
"6102",1966-09-15,0.0028310854186202
"6103",1966-09-16,0
"6104",1966-09-17,0
"6105",1966-09-18,0
"6106",1966-09-19,0
"6107",1966-09-20,0.000102872247680352
"6108",1966-09-21,0.00185159324792039
"6109",1966-09-22,0
"6110",1966-09-23,0
"6111",1966-09-24,0
"6112",1966-09-25,0
"6113",1966-09-26,5.65297182220093e-06
"6114",1966-09-27,7.76325367723985e-06
"6115",1966-09-28,0
"6116",1966-09-29,0.000112899658404331
"6117",1966-09-30,1.911463414217e-07
"6118",1966-10-01,0.00215308756611421
"6119",1966-10-02,0.0131016635560854
"6120",1966-10-03,0.00936055093012556
"6121",1966-10-04,0.00144917789668852
"6122",1966-10-05,0
"6123",1966-10-06,6.4251852563757e-05
"6124",1966-10-07,0.00143906003631855
"6125",1966-10-08,0.00381040513457265
"6126",1966-10-09,0.000259675381471425
"6127",1966-10-10,0
"6128",1966-10-11,0.0112907779953844
"6129",1966-10-12,3.2912344693159e-05
"6130",1966-10-13,4.70731051791518e-05
"6131",1966-10-14,1.07128097894815e-05
"6132",1966-10-15,0.00245622061720496
"6133",1966-10-16,0.00382720429297478
"6134",1966-10-17,0.00726622351157857
"6135",1966-10-18,0.00507254921512867
"6136",1966-10-19,0.00188402645216001
"6137",1966-10-20,0.00730334034597035
"6138",1966-10-21,0.00154907681189798
"6139",1966-10-22,0.00534643990431505
"6140",1966-10-23,0.00632894318550825
"6141",1966-10-24,0.000890513338617893
"6142",1966-10-25,2.01868826934515e-05
"6143",1966-10-26,3.6914866996085e-05
"6144",1966-10-27,0.00203898581003159
"6145",1966-10-28,0
"6146",1966-10-29,3.24597811491856e-05
"6147",1966-10-30,0.000196166152591104
"6148",1966-10-31,0.0056892242282629
"6149",1966-11-01,0.00611743818444666
"6150",1966-11-02,0.000336851362931156
"6151",1966-11-03,0.000396596989560294
"6152",1966-11-04,0.00204491007025354
"6153",1966-11-05,0.0111971739534056
"6154",1966-11-06,0.00145065286324098
"6155",1966-11-07,2.19209425722511e-06
"6156",1966-11-08,0.000555825392439147
"6157",1966-11-09,0.00146832098312188
"6158",1966-11-10,3.82925293251901e-07
"6159",1966-11-11,0
"6160",1966-11-12,0.000921159064716903
"6161",1966-11-13,0.00991482535027899
"6162",1966-11-14,0.0154407666414045
"6163",1966-11-15,0.000936759826004163
"6164",1966-11-16,0.000150110038475759
"6165",1966-11-17,2.45066646584746e-05
"6166",1966-11-18,9.29930201891693e-05
"6167",1966-11-19,1.8708589493599e-05
"6168",1966-11-20,0.00749493701550819
"6169",1966-11-21,0.00240918582312588
"6170",1966-11-22,0.0001847423678214
"6171",1966-11-23,0.000468996252493525
"6172",1966-11-24,0.000969147615251131
"6173",1966-11-25,0.000609967421951296
"6174",1966-11-26,0.00357121972501773
"6175",1966-11-27,0.00504905843285997
"6176",1966-11-28,0.00544003521918057
"6177",1966-11-29,0.000519259528005023
"6178",1966-11-30,0.00704049723753997
"6179",1966-12-01,0.00267420949421648
"6180",1966-12-02,0.0136431495910188
"6181",1966-12-03,0.00678738371323107
"6182",1966-12-04,0.000120063747260701
"6183",1966-12-05,0.000264428052105359
"6184",1966-12-06,0.00549866484652739
"6185",1966-12-07,0.00304448872248031
"6186",1966-12-08,0.0125445652811322
"6187",1966-12-09,0.0118447924760403
"6188",1966-12-10,0.00481859255523887
"6189",1966-12-11,0.000903244186872598
"6190",1966-12-12,0.00170004001847701
"6191",1966-12-13,0.00067183985538577
"6192",1966-12-14,0.000699739342053363
"6193",1966-12-15,3.14566441375064e-05
"6194",1966-12-16,0.00231509080168735
"6195",1966-12-17,0.00564106655565411
"6196",1966-12-18,0.00749015712068513
"6197",1966-12-19,0
"6198",1966-12-20,0
"6199",1966-12-21,0
"6200",1966-12-22,7.60291931101165e-05
"6201",1966-12-23,0.00949631052935729
"6202",1966-12-24,0.00460795523565594
"6203",1966-12-25,5.72094052131433e-07
"6204",1966-12-26,0
"6205",1966-12-27,6.50967616593334e-05
"6206",1966-12-28,0.000859529512126755
"6207",1966-12-29,0.0141832067210999
"6208",1966-12-30,0.00010428313811417
"6209",1966-12-31,0.00665920685156607
"6210",1967-01-01,0.00293698576240331
"6211",1967-01-02,0.000147959306787016
"6212",1967-01-03,0.000659626270248737
"6213",1967-01-04,0.000114494298145473
"6214",1967-01-05,1.79353081648514e-05
"6215",1967-01-06,1.91778894986783e-07
"6216",1967-01-07,3.81803421305449e-05
"6217",1967-01-08,6.33565651355639e-05
"6218",1967-01-09,0.0011726593532444
"6219",1967-01-10,0.00322125421507735
"6220",1967-01-11,0.000987550609636401
"6221",1967-01-12,0.00237959422992162
"6222",1967-01-13,0.000233195102964601
"6223",1967-01-14,0
"6224",1967-01-15,0.000200171704477725
"6225",1967-01-16,8.21337697516356e-05
"6226",1967-01-17,0.000336154578860715
"6227",1967-01-18,0.00419765527476557
"6228",1967-01-19,0.00626333222498943
"6229",1967-01-20,0.000124651204373549
"6230",1967-01-21,0.00278032157348207
"6231",1967-01-22,0.00631770314066671
"6232",1967-01-23,0.000128628971140188
"6233",1967-01-24,2.4901858296289e-05
"6234",1967-01-25,5.8454253689888e-05
"6235",1967-01-26,0.000878912939924703
"6236",1967-01-27,1.13533009198363e-05
"6237",1967-01-28,0.00416256406424509
"6238",1967-01-29,0.00198031760191952
"6239",1967-01-30,0.00784978814590431
"6240",1967-01-31,0.0158547766041011
"6241",1967-02-01,0.00956340703930891
"6242",1967-02-02,0.00249506080859163
"6243",1967-02-03,0.00309133030094699
"6244",1967-02-04,0.000547615214600228
"6245",1967-02-05,4.66828521439311e-06
"6246",1967-02-06,0
"6247",1967-02-07,0
"6248",1967-02-08,0
"6249",1967-02-09,0
"6250",1967-02-10,0
"6251",1967-02-11,2.00466337219041e-06
"6252",1967-02-12,0.000298667632705474
"6253",1967-02-13,0.000715713846147992
"6254",1967-02-14,0.000214010209163007
"6255",1967-02-15,0.000314722661642008
"6256",1967-02-16,0.000204606138140662
"6257",1967-02-17,0.000419346155467792
"6258",1967-02-18,0.00189123357904464
"6259",1967-02-19,0.0036218414694531
"6260",1967-02-20,0.00611150426448148
"6261",1967-02-21,0.00257310310826142
"6262",1967-02-22,0.00066572373634699
"6263",1967-02-23,0.0190104621862588
"6264",1967-02-24,0.00245725496176874
"6265",1967-02-25,0
"6266",1967-02-26,0.00479096148814051
"6267",1967-02-27,0.00524699317338673
"6268",1967-02-28,0.0138657875550052
"6269",1967-03-01,1.21007187772193e-05
"6270",1967-03-02,5.90828290114587e-06
"6271",1967-03-03,0.0025904322255883
"6272",1967-03-04,2.0052157765349e-06
"6273",1967-03-05,0.00296448366589175
"6274",1967-03-06,0.000736094664716802
"6275",1967-03-07,0.000292742992485273
"6276",1967-03-08,0.00148013596754026
"6277",1967-03-09,0.00873383807720529
"6278",1967-03-10,0.00938736497482751
"6279",1967-03-11,0.00609690180044709
"6280",1967-03-12,0.00128509553354661
"6281",1967-03-13,0.000558127166357281
"6282",1967-03-14,0.000284062701211951
"6283",1967-03-15,0.000144641264284928
"6284",1967-03-16,0.000117169259453931
"6285",1967-03-17,0.00668919065083173
"6286",1967-03-18,5.05811854623062e-05
"6287",1967-03-19,0.00339031610633356
"6288",1967-03-20,6.83852287579612e-05
"6289",1967-03-21,4.09904156413177e-05
"6290",1967-03-22,1.10621901399099e-05
"6291",1967-03-23,4.86015221667913e-06
"6292",1967-03-24,0.000201395935221171
"6293",1967-03-25,0.00353022074483533
"6294",1967-03-26,0.004908775932563
"6295",1967-03-27,0.00992643621611933
"6296",1967-03-28,0.0152662741766108
"6297",1967-03-29,0.00118688835755165
"6298",1967-03-30,0.00145392025876845
"6299",1967-03-31,0
"6300",1967-04-01,9.71482859313255e-06
"6301",1967-04-02,0.000756084260217449
"6302",1967-04-03,0.0103607189521426
"6303",1967-04-04,7.43812512382647e-05
"6304",1967-04-05,0.0154089233396348
"6305",1967-04-06,0.00330465444312722
"6306",1967-04-07,0.00317308313969988
"6307",1967-04-08,0.00083058323343721
"6308",1967-04-09,0.00544044515118003
"6309",1967-04-10,0.000238773792148095
"6310",1967-04-11,0.00195716954971203
"6311",1967-04-12,0.00369191428217164
"6312",1967-04-13,0.000832867319331854
"6313",1967-04-14,3.39045431587692e-05
"6314",1967-04-15,3.10993860352937e-05
"6315",1967-04-16,0
"6316",1967-04-17,3.04627964737847e-05
"6317",1967-04-18,0.000367614309141118
"6318",1967-04-19,0.00408033707293498
"6319",1967-04-20,0.0072990807611859
"6320",1967-04-21,0.00425409744372018
"6321",1967-04-22,0.000141167728429537
"6322",1967-04-23,0.000250541892455658
"6323",1967-04-24,2.51415031016222e-05
"6324",1967-04-25,0
"6325",1967-04-26,0
"6326",1967-04-27,0
"6327",1967-04-28,0
"6328",1967-04-29,0
"6329",1967-04-30,0.00935325554382871
"6330",1967-05-01,0.00221488612532994
"6331",1967-05-02,0.00523563796832605
"6332",1967-05-03,0.00660368844091863
"6333",1967-05-04,0.00415808464930478
"6334",1967-05-05,0
"6335",1967-05-06,0.00160253971534985
"6336",1967-05-07,0.00644224288936357
"6337",1967-05-08,0.00304782073726528
"6338",1967-05-09,0.00049128333733961
"6339",1967-05-10,0.000343777854766358
"6340",1967-05-11,2.08498677238822e-05
"6341",1967-05-12,0.00180937370214451
"6342",1967-05-13,0.00230028484230616
"6343",1967-05-14,0.00569108742939761
"6344",1967-05-15,2.20045094465604e-05
"6345",1967-05-16,0.0101379210091181
"6346",1967-05-17,0.000253163174761539
"6347",1967-05-18,0.000542837282637265
"6348",1967-05-19,0.00588992398672872
"6349",1967-05-20,0.0116050222316062
"6350",1967-05-21,0.00396852592530195
"6351",1967-05-22,0.000965051478374335
"6352",1967-05-23,0.000109120351169167
"6353",1967-05-24,0.00332312195496343
"6354",1967-05-25,0.00224537571409655
"6355",1967-05-26,0.0109101443809436
"6356",1967-05-27,0.00744610948709123
"6357",1967-05-28,3.70311803408185e-05
"6358",1967-05-29,0.000216299982128021
"6359",1967-05-30,3.8102774624349e-07
"6360",1967-05-31,0
"6361",1967-06-01,0.00415945687927888
"6362",1967-06-02,0.00569493149026812
"6363",1967-06-03,3.86746592084819e-06
"6364",1967-06-04,0.00697385266153105
"6365",1967-06-05,1.33525452383765e-06
"6366",1967-06-06,0.00225677291746251
"6367",1967-06-07,0.00734014194057409
"6368",1967-06-08,5.71031323488569e-05
"6369",1967-06-09,0.00113578955097182
"6370",1967-06-10,0.00352455804704732
"6371",1967-06-11,0
"6372",1967-06-12,0
"6373",1967-06-13,0.000109001539556175
"6374",1967-06-14,0.000245210899322501
"6375",1967-06-15,5.33975253347307e-06
"6376",1967-06-16,0
"6377",1967-06-17,0
"6378",1967-06-18,5.71381406189175e-07
"6379",1967-06-19,0
"6380",1967-06-20,0.0018593473549231
"6381",1967-06-21,0.00210989336306966
"6382",1967-06-22,0.00261856065299071
"6383",1967-06-23,0.00622079872744052
"6384",1967-06-24,0
"6385",1967-06-25,6.89397881501463e-05
"6386",1967-06-26,0.0086366183577411
"6387",1967-06-27,6.68849268095073e-05
"6388",1967-06-28,0.000234293980668099
"6389",1967-06-29,0.00414088327596573
"6390",1967-06-30,0.000147674847539747
"6391",1967-07-01,0
"6392",1967-07-02,0.000149816513840051
"6393",1967-07-03,0.00374865296453208
"6394",1967-07-04,0.00605678535612242
"6395",1967-07-05,0
"6396",1967-07-06,0
"6397",1967-07-07,5.71115015191026e-05
"6398",1967-07-08,0.00770135187013921
"6399",1967-07-09,0.00037657248759615
"6400",1967-07-10,2.85690703094588e-07
"6401",1967-07-11,0.00184676083813429
"6402",1967-07-12,0
"6403",1967-07-13,0
"6404",1967-07-14,0.000240006987951347
"6405",1967-07-15,1.0482185643923e-06
"6406",1967-07-16,8.72392065502936e-05
"6407",1967-07-17,7.62527861297713e-07
"6408",1967-07-18,2.43150580558904e-05
"6409",1967-07-19,0.0130557918178056
"6410",1967-07-20,0.00175762882190611
"6411",1967-07-21,1.91778963198885e-06
"6412",1967-07-22,1.88848582638457e-05
"6413",1967-07-23,0
"6414",1967-07-24,6.39015493675288e-05
"6415",1967-07-25,0.00562890410401451
"6416",1967-07-26,0.00150181792406556
"6417",1967-07-27,0.000542331324140832
"6418",1967-07-28,0.0069701355541838
"6419",1967-07-29,0
"6420",1967-07-30,0.00123563447505148
"6421",1967-07-31,0.00221964084721549
"6422",1967-08-01,0.000272658938342829
"6423",1967-08-02,0.000564837841579902
"6424",1967-08-03,0.0126208263912986
"6425",1967-08-04,0.00183384091099015
"6426",1967-08-05,0.00171614113713758
"6427",1967-08-06,5.29024995898908e-05
"6428",1967-08-07,0
"6429",1967-08-08,0
"6430",1967-08-09,6.90311206881233e-05
"6431",1967-08-10,0.00564916839113039
"6432",1967-08-11,0.000883324292033194
"6433",1967-08-12,0.000585310897918134
"6434",1967-08-13,0.00391146021775057
"6435",1967-08-14,0.00339625522957476
"6436",1967-08-15,0.00804554435774207
"6437",1967-08-16,0.00771111475074804
"6438",1967-08-17,0.00615999790898059
"6439",1967-08-18,0.00269783836574788
"6440",1967-08-19,0.000708221589775349
"6441",1967-08-20,2.00450250531503e-06
"6442",1967-08-21,0
"6443",1967-08-22,0
"6444",1967-08-23,3.23438147802335e-05
"6445",1967-08-24,1.13086344981639e-05
"6446",1967-08-25,0.000555138892423201
"6447",1967-08-26,0.000327035547741161
"6448",1967-08-27,0.000235003464865713
"6449",1967-08-28,2.47872958425432e-06
"6450",1967-08-29,0.00246252273524306
"6451",1967-08-30,0.0046067772352103
"6452",1967-08-31,0.00575271283315715
"6453",1967-09-01,0.000554200875228616
"6454",1967-09-02,0.00706414118565135
"6455",1967-09-03,0.0138121611671522
"6456",1967-09-04,0.00791411740647163
"6457",1967-09-05,0.00711647602969379
"6458",1967-09-06,0.0151856096781557
"6459",1967-09-07,0.00204272188852883
"6460",1967-09-08,0
"6461",1967-09-09,0.000121807775030902
"6462",1967-09-10,3.7257602855334e-05
"6463",1967-09-11,9.57723146370881e-05
"6464",1967-09-12,0
"6465",1967-09-13,0
"6466",1967-09-14,2.86403235350008e-07
"6467",1967-09-15,9.52568939283083e-08
"6468",1967-09-16,6.21074866558047e-06
"6469",1967-09-17,0.00144094399621508
"6470",1967-09-18,0.000428064552863816
"6471",1967-09-19,0.00241072963160605
"6472",1967-09-20,0.00645833157653897
"6473",1967-09-21,0.00012830132294539
"6474",1967-09-22,0.00423691993449893
"6475",1967-09-23,0.00846867755808489
"6476",1967-09-24,0
"6477",1967-09-25,0.00394153291563271
"6478",1967-09-26,0.000196216449921849
"6479",1967-09-27,0.00386109160643855
"6480",1967-09-28,5.41531912290338e-05
"6481",1967-09-29,1.26273613432204e-05
"6482",1967-09-30,0.00947620341844413
"6483",1967-10-01,0.00135428117619085
"6484",1967-10-02,0.00821009013816365
"6485",1967-10-03,0.0107049543721587
"6486",1967-10-04,0.0170485346752685
"6487",1967-10-05,0.00306715089573117
"6488",1967-10-06,1.31133675722594e-05
"6489",1967-10-07,0.0284470708811568
"6490",1967-10-08,0
"6491",1967-10-09,0.00230159189817414
"6492",1967-10-10,0.00350704334795182
"6493",1967-10-11,0.00378024296958301
"6494",1967-10-12,0.00318842617798509
"6495",1967-10-13,0.0150133061654287
"6496",1967-10-14,0.00718125741695985
"6497",1967-10-15,0.021762826727354
"6498",1967-10-16,0.000145468859841458
"6499",1967-10-17,0.0196417917259168
"6500",1967-10-18,0.000158621043908624
"6501",1967-10-19,0.00625311373732984
"6502",1967-10-20,0.00318299457103421
"6503",1967-10-21,0.00124480279464478
"6504",1967-10-22,0.000320497416964827
"6505",1967-10-23,0.00345045352054285
"6506",1967-10-24,0.00583326366290748
"6507",1967-10-25,0.001341898141618
"6508",1967-10-26,0.0175359144632239
"6509",1967-10-27,0.00176980868491228
"6510",1967-10-28,0.0184613404126139
"6511",1967-10-29,0.015773571994032
"6512",1967-10-30,0.000137784361811555
"6513",1967-10-31,0.000953006631789322
"6514",1967-11-01,0.00661295907048043
"6515",1967-11-02,0.0088463402544221
"6516",1967-11-03,0.00485377066252113
"6517",1967-11-04,0.0063000587560964
"6518",1967-11-05,0.00627325716584437
"6519",1967-11-06,0.00250473582673294
"6520",1967-11-07,0.0132203399698483
"6521",1967-11-08,0.00713012334017549
"6522",1967-11-09,0.00201709031648534
"6523",1967-11-10,0.00692421652064468
"6524",1967-11-11,0.0156240888633761
"6525",1967-11-12,0.000317753439105672
"6526",1967-11-13,0
"6527",1967-11-14,0.00876333646465355
"6528",1967-11-15,0.000567661602588032
"6529",1967-11-16,0.00388557550195401
"6530",1967-11-17,1.24015696201241e-06
"6531",1967-11-18,6.58196768199559e-06
"6532",1967-11-19,0
"6533",1967-11-20,0.00062374745021998
"6534",1967-11-21,0.00011704192149864
"6535",1967-11-22,0
"6536",1967-11-23,0
"6537",1967-11-24,0.000306820658067863
"6538",1967-11-25,0.0012259175273357
"6539",1967-11-26,0.0012216480636198
"6540",1967-11-27,0.00656484242063016
"6541",1967-11-28,0.000297751959806192
"6542",1967-11-29,0.000156082618445907
"6543",1967-11-30,0.000139578029006771
"6544",1967-12-01,0.000188155940577417
"6545",1967-12-02,0
"6546",1967-12-03,0.000830519436419763
"6547",1967-12-04,0.000211028046010142
"6548",1967-12-05,6.19170077698072e-06
"6549",1967-12-06,0.000583044996233184
"6550",1967-12-07,0.000241877726466555
"6551",1967-12-08,5.33975270400333e-06
"6552",1967-12-09,1.44941289477174e-05
"6553",1967-12-10,5.34560541609608e-06
"6554",1967-12-11,0.00439404566702706
"6555",1967-12-12,0.00367511924503106
"6556",1967-12-13,8.20870497477699e-05
"6557",1967-12-14,0.000178740452270176
"6558",1967-12-15,0.000220512593386957
"6559",1967-12-16,2.10640581599364e-06
"6560",1967-12-17,0
"6561",1967-12-18,0
"6562",1967-12-19,0
"6563",1967-12-20,0
"6564",1967-12-21,0.00720969045045194
"6565",1967-12-22,0.0115447652851799
"6566",1967-12-23,0.0142598309321329
"6567",1967-12-24,0.0058220673371352
"6568",1967-12-25,0.000110035448074086
"6569",1967-12-26,2.06995618441397e-05
"6570",1967-12-27,0.0046243341803347
"6571",1967-12-28,0.0106752303336179
"6572",1967-12-29,1.62023252414656e-06
"6573",1967-12-30,0.000319690352057478
"6574",1967-12-31,0.00451999526558211
"6575",1968-01-01,0.000124029780636192
"6576",1968-01-02,4.20477689431209e-05
"6577",1968-01-03,0.000361850741683156
"6578",1968-01-04,0.00145521664671833
"6579",1968-01-05,0.00271761513238289
"6580",1968-01-06,5.98848513959638e-05
"6581",1968-01-07,8.92905254659127e-05
"6582",1968-01-08,8.00472824948883e-05
"6583",1968-01-09,9.52569436662998e-08
"6584",1968-01-10,0.000144547681941276
"6585",1968-01-11,1.09994498984634e-05
"6586",1968-01-12,2.87668456167012e-07
"6587",1968-01-13,0.00144166154314007
"6588",1968-01-14,0.00788608024777204
"6589",1968-01-15,0.0142275592442047
"6590",1968-01-16,8.23808767336232e-05
"6591",1968-01-17,0.0132730171226285
"6592",1968-01-18,0.00145337724694627
"6593",1968-01-19,0.000498152311593003
"6594",1968-01-20,0.000668515551410565
"6595",1968-01-21,4.66545366748505e-05
"6596",1968-01-22,0
"6597",1968-01-23,0.00118705949665809
"6598",1968-01-24,0.00243566240737891
"6599",1968-01-25,0.000650054056734461
"6600",1968-01-26,0
"6601",1968-01-27,0.00154596857493061
"6602",1968-01-28,0.000519742029950976
"6603",1968-01-29,7.32484105583353e-05
"6604",1968-01-30,0.00020854313009977
"6605",1968-01-31,0.00180530558372993
"6606",1968-02-01,0.00409773158105509
"6607",1968-02-02,0.000901884688573773
"6608",1968-02-03,0.000747080145117707
"6609",1968-02-04,0.00342975396404199
"6610",1968-02-05,0.00101080695509381
"6611",1968-02-06,0.00490211604210344
"6612",1968-02-07,0.0139532709144987
"6613",1968-02-08,0.00110526278558609
"6614",1968-02-09,9.14372075158099e-05
"6615",1968-02-10,1.90270766324829e-05
"6616",1968-02-11,0.000102157930996327
"6617",1968-02-12,0.00116076006906951
"6618",1968-02-13,0.00363937380484458
"6619",1968-02-14,0
"6620",1968-02-15,3.6003643742788e-05
"6621",1968-02-16,0.00011644740226302
"6622",1968-02-17,7.14836130555341e-06
"6623",1968-02-18,0
"6624",1968-02-19,0
"6625",1968-02-20,0
"6626",1968-02-21,0
"6627",1968-02-22,2.95851650662371e-05
"6628",1968-02-23,5.9122756567831e-05
"6629",1968-02-24,0.00296294373401906
"6630",1968-02-25,0.000398801574476693
"6631",1968-02-26,2.76505306828767e-06
"6632",1968-02-27,0
"6633",1968-02-28,2.97140455245426e-05
"6634",1968-02-29,3.17348684575336e-05
"6635",1968-03-01,0.0003338786364111
"6636",1968-03-02,0.00031955403756001
"6637",1968-03-03,0.000527418549324921
"6638",1968-03-04,0.000394368827073777
"6639",1968-03-05,0.000367365159945621
"6640",1968-03-06,0.00262298154706286
"6641",1968-03-07,0
"6642",1968-03-08,0
"6643",1968-03-09,0
"6644",1968-03-10,5.97357187075431e-05
"6645",1968-03-11,0
"6646",1968-03-12,0
"6647",1968-03-13,0
"6648",1968-03-14,0.000233134297559445
"6649",1968-03-15,0.000384915394590735
"6650",1968-03-16,0.00332824127508502
"6651",1968-03-17,0.00962951673176349
"6652",1968-03-18,0.00217916409582131
"6653",1968-03-19,0.00018753653745307
"6654",1968-03-20,0.0136503078683745
"6655",1968-03-21,0.00455240526298439
"6656",1968-03-22,0.00862421743840969
"6657",1968-03-23,0.00644471575208172
"6658",1968-03-24,0.00541893240313129
"6659",1968-03-25,0.00243604111761897
"6660",1968-03-26,0.000236996238527354
"6661",1968-03-27,0.00169162053225591
"6662",1968-03-28,6.02619392680026e-05
"6663",1968-03-29,0.000142700164474263
"6664",1968-03-30,2.89914027007399e-05
"6665",1968-03-31,9.35998333488897e-05
"6666",1968-04-01,0.00133986935185249
"6667",1968-04-02,0.0196702955101387
"6668",1968-04-03,0.00552409034844459
"6669",1968-04-04,0.00641413930156887
"6670",1968-04-05,0.000236066371087418
"6671",1968-04-06,0.000202684371743089
"6672",1968-04-07,1.00088307135593e-05
"6673",1968-04-08,0.00633854458141059
"6674",1968-04-09,0.00241662658959285
"6675",1968-04-10,0
"6676",1968-04-11,0
"6677",1968-04-12,5.71381406189175e-07
"6678",1968-04-13,0
"6679",1968-04-14,0
"6680",1968-04-15,0
"6681",1968-04-16,0
"6682",1968-04-17,0
"6683",1968-04-18,0
"6684",1968-04-19,0.00210237072678865
"6685",1968-04-20,0.00140384548188877
"6686",1968-04-21,4.00995912741564e-06
"6687",1968-04-22,4.75592746056464e-05
"6688",1968-04-23,0.0021499260420228
"6689",1968-04-24,1.85747023806471e-06
"6690",1968-04-25,0
"6691",1968-04-26,1.34245271965483e-06
"6692",1968-04-27,0
"6693",1968-04-28,5.90978828540756e-06
"6694",1968-04-29,0
"6695",1968-04-30,0.00134951133770755
"6696",1968-05-01,0.00383192159989676
"6697",1968-05-02,0.000295785162279572
"6698",1968-05-03,8.8219978010784e-05
"6699",1968-05-04,2.63408871319371e-05
"6700",1968-05-05,0.01312327544656
"6701",1968-05-06,0.00361091398531244
"6702",1968-05-07,0.00460324407436019
"6703",1968-05-08,0.000446034572121334
"6704",1968-05-09,3.23873518937035e-06
"6705",1968-05-10,0.00980037645786069
"6706",1968-05-11,0.00944089540280402
"6707",1968-05-12,0.00171857849682056
"6708",1968-05-13,0.00354133233122411
"6709",1968-05-14,0.00128618487866561
"6710",1968-05-15,2.45860310315038e-05
"6711",1968-05-16,0.00267028478646125
"6712",1968-05-17,0.000693942448549478
"6713",1968-05-18,0.000597855227738364
"6714",1968-05-19,0.00662945725298414
"6715",1968-05-20,0.000455008492622255
"6716",1968-05-21,0.000131265554045967
"6717",1968-05-22,3.08641619994887e-05
"6718",1968-05-23,0.000823197384988816
"6719",1968-05-24,7.4906795816787e-05
"6720",1968-05-25,0.000312808519993268
"6721",1968-05-26,0.00130689292291208
"6722",1968-05-27,0.000408162485825869
"6723",1968-05-28,8.7083091614204e-05
"6724",1968-05-29,0.000160926337230194
"6725",1968-05-30,2.19265966734383e-05
"6726",1968-05-31,0.00100259129106917
"6727",1968-06-01,3.11402745865053e-05
"6728",1968-06-02,3.04971877085336e-06
"6729",1968-06-03,0
"6730",1968-06-04,0.00676726240004655
"6731",1968-06-05,0.00809848115136447
"6732",1968-06-06,0.00187761010880649
"6733",1968-06-07,0.000864445584340956
"6734",1968-06-08,0.000345696405531726
"6735",1968-06-09,0.00193580510597258
"6736",1968-06-10,2.39980054175248e-05
"6737",1968-06-11,0
"6738",1968-06-12,0
"6739",1968-06-13,0
"6740",1968-06-14,0
"6741",1968-06-15,0
"6742",1968-06-16,5.22553973496542e-05
"6743",1968-06-17,1.56683145178249e-05
"6744",1968-06-18,0.00564456648226042
"6745",1968-06-19,0.0135116502024175
"6746",1968-06-20,0.000676672025292646
"6747",1968-06-21,2.7967482136404e-05
"6748",1968-06-22,0.00171314645672282
"6749",1968-06-23,0.0128294509931948
"6750",1968-06-24,0.00826413059553488
"6751",1968-06-25,0.00131639849354315
"6752",1968-06-26,0.00829572489055863
"6753",1968-06-27,0.016279698240794
"6754",1968-06-28,0.00192936339459493
"6755",1968-06-29,0.000401483732275665
"6756",1968-06-30,0
"6757",1968-07-01,0
"6758",1968-07-02,0
"6759",1968-07-03,3.06585315001939e-06
"6760",1968-07-04,4.87675919202957e-06
"6761",1968-07-05,0.00026730454231938
"6762",1968-07-06,0.000200598427909426
"6763",1968-07-07,0.0280971287866123
"6764",1968-07-08,0.00963322600182437
"6765",1968-07-09,0.001670129003287
"6766",1968-07-10,0.000146774271115646
"6767",1968-07-11,0.00537603704913181
"6768",1968-07-12,0.00277367543844775
"6769",1968-07-13,0.00100928203374906
"6770",1968-07-14,0.000385883299600209
"6771",1968-07-15,0.000160676132622939
"6772",1968-07-16,1.75469243117732e-05
"6773",1968-07-17,0.00115370442586027
"6774",1968-07-18,0.000357951425939973
"6775",1968-07-19,0.0025863063202678
"6776",1968-07-20,0.00664491224597441
"6777",1968-07-21,0.000473917383374101
"6778",1968-07-22,0.00181236132164031
"6779",1968-07-23,0.00171833870723503
"6780",1968-07-24,5.62619461561553e-05
"6781",1968-07-25,0.00205933044162521
"6782",1968-07-26,0.000116181372334268
"6783",1968-07-27,0
"6784",1968-07-28,0
"6785",1968-07-29,0.000364462648576591
"6786",1968-07-30,0
"6787",1968-07-31,4.76837158203125e-07
"6788",1968-08-01,0.00012472886140813
"6789",1968-08-02,0
"6790",1968-08-03,0
"6791",1968-08-04,0
"6792",1968-08-05,0
"6793",1968-08-06,0.000371519505620199
"6794",1968-08-07,1.14418816110629e-06
"6795",1968-08-08,0.00078461931025231
"6796",1968-08-09,0.00317082922265399
"6797",1968-08-10,0
"6798",1968-08-11,0.00105381469120402
"6799",1968-08-12,0.00229284708859723
"6800",1968-08-13,1.79575351353378e-05
"6801",1968-08-14,0.0240518140223571
"6802",1968-08-15,7.85843036510414e-06
"6803",1968-08-16,0.000788361296145013
"6804",1968-08-17,0.0128602378244977
"6805",1968-08-18,0.00981599543592893
"6806",1968-08-19,0.00310138915028801
"6807",1968-08-20,0.000773460033997253
"6808",1968-08-21,0.00287282952939449
"6809",1968-08-22,3.81027632556652e-07
"6810",1968-08-23,1.09541134065694e-05
"6811",1968-08-24,0.000358822522684932
"6812",1968-08-25,0.00239723517825041
"6813",1968-08-26,0
"6814",1968-08-27,0
"6815",1968-08-28,0.000413702964465301
"6816",1968-08-29,0.0120697464080877
"6817",1968-08-30,0.00100326988246024
"6818",1968-08-31,0.0119794988650028
"6819",1968-09-01,0.0115177802832136
"6820",1968-09-02,0.000143906957475792
"6821",1968-09-03,0.000692003162896526
"6822",1968-09-04,2.05499660523856e-05
"6823",1968-09-05,0.00467679157742396
"6824",1968-09-06,0.00586804947022301
"6825",1968-09-07,7.71769990706161e-05
"6826",1968-09-08,8.49883555815723e-05
"6827",1968-09-09,0.000326157479776157
"6828",1968-09-10,0.000320261734486849
"6829",1968-09-11,0.0049062375152289
"6830",1968-09-12,0.00021091220969538
"6831",1968-09-13,0.000114162142381247
"6832",1968-09-14,0.000490074132358131
"6833",1968-09-15,0
"6834",1968-09-16,6.2249861230157e-06
"6835",1968-09-17,0.000292798222119472
"6836",1968-09-18,0.0034592022666402
"6837",1968-09-19,0.000687190529671255
"6838",1968-09-20,0.00220563839275201
"6839",1968-09-21,0.0116147608286497
"6840",1968-09-22,0.000990224191298239
"6841",1968-09-23,2.96823633334498e-05
"6842",1968-09-24,0.00115567203232558
"6843",1968-09-25,0.000679636578979625
"6844",1968-09-26,0.00124118331586942
"6845",1968-09-27,0.000391528325565105
"6846",1968-09-28,0.00986764132721873
"6847",1968-09-29,0.00420662440228625
"6848",1968-09-30,0.00889240765695831
"6849",1968-10-01,0.00582847999794467
"6850",1968-10-02,4.20859365704018e-05
"6851",1968-10-03,0.00356621950743374
"6852",1968-10-04,3.04822214047817e-06
"6853",1968-10-05,1.33604697793999e-06
"6854",1968-10-06,0.0047269456072172
"6855",1968-10-07,8.89307806914985e-05
"6856",1968-10-08,0
"6857",1968-10-09,1.33929006551625e-06
"6858",1968-10-10,0.000882948899459279
"6859",1968-10-11,0.00797259563114494
"6860",1968-10-12,0.0154541993078965
"6861",1968-10-13,0.00306859203556087
"6862",1968-10-14,0.0007708222148608
"6863",1968-10-15,0.00299049706518417
"6864",1968-10-16,0.0161227138305549
"6865",1968-10-17,0.00553923340339679
"6866",1968-10-18,0.00054934442908916
"6867",1968-10-19,1.71642195709865e-05
"6868",1968-10-20,0.00213783928393241
"6869",1968-10-21,6.04856431891676e-05
"6870",1968-10-22,0
"6871",1968-10-23,1.64946695804247e-05
"6872",1968-10-24,6.44953461232944e-05
"6873",1968-10-25,0.00354454254556913
"6874",1968-10-26,0.00428080618576132
"6875",1968-10-27,0.00231620875268845
"6876",1968-10-28,0.0070322697138181
"6877",1968-10-29,0.00652203387039663
"6878",1968-10-30,0.0014219543878653
"6879",1968-10-31,0.0242384123848751
"6880",1968-11-01,0.00710284635624703
"6881",1968-11-02,0.0245714411576046
"6882",1968-11-03,0.00681465749221388
"6883",1968-11-04,0.00792208496011426
"6884",1968-11-05,0
"6885",1968-11-06,0
"6886",1968-11-07,0.000163657348934976
"6887",1968-11-08,0.000980504716608266
"6888",1968-11-09,0.00121337035216129
"6889",1968-11-10,0.000537553604772256
"6890",1968-11-11,0.000190927619826198
"6891",1968-11-12,1.09717601048942e-05
"6892",1968-11-13,0.000139315068622636
"6893",1968-11-14,1.61278935593145e-05
"6894",1968-11-15,2.19297342596292e-05
"6895",1968-11-16,7.52590883053017e-05
"6896",1968-11-17,3.99873965761799e-05
"6897",1968-11-18,5.30534121594428e-05
"6898",1968-11-19,0.000150938164551917
"6899",1968-11-20,0.000446557565737749
"6900",1968-11-21,9.8983806196884e-05
"6901",1968-11-22,0.00306328709848458
"6902",1968-11-23,0.00411238233209588
"6903",1968-11-24,0.00494901601405218
"6904",1968-11-25,0.000108838489893515
"6905",1968-11-26,0.00550608445882972
"6906",1968-11-27,0.00271416882509357
"6907",1968-11-28,0.0110869144709795
"6908",1968-11-29,1.8974895908741e-05
"6909",1968-11-30,1.50686656184007e-05
"6910",1968-12-01,1.02884621924204e-05
"6911",1968-12-02,0.000148415552757797
"6912",1968-12-03,0.000141048686543854
"6913",1968-12-04,0.000158639114488324
"6914",1968-12-05,0.000125925932479731
"6915",1968-12-06,0.000115216417384545
"6916",1968-12-07,9.56284452513501e-07
"6917",1968-12-08,3.61569218512159e-05
"6918",1968-12-09,7.8888841017033e-05
"6919",1968-12-10,3.62403091003216e-06
"6920",1968-12-11,2.27840585580452e-05
"6921",1968-12-12,2.95746428946586e-06
"6922",1968-12-13,4.00141891532257e-05
"6923",1968-12-14,0.000307778423973559
"6924",1968-12-15,0.000378374990759767
"6925",1968-12-16,0.000766307678929934
"6926",1968-12-17,0.000289220348349772
"6927",1968-12-18,0.00491738492564764
"6928",1968-12-19,0.000618066494098457
"6929",1968-12-20,2.09620498026197e-06
"6930",1968-12-21,0.00747320913973226
"6931",1968-12-22,0.000438825818719124
"6932",1968-12-23,0.00688956461090129
"6933",1968-12-24,0.000966508515830355
"6934",1968-12-25,0.007220072337077
"6935",1968-12-26,0.00352991127135738
"6936",1968-12-27,0.00140142046114988
"6937",1968-12-28,0.000906828346273869
"6938",1968-12-29,0.000521349257724069
"6939",1968-12-30,0.000368342523870524
"6940",1968-12-31,2.85690703094588e-07
"6941",1969-01-01,0.00394297299857271
"6942",1969-01-02,0.00250003119452913
"6943",1969-01-03,0.00149054076428001
"6944",1969-01-04,0.00188070397416595
"6945",1969-01-05,0.00116558471927419
"6946",1969-01-06,0.000267412336143025
"6947",1969-01-07,0.000163332361807988
"6948",1969-01-08,0.000576810062739241
"6949",1969-01-09,0.00039023901587143
"6950",1969-01-10,0.000340457428137597
"6951",1969-01-11,0.00375117399380542
"6952",1969-01-12,0.000497543611743367
"6953",1969-01-13,0.0130161012702956
"6954",1969-01-14,0.0166540655045537
"6955",1969-01-15,0.00192831319782272
"6956",1969-01-16,0.00735391426223941
"6957",1969-01-17,0.00481634822608612
"6958",1969-01-18,0.0123617364588426
"6959",1969-01-19,0.00837406826030929
"6960",1969-01-20,0.00711611284350511
"6961",1969-01-21,0.0077092730152799
"6962",1969-01-22,0.0036340180504908
"6963",1969-01-23,0.00822431871637264
"6964",1969-01-24,7.97098609268687e-05
"6965",1969-01-25,0.00171063999459875
"6966",1969-01-26,0.00087205832824111
"6967",1969-01-27,0.000759108587772062
"6968",1969-01-28,0.000853784376886324
"6969",1969-01-29,0.0082388630605692
"6970",1969-01-30,0.00230551909464793
"6971",1969-01-31,0.000787381863119663
"6972",1969-02-01,0.000363214254321065
"6973",1969-02-02,0.00451286930638162
"6974",1969-02-03,0.00226995010666542
"6975",1969-02-04,6.67270910525986e-07
"6976",1969-02-05,6.4093849175606e-05
"6977",1969-02-06,0.00258070128620602
"6978",1969-02-07,0.0034334191019525
"6979",1969-02-08,0.00168981003753288
"6980",1969-02-09,0.000474603070870216
"6981",1969-02-10,0.000814109981604361
"6982",1969-02-11,0.000202471350291944
"6983",1969-02-12,0.00198284562338813
"6984",1969-02-13,0.000149669174103195
"6985",1969-02-14,3.05516274430317e-05
"6986",1969-02-15,0.00154836344427167
"6987",1969-02-16,0.000229077397989386
"6988",1969-02-17,0.0013014687665418
"6989",1969-02-18,0.000385002398616052
"6990",1969-02-19,0.000196076437930515
"6991",1969-02-20,4.22420533823242e-05
"6992",1969-02-21,0.00238991694828883
"6993",1969-02-22,0.00580161216203123
"6994",1969-02-23,0.000298220104014035
"6995",1969-02-24,0.000452330275948043
"6996",1969-02-25,0.000295336788440181
"6997",1969-02-26,0.000591610884839611
"6998",1969-02-27,0.00077518422222056
"6999",1969-02-28,6.19960663925667e-05
"7000",1969-03-01,3.98086455675184e-05
"7001",1969-03-02,0
"7002",1969-03-03,5.72056740679727e-05
"7003",1969-03-04,0.000100943384722996
"7004",1969-03-05,1.28705669339979e-05
"7005",1969-03-06,0
"7006",1969-03-07,0
"7007",1969-03-08,0.0134828158840605
"7008",1969-03-09,0.00213121392437188
"7009",1969-03-10,0
"7010",1969-03-11,5.24307830573889e-06
"7011",1969-03-12,0
"7012",1969-03-13,0
"7013",1969-03-14,5.72726605696516e-07
"7014",1969-03-15,2.38434557786604e-06
"7015",1969-03-16,8.00899658770504e-06
"7016",1969-03-17,0.000219184071056588
"7017",1969-03-18,2.57593254104904e-05
"7018",1969-03-19,4.46870000700983e-05
"7019",1969-03-20,2.27569111075354e-05
"7020",1969-03-21,0
"7021",1969-03-22,7.15382088856131e-06
"7022",1969-03-23,1.90798101584733e-06
"7023",1969-03-24,4.09604780315931e-06
"7024",1969-03-25,1.71746705746045e-06
"7025",1969-03-26,0
"7026",1969-03-27,0
"7027",1969-03-28,0
"7028",1969-03-29,0.00213212318800515
"7029",1969-03-30,0.0105978420033352
"7030",1969-03-31,0.000288858578244344
"7031",1969-04-01,0.000743206086553982
"7032",1969-04-02,5.14995099365478e-06
"7033",1969-04-03,0
"7034",1969-04-04,0
"7035",1969-04-05,0
"7036",1969-04-06,0
"7037",1969-04-07,0
"7038",1969-04-08,0
"7039",1969-04-09,0
"7040",1969-04-10,0.00508390671166126
"7041",1969-04-11,5.71541590943525e-07
"7042",1969-04-12,0.00784874281242764
"7043",1969-04-13,0.00342117456045798
"7044",1969-04-14,0.000319847098865012
"7045",1969-04-15,0.00318616223103163
"7046",1969-04-16,0.00073360316690696
"7047",1969-04-17,0.000145239940479769
"7048",1969-04-18,0.00184374031050538
"7049",1969-04-19,0.00604856308382296
"7050",1969-04-20,0.00288746806836571
"7051",1969-04-21,0.00527723736831831
"7052",1969-04-22,0.00145086869360966
"7053",1969-04-23,0
"7054",1969-04-24,0
"7055",1969-04-25,0.0111807402973341
"7056",1969-04-26,0.00105048459647605
"7057",1969-04-27,0.0047870803801402
"7058",1969-04-28,0.000207990256683388
"7059",1969-04-29,0.0123854666599073
"7060",1969-04-30,0.0063834473839961
"7061",1969-05-01,0.00284528398901784
"7062",1969-05-02,0.0019838977993345
"7063",1969-05-03,0.0027576520236039
"7064",1969-05-04,1.91778894986783e-07
"7065",1969-05-05,0.00162453846951394
"7066",1969-05-06,1.3078870551908e-05
"7067",1969-05-07,0.000229700679483358
"7068",1969-05-08,0.0113597554309308
"7069",1969-05-09,7.15812460612142e-05
"7070",1969-05-10,0.00017950966139324
"7071",1969-05-11,0.003065561438234
"7072",1969-05-12,0.00091080523270648
"7073",1969-05-13,0.00354888314905111
"7074",1969-05-14,0.000407858026449048
"7075",1969-05-15,0.00137026063856638
"7076",1969-05-16,0.0121259385165899
"7077",1969-05-17,0.000958185204297024
"7078",1969-05-18,0.00299512729998241
"7079",1969-05-19,0.0138046812644461
"7080",1969-05-20,0.00204640304127679
"7081",1969-05-21,0.00493870657106754
"7082",1969-05-22,0.00126584065498037
"7083",1969-05-23,0.000198868085135473
"7084",1969-05-24,0
"7085",1969-05-25,9.00890501611684e-05
"7086",1969-05-26,0
"7087",1969-05-27,0
"7088",1969-05-28,0.00038751561078243
"7089",1969-05-29,0.00673172011153156
"7090",1969-05-30,0.00248989656302001
"7091",1969-05-31,0.00411770540034695
"7092",1969-06-01,0.00590634015901514
"7093",1969-06-02,0.00229943735581628
"7094",1969-06-03,0.00416417956017767
"7095",1969-06-04,0.00211036871655779
"7096",1969-06-05,0.000512460520951663
"7097",1969-06-06,0
"7098",1969-06-07,0
"7099",1969-06-08,0
"7100",1969-06-09,0.0013782462321501
"7101",1969-06-10,0
"7102",1969-06-11,0
"7103",1969-06-12,0
"7104",1969-06-13,0
"7105",1969-06-14,0
"7106",1969-06-15,0
"7107",1969-06-16,0.00198250081007245
"7108",1969-06-17,0.000350221081134805
"7109",1969-06-18,0.00837487967328343
"7110",1969-06-19,4.57912193496668e-06
"7111",1969-06-20,0.00423865076936636
"7112",1969-06-21,0.00248416722843103
"7113",1969-06-22,0.00246174961233692
"7114",1969-06-23,0.00115320263921603
"7115",1969-06-24,0
"7116",1969-06-25,0
"7117",1969-06-26,0.000150792303259095
"7118",1969-06-27,0.00104898957829391
"7119",1969-06-28,0.00497235350940173
"7120",1969-06-29,0.000430984642719068
"7121",1969-06-30,1.91581187891643e-06
"7122",1969-07-01,0.000230006838137342
"7123",1969-07-02,0.000303241666699705
"7124",1969-07-03,4.76837158203125e-07
"7125",1969-07-04,0.000472964055234115
"7126",1969-07-05,0.0041766929834921
"7127",1969-07-06,0.000775050986874248
"7128",1969-07-07,0.0164981292662105
"7129",1969-07-08,0.00781302753603086
"7130",1969-07-09,1.03874159549378e-05
"7131",1969-07-10,0.00741546713607022
"7132",1969-07-11,0.00402987076927275
"7133",1969-07-12,0.000273736227427435
"7134",1969-07-13,0
"7135",1969-07-14,0
"7136",1969-07-15,0
"7137",1969-07-16,1.91652469538894e-06
"7138",1969-07-17,0.00012301780617463
"7139",1969-07-18,3.78082531824475e-05
"7140",1969-07-19,0.00519228852510878
"7141",1969-07-20,0.000203667417906672
"7142",1969-07-21,0
"7143",1969-07-22,2.29145877028714e-06
"7144",1969-07-23,1.22195083349652e-05
"7145",1969-07-24,0.0180700681991652
"7146",1969-07-25,0.000586967046842801
"7147",1969-07-26,1.90513844700035e-07
"7148",1969-07-27,0.0017577456011395
"7149",1969-07-28,0.00649236497537231
"7150",1969-07-29,8.8740409410093e-05
"7151",1969-07-30,0
"7152",1969-07-31,0
"7153",1969-08-01,5.71381406189175e-07
"7154",1969-08-02,0
"7155",1969-08-03,0
"7156",1969-08-04,0
"7157",1969-08-05,0
"7158",1969-08-06,0
"7159",1969-08-07,0
"7160",1969-08-08,3.14528801936831e-06
"7161",1969-08-09,0.000814132249615795
"7162",1969-08-10,1.9056910218751e-06
"7163",1969-08-11,0
"7164",1969-08-12,6.66798592874329e-06
"7165",1969-08-13,1.54327668724363e-05
"7166",1969-08-14,0.0014221404262571
"7167",1969-08-15,0.000338255025042145
"7168",1969-08-16,0.000409948729270582
"7169",1969-08-17,0.000208680918888149
"7170",1969-08-18,2.49186166456639e-06
"7171",1969-08-19,0.000377479736414443
"7172",1969-08-20,0.00433907444653414
"7173",1969-08-21,0.00447080203673522
"7174",1969-08-22,0.0164776800229447
"7175",1969-08-23,0.0134833530377136
"7176",1969-08-24,0.00535999315349045
"7177",1969-08-25,0.00602182878384383
"7178",1969-08-26,0.00268824875820428
"7179",1969-08-27,0.0102527492106219
"7180",1969-08-28,0.00723740096742631
"7181",1969-08-29,2.10786665206797e-05
"7182",1969-08-30,0
"7183",1969-08-31,0
"7184",1969-09-01,0
"7185",1969-09-02,0
"7186",1969-09-03,7.25388099453994e-05
"7187",1969-09-04,2.55838654084073e-05
"7188",1969-09-05,3.09902162598519e-05
"7189",1969-09-06,0
"7190",1969-09-07,0
"7191",1969-09-08,2.85690703094588e-07
"7192",1969-09-09,0.000171500402871061
"7193",1969-09-10,0.000692574742345187
"7194",1969-09-11,0.0015165384560305
"7195",1969-09-12,0.00222138025253571
"7196",1969-09-13,0.00529081556578603
"7197",1969-09-14,0.00364011536476028
"7198",1969-09-15,0.000578804436202063
"7199",1969-09-16,0.00194103289129544
"7200",1969-09-17,3.83557960503822e-07
"7201",1969-09-18,0
"7202",1969-09-19,0
"7203",1969-09-20,4.00585213355953e-06
"7204",1969-09-21,0.00453279162280751
"7205",1969-09-22,0.0141609458660241
"7206",1969-09-23,0.000491506513242257
"7207",1969-09-24,0.0012553105420352
"7208",1969-09-25,0.00316062841034181
"7209",1969-09-26,0.00744770666955219
"7210",1969-09-27,0.00471475654285314
"7211",1969-09-28,0.0135573185543763
"7212",1969-09-29,0.00448345056111066
"7213",1969-09-30,0.0090450218267506
"7214",1969-10-01,0.00282811393935845
"7215",1969-10-02,1.34245237859432e-06
"7216",1969-10-03,0.000217309723666403
"7217",1969-10-04,0
"7218",1969-10-05,0
"7219",1969-10-06,0.000170540636304395
"7220",1969-10-07,0.00183134498547588
"7221",1969-10-08,0.000801952014001017
"7222",1969-10-09,0.00035912720164788
"7223",1969-10-10,0
"7224",1969-10-11,0
"7225",1969-10-12,6.97475475703868e-05
"7226",1969-10-13,0.000552306049655726
"7227",1969-10-14,0.00156478799362958
"7228",1969-10-15,0.000445782738154321
"7229",1969-10-16,0.00155136574994685
"7230",1969-10-17,0.00031110929597844
"7231",1969-10-18,0.000337423986820795
"7232",1969-10-19,0.000134573320565323
"7233",1969-10-20,0.000179408180883911
"7234",1969-10-21,2.89352121853881e-05
"7235",1969-10-22,0.000140312027724576
"7236",1969-10-23,0.000952336694695077
"7237",1969-10-24,0.0142719015348121
"7238",1969-10-25,0.000556911998216947
"7239",1969-10-26,5.71381406189175e-07
"7240",1969-10-27,0.000383739785377202
"7241",1969-10-28,0.000884417983286312
"7242",1969-10-29,0.000193869463601004
"7243",1969-10-30,0
"7244",1969-10-31,8.58417308791104e-07
"7245",1969-11-01,0.00262141336861532
"7246",1969-11-02,0.00540526068198233
"7247",1969-11-03,0.00308774668451406
"7248",1969-11-04,6.91752882175933e-05
"7249",1969-11-05,3.83557960503822e-07
"7250",1969-11-06,0.00256855383759103
"7251",1969-11-07,0.00247530894068859
"7252",1969-11-08,0.0106875101647006
"7253",1969-11-09,0.00835589978669304
"7254",1969-11-10,0.0133244929056673
"7255",1969-11-11,0.00293891805722524
"7256",1969-11-12,0.0156771797792317
"7257",1969-11-13,0.00749871955321169
"7258",1969-11-14,0.0053163826232776
"7259",1969-11-15,0.00468176715838808
"7260",1969-11-16,0.00621952059555042
"7261",1969-11-17,0.010637193857292
"7262",1969-11-18,0.00623936022839189
"7263",1969-11-19,2.05466263309972e-05
"7264",1969-11-20,2.18323732497083e-05
"7265",1969-11-21,0
"7266",1969-11-22,0.000735938192747199
"7267",1969-11-23,0.0117142382762268
"7268",1969-11-24,6.49071795351119e-05
"7269",1969-11-25,2.68974159780555e-05
"7270",1969-11-26,0
"7271",1969-11-27,0.00193447785574108
"7272",1969-11-28,2.86308062413809e-06
"7273",1969-11-29,1.68899315440285e-05
"7274",1969-11-30,3.83404189392422e-05
"7275",1969-12-01,0.0078842051589163
"7276",1969-12-02,0.000332093352767515
"7277",1969-12-03,0
"7278",1969-12-04,0
"7279",1969-12-05,9.99917460831057e-07
"7280",1969-12-06,3.00072287018338e-05
"7281",1969-12-07,0.00190691272473487
"7282",1969-12-08,0.00691849464897132
"7283",1969-12-09,0.000138064178713648
"7284",1969-12-10,0.00162301780437701
"7285",1969-12-11,0.00146111313279107
"7286",1969-12-12,0.000494675507979991
"7287",1969-12-13,0.000228187082029763
"7288",1969-12-14,0.000526020987308584
"7289",1969-12-15,0.000679011235661164
"7290",1969-12-16,0.000736075841814454
"7291",1969-12-17,0.000407032006478403
"7292",1969-12-18,0.000423479899836821
"7293",1969-12-19,0.000329624914229498
"7294",1969-12-20,0.000217691925172403
"7295",1969-12-21,0.000117903006866982
"7296",1969-12-22,0.00127880925720092
"7297",1969-12-23,0.00606894030352123
"7298",1969-12-24,0.000204738843308405
"7299",1969-12-25,0.000130797552628792
"7300",1969-12-26,0.000282640991827066
"7301",1969-12-27,0.000352427614473072
"7302",1969-12-28,0.000129681736325438
"7303",1969-12-29,0.000397917724512808
"7304",1969-12-30,5.28208008745423e-05
"7305",1969-12-31,0.000187819541110912
"7306",1970-01-01,0.00209725682725548
"7307",1970-01-02,0.000548947154641155
"7308",1970-01-03,0.000193479093354654
"7309",1970-01-04,0.00351974990536519
"7310",1970-01-05,2.85316085637533e-05
"7311",1970-01-06,3.04254475054222e-05
"7312",1970-01-07,0.000185374137799954
"7313",1970-01-08,0.000322591788972204
"7314",1970-01-09,0.000129920766482883
"7315",1970-01-10,0.0030638001370562
"7316",1970-01-11,0.00074611798549995
"7317",1970-01-12,0.0078867949632695
"7318",1970-01-13,0.00774665400967933
"7319",1970-01-14,0.000423462941398611
"7320",1970-01-15,0.000239510769631579
"7321",1970-01-16,6.3545829789291e-06
"7322",1970-01-17,0.000184021394602496
"7323",1970-01-18,0.000304353021419956
"7324",1970-01-19,0.000307224975074405
"7325",1970-01-20,0.00019150862499373
"7326",1970-01-21,0.000329768226038141
"7327",1970-01-22,8.59087907087996e-05
"7328",1970-01-23,0.00050051904997872
"7329",1970-01-24,0.00108478087986441
"7330",1970-01-25,0.000638005278233322
"7331",1970-01-26,0.00606058700941503
"7332",1970-01-27,0.000238607409755787
"7333",1970-01-28,4.95842148779957e-05
"7334",1970-01-29,0.000299718898759238
"7335",1970-01-30,0.000629250523502378
"7336",1970-01-31,1.52568816247367e-06
"7337",1970-02-01,0.000540290553544764
"7338",1970-02-02,0.00360596267364599
"7339",1970-02-03,0.00199693261993161
"7340",1970-02-04,0.000136819917713638
"7341",1970-02-05,1.27394575883955e-05
"7342",1970-02-06,2.85690703094588e-07
"7343",1970-02-07,0.00427271996704803
"7344",1970-02-08,0.00334930757526308
"7345",1970-02-09,0.000597215665038675
"7346",1970-02-10,4.79571853588823e-05
"7347",1970-02-11,5.15541205459158e-06
"7348",1970-02-12,0.000287393618691567
"7349",1970-02-13,4.5873897988713e-05
"7350",1970-02-14,0.000235948166789512
"7351",1970-02-15,5.83654821753044e-05
"7352",1970-02-16,0.000299316996120069
"7353",1970-02-17,5.11206921487428e-05
"7354",1970-02-18,0.000341527861564828
"7355",1970-02-19,0.000610747464634187
"7356",1970-02-20,0.00265741863489666
"7357",1970-02-21,0.00139527634837577
"7358",1970-02-22,0.000848573517941986
"7359",1970-02-23,0.000580927507144224
"7360",1970-02-24,0.000139819683568021
"7361",1970-02-25,0.000128060259328322
"7362",1970-02-26,3.18600256719037e-05
"7363",1970-02-27,1.21198225428998e-05
"7364",1970-02-28,0
"7365",1970-03-01,3.00382793056997e-05
"7366",1970-03-02,4.51512615882166e-05
"7367",1970-03-03,8.9686138721845e-05
"7368",1970-03-04,0.00184792959316837
"7369",1970-03-05,0.00305595616555365
"7370",1970-03-06,0.00605274629197083
"7371",1970-03-07,0.00152942273416556
"7372",1970-03-08,0.00258150482187602
"7373",1970-03-09,0.00132460902824505
"7374",1970-03-10,0.0014365475062732
"7375",1970-03-11,0.00210391741802596
"7376",1970-03-12,6.71476286129291e-05
"7377",1970-03-13,7.6549998595965e-05
"7378",1970-03-14,5.43556228649322e-06
"7379",1970-03-15,5.30541126408934e-06
"7380",1970-03-16,0.0001024757419259
"7381",1970-03-17,0.00265748027766222
"7382",1970-03-18,0.000158274748628173
"7383",1970-03-19,0.00127089834950311
"7384",1970-03-20,0
"7385",1970-03-21,4.77549690458545e-07
"7386",1970-03-22,0.00211796616076754
"7387",1970-03-23,0.00137958381975523
"7388",1970-03-24,1.00031622878305e-05
"7389",1970-03-25,1.42428456229027e-05
"7390",1970-03-26,0.0061395110661806
"7391",1970-03-27,0.00042887156581628
"7392",1970-03-28,0.00156159941224132
"7393",1970-03-29,2.47872958425432e-06
"7394",1970-03-30,8.5898083000302e-05
"7395",1970-03-31,0.00121025080164827
"7396",1970-04-01,0.00357175725366687
"7397",1970-04-02,0.000127862629369702
"7398",1970-04-03,2.01618477149168e-05
"7399",1970-04-04,0.000985111450290788
"7400",1970-04-05,0.00440864173287991
"7401",1970-04-06,0.00247490805759298
"7402",1970-04-07,0.00218464293016041
"7403",1970-04-08,0.00568153460335452
"7404",1970-04-09,0.000393863957071972
"7405",1970-04-10,0.000441588985268027
"7406",1970-04-11,0.000291645151833109
"7407",1970-04-12,0.000352718487931725
"7408",1970-04-13,4.11691258364044e-05
"7409",1970-04-14,0
"7410",1970-04-15,0.00252797420858997
"7411",1970-04-16,0.00143604720165058
"7412",1970-04-17,0.00121607183484684
"7413",1970-04-18,0.00510667838142354
"7414",1970-04-19,0.00176077821123499
"7415",1970-04-20,0.000930364125053984
"7416",1970-04-21,0.00569639468147898
"7417",1970-04-22,0.000878887520684657
"7418",1970-04-23,0.00915113554128766
"7419",1970-04-24,0.00084223644546455
"7420",1970-04-25,0.00228012067469763
"7421",1970-04-26,0.00254353224681836
"7422",1970-04-27,0.000820199412373768
"7423",1970-04-28,0.00129632859443518
"7424",1970-04-29,0.00179181164480724
"7425",1970-04-30,0.00155369106596481
"7426",1970-05-01,0.00017302359151472
"7427",1970-05-02,4.50608758910676e-05
"7428",1970-05-03,0
"7429",1970-05-04,0.000102272831668415
"7430",1970-05-05,1.79258220782685e-05
"7431",1970-05-06,0
"7432",1970-05-07,0
"7433",1970-05-08,0
"7434",1970-05-09,0
"7435",1970-05-10,0
"7436",1970-05-11,0
"7437",1970-05-12,0
"7438",1970-05-13,0.00377688229599471
"7439",1970-05-14,7.52529700775995e-06
"7440",1970-05-15,0.000774767204347881
"7441",1970-05-16,0.00449213184521113
"7442",1970-05-17,2.42371099830052e-05
"7443",1970-05-18,0
"7444",1970-05-19,0.00102817579130488
"7445",1970-05-20,0.000249205106740646
"7446",1970-05-21,0.00473762176062564
"7447",1970-05-22,0.00400272887964093
"7448",1970-05-23,1.91778951830202e-07
"7449",1970-05-24,0.000140755261782033
"7450",1970-05-25,0.00174935098618789
"7451",1970-05-26,0.000348878753356985
"7452",1970-05-27,6.19128377365996e-06
"7453",1970-05-28,0.000338583151517469
"7454",1970-05-29,0.00653651569257363
"7455",1970-05-30,0.00523354942470178
"7456",1970-05-31,0.000426753712304162
"7457",1970-06-01,2.14488139818059e-05
"7458",1970-06-02,0
"7459",1970-06-03,0
"7460",1970-06-04,0
"7461",1970-06-05,0
"7462",1970-06-06,0
"7463",1970-06-07,9.52392292674631e-06
"7464",1970-06-08,0.000722337267688999
"7465",1970-06-09,0.000596702842813102
"7466",1970-06-10,0
"7467",1970-06-11,0.00481377553296625
"7468",1970-06-12,0.00220011059559511
"7469",1970-06-13,0
"7470",1970-06-14,0
"7471",1970-06-15,0
"7472",1970-06-16,0
"7473",1970-06-17,0
"7474",1970-06-18,0
"7475",1970-06-19,0
"7476",1970-06-20,0
"7477",1970-06-21,0
"7478",1970-06-22,0.000353814275513287
"7479",1970-06-23,0.000875990942631688
"7480",1970-06-24,0.000685807287197804
"7481",1970-06-25,0.0118427633629494
"7482",1970-06-26,0.000162109489394879
"7483",1970-06-27,0
"7484",1970-06-28,0.00930451571184676
"7485",1970-06-29,0.0251699109066976
"7486",1970-06-30,0.00904980790437548
"7487",1970-07-01,0.00824035098776221
"7488",1970-07-02,0.0087062556121964
"7489",1970-07-03,0.00450955719759349
"7490",1970-07-04,0.00052034569114312
"7491",1970-07-05,3.43909662774422e-05
"7492",1970-07-06,0.00406417556314409
"7493",1970-07-07,0.00277106792577797
"7494",1970-07-08,0
"7495",1970-07-09,0.0110335370027315
"7496",1970-07-10,0.00663033062096474
"7497",1970-07-11,0.00367004098842472
"7498",1970-07-12,0.00682361764575035
"7499",1970-07-13,0.0102529099904132
"7500",1970-07-14,0.000780047874286538
"7501",1970-07-15,0.00278096264378291
"7502",1970-07-16,1.22215687383687e-05
"7503",1970-07-17,1.71414421856753e-06
"7504",1970-07-18,0.00252481290317519
"7505",1970-07-19,0.000199330849454782
"7506",1970-07-20,0.00148396529039019
"7507",1970-07-21,0.00147458063889871
"7508",1970-07-22,0.000729956864461201
"7509",1970-07-23,1.35264863274642e-05
"7510",1970-07-24,0.00690531575867226
"7511",1970-07-25,0.0145451462631172
"7512",1970-07-26,0.000600110771244999
"7513",1970-07-27,0.00472329906642699
"7514",1970-07-28,0.0134285288150409
"7515",1970-07-29,0.000975659708274179
"7516",1970-07-30,5.65789461006716e-05
"7517",1970-07-31,9.09797384451849e-05
"7518",1970-08-01,0
"7519",1970-08-02,0.000390918991683975
"7520",1970-08-03,6.01577862084923e-05
"7521",1970-08-04,0.000260596941359381
"7522",1970-08-05,0.000903587064385647
"7523",1970-08-06,5.71381406189175e-07
"7524",1970-08-07,1.91778894986783e-07
"7525",1970-08-08,4.5710512495134e-06
"7526",1970-08-09,0.000117194400218068
"7527",1970-08-10,0.000887992235220736
"7528",1970-08-11,0.0056858748976083
"7529",1970-08-12,8.6446471925683e-05
"7530",1970-08-13,1.42845351547294e-06
"7531",1970-08-14,0.00054222963990469
"7532",1970-08-15,0.00147086865860047
"7533",1970-08-16,0.000154536413674577
"7534",1970-08-17,0.0208873198807851
"7535",1970-08-18,0.00262895238438432
"7536",1970-08-19,0.000666507614539569
"7537",1970-08-20,0.000668297901711412
"7538",1970-08-21,5.7076460279859e-05
"7539",1970-08-22,0
"7540",1970-08-23,5.71381406189175e-06
"7541",1970-08-24,0.000153681346603207
"7542",1970-08-25,0
"7543",1970-08-26,6.97248327696798e-06
"7544",1970-08-27,5.19431953875937e-05
"7545",1970-08-28,9.58894474933913e-08
"7546",1970-08-29,0
"7547",1970-08-30,3.90478728036214e-05
"7548",1970-08-31,0.0026095319380488
"7549",1970-09-01,0.00848894515337406
"7550",1970-09-02,0.000462730511060272
"7551",1970-09-03,0.0131983941901126
"7552",1970-09-04,8.18536966562533e-05
"7553",1970-09-05,6.39053282043278e-05
"7554",1970-09-06,0.000303450830131169
"7555",1970-09-07,0
"7556",1970-09-08,0.0036806708864674
"7557",1970-09-09,0.00805627460067626
"7558",1970-09-10,0.0137218645832036
"7559",1970-09-11,0.0116131899558241
"7560",1970-09-12,0.0026187927214778
"7561",1970-09-13,0.00473180332483025
"7562",1970-09-14,0.00435127703622129
"7563",1970-09-15,0.000530476046947115
"7564",1970-09-16,0.02072783899348
"7565",1970-09-17,0.000237711209194913
"7566",1970-09-18,5.5989595974637e-05
"7567",1970-09-19,0.000114335310172464
"7568",1970-09-20,1.91778951830202e-07
"7569",1970-09-21,0.000583462331121609
"7570",1970-09-22,2.97194179665894e-06
"7571",1970-09-23,0
"7572",1970-09-24,1.91336170018985e-06
"7573",1970-09-25,0
"7574",1970-09-26,0
"7575",1970-09-27,1.37211854962516e-05
"7576",1970-09-28,0.00062490949022731
"7577",1970-09-29,0.00020322428434838
"7578",1970-09-30,0.00373376197597963
"7579",1970-10-01,0.00485332388092274
"7580",1970-10-02,0.0113265127800446
"7581",1970-10-03,0.00812933293423157
"7582",1970-10-04,0.000597282591400017
"7583",1970-10-05,0.00719128566157679
"7584",1970-10-06,0.00511305408645057
"7585",1970-10-07,0.00870018890418578
"7586",1970-10-08,0.00279601171041577
"7587",1970-10-09,0.00081032987600338
"7588",1970-10-10,0.000614325368587743
"7589",1970-10-11,0
"7590",1970-10-12,1.62292292316124e-06
"7591",1970-10-13,0.000141233914689565
"7592",1970-10-14,0.000403561867699409
"7593",1970-10-15,0.000120547715596331
"7594",1970-10-16,0.000170742506668375
"7595",1970-10-17,6.09514435723213e-05
"7596",1970-10-18,0.00301135991912815
"7597",1970-10-19,0.0143611306183971
"7598",1970-10-20,0.000313065305817872
"7599",1970-10-21,0.000112201174488291
"7600",1970-10-22,9.65056260611163e-05
"7601",1970-10-23,2.23887054744409e-05
"7602",1970-10-24,0.00129312810895499
"7603",1970-10-25,0.00035197531360609
"7604",1970-10-26,0.000261759215163693
"7605",1970-10-27,0
"7606",1970-10-28,0.0167768445771799
"7607",1970-10-29,0.0036062892066866
"7608",1970-10-30,0.0123411749946172
"7609",1970-10-31,0.000679548575533317
"7610",1970-11-01,0.00858254243939882
"7611",1970-11-02,8.58417365634523e-07
"7612",1970-11-03,0.00563916877035808
"7613",1970-11-04,0.00109359650105034
"7614",1970-11-05,0.000896211763972588
"7615",1970-11-06,7.62527861297713e-07
"7616",1970-11-07,4.01733951207461e-05
"7617",1970-11-08,0.00871186384301836
"7618",1970-11-09,0.00149651357156699
"7619",1970-11-10,9.52961613620573e-07
"7620",1970-11-11,0.0090126454084043
"7621",1970-11-12,0.0017224578485866
"7622",1970-11-13,0.00322483070249291
"7623",1970-11-14,0.00903588684741408
"7624",1970-11-15,0.00628438756393734
"7625",1970-11-16,0.00236856477567926
"7626",1970-11-17,0.000657176075947064
"7627",1970-11-18,0.00521310556860044
"7628",1970-11-19,0.0111782619933365
"7629",1970-11-20,0.00139641799796664
"7630",1970-11-21,0.00348424511514622
"7631",1970-11-22,0.00138650699216214
"7632",1970-11-23,0.00404854227053875
"7633",1970-11-24,0.00720526722579962
"7634",1970-11-25,0.0014515318103463
"7635",1970-11-26,0.00998072642676107
"7636",1970-11-27,0
"7637",1970-11-28,0.00293037961000664
"7638",1970-11-29,0.0131835448837592
"7639",1970-11-30,0.00196550204674395
"7640",1970-12-01,0.00281013335916214
"7641",1970-12-02,0.000734239879875531
"7642",1970-12-03,3.81580207431398e-07
"7643",1970-12-04,0.00196077537481187
"7644",1970-12-05,0.00626606797959539
"7645",1970-12-06,0.00734640329272906
"7646",1970-12-07,0.00342795052188194
"7647",1970-12-08,0
"7648",1970-12-09,0
"7649",1970-12-10,4.79447290757662e-07
"7650",1970-12-11,2.68023575245024e-05
"7651",1970-12-12,0.000193208035852876
"7652",1970-12-13,0.000428490038757445
"7653",1970-12-14,3.01265782809423e-05
"7654",1970-12-15,0
"7655",1970-12-16,1.52568810563025e-06
"7656",1970-12-17,0.00390996252684772
"7657",1970-12-18,0
"7658",1970-12-19,0.000517588137142866
"7659",1970-12-20,0.000729032951483077
"7660",1970-12-21,2.08870656024374e-05
"7661",1970-12-22,0
"7662",1970-12-23,0.000266457568216083
"7663",1970-12-24,0
"7664",1970-12-25,0.000386350304495409
"7665",1970-12-26,7.40392715670168e-05
"7666",1970-12-27,0.000528422423485608
"7667",1970-12-28,0.00034113555921067
"7668",1970-12-29,4.05417525826124e-05
"7669",1970-12-30,1.23946007306586e-05
"7670",1970-12-31,1.81107864705154e-05
"7671",1971-01-01,2.38711635347499e-06
"7672",1971-01-02,8.64124788222398e-05
"7673",1971-01-03,7.23726761862054e-05
"7674",1971-01-04,0.000111183021374472
"7675",1971-01-05,1.12538878056512e-05
"7676",1971-01-06,0.000567981360461545
"7677",1971-01-07,0.0140257466991898
"7678",1971-01-08,0.000801280494670209
"7679",1971-01-09,0.000995927111944184
"7680",1971-01-10,0.000692623165491568
"7681",1971-01-11,6.30806260915051e-06
"7682",1971-01-12,1.42885380682856e-06
"7683",1971-01-13,0.000134271303636524
"7684",1971-01-14,0.00110128267920118
"7685",1971-01-15,0.000602997904138647
"7686",1971-01-16,3.81580207431398e-07
"7687",1971-01-17,0.00369306916144296
"7688",1971-01-18,0.00159854370576795
"7689",1971-01-19,0.00803282875858713
"7690",1971-01-20,0.0076943315589233
"7691",1971-01-21,0.000389257511415053
"7692",1971-01-22,0.00569281299704016
"7693",1971-01-23,0.00258407516230363
"7694",1971-01-24,0.0147172342840349
"7695",1971-01-25,0.0087071487951107
"7696",1971-01-26,0.00571896512246894
"7697",1971-01-27,0.000122391871855143
"7698",1971-01-28,0.000155235870067827
"7699",1971-01-29,0
"7700",1971-01-30,3.03628871165529e-05
"7701",1971-01-31,0.0151558322685332
"7702",1971-02-01,3.81580207431398e-07
"7703",1971-02-02,0.000462653112776934
"7704",1971-02-03,1.14410795504227e-06
"7705",1971-02-04,0
"7706",1971-02-05,0
"7707",1971-02-06,6.15825811109971e-05
"7708",1971-02-07,0
"7709",1971-02-08,0
"7710",1971-02-09,0.000122438725949081
"7711",1971-02-10,0.000157097405292461
"7712",1971-02-11,0.000892727343853039
"7713",1971-02-12,0.00577280117431656
"7714",1971-02-13,0.00822179725400929
"7715",1971-02-14,6.86122190245442e-05
"7716",1971-02-15,0.000650542549351485
"7717",1971-02-16,0.00339099346092553
"7718",1971-02-17,0.007641443531611
"7719",1971-02-18,0.00483624791377224
"7720",1971-02-19,0.000747680243875948
"7721",1971-02-20,0.00123934694215677
"7722",1971-02-21,0.00652724504288926
"7723",1971-02-22,0.000455674830163844
"7724",1971-02-23,0.000249046493479455
"7725",1971-02-24,0.00114799841139757
"7726",1971-02-25,1.33390915380005e-06
"7727",1971-02-26,0.000270578018842116
"7728",1971-02-27,9.65762550322324e-05
"7729",1971-02-28,6.32452045010723e-05
"7730",1971-03-01,0.000278526685178804
"7731",1971-03-02,0.00188840956525382
"7732",1971-03-03,0.000126760561727224
"7733",1971-03-04,1.48053909470036e-05
"7734",1971-03-05,9.98520519033264e-05
"7735",1971-03-06,6.48655043278268e-06
"7736",1971-03-07,1.52897104044314e-06
"7737",1971-03-08,7.15302928711026e-06
"7738",1971-03-09,0.000455687798421422
"7739",1971-03-10,0.00229062441633232
"7740",1971-03-11,9.63900492934044e-05
"7741",1971-03-12,0.00424179997844476
"7742",1971-03-13,0.00299881408216152
"7743",1971-03-14,0.000101701490621053
"7744",1971-03-15,0.0097495884692762
"7745",1971-03-16,0.00738709003144322
"7746",1971-03-17,0.007712730664025
"7747",1971-03-18,0.00401367937320174
"7748",1971-03-19,0.0105473046278348
"7749",1971-03-20,0.000618093693447008
"7750",1971-03-21,0.000229689341210815
"7751",1971-03-22,0.00190727965468795
"7752",1971-03-23,2.85770795471763e-07
"7753",1971-03-24,0.00494487235755514
"7754",1971-03-25,0.000169733077427736
"7755",1971-03-26,0
"7756",1971-03-27,0.00244080050015327
"7757",1971-03-28,0.000892415342150343
"7758",1971-03-29,1.82213181005864e-05
"7759",1971-03-30,6.58545081932971e-06
"7760",1971-03-31,0.000162498370627873
"7761",1971-04-01,0.0164704088238068
"7762",1971-04-02,0.000865196701795412
"7763",1971-04-03,0.00475181190813601
"7764",1971-04-04,0.000265390460754134
"7765",1971-04-05,8.38558759141961e-06
"7766",1971-04-06,0.00228446062391185
"7767",1971-04-07,0.0142152561893454
"7768",1971-04-08,0.000784418140938214
"7769",1971-04-09,1.18188641522465e-05
"7770",1971-04-10,0.000542753140507557
"7771",1971-04-11,0
"7772",1971-04-12,0
"7773",1971-04-13,0
"7774",1971-04-14,5.3416902119352e-06
"7775",1971-04-15,0.000195453261937928
"7776",1971-04-16,0.00275222553847243
"7777",1971-04-17,0.00366076492548473
"7778",1971-04-18,0.00262874885629572
"7779",1971-04-19,0.000245845666938749
"7780",1971-04-20,4.09890729429208e-05
"7781",1971-04-21,0
"7782",1971-04-22,0
"7783",1971-04-23,0
"7784",1971-04-24,4.35578868973607e-05
"7785",1971-04-25,0.000538470584103834
"7786",1971-04-26,8.00567073611091e-06
"7787",1971-04-27,0.00255061285497504
"7788",1971-04-28,0.00067225657136305
"7789",1971-04-29,0.00172578217279806
"7790",1971-04-30,7.86358091318107e-05
"7791",1971-05-01,0
"7792",1971-05-02,0
"7793",1971-05-03,0.000473638322318948
"7794",1971-05-04,9.19420099307899e-05
"7795",1971-05-05,2.17555398194236e-05
"7796",1971-05-06,0
"7797",1971-05-07,0
"7798",1971-05-08,0
"7799",1971-05-09,0.000564213334314445
"7800",1971-05-10,0.000157933398213572
"7801",1971-05-11,2.48554068207341e-05
"7802",1971-05-12,0.00095354263066838
"7803",1971-05-13,0
"7804",1971-05-14,0
"7805",1971-05-15,0.00989785734827819
"7806",1971-05-16,0.00260026703267613
"7807",1971-05-17,0.0102174652747635
"7808",1971-05-18,0.00887475985689434
"7809",1971-05-19,9.30564615941876e-05
"7810",1971-05-20,1.0668776667444e-05
"7811",1971-05-21,0.000106460222980331
"7812",1971-05-22,0.00014342751796903
"7813",1971-05-23,8.91519266588148e-06
"7814",1971-05-24,0
"7815",1971-05-25,0
"7816",1971-05-26,0.00242279220401542
"7817",1971-05-27,0.00226557210203282
"7818",1971-05-28,5.43517646747205e-05
"7819",1971-05-29,0.00249858193052432
"7820",1971-05-30,0.000957280748309586
"7821",1971-05-31,0.000432586349802477
"7822",1971-06-01,3.04915356537094e-05
"7823",1971-06-02,1.33525372802978e-06
"7824",1971-06-03,4.00576288939192e-06
"7825",1971-06-04,0
"7826",1971-06-05,0.00551257039842312
"7827",1971-06-06,1.14474050860736e-06
"7828",1971-06-07,5.32851609023055e-05
"7829",1971-06-08,0.000467525853764528
"7830",1971-06-09,0.00113876847922256
"7831",1971-06-10,0.00411627086305089
"7832",1971-06-11,0
"7833",1971-06-12,0
"7834",1971-06-13,0
"7835",1971-06-14,8.54560630614287e-05
"7836",1971-06-15,0
"7837",1971-06-16,0.00223653707377025
"7838",1971-06-17,0.000751279979340325
"7839",1971-06-18,0.00203779728923337
"7840",1971-06-19,0.000316464399077176
"7841",1971-06-20,0.000661716128888656
"7842",1971-06-21,0.000473965354103711
"7843",1971-06-22,0.0128949340619897
"7844",1971-06-23,0.000851333534171772
"7845",1971-06-24,0.00100381550799966
"7846",1971-06-25,0.0019278895067032
"7847",1971-06-26,0.00212827292131124
"7848",1971-06-27,0.0310099194022655
"7849",1971-06-28,0.0209007297380595
"7850",1971-06-29,0
"7851",1971-06-30,0.000882157068247125
"7852",1971-07-01,5.71381406189175e-07
"7853",1971-07-02,7.62055549330398e-07
"7854",1971-07-03,0
"7855",1971-07-04,6.47888828098075e-06
"7856",1971-07-05,0
"7857",1971-07-06,0
"7858",1971-07-07,0
"7859",1971-07-08,0
"7860",1971-07-09,0
"7861",1971-07-10,0.000506442101482207
"7862",1971-07-11,0
"7863",1971-07-12,2.00150066120841e-06
"7864",1971-07-13,0.000256862029800686
"7865",1971-07-14,0.00735445051384431
"7866",1971-07-15,0.0059921034198851
"7867",1971-07-16,0.0160165609977412
"7868",1971-07-17,0.00155114497647446
"7869",1971-07-18,7.23127568562631e-05
"7870",1971-07-19,0.00209461420854495
"7871",1971-07-20,0.00536600749370564
"7872",1971-07-21,0.00286641272850829
"7873",1971-07-22,0.000152385982971737
"7874",1971-07-23,0
"7875",1971-07-24,0.0158895743431913
"7876",1971-07-25,0.00983443196605549
"7877",1971-07-26,0.00919501470161777
"7878",1971-07-27,0.00126946234229308
"7879",1971-07-28,0.000177032909959962
"7880",1971-07-29,0.00335506364172033
"7881",1971-07-30,0.00770354013911856
"7882",1971-07-31,0.00063083333651548
"7883",1971-08-01,0.00250456998821846
"7884",1971-08-02,0
"7885",1971-08-03,0.000541993934575657
"7886",1971-08-04,0.0193098445452051
"7887",1971-08-05,0.0073751751524469
"7888",1971-08-06,0.0247016818011616
"7889",1971-08-07,0.00561310830818229
"7890",1971-08-08,0.0168777772578323
"7891",1971-08-09,0.00170557742683286
"7892",1971-08-10,0.00033841880053842
"7893",1971-08-11,0.000453498725164536
"7894",1971-08-12,0.000227179003559286
"7895",1971-08-13,0.00175810383598218
"7896",1971-08-14,0.0166143731767079
"7897",1971-08-15,0.00598150143923704
"7898",1971-08-16,0
"7899",1971-08-17,0
"7900",1971-08-18,5.89288243872943e-05
"7901",1971-08-19,1.911463414217e-07
"7902",1971-08-20,0
"7903",1971-08-21,0
"7904",1971-08-22,0
"7905",1971-08-23,5.72094052131433e-07
"7906",1971-08-24,0
"7907",1971-08-25,0
"7908",1971-08-26,0
"7909",1971-08-27,0.0010514828882151
"7910",1971-08-28,0.00779002290761355
"7911",1971-08-29,0.000816633732938499
"7912",1971-08-30,0.010717294821859
"7913",1971-08-31,0.000289676439194864
"7914",1971-09-01,0.0131576992544069
"7915",1971-09-02,0.00054645483544391
"7916",1971-09-03,1.65263053304443e-05
"7917",1971-09-04,0.00489002704398445
"7918",1971-09-05,2.54501419476583e-05
"7919",1971-09-06,0
"7920",1971-09-07,0
"7921",1971-09-08,0.000719606527127326
"7922",1971-09-09,0.000346100990498144
"7923",1971-09-10,0.000311606984723767
"7924",1971-09-11,0.00163709799198841
"7925",1971-09-12,0.00277598822066238
"7926",1971-09-13,7.14798875947054e-05
"7927",1971-09-14,0.000237990212156092
"7928",1971-09-15,4.77549804145383e-07
"7929",1971-09-16,0
"7930",1971-09-17,0.00531311344821006
"7931",1971-09-18,0.00199398560062036
"7932",1971-09-19,8.77547790878452e-06
"7933",1971-09-20,8.86234511199291e-06
"7934",1971-09-21,0.000287046598998586
"7935",1971-09-22,2.08743328471428e-05
"7936",1971-09-23,0.00107502158238049
"7937",1971-09-24,0.0105523567276578
"7938",1971-09-25,4.10743518841628e-05
"7939",1971-09-26,2.68095021738191e-06
"7940",1971-09-27,5.5254538438021e-06
"7941",1971-09-28,0.000186546527004339
"7942",1971-09-29,0.00298692054366256
"7943",1971-09-30,0.00822056327979226
"7944",1971-10-01,0.000212939768857723
"7945",1971-10-02,2.09778215776169e-06
"7946",1971-10-03,0.000218980906140587
"7947",1971-10-04,0
"7948",1971-10-05,0
"7949",1971-10-06,0.000548010915338182
"7950",1971-10-07,0.00107868482518825
"7951",1971-10-08,0
"7952",1971-10-09,0.000508576553443163
"7953",1971-10-10,0.00358045799936235
"7954",1971-10-11,0.000736367481067646
"7955",1971-10-12,0.00384546968507493
"7956",1971-10-13,3.52765786146847e-05
"7957",1971-10-14,0
"7958",1971-10-15,4.39075616895934e-05
"7959",1971-10-16,0.000163448531736776
"7960",1971-10-17,0.00285580709351052
"7961",1971-10-18,0.0166703524591867
"7962",1971-10-19,0.00859271795627592
"7963",1971-10-20,0.00131156778201102
"7964",1971-10-21,0.000130264234030619
"7965",1971-10-22,0.00648579894823342
"7966",1971-10-23,3.16441930294786e-05
"7967",1971-10-24,0.00158395504786313
"7968",1971-10-25,0
"7969",1971-10-26,0
"7970",1971-10-27,0
"7971",1971-10-28,2.9834972849585e-05
"7972",1971-10-29,0.000148368350551209
"7973",1971-10-30,2.29362080403916e-05
"7974",1971-10-31,0.00486843545081683
"7975",1971-11-01,1.06441356102494e-05
"7976",1971-11-02,0.00050227595090746
"7977",1971-11-03,0
"7978",1971-11-04,0.00498408134382089
"7979",1971-11-05,0.0128196253972419
"7980",1971-11-06,0.0322782531002304
"7981",1971-11-07,0.00910849813067216
"7982",1971-11-08,0.00209460046329468
"7983",1971-11-09,5.77945613713382e-05
"7984",1971-11-10,0
"7985",1971-11-11,5.55572225948708e-05
"7986",1971-11-12,0
"7987",1971-11-13,0.00840064215753955
"7988",1971-11-14,7.88332527008606e-05
"7989",1971-11-15,1.76485855831743e-05
"7990",1971-11-16,0.000329289547153166
"7991",1971-11-17,2.17356183043194e-05
"7992",1971-11-18,2.87668399323593e-07
"7993",1971-11-19,1.62157778049732e-06
"7994",1971-11-20,0.00679956439580565
"7995",1971-11-21,0.0139873506850563
"7996",1971-11-22,0.00188645403250121
"7997",1971-11-23,0.00153095685982407
"7998",1971-11-24,0.000130551693871439
"7999",1971-11-25,0.000103250122265308
"8000",1971-11-26,4.77469711768208e-07
"8001",1971-11-27,0.00133438788179774
"8002",1971-11-28,0.00174948242784012
"8003",1971-11-29,0.010878316182243
"8004",1971-11-30,0.00413480329734739
"8005",1971-12-01,0.000196031727682566
"8006",1971-12-02,0.000156549521250327
"8007",1971-12-03,0.00127046867328318
"8008",1971-12-04,0.0023586125608972
"8009",1971-12-05,0
"8010",1971-12-06,8.61027558585192e-07
"8011",1971-12-07,0.000626265665289338
"8012",1971-12-08,6.93206014830139e-05
"8013",1971-12-09,0.00650355631177035
"8014",1971-12-10,0
"8015",1971-12-11,0
"8016",1971-12-12,0
"8017",1971-12-13,0.00373040931236801
"8018",1971-12-14,0.000106634815892903
"8019",1971-12-15,0.00322563986134128
"8020",1971-12-16,0.000260794205132697
"8021",1971-12-17,4.18250746179183e-05
"8022",1971-12-18,0.000343827926371887
"8023",1971-12-19,0.00706585780284286
"8024",1971-12-20,0.00745673919902856
"8025",1971-12-21,0.0022827421406646
"8026",1971-12-22,0
"8027",1971-12-23,0.000104530100543343
"8028",1971-12-24,0.0030317380235374
"8029",1971-12-25,6.69248606754991e-07
"8030",1971-12-26,0.000130173231468689
"8031",1971-12-27,0.00552321838495118
"8032",1971-12-28,0.000328473703348209
"8033",1971-12-29,8.86654038367851e-06
"8034",1971-12-30,1.61959997058148e-06
"8035",1971-12-31,2.80995055845779e-06
"8036",1972-01-01,2.36746256518927e-05
"8037",1972-01-02,0.000327532688061183
"8038",1972-01-03,0.000476842411444522
"8039",1972-01-04,0.000919553791391081
"8040",1972-01-05,0.00263072329198621
"8041",1972-01-06,0.00124559849609795
"8042",1972-01-07,0.000151053993249661
"8043",1972-01-08,0.000338543637553812
"8044",1972-01-09,0.000214657421565789
"8045",1972-01-10,2.09738824423766e-05
"8046",1972-01-11,4.20547983708275e-05
"8047",1972-01-12,0.000170129566868127
"8048",1972-01-13,0.000173748601810075
"8049",1972-01-14,8.38293375409194e-05
"8050",1972-01-15,2.19849982840969e-06
"8051",1972-01-16,8.81977979929616e-05
"8052",1972-01-17,4.78450001537567e-05
"8053",1972-01-18,0.000792088073467312
"8054",1972-01-19,0.00841543295700831
"8055",1972-01-20,0.000381022908982231
"8056",1972-01-21,0.0081165089732167
"8057",1972-01-22,0.00052854233791777
"8058",1972-01-23,0.00153993540152442
"8059",1972-01-24,0.00156717077879875
"8060",1972-01-25,0.00121293007396162
"8061",1972-01-26,0.000383540254915715
"8062",1972-01-27,0.000387682945984125
"8063",1972-01-28,9.65544604696333e-05
"8064",1972-01-29,8.85476700887011e-05
"8065",1972-01-30,0.0048104347079061
"8066",1972-01-31,0.00483371579321101
"8067",1972-02-01,0.00467528635635972
"8068",1972-02-02,0.00209946554895168
"8069",1972-02-03,0.00325175344187301
"8070",1972-02-04,0.000276078496824539
"8071",1972-02-05,0.00010452841291908
"8072",1972-02-06,0.000467701502600448
"8073",1972-02-07,0.00285372977702991
"8074",1972-02-08,0.00138701220805615
"8075",1972-02-09,0.00126313550487112
"8076",1972-02-10,0.00550338422544883
"8077",1972-02-11,0.000810074806395278
"8078",1972-02-12,0.00536110825214564
"8079",1972-02-13,0.00466957766093401
"8080",1972-02-14,0.000737260645109927
"8081",1972-02-15,6.01424361548197e-05
"8082",1972-02-16,0.00113747345767479
"8083",1972-02-17,0.00305129080879851
"8084",1972-02-18,0.000304721278155284
"8085",1972-02-19,0.00313590959194698
"8086",1972-02-20,0.000282995483871673
"8087",1972-02-21,0.000720264683650385
"8088",1972-02-22,0.000143962240372275
"8089",1972-02-23,5.71381406189175e-07
"8090",1972-02-24,6.72844822702245e-06
"8091",1972-02-25,4.19057926137612e-05
"8092",1972-02-26,0.0003389027580738
"8093",1972-02-27,0.000885826870216988
"8094",1972-02-28,2.29158603701762e-05
"8095",1972-02-29,0.000178920605833355
"8096",1972-03-01,0.000250258566325101
"8097",1972-03-02,0.000352037157881568
"8098",1972-03-03,0.000581281642553222
"8099",1972-03-04,0.00111980412492585
"8100",1972-03-05,0.00654336923616938
"8101",1972-03-06,0.00566566933412105
"8102",1972-03-07,0.00834565782861318
"8103",1972-03-08,0.00701425937586464
"8104",1972-03-09,0.00318873090208172
"8105",1972-03-10,5.76629087163383e-05
"8106",1972-03-11,5.44173479966048e-06
"8107",1972-03-12,2.67240648099687e-06
"8108",1972-03-13,0
"8109",1972-03-14,1.52711345435819e-06
"8110",1972-03-15,0.000178103587185063
"8111",1972-03-16,0.000734213651242044
"8112",1972-03-17,3.05438715031414e-06
"8113",1972-03-18,4.76837158203125e-07
"8114",1972-03-19,0
"8115",1972-03-20,5.92462226336465e-05
"8116",1972-03-21,3.53591422026511e-05
"8117",1972-03-22,0
"8118",1972-03-23,0
"8119",1972-03-24,0
"8120",1972-03-25,0.000626671765530773
"8121",1972-03-26,0.0109401731772891
"8122",1972-03-27,0.00198213426563143
"8123",1972-03-28,0.000850250792780116
"8124",1972-03-29,0.0011276235711648
"8125",1972-03-30,3.8102774624349e-07
"8126",1972-03-31,6.8565759647754e-06
"8127",1972-04-01,0
"8128",1972-04-02,0.00880255977637034
"8129",1972-04-03,0.00281367076900096
"8130",1972-04-04,5.74704415612359e-07
"8131",1972-04-05,0.0147008592948623
"8132",1972-04-06,0.00395919046422932
"8133",1972-04-07,0.00287736570385277
"8134",1972-04-08,0.00217794344280264
"8135",1972-04-09,0.0022847195432405
"8136",1972-04-10,0.0049064774193539
"8137",1972-04-11,0.0020085591586394
"8138",1972-04-12,0.00771070970228038
"8139",1972-04-13,0.000413913237707675
"8140",1972-04-14,0.000191448094312818
"8141",1972-04-15,0.00467660128560965
"8142",1972-04-16,0.00229504970684502
"8143",1972-04-17,0.000339473460883255
"8144",1972-04-18,0.00456078575280117
"8145",1972-04-19,0.00011187037370064
"8146",1972-04-20,0
"8147",1972-04-21,0.000654811625736329
"8148",1972-04-22,0
"8149",1972-04-23,0
"8150",1972-04-24,8.57784698382602e-07
"8151",1972-04-25,0.00018452037335237
"8152",1972-04-26,2.14504880204913e-05
"8153",1972-04-27,0.000175345525008197
"8154",1972-04-28,0.000413518187087902
"8155",1972-04-29,0.00814372249169537
"8156",1972-04-30,0.0105502955696011
"8157",1972-05-01,0.000208806269029083
"8158",1972-05-02,0.00250462399964135
"8159",1972-05-03,2.47723232860153e-06
"8160",1972-05-04,0
"8161",1972-05-05,1.23834015539614e-05
"8162",1972-05-06,4.96662167961404e-05
"8163",1972-05-07,3.4298735727134e-06
"8164",1972-05-08,0.000258670981565956
"8165",1972-05-09,0.00083611423815455
"8166",1972-05-10,0.000291844981518352
"8167",1972-05-11,0.00035882528845832
"8168",1972-05-12,0.000671793944093224
"8169",1972-05-13,0.000114158045107615
"8170",1972-05-14,0
"8171",1972-05-15,2.28711053296138e-06
"8172",1972-05-16,7.31568241576497e-05
"8173",1972-05-17,0.000206739568966441
"8174",1972-05-18,0.0164912484842716
"8175",1972-05-19,0.00282360365059731
"8176",1972-05-20,0.00214849283969443
"8177",1972-05-21,0.00859546641004272
"8178",1972-05-22,0.0063403440408365
"8179",1972-05-23,9.5367431640625e-07
"8180",1972-05-24,0.00795475090541231
"8181",1972-05-25,0.00863344213121309
"8182",1972-05-26,0.0116040844066561
"8183",1972-05-27,0.011727536832268
"8184",1972-05-28,0.000245591563100334
"8185",1972-05-29,0.000636893274077011
"8186",1972-05-30,0.00214812949678844
"8187",1972-05-31,0.00744845106208913
"8188",1972-06-01,0.00639706500624015
"8189",1972-06-02,0.00349101599437063
"8190",1972-06-03,0.0079098944839302
"8191",1972-06-04,0.0104377981042489
"8192",1972-06-05,0.00132699020826976
"8193",1972-06-06,0.00915530678503274
"8194",1972-06-07,0.00736680810592816
"8195",1972-06-08,0.00463981288095283
"8196",1972-06-09,0.00122348609778555
"8197",1972-06-10,0.00227907447424514
"8198",1972-06-11,0.0061191207520892
"8199",1972-06-12,0.0207723782793323
"8200",1972-06-13,0.00332925935384765
"8201",1972-06-14,0.000439235700980589
"8202",1972-06-15,0.000355041768045794
"8203",1972-06-16,0.000179062745701231
"8204",1972-06-17,0.000235283717358925
"8205",1972-06-18,0.00787221127484372
"8206",1972-06-19,0.0134672412866621
"8207",1972-06-20,0.00127895867592542
"8208",1972-06-21,0.0073344862094018
"8209",1972-06-22,0.010816795145729
"8210",1972-06-23,0.000932630144120594
"8211",1972-06-24,0.00128118188803228
"8212",1972-06-25,4.34612290405312e-05
"8213",1972-06-26,0
"8214",1972-06-27,0
"8215",1972-06-28,0.00680625575660088
"8216",1972-06-29,0.00116505550306556
"8217",1972-06-30,0.0110218381023515
"8218",1972-07-01,0.0115356828755466
"8219",1972-07-02,0.0024777029057077
"8220",1972-07-03,0.00075074386347751
"8221",1972-07-04,0.000155739930846721
"8222",1972-07-05,0.000926022492933498
"8223",1972-07-06,9.58894474933913e-08
"8224",1972-07-07,0.000402299387246785
"8225",1972-07-08,0.00116799284444369
"8226",1972-07-09,0.00120425687242687
"8227",1972-07-10,0.00182348182448777
"8228",1972-07-11,0
"8229",1972-07-12,0
"8230",1972-07-13,0.00176494313814146
"8231",1972-07-14,0.00131269429948588
"8232",1972-07-15,0.00041164813683281
"8233",1972-07-16,4.01510643541769e-05
"8234",1972-07-17,0
"8235",1972-07-18,0
"8236",1972-07-19,0.000195064995750727
"8237",1972-07-20,0
"8238",1972-07-21,0
"8239",1972-07-22,0.000579147097198529
"8240",1972-07-23,0.00154735154308128
"8241",1972-07-24,0.00423363801354526
"8242",1972-07-25,0.00874497372802807
"8243",1972-07-26,0.0304475259035826
"8244",1972-07-27,0.00204393660533242
"8245",1972-07-28,0.0101087628136156
"8246",1972-07-29,0.0245394154335372
"8247",1972-07-30,0.00231272455897624
"8248",1972-07-31,0.0168726101010179
"8249",1972-08-01,0.00264426348263669
"8250",1972-08-02,0.00190320128609756
"8251",1972-08-03,0.000172424471088561
"8252",1972-08-04,4.2235493424414e-05
"8253",1972-08-05,0.00906421388225453
"8254",1972-08-06,0.000468526896099775
"8255",1972-08-07,0.00288979190912642
"8256",1972-08-08,0.0162912168162279
"8257",1972-08-09,0.0123052337257263
"8258",1972-08-10,0.0071888993434186
"8259",1972-08-11,0.000414762299840277
"8260",1972-08-12,9.52568939283083e-08
"8261",1972-08-13,0.00120640811041994
"8262",1972-08-14,0.0141986570260997
"8263",1972-08-15,0.00226793545692772
"8264",1972-08-16,0.000508748596075748
"8265",1972-08-17,0.010480432318559
"8266",1972-08-18,0.00352406193258048
"8267",1972-08-19,0.00509774250349437
"8268",1972-08-20,0
"8269",1972-08-21,0.000299267925470303
"8270",1972-08-22,0
"8271",1972-08-23,0.000888676200929694
"8272",1972-08-24,0.0012655230094083
"8273",1972-08-25,1.71683404914802e-06
"8274",1972-08-26,0
"8275",1972-08-27,0
"8276",1972-08-28,0
"8277",1972-08-29,0
"8278",1972-08-30,0.000140422319418576
"8279",1972-08-31,2.47770435635175e-06
"8280",1972-09-01,1.23809985552725e-06
"8281",1972-09-02,8.38553268067699e-06
"8282",1972-09-03,3.2199198926719e-05
"8283",1972-09-04,0
"8284",1972-09-05,0
"8285",1972-09-06,8.96725794063968e-06
"8286",1972-09-07,0.00627627797712194
"8287",1972-09-08,0.00249520890241683
"8288",1972-09-09,0.0150486446909781
"8289",1972-09-10,0.00519872659106113
"8290",1972-09-11,0.000548651324887572
"8291",1972-09-12,2.41458088794388e-05
"8292",1972-09-13,0.000178922209613575
"8293",1972-09-14,0.00779930210046587
"8294",1972-09-15,0.0168685091193765
"8295",1972-09-16,0.00787926565192265
"8296",1972-09-17,0.00455251762741682
"8297",1972-09-18,1.34245289018509e-06
"8298",1972-09-19,0.000159541339201041
"8299",1972-09-20,0.000292429372450442
"8300",1972-09-21,0.00214797047470938
"8301",1972-09-22,4.19018323327691e-06
"8302",1972-09-23,0.000141080003572824
"8303",1972-09-24,7.87290127846063e-05
"8304",1972-09-25,1.43177652489612e-06
"8305",1972-09-26,0.00121999164264253
"8306",1972-09-27,0
"8307",1972-09-28,0
"8308",1972-09-29,0
"8309",1972-09-30,0
"8310",1972-10-01,8.58609149645417e-06
"8311",1972-10-02,1.6294887359436e-06
"8312",1972-10-03,8.76613654199332e-06
"8313",1972-10-04,0.0004170557919565
"8314",1972-10-05,2.38774839544931e-06
"8315",1972-10-06,0.000171574278454045
"8316",1972-10-07,0.000184298239503278
"8317",1972-10-08,9.16260779604272e-06
"8318",1972-10-09,0.000140915092913474
"8319",1972-10-10,0.000327709148848498
"8320",1972-10-11,0.0034227083060614
"8321",1972-10-12,0
"8322",1972-10-13,3.7338365928008e-06
"8323",1972-10-14,0.000108771566260657
"8324",1972-10-15,1.91778944724774e-07
"8325",1972-10-16,0
"8326",1972-10-17,4.22278147311772e-05
"8327",1972-10-18,0
"8328",1972-10-19,0.00084398378021433
"8329",1972-10-20,0.00051418209949361
"8330",1972-10-21,2.66208144807933e-05
"8331",1972-10-22,0.00610110907592798
"8332",1972-10-23,0.00588885843831122
"8333",1972-10-24,0.00018426327733323
"8334",1972-10-25,5.4873918429621e-05
"8335",1972-10-26,6.9214224197367e-05
"8336",1972-10-27,0.000263124689638516
"8337",1972-10-28,0.000403548875510751
"8338",1972-10-29,0.00216112506228683
"8339",1972-10-30,0.00142939888701221
"8340",1972-10-31,0.00866111200895148
"8341",1972-11-01,0.00419058389934435
"8342",1972-11-02,0.000448403310656431
"8343",1972-11-03,0.000383690332739661
"8344",1972-11-04,7.62527861297713e-07
"8345",1972-11-05,2.09936780493081e-06
"8346",1972-11-06,0.00110676074160665
"8347",1972-11-07,7.62615115945664e-06
"8348",1972-11-08,1.14276281237835e-06
"8349",1972-11-09,0.00463978667721676
"8350",1972-11-10,0.0145372491533635
"8351",1972-11-11,0.0052229477533956
"8352",1972-11-12,0.00260644755854855
"8353",1972-11-13,0.00220806637571513
"8354",1972-11-14,0.00064818228634067
"8355",1972-11-15,4.0308878851647e-05
"8356",1972-11-16,0.000850259942012599
"8357",1972-11-17,0.000147355507806424
"8358",1972-11-18,0
"8359",1972-11-19,2.00608883460518e-06
"8360",1972-11-20,0.00250837127867953
"8361",1972-11-21,0.00754397954460728
"8362",1972-11-22,3.20271805094308e-05
"8363",1972-11-23,0.00114166341256805
"8364",1972-11-24,0.000123727560094267
"8365",1972-11-25,0
"8366",1972-11-26,1.33525372802978e-06
"8367",1972-11-27,0.000346193187908739
"8368",1972-11-28,0.000455526168309461
"8369",1972-11-29,0.00256278471260885
"8370",1972-11-30,0.0106187594392395
"8371",1972-12-01,0.0103461372345919
"8372",1972-12-02,0.0170108781167073
"8373",1972-12-03,0.00870462898444657
"8374",1972-12-04,0.00263576487941464
"8375",1972-12-05,0.0180958180862945
"8376",1972-12-06,0.00678448576286428
"8377",1972-12-07,0.0164299844473135
"8378",1972-12-08,0.00211118462959803
"8379",1972-12-09,0.00109779657748277
"8380",1972-12-10,0.00429030931866237
"8381",1972-12-11,0.00924775666680944
"8382",1972-12-12,0.00782692670168217
"8383",1972-12-13,0.00396903937411253
"8384",1972-12-14,2.86708483940856e-05
"8385",1972-12-15,0.000195317318684829
"8386",1972-12-16,0.000230641048801772
"8387",1972-12-17,0.000252560047556472
"8388",1972-12-18,0.000103466140672026
"8389",1972-12-19,0.000312797032961498
"8390",1972-12-20,0.000429256051859284
"8391",1972-12-21,0.000543205383110035
"8392",1972-12-22,0.000325925024299067
"8393",1972-12-23,0.000948931600760261
"8394",1972-12-24,0.00115431828544388
"8395",1972-12-25,4.73874916906425e-05
"8396",1972-12-26,0.000146002788767419
"8397",1972-12-27,0.00060506077716127
"8398",1972-12-28,0.000157946714239188
"8399",1972-12-29,7.07898780660798e-05
"8400",1972-12-30,0.00012892649715468
"8401",1972-12-31,5.30559410663045e-05
"8402",1973-01-01,0.000446243904661969
"8403",1973-01-02,0.00103629839031782
"8404",1973-01-03,0.000708330348970776
"8405",1973-01-04,0
"8406",1973-01-05,2.20284778151836e-06
"8407",1973-01-06,4.78268714232399e-06
"8408",1973-01-07,3.51844138322122e-05
"8409",1973-01-08,0
"8410",1973-01-09,3.45004377777514e-06
"8411",1973-01-10,0
"8412",1973-01-11,0
"8413",1973-01-12,0.000377548807762196
"8414",1973-01-13,0.000292713070052741
"8415",1973-01-14,0.000264829150182777
"8416",1973-01-15,0.00943649895179988
"8417",1973-01-16,0.010110031667864
"8418",1973-01-17,0.000247073211539828
"8419",1973-01-18,5.05822137597534e-05
"8420",1973-01-19,3.23823979897497e-05
"8421",1973-01-20,0.00128227274296933
"8422",1973-01-21,0.00173870036178414
"8423",1973-01-22,0.00253431860983255
"8424",1973-01-23,0.000194845215901296
"8425",1973-01-24,0.00216784441823847
"8426",1973-01-25,0.00469144234375563
"8427",1973-01-26,0.00304067217257398
"8428",1973-01-27,0.00566512623117887
"8429",1973-01-28,0.000156285054345062
"8430",1973-01-29,0.00476658144742714
"8431",1973-01-30,9.83423756792945e-05
"8432",1973-01-31,0.00404546903155278
"8433",1973-02-01,0.000373351760231344
"8434",1973-02-02,7.05966920122592e-06
"8435",1973-02-03,0
"8436",1973-02-04,4.15242953408779e-05
"8437",1973-02-05,0.000390598775993567
"8438",1973-02-06,0.00241036757142865
"8439",1973-02-07,5.72485004113332e-05
"8440",1973-02-08,4.05603868784965e-05
"8441",1973-02-09,0
"8442",1973-02-10,0.00641144904693647
"8443",1973-02-11,0.00342500919481381
"8444",1973-02-12,0.0215627851721365
"8445",1973-02-13,0.00926345654170291
"8446",1973-02-14,0.00289898671508126
"8447",1973-02-15,0.000125303194579374
"8448",1973-02-16,0.00450825000007171
"8449",1973-02-17,0.00379663894727855
"8450",1973-02-18,0.000171069706027538
"8451",1973-02-19,6.72931106464603e-05
"8452",1973-02-20,0.000123942294123935
"8453",1973-02-21,0.000321407084811653
"8454",1973-02-22,2.4449424586237e-05
"8455",1973-02-23,0.0026854470443709
"8456",1973-02-24,0.000879195286870527
"8457",1973-02-25,9.02882552509254e-05
"8458",1973-02-26,3.33572143063066e-06
"8459",1973-02-27,4.77153434985667e-07
"8460",1973-02-28,0.000294594926344871
"8461",1973-03-01,2.4886185201467e-06
"8462",1973-03-02,0.0081093679444848
"8463",1973-03-03,0.00251557408961389
"8464",1973-03-04,0.00297984433888132
"8465",1973-03-05,0.00144278501193185
"8466",1973-03-06,0
"8467",1973-03-07,0
"8468",1973-03-08,0
"8469",1973-03-09,2.58506037198458e-06
"8470",1973-03-10,1.25798869703431e-05
"8471",1973-03-11,0
"8472",1973-03-12,0
"8473",1973-03-13,0
"8474",1973-03-14,0.000133807232941763
"8475",1973-03-15,1.62948867910018e-06
"8476",1973-03-16,1.98251618712675e-05
"8477",1973-03-17,0.00204142428356135
"8478",1973-03-18,0.000364629948990114
"8479",1973-03-19,0
"8480",1973-03-20,0
"8481",1973-03-21,0
"8482",1973-03-22,7.54117394308196e-06
"8483",1973-03-23,6.67270910525986e-07
"8484",1973-03-24,2.29557457487317e-06
"8485",1973-03-25,0.000690207511524932
"8486",1973-03-26,0.000871225888147364
"8487",1973-03-27,0.000335089377642817
"8488",1973-03-28,0.00548003760297888
"8489",1973-03-29,1.46788707411361e-05
"8490",1973-03-30,0.000808845821723025
"8491",1973-03-31,0.00335168579516676
"8492",1973-04-01,0.00783391232926078
"8493",1973-04-02,2.76245133932207e-05
"8494",1973-04-03,2.99433779673564e-05
"8495",1973-04-04,0.00650333966001426
"8496",1973-04-05,0.0110616444426341
"8497",1973-04-06,0.000504152118651291
"8498",1973-04-07,5.85514153499389e-05
"8499",1973-04-08,0.000195976801478537
"8500",1973-04-09,0.00119376426226836
"8501",1973-04-10,0.00559836968460559
"8502",1973-04-11,0.00673497813352242
"8503",1973-04-12,0.000201308962459734
"8504",1973-04-13,1.73552252817899e-05
"8505",1973-04-14,0.000109353602567808
"8506",1973-04-15,9.61513511583689e-05
"8507",1973-04-16,0.00101518915289489
"8508",1973-04-17,0.000609290981515187
"8509",1973-04-18,0.00369434468029795
"8510",1973-04-19,0.0022810163864051
"8511",1973-04-20,0.00137896974229079
"8512",1973-04-21,0.00776339174444729
"8513",1973-04-22,5.4870528401807e-05
"8514",1973-04-23,0.00102913032156948
"8515",1973-04-24,0.00185416759541113
"8516",1973-04-25,0.000794857377968583
"8517",1973-04-26,0.000599512625512943
"8518",1973-04-27,0.0018664749551931
"8519",1973-04-28,3.81248719349969e-06
"8520",1973-04-29,0.000754003885163002
"8521",1973-04-30,0.000107128197214479
"8522",1973-05-01,0.00861986103285517
"8523",1973-05-02,0
"8524",1973-05-03,0
"8525",1973-05-04,0.00164167681305116
"8526",1973-05-05,0.00642857036132227
"8527",1973-05-06,0.00160686523639697
"8528",1973-05-07,0.0021435633595388
"8529",1973-05-08,0.00735790413449422
"8530",1973-05-09,0.000138885125522847
"8531",1973-05-10,0.0141476360759043
"8532",1973-05-11,0.00619153563104646
"8533",1973-05-12,0.000265969382382991
"8534",1973-05-13,0.00289775045075658
"8535",1973-05-14,0.000207077741833928
"8536",1973-05-15,0.000376297120965319
"8537",1973-05-16,0
"8538",1973-05-17,0
"8539",1973-05-18,0.00143257249328599
"8540",1973-05-19,0.002852739701666
"8541",1973-05-20,1.25739152281312e-05
"8542",1973-05-21,0.00339394520688074
"8543",1973-05-22,0.00357434012909152
"8544",1973-05-23,2.95264453598065e-06
"8545",1973-05-24,0.00855761222919682
"8546",1973-05-25,0.0107338880771408
"8547",1973-05-26,0.000287625333157848
"8548",1973-05-27,2.912796264809e-05
"8549",1973-05-28,3.81580207431398e-07
"8550",1973-05-29,0.000170878804681251
"8551",1973-05-30,0.000408246082770347
"8552",1973-05-31,0.0176015843599089
"8553",1973-06-01,0.0119755695477579
"8554",1973-06-02,0.00333786853298079
"8555",1973-06-03,0.00844770221277713
"8556",1973-06-04,0.000582877571957852
"8557",1973-06-05,0.00182490044426231
"8558",1973-06-06,0
"8559",1973-06-07,0
"8560",1973-06-08,0
"8561",1973-06-09,8.25668331003726e-05
"8562",1973-06-10,0.00602714726119302
"8563",1973-06-11,4.78553761240619e-06
"8564",1973-06-12,0.00357671195706644
"8565",1973-06-13,0.00396093105428008
"8566",1973-06-14,4.23143410444027e-05
"8567",1973-06-15,2.6705090476753e-06
"8568",1973-06-16,0
"8569",1973-06-17,0
"8570",1973-06-18,0
"8571",1973-06-19,0
"8572",1973-06-20,0
"8573",1973-06-21,0
"8574",1973-06-22,0
"8575",1973-06-23,0
"8576",1973-06-24,0
"8577",1973-06-25,0
"8578",1973-06-26,0
"8579",1973-06-27,0.007832402342558
"8580",1973-06-28,8.86883924522408e-06
"8581",1973-06-29,3.05145647416794e-06
"8582",1973-06-30,0
"8583",1973-07-01,0
"8584",1973-07-02,0
"8585",1973-07-03,0
"8586",1973-07-04,0
"8587",1973-07-05,0
"8588",1973-07-06,6.4167292748607e-05
"8589",1973-07-07,0.00640871907040719
"8590",1973-07-08,0.0122447143958198
"8591",1973-07-09,0.000870632952114647
"8592",1973-07-10,0.0125967375679465
"8593",1973-07-11,0.00038435631631728
"8594",1973-07-12,0.000845037792601033
"8595",1973-07-13,0.0075070531329402
"8596",1973-07-14,6.96120405336842e-05
"8597",1973-07-15,0.000483726751326685
"8598",1973-07-16,0.000146214124583821
"8599",1973-07-17,0.0121048938709123
"8600",1973-07-18,0.00310865303072205
"8601",1973-07-19,0.00164192524118789
"8602",1973-07-20,1.20022141345544e-05
"8603",1973-07-21,0.000663590208091591
"8604",1973-07-22,0.000780995376771898
"8605",1973-07-23,0.00265194406711089
"8606",1973-07-24,0.00905338105820874
"8607",1973-07-25,0.00498438159695525
"8608",1973-07-26,0.00982184507898864
"8609",1973-07-27,0.00246548526320112
"8610",1973-07-28,0.000454708090728673
"8611",1973-07-29,0.000389224943319277
"8612",1973-07-30,0
"8613",1973-07-31,4.76284583328379e-07
"8614",1973-08-01,1.14410806872911e-06
"8615",1973-08-02,1.71612191479653e-06
"8616",1973-08-03,0.00598934986373933
"8617",1973-08-04,0.0195726994315919
"8618",1973-08-05,0.00814606276071572
"8619",1973-08-06,0.0126316721068065
"8620",1973-08-07,0.00335473096481564
"8621",1973-08-08,0.00493809466661332
"8622",1973-08-09,0.0036690885290227
"8623",1973-08-10,0.00743316691404061
"8624",1973-08-11,5.06749374835636e-05
"8625",1973-08-12,0.000207063463676604
"8626",1973-08-13,0
"8627",1973-08-14,0
"8628",1973-08-15,0
"8629",1973-08-16,0
"8630",1973-08-17,0.000135041534349511
"8631",1973-08-18,0.00229706769084714
"8632",1973-08-19,1.42062125974007e-05
"8633",1973-08-20,0.000158724773427821
"8634",1973-08-21,0.000459478053699058
"8635",1973-08-22,0
"8636",1973-08-23,0
"8637",1973-08-24,0
"8638",1973-08-25,0
"8639",1973-08-26,0
"8640",1973-08-27,0
"8641",1973-08-28,0.000334855874825735
"8642",1973-08-29,6.08099560395203e-05
"8643",1973-08-30,0.00862153106021424
"8644",1973-08-31,0.00112689878733363
"8645",1973-09-01,0.00134777777657291
"8646",1973-09-02,0.000114659305268106
"8647",1973-09-03,0.00037249785145832
"8648",1973-09-04,1.3840240171703e-05
"8649",1973-09-05,0.00309904426103458
"8650",1973-09-06,6.764787008251e-05
"8651",1973-09-07,0.000166374107720912
"8652",1973-09-08,1.14276281237835e-06
"8653",1973-09-09,0.000815576859679368
"8654",1973-09-10,0
"8655",1973-09-11,0
"8656",1973-09-12,0
"8657",1973-09-13,0
"8658",1973-09-14,0
"8659",1973-09-15,9.56284566200338e-07
"8660",1973-09-16,4.79040938898834e-05
"8661",1973-09-17,4.01329056671784e-05
"8662",1973-09-18,3.1889123192741e-05
"8663",1973-09-19,0.00111439151805826
"8664",1973-09-20,0.00939727990862593
"8665",1973-09-21,0.000642855229045836
"8666",1973-09-22,0.0290821381931892
"8667",1973-09-23,0.0153891227382701
"8668",1973-09-24,0.000667170127599093
"8669",1973-09-25,0.000246166166107287
"8670",1973-09-26,4.05361184334652e-05
"8671",1973-09-27,5.07898033674792e-06
"8672",1973-09-28,0.02191491636313
"8673",1973-09-29,0.00468617638307478
"8674",1973-09-30,0.000477377027209513
"8675",1973-10-01,7.34172482452777e-06
"8676",1973-10-02,4.76480806810287e-07
"8677",1973-10-03,0
"8678",1973-10-04,4.88514325525102e-06
"8679",1973-10-05,6.12039185057256e-05
"8680",1973-10-06,7.43556540783175e-06
"8681",1973-10-07,0.000154555517099197
"8682",1973-10-08,0.00143575142647023
"8683",1973-10-09,0.0108350460527049
"8684",1973-10-10,0.00182063822904865
"8685",1973-10-11,0
"8686",1973-10-12,0
"8687",1973-10-13,0.00293841437547826
"8688",1973-10-14,0.00364756300587032
"8689",1973-10-15,0.000141420371221557
"8690",1973-10-16,1.91146398265118e-07
"8691",1973-10-17,0.00327614808622911
"8692",1973-10-18,0.00625980787475555
"8693",1973-10-19,0.000172896364290409
"8694",1973-10-20,1.81789752105033e-05
"8695",1973-10-21,1.96510103478431e-06
"8696",1973-10-22,2.08614267194207e-05
"8697",1973-10-23,3.24782274674362e-06
"8698",1973-10-24,0.00279953424342239
"8699",1973-10-25,0.000369876703473437
"8700",1973-10-26,0
"8701",1973-10-27,0.000289893632441363
"8702",1973-10-28,0.00124251931538311
"8703",1973-10-29,0.000139765764288313
"8704",1973-10-30,0
"8705",1973-10-31,0
"8706",1973-11-01,0
"8707",1973-11-02,0.000119785653907911
"8708",1973-11-03,0.000370064875767184
"8709",1973-11-04,8.0486884826314e-05
"8710",1973-11-05,0.00993208089175823
"8711",1973-11-06,0.00232419031021891
"8712",1973-11-07,0.00051260186592117
"8713",1973-11-08,0.00126028276417856
"8714",1973-11-09,7.5271702826285e-06
"8715",1973-11-10,0
"8716",1973-11-11,0.000736797518584353
"8717",1973-11-12,0.00740983417176722
"8718",1973-11-13,0.0040158341616916
"8719",1973-11-14,0.000237567001931893
"8720",1973-11-15,0.00726763903003302
"8721",1973-11-16,0.00494034159055445
"8722",1973-11-17,0.000359547820323769
"8723",1973-11-18,0.0100049837762981
"8724",1973-11-19,0.013461406664419
"8725",1973-11-20,1.43051147460938e-06
"8726",1973-11-21,1.91778951830202e-07
"8727",1973-11-22,0.000579386104618607
"8728",1973-11-23,0.000601353241506786
"8729",1973-11-24,0.00915340536892018
"8730",1973-11-25,1.70683289866247e-05
"8731",1973-11-26,0.000281806781458727
"8732",1973-11-27,0.00363819597259862
"8733",1973-11-28,0
"8734",1973-11-29,1.91778894986783e-07
"8735",1973-11-30,4.76837158203125e-07
"8736",1973-12-01,0
"8737",1973-12-02,0.00313916149576698
"8738",1973-12-03,0.0012390850954489
"8739",1973-12-04,0
"8740",1973-12-05,0.000241080390878778
"8741",1973-12-06,0.0135214089286819
"8742",1973-12-07,0.000676058910528354
"8743",1973-12-08,0.00157390377233924
"8744",1973-12-09,3.82851478093471e-05
"8745",1973-12-10,0.00173059845656098
"8746",1973-12-11,0.00428398449014367
"8747",1973-12-12,5.13548030198763e-05
"8748",1973-12-13,0.00892896641744301
"8749",1973-12-14,0.00244039289827924
"8750",1973-12-15,1.50832229905973e-05
"8751",1973-12-16,0.00600090428997646
"8752",1973-12-17,0.00220471713680581
"8753",1973-12-18,0
"8754",1973-12-19,0.0108080936439023
"8755",1973-12-20,0.00520616722769773
"8756",1973-12-21,0.000816421468698536
"8757",1973-12-22,0.00043093006752315
"8758",1973-12-23,0.00108153907422093
"8759",1973-12-24,0.000639321707296858
"8760",1973-12-25,0.000338924858397149
"8761",1973-12-26,0.00115713138529827
"8762",1973-12-27,0.000297883390999232
"8763",1973-12-28,2.85690703094588e-07
"8764",1973-12-29,0.00102402299853566
"8765",1973-12-30,0.00554873501550901
"8766",1973-12-31,0
"8767",1974-01-01,9.42271482813339e-05
"8768",1974-01-02,0.00153319889341219
"8769",1974-01-03,0.000513295342898346
"8770",1974-01-04,0.000491627879000589
"8771",1974-01-05,0.000386818367587694
"8772",1974-01-06,0.000349607429598109
"8773",1974-01-07,0.000256212338626938
"8774",1974-01-08,0.00036679673303297
"8775",1974-01-09,0.0024195063915613
"8776",1974-01-10,0.00100848499823769
"8777",1974-01-11,0.0186701475322479
"8778",1974-01-12,0.0023019301355589
"8779",1974-01-13,0.00847081402145022
"8780",1974-01-14,0.00553021254108899
"8781",1974-01-15,0.0104053114764611
"8782",1974-01-16,0.000793016970419558
"8783",1974-01-17,0.00830000476821624
"8784",1974-01-18,0.0016354029258423
"8785",1974-01-19,0
"8786",1974-01-20,1.81992260195329e-06
"8787",1974-01-21,8.40247192854804e-05
"8788",1974-01-22,4.76837158203125e-07
"8789",1974-01-23,0.0058386146535554
"8790",1974-01-24,0.00187413044091045
"8791",1974-01-25,0.00013078591143767
"8792",1974-01-26,0.00036871056909149
"8793",1974-01-27,0.0023585217195432
"8794",1974-01-28,0.00296795169288089
"8795",1974-01-29,0.00771943084237137
"8796",1974-01-30,0.00114880133293127
"8797",1974-01-31,0.00166177288076597
"8798",1974-02-01,0.00021813885712163
"8799",1974-02-02,0.00307564714603359
"8800",1974-02-03,0.0061940702926222
"8801",1974-02-04,0.000435893849726199
"8802",1974-02-05,0.00580424563122506
"8803",1974-02-06,0.00426629722642247
"8804",1974-02-07,0.00125538230270195
"8805",1974-02-08,0
"8806",1974-02-09,0.000337364624726888
"8807",1974-02-10,0.00623398507832462
"8808",1974-02-11,0.0183108510100283
"8809",1974-02-12,0.00755410209148977
"8810",1974-02-13,0.000448222425802669
"8811",1974-02-14,0.00520339036324202
"8812",1974-02-15,0.000518114574333595
"8813",1974-02-16,0.000232442011110834
"8814",1974-02-17,0.000120484370995655
"8815",1974-02-18,1.324000055547e-05
"8816",1974-02-19,0
"8817",1974-02-20,0.00120221847834046
"8818",1974-02-21,0.000714471668800343
"8819",1974-02-22,0.000291581621972625
"8820",1974-02-23,0
"8821",1974-02-24,3.5361236996323e-06
"8822",1974-02-25,5.95371330405214e-05
"8823",1974-02-26,0.000221336091271951
"8824",1974-02-27,0.00084191314635973
"8825",1974-02-28,1.45994352465095e-05
"8826",1974-03-01,0
"8827",1974-03-02,8.21882088075654e-05
"8828",1974-03-03,0.00141229099699558
"8829",1974-03-04,0.000120493852080017
"8830",1974-03-05,0.000165521058079321
"8831",1974-03-06,6.25968024792201e-05
"8832",1974-03-07,1.86043268612934e-06
"8833",1974-03-08,1.43563796655144e-05
"8834",1974-03-09,0.000145011146457819
"8835",1974-03-10,0
"8836",1974-03-11,0
"8837",1974-03-12,1.78294511670174e-05
"8838",1974-03-13,1.43051147460938e-06
"8839",1974-03-14,0
"8840",1974-03-15,0.000183018721486405
"8841",1974-03-16,0.00070681133394146
"8842",1974-03-17,0.00453847723019862
"8843",1974-03-18,0.00906385367778739
"8844",1974-03-19,0.00346908689812153
"8845",1974-03-20,0.00463895284337923
"8846",1974-03-21,0.00692575244374893
"8847",1974-03-22,9.07683158857253e-06
"8848",1974-03-23,1.52434301980975e-06
"8849",1974-03-24,0
"8850",1974-03-25,0
"8851",1974-03-26,0
"8852",1974-03-27,4.58638729128324e-05
"8853",1974-03-28,0
"8854",1974-03-29,0
"8855",1974-03-30,0
"8856",1974-03-31,0
"8857",1974-04-01,0
"8858",1974-04-02,8.38734956687404e-06
"8859",1974-04-03,1.33525452383765e-06
"8860",1974-04-04,0
"8861",1974-04-05,0
"8862",1974-04-06,0
"8863",1974-04-07,0
"8864",1974-04-08,0
"8865",1974-04-09,0
"8866",1974-04-10,2.39091150433524e-07
"8867",1974-04-11,0.000327623663054055
"8868",1974-04-12,0
"8869",1974-04-13,0
"8870",1974-04-14,0
"8871",1974-04-15,0
"8872",1974-04-16,1.43051147460938e-06
"8873",1974-04-17,1.90513844700035e-07
"8874",1974-04-18,1.20627446449362e-05
"8875",1974-04-19,0
"8876",1974-04-20,4.76837158203125e-07
"8877",1974-04-21,0.000416929461607651
"8878",1974-04-22,3.81580207431398e-07
"8879",1974-04-23,0.000436911162125853
"8880",1974-04-24,2.74461717140184e-05
"8881",1974-04-25,0.000989476568975078
"8882",1974-04-26,0.000197984684916719
"8883",1974-04-27,0
"8884",1974-04-28,0
"8885",1974-04-29,0
"8886",1974-04-30,0
"8887",1974-05-01,0
"8888",1974-05-02,4.00164708480588e-06
"8889",1974-05-03,0.00014005010478968
"8890",1974-05-04,0.000259231904919943
"8891",1974-05-05,0
"8892",1974-05-06,0
"8893",1974-05-07,0
"8894",1974-05-08,0
"8895",1974-05-09,0
"8896",1974-05-10,0
"8897",1974-05-11,0
"8898",1974-05-12,0.000153826638836563
"8899",1974-05-13,0
"8900",1974-05-14,0
"8901",1974-05-15,0
"8902",1974-05-16,0
"8903",1974-05-17,6.48093805466488e-06
"8904",1974-05-18,0
"8905",1974-05-19,0
"8906",1974-05-20,0.00488206898717181
"8907",1974-05-21,0.000878410585926304
"8908",1974-05-22,0.00676762250066076
"8909",1974-05-23,3.37052358645451e-05
"8910",1974-05-24,0.00263763557268248
"8911",1974-05-25,0.00103694666330512
"8912",1974-05-26,0.000399815457967634
"8913",1974-05-27,5.92659183098476e-05
"8914",1974-05-28,0.00846418796572834
"8915",1974-05-29,0.0126417725305146
"8916",1974-05-30,0.000132404198325276
"8917",1974-05-31,1.44818550324999e-05
"8918",1974-06-01,0.000345969161571702
"8919",1974-06-02,0.00366967503583737
"8920",1974-06-03,9.10294548930324e-05
"8921",1974-06-04,0.00102727038301964
"8922",1974-06-05,1.38110550551573e-06
"8923",1974-06-06,0.0100196432326243
"8924",1974-06-07,0.00190871712766238
"8925",1974-06-08,0.00158137170836881
"8926",1974-06-09,0.000805392722782017
"8927",1974-06-10,0.00102548032720051
"8928",1974-06-11,0.00296835375229421
"8929",1974-06-12,0.00033252116179483
"8930",1974-06-13,0
"8931",1974-06-14,0
"8932",1974-06-15,2.90637662487825e-05
"8933",1974-06-16,4.74880519618637e-05
"8934",1974-06-17,6.28519501333358e-06
"8935",1974-06-18,0.000458917369144274
"8936",1974-06-19,0.00616190407839667
"8937",1974-06-20,0.00412053025979731
"8938",1974-06-21,0.0047040078052305
"8939",1974-06-22,0.00473845165561215
"8940",1974-06-23,0.00045910223559531
"8941",1974-06-24,0.000181072200575727
"8942",1974-06-25,2.09912752779928e-06
"8943",1974-06-26,0.00440091372547613
"8944",1974-06-27,0.000420139779805595
"8945",1974-06-28,0.000620595022155612
"8946",1974-06-29,7.77595443537393e-05
"8947",1974-06-30,1.43044017022476e-05
"8948",1974-07-01,0.000216594793528202
"8949",1974-07-02,9.75477345264153e-05
"8950",1974-07-03,0.0020526823182081
"8951",1974-07-04,0.00143047141597208
"8952",1974-07-05,0.000433567471702645
"8953",1974-07-06,0.0012098700012757
"8954",1974-07-07,0.000297351355584397
"8955",1974-07-08,0
"8956",1974-07-09,0.000123051892103376
"8957",1974-07-10,0.000416721092733496
"8958",1974-07-11,0.00123835096792391
"8959",1974-07-12,0.000295432365987836
"8960",1974-07-13,0.000403460905545217
"8961",1974-07-14,0.00757009610299519
"8962",1974-07-15,0.000794697079527396
"8963",1974-07-16,0.0200790388016685
"8964",1974-07-17,0.00369383150012936
"8965",1974-07-18,0.00452339938863133
"8966",1974-07-19,0.000460086682778638
"8967",1974-07-20,0
"8968",1974-07-21,9.58894474933913e-08
"8969",1974-07-22,0.00257148759698111
"8970",1974-07-23,0.00687298542379722
"8971",1974-07-24,0.00207439606469961
"8972",1974-07-25,0.0113976954525015
"8973",1974-07-26,0.00141758798594083
"8974",1974-07-27,0.00144409406402701
"8975",1974-07-28,6.47873690695633e-06
"8976",1974-07-29,0.000116534787935052
"8977",1974-07-30,8.57152144817519e-07
"8978",1974-07-31,0
"8979",1974-08-01,0.000140958676240643
"8980",1974-08-02,0.00108832438741047
"8981",1974-08-03,2.00078795842273e-06
"8982",1974-08-04,0
"8983",1974-08-05,2.38259883644787e-05
"8984",1974-08-06,0
"8985",1974-08-07,0
"8986",1974-08-08,2.0687374217232e-05
"8987",1974-08-09,0.000252344960642858
"8988",1974-08-10,0.00696100828645285
"8989",1974-08-11,4.2011603170522e-05
"8990",1974-08-12,0.00690408215723437
"8991",1974-08-13,0.0111405463712799
"8992",1974-08-14,0.00016022444964392
"8993",1974-08-15,0.00679979729983415
"8994",1974-08-16,0.00249256428890021
"8995",1974-08-17,0.000892048369507847
"8996",1974-08-18,0.000302193916525084
"8997",1974-08-19,0.000304200330901949
"8998",1974-08-20,3.71469138826797e-06
"8999",1974-08-21,0.000809047080110759
"9000",1974-08-22,0.000111835073369093
"9001",1974-08-23,9.14063053301106e-05
"9002",1974-08-24,0.00380004714492088
"9003",1974-08-25,0.0012194904048215
"9004",1974-08-26,4.88883799789619e-05
"9005",1974-08-27,0.0111371769335165
"9006",1974-08-28,0.000195262380373151
"9007",1974-08-29,0.00254419221687385
"9008",1974-08-30,5.71990733533312e-06
"9009",1974-08-31,1.42885346576804e-06
"9010",1974-09-01,0.000102836579344512
"9011",1974-09-02,0.00972896947376967
"9012",1974-09-03,0.010870256475755
"9013",1974-09-04,0.00880283585865982
"9014",1974-09-05,0.0152239476446994
"9015",1974-09-06,0.00708776091687469
"9016",1974-09-07,0.0128889437473845
"9017",1974-09-08,0.0145653357012634
"9018",1974-09-09,0.00135100027188173
"9019",1974-09-10,8.88769391167443e-05
"9020",1974-09-11,0.00159137729224312
"9021",1974-09-12,0.000472894772428845
"9022",1974-09-13,0.000514627114171162
"9023",1974-09-14,0.00650254881929868
"9024",1974-09-15,0.00183275297877117
"9025",1974-09-16,0.00159836300622374
"9026",1974-09-17,0.00242680855080835
"9027",1974-09-18,0.000724575957519846
"9028",1974-09-19,0.00248166790515825
"9029",1974-09-20,0.00145763388690057
"9030",1974-09-21,0.0140864012355451
"9031",1974-09-22,0.0272463766013971
"9032",1974-09-23,0.00453255288539367
"9033",1974-09-24,0.0120585373661015
"9034",1974-09-25,0.0134082934819162
"9035",1974-09-26,0.00272114912786492
"9036",1974-09-27,0.00088236320885926
"9037",1974-09-28,0.0171220012480262
"9038",1974-09-29,0.00480558248000307
"9039",1974-09-30,0.00738806859590113
"9040",1974-10-01,0.00236535517086622
"9041",1974-10-02,0.0078139859251678
"9042",1974-10-03,0.00829286279804364
"9043",1974-10-04,0.00205136513613979
"9044",1974-10-05,0.00950154320162255
"9045",1974-10-06,0.00447388527391013
"9046",1974-10-07,0.00256023061359656
"9047",1974-10-08,0.00261724758911441
"9048",1974-10-09,0.000469527803318215
"9049",1974-10-10,0.00637382906643325
"9050",1974-10-11,0.00127547347983636
"9051",1974-10-12,0.00554260216722469
"9052",1974-10-13,0.000171314095041453
"9053",1974-10-14,1.68193543004236e-05
"9054",1974-10-15,1.57040477688497e-05
"9055",1974-10-16,0.000297185682939016
"9056",1974-10-17,0.000457734785413777
"9057",1974-10-18,0.000127976741396196
"9058",1974-10-19,0.00500131830995088
"9059",1974-10-20,0.0101581236758648
"9060",1974-10-21,0.00553124681454165
"9061",1974-10-22,0.0126938832108863
"9062",1974-10-23,0.00112861262181241
"9063",1974-10-24,0.000101497376533644
"9064",1974-10-25,0
"9065",1974-10-26,3.27208248904753e-05
"9066",1974-10-27,0.00499873979424592
"9067",1974-10-28,0.00292578325752402
"9068",1974-10-29,0.000243162278707132
"9069",1974-10-30,1.21052138979394e-05
"9070",1974-10-31,0.00190067506230207
"9071",1974-11-01,0.00260129832338407
"9072",1974-11-02,1.56432978997145e-05
"9073",1974-11-03,5.34101803850717e-06
"9074",1974-11-04,4.7675785026513e-06
"9075",1974-11-05,0.001508168181374
"9076",1974-11-06,0.00468153147579642
"9077",1974-11-07,3.33714729094936e-06
"9078",1974-11-08,0.00191067352415075
"9079",1974-11-09,0.00856008660048246
"9080",1974-11-10,0.00975540627911187
"9081",1974-11-11,0.0175131410269387
"9082",1974-11-12,0.0129539977788227
"9083",1974-11-13,0.00159979755790118
"9084",1974-11-14,0.0228447542031063
"9085",1974-11-15,0.00829415954649448
"9086",1974-11-16,0.0104110414877141
"9087",1974-11-17,0.00309380923408753
"9088",1974-11-18,0.00232913981017191
"9089",1974-11-19,0.0133775006979704
"9090",1974-11-20,0.00319664353628468
"9091",1974-11-21,0.000160299815433973
"9092",1974-11-22,0.000251331521212705
"9093",1974-11-23,0.000117155655459555
"9094",1974-11-24,0.00441549569950439
"9095",1974-11-25,0.00492241161759921
"9096",1974-11-26,0.00406927143922076
"9097",1974-11-27,0.00172505024693237
"9098",1974-11-28,0.00296264373173472
"9099",1974-11-29,9.87207959610714e-05
"9100",1974-11-30,0
"9101",1974-12-01,0.00101689745144995
"9102",1974-12-02,0.00364634588186163
"9103",1974-12-03,0
"9104",1974-12-04,0.0058569521797267
"9105",1974-12-05,2.19367188947217e-06
"9106",1974-12-06,0.000347529210557695
"9107",1974-12-07,0.00380692742140809
"9108",1974-12-08,0.000417640150601528
"9109",1974-12-09,0.000123229400116998
"9110",1974-12-10,0.00358621067800868
"9111",1974-12-11,0.00208107228536392
"9112",1974-12-12,0.00426920812060416
"9113",1974-12-13,0.000234467606787803
"9114",1974-12-14,0.00787693232462061
"9115",1974-12-15,3.43295653237874e-06
"9116",1974-12-16,0.0101798587897974
"9117",1974-12-17,0.00398997408319701
"9118",1974-12-18,0.000244492998149326
"9119",1974-12-19,2.60556913076471e-05
"9120",1974-12-20,0.00711927642987575
"9121",1974-12-21,0.000387556118084831
"9122",1974-12-22,0.00376999776108278
"9123",1974-12-23,0.000385170364324949
"9124",1974-12-24,0.00353957816150796
"9125",1974-12-25,0.00471112050348665
"9126",1974-12-26,0.00669372220818332
"9127",1974-12-27,0
"9128",1974-12-28,0.00690899919442245
"9129",1974-12-29,3.62481546289928e-06
"9130",1974-12-30,0.000648005311973066
"9131",1974-12-31,0.0059490331965435
"9132",1975-01-01,0
"9133",1975-01-02,0.000168032548685915
"9134",1975-01-03,0.00061157266554801
"9135",1975-01-04,5.99683675659435e-05
"9136",1975-01-05,0.000854052385022896
"9137",1975-01-06,0.000940169482305464
"9138",1975-01-07,8.72396583417867e-06
"9139",1975-01-08,0
"9140",1975-01-09,0.00780282871795634
"9141",1975-01-10,0
"9142",1975-01-11,0.00573761641237525
"9143",1975-01-12,0.00168104167096317
"9144",1975-01-13,0.00401214225632884
"9145",1975-01-14,0.00181458852148353
"9146",1975-01-15,0.00407918223891102
"9147",1975-01-16,0.00799319624002237
"9148",1975-01-17,0.000884561070961354
"9149",1975-01-18,0.00856957541105885
"9150",1975-01-19,0.000857238586149833
"9151",1975-01-20,0.00119808764185336
"9152",1975-01-21,0.00952230622351635
"9153",1975-01-22,0.0158333718864014
"9154",1975-01-23,0.00532036588992923
"9155",1975-01-24,0.00651467003899597
"9156",1975-01-25,0.000664829158267821
"9157",1975-01-26,0.0118867493810058
"9158",1975-01-27,0.00224149290409059
"9159",1975-01-28,0.0143023757118499
"9160",1975-01-29,0.00440082124259789
"9161",1975-01-30,0.00272266081600492
"9162",1975-01-31,0.00268717239305261
"9163",1975-02-01,0.00328330181127967
"9164",1975-02-02,3.83557846816984e-07
"9165",1975-02-03,4.64545260001614e-05
"9166",1975-02-04,0.00010773437077205
"9167",1975-02-05,7.02002396337775e-05
"9168",1975-02-06,0.000146621168823913
"9169",1975-02-07,0
"9170",1975-02-08,3.24188999911712e-06
"9171",1975-02-09,4.86346738171051e-06
"9172",1975-02-10,1.26328546912191e-05
"9173",1975-02-11,9.58894474933913e-08
"9174",1975-02-12,0.00054546498961372
"9175",1975-02-13,4.33955474363756e-05
"9176",1975-02-14,0
"9177",1975-02-15,0
"9178",1975-02-16,8.58377825352363e-06
"9179",1975-02-17,0.00815647869603708
"9180",1975-02-18,4.29991114287986e-05
"9181",1975-02-19,0
"9182",1975-02-20,1.62146716320422e-05
"9183",1975-02-21,8.03706425358541e-05
"9184",1975-02-22,1.07040303873873e-05
"9185",1975-02-23,3.10383937289771e-05
"9186",1975-02-24,7.63160414862796e-07
"9187",1975-02-25,0
"9188",1975-02-26,0
"9189",1975-02-27,0
"9190",1975-02-28,0
"9191",1975-03-01,0
"9192",1975-03-02,5.4634644413909e-05
"9193",1975-03-03,0.00303910161164822
"9194",1975-03-04,0.00282068189608253
"9195",1975-03-05,0.00193651920199045
"9196",1975-03-06,0.000396546633965045
"9197",1975-03-07,0.00462643427908915
"9198",1975-03-08,0.00514168830130757
"9199",1975-03-09,0.000471370015475259
"9200",1975-03-10,3.81027632556652e-07
"9201",1975-03-11,0
"9202",1975-03-12,0
"9203",1975-03-13,0
"9204",1975-03-14,0
"9205",1975-03-15,6.14967012211309e-05
"9206",1975-03-16,0.000504513574242083
"9207",1975-03-17,4.55356572501842e-05
"9208",1975-03-18,0
"9209",1975-03-19,0
"9210",1975-03-20,0
"9211",1975-03-21,0
"9212",1975-03-22,6.52509665997059e-05
"9213",1975-03-23,7.72078868749304e-05
"9214",1975-03-24,0.000993802237019281
"9215",1975-03-25,0.00328807461016822
"9216",1975-03-26,0.00464879488390579
"9217",1975-03-27,0.000881992253422226
"9218",1975-03-28,0.00086875244875273
"9219",1975-03-29,0.000179642445687023
"9220",1975-03-30,7.82640777288179e-05
"9221",1975-03-31,0.00171468066400848
"9222",1975-04-01,0.00173382664110022
"9223",1975-04-02,0.000405812225380942
"9224",1975-04-03,0.00069957497720452
"9225",1975-04-04,0.000205894762075332
"9226",1975-04-05,0
"9227",1975-04-06,0.00410455425162581
"9228",1975-04-07,0.0061670390477957
"9229",1975-04-08,0.0064687369595049
"9230",1975-04-09,0.00528486438270193
"9231",1975-04-10,0.00199652839364717
"9232",1975-04-11,0.00199316667703897
"9233",1975-04-12,0.00843305270882411
"9234",1975-04-13,0.000137874309075414
"9235",1975-04-14,0
"9236",1975-04-15,0.00122756523757062
"9237",1975-04-16,1.71623324831671e-05
"9238",1975-04-17,0
"9239",1975-04-18,0
"9240",1975-04-19,0
"9241",1975-04-20,0
"9242",1975-04-21,7.53667517869872e-05
"9243",1975-04-22,0.00337705294350599
"9244",1975-04-23,1.89991876595741e-05
"9245",1975-04-24,0.000155270743107394
"9246",1975-04-25,5.91247862757882e-06
"9247",1975-04-26,0
"9248",1975-04-27,1.21987784496014e-05
"9249",1975-04-28,1.06773666175286e-05
"9250",1975-04-29,0.00312293744167391
"9251",1975-04-30,0.0104874470545155
"9252",1975-05-01,0.00969904230441898
"9253",1975-05-02,0.00979968663068576
"9254",1975-05-03,0.000910227940948971
"9255",1975-05-04,0
"9256",1975-05-05,0
"9257",1975-05-06,0.000112205622087913
"9258",1975-05-07,0
"9259",1975-05-08,0.0021969369701651
"9260",1975-05-09,7.63160414862796e-07
"9261",1975-05-10,0.00732776966043502
"9262",1975-05-11,0.00552166371772955
"9263",1975-05-12,3.28845720218851e-05
"9264",1975-05-13,0.00227735488260805
"9265",1975-05-14,0.00145778220297643
"9266",1975-05-15,0.000293464941080401
"9267",1975-05-16,0
"9268",1975-05-17,0
"9269",1975-05-18,0.00251899206273265
"9270",1975-05-19,0.000118381667164158
"9271",1975-05-20,4.32540634847101e-05
"9272",1975-05-21,0.00194813638972846
"9273",1975-05-22,0.0015806502674991
"9274",1975-05-23,0.00036282030566781
"9275",1975-05-24,4.33432483646357e-05
"9276",1975-05-25,2.54264723480446e-05
"9277",1975-05-26,6.0618503994192e-05
"9278",1975-05-27,0
"9279",1975-05-28,0
"9280",1975-05-29,0.00333744161616778
"9281",1975-05-30,0.0174880447884789
"9282",1975-05-31,0.00391381371605348
"9283",1975-06-01,0.00566835371643037
"9284",1975-06-02,0.00145470711055395
"9285",1975-06-03,0.00528067027738643
"9286",1975-06-04,0.0101244734642023
"9287",1975-06-05,0.000511862740836477
"9288",1975-06-06,0.000185316952070025
"9289",1975-06-07,2.4492257921338e-05
"9290",1975-06-08,0
"9291",1975-06-09,2.38142348507608e-06
"9292",1975-06-10,2.25758952865363e-05
"9293",1975-06-11,0
"9294",1975-06-12,0.000305963552818866
"9295",1975-06-13,8.38261075841729e-06
"9296",1975-06-14,8.69062125730125e-05
"9297",1975-06-15,0.000402430209192062
"9298",1975-06-16,0.000727963339329563
"9299",1975-06-17,0
"9300",1975-06-18,0
"9301",1975-06-19,1.46853490150534e-05
"9302",1975-06-20,0
"9303",1975-06-21,0
"9304",1975-06-22,0
"9305",1975-06-23,0
"9306",1975-06-24,5.43027817911934e-06
"9307",1975-06-25,0
"9308",1975-06-26,0
"9309",1975-06-27,6.38663888707924e-05
"9310",1975-06-28,1.57129879880813e-05
"9311",1975-06-29,0.00025255847117478
"9312",1975-06-30,1.4002406715008e-05
"9313",1975-07-01,0
"9314",1975-07-02,0
"9315",1975-07-03,3.81580207431398e-07
"9316",1975-07-04,0.00182148921015823
"9317",1975-07-05,0.000227200233211988
"9318",1975-07-06,0
"9319",1975-07-07,1.52023723103412e-05
"9320",1975-07-08,1.52774606476669e-06
"9321",1975-07-09,1.14399754238548e-05
"9322",1975-07-10,8.55010739542195e-05
"9323",1975-07-11,0.000205761997676746
"9324",1975-07-12,0.000782663684731233
"9325",1975-07-13,7.70087551131837e-05
"9326",1975-07-14,0.000473530118881627
"9327",1975-07-15,0.0102055146589919
"9328",1975-07-16,0.0018985036867889
"9329",1975-07-17,0.00352764994022436
"9330",1975-07-18,9.46941735833207e-05
"9331",1975-07-19,0
"9332",1975-07-20,0
"9333",1975-07-21,2.84120387732401e-05
"9334",1975-07-22,0.00485181082245845
"9335",1975-07-23,0.0141088302189019
"9336",1975-07-24,0.00441969464736758
"9337",1975-07-25,0.00181176428941399
"9338",1975-07-26,0.000118900447489523
"9339",1975-07-27,0
"9340",1975-07-28,0
"9341",1975-07-29,0
"9342",1975-07-30,4.79447407997213e-07
"9343",1975-07-31,5.52287656319095e-05
"9344",1975-08-01,0.0003297284722521
"9345",1975-08-02,0
"9346",1975-08-03,0
"9347",1975-08-04,0
"9348",1975-08-05,8.59049805512768e-07
"9349",1975-08-06,5.71381406189175e-07
"9350",1975-08-07,0
"9351",1975-08-08,0
"9352",1975-08-09,0
"9353",1975-08-10,0
"9354",1975-08-11,0
"9355",1975-08-12,3.72078551436061e-06
"9356",1975-08-13,0.000866086405551414
"9357",1975-08-14,4.9759718194764e-06
"9358",1975-08-15,0.00128547934855305
"9359",1975-08-16,0.0118807027320145
"9360",1975-08-17,0.00370850867693662
"9361",1975-08-18,2.34512683050525e-05
"9362",1975-08-19,0.000292213017928589
"9363",1975-08-20,0.00535943585236964
"9364",1975-08-21,0.00105873381960464
"9365",1975-08-22,0.0103732146395714
"9366",1975-08-23,0.00318652484901349
"9367",1975-08-24,0.00221485569454671
"9368",1975-08-25,0.000286305596091552
"9369",1975-08-26,1.10498043568441e-05
"9370",1975-08-27,0
"9371",1975-08-28,0.000750900451464531
"9372",1975-08-29,0.000614134251406995
"9373",1975-08-30,0.000969664163676498
"9374",1975-08-31,0.00537272098506136
"9375",1975-09-01,1.90513844700035e-07
"9376",1975-09-02,0
"9377",1975-09-03,0.00460257950726373
"9378",1975-09-04,2.52904796980147e-05
"9379",1975-09-05,0.000629264170470378
"9380",1975-09-06,0.00725156469320609
"9381",1975-09-07,2.96181957537556e-06
"9382",1975-09-08,0.000132091293437497
"9383",1975-09-09,0.0242827106558252
"9384",1975-09-10,0.019553451776062
"9385",1975-09-11,0.0202850300729551
"9386",1975-09-12,0.00300073761809472
"9387",1975-09-13,0.0102737049055577
"9388",1975-09-14,0.00974383772700094
"9389",1975-09-15,0.00410665056551807
"9390",1975-09-16,4.20786618064994e-05
"9391",1975-09-17,0.00754908223910888
"9392",1975-09-18,0.00566323617715625
"9393",1975-09-19,0.000328793041660447
"9394",1975-09-20,0.00448249920680155
"9395",1975-09-21,0.00345786447837781
"9396",1975-09-22,0.000531502207365975
"9397",1975-09-23,0.00401315999624785
"9398",1975-09-24,0.00176779865745402
"9399",1975-09-25,0.0211834921356058
"9400",1975-09-26,0.0155330962687685
"9401",1975-09-27,0.00698906996575488
"9402",1975-09-28,0.00939383621306433
"9403",1975-09-29,9.58894474933913e-08
"9404",1975-09-30,0.00046434573323495
"9405",1975-10-01,0.00898203604896253
"9406",1975-10-02,0.00777913546426134
"9407",1975-10-03,0.00492983766253019
"9408",1975-10-04,0.035911207460515
"9409",1975-10-05,0.00258049782280523
"9410",1975-10-06,2.86102294921875e-06
"9411",1975-10-07,0.000593388853872057
"9412",1975-10-08,4.3852050453097e-06
"9413",1975-10-09,1.62581188760669e-05
"9414",1975-10-10,4.21028130404011e-06
"9415",1975-10-11,0
"9416",1975-10-12,0
"9417",1975-10-13,1.70690431104958e-05
"9418",1975-10-14,0.00364380470546166
"9419",1975-10-15,0.00693381949804461
"9420",1975-10-16,0.0053268801420927
"9421",1975-10-17,0.000541840213088562
"9422",1975-10-18,4.59818755871311e-06
"9423",1975-10-19,8.35172698998576e-06
"9424",1975-10-20,1.0331304963529e-05
"9425",1975-10-21,9.08268339117058e-06
"9426",1975-10-22,0.000166178484391821
"9427",1975-10-23,0.000237071582887438
"9428",1975-10-24,0.000586911231948761
"9429",1975-10-25,0.000340753604177735
"9430",1975-10-26,9.30536688770189e-05
"9431",1975-10-27,4.01067471216265e-05
"9432",1975-10-28,0.000306711229598022
"9433",1975-10-29,2.2565050016965e-05
"9434",1975-10-30,0.0014797013518546
"9435",1975-10-31,0.0010663238235793
"9436",1975-11-01,0.000782262122811517
"9437",1975-11-02,0.00335254703804821
"9438",1975-11-03,0.00550914328778163
"9439",1975-11-04,0.000120377304313024
"9440",1975-11-05,0.00254906858208415
"9441",1975-11-06,0.000506420069598335
"9442",1975-11-07,1.09679581328237e-06
"9443",1975-11-08,7.83952441096858e-06
"9444",1975-11-09,1.16120536368669e-05
"9445",1975-11-10,5.85908503580868e-05
"9446",1975-11-11,0.000345548920904548
"9447",1975-11-12,0.00040581827670394
"9448",1975-11-13,0.00057351764098712
"9449",1975-11-14,0.000275125333246251
"9450",1975-11-15,0.0049631993906587
"9451",1975-11-16,0.0175383417808916
"9452",1975-11-17,0.00538243918617809
"9453",1975-11-18,1.36906813281712e-05
"9454",1975-11-19,0.000126864363153345
"9455",1975-11-20,0.0015205295803753
"9456",1975-11-21,2.29812296197451e-05
"9457",1975-11-22,0
"9458",1975-11-23,0.00298926192590443
"9459",1975-11-24,0.00426903217157815
"9460",1975-11-25,0.00352909273351543
"9461",1975-11-26,0.00445310540726496
"9462",1975-11-27,0.00373001334844503
"9463",1975-11-28,0.00594789937713358
"9464",1975-11-29,0.000203492487628409
"9465",1975-11-30,0.00339069304118311
"9466",1975-12-01,0.00484660849906504
"9467",1975-12-02,0.0283156061777845
"9468",1975-12-03,0.00524459404277877
"9469",1975-12-04,4.77469654924789e-07
"9470",1975-12-05,5.42216162102704e-05
"9471",1975-12-06,0
"9472",1975-12-07,1.7173682124394e-05
"9473",1975-12-08,0
"9474",1975-12-09,7.66483367442561e-07
"9475",1975-12-10,0
"9476",1975-12-11,0.000209792827945421
"9477",1975-12-12,0.00568690105751557
"9478",1975-12-13,1.81074597094266e-06
"9479",1975-12-14,0.00011973086418493
"9480",1975-12-15,0
"9481",1975-12-16,0.000345256763580437
"9482",1975-12-17,9.20539167736933e-06
"9483",1975-12-18,7.18852719501228e-05
"9484",1975-12-19,5.71381406189175e-07
"9485",1975-12-20,3.38028089004183e-05
"9486",1975-12-21,4.21407696649112e-06
"9487",1975-12-22,0
"9488",1975-12-23,0.000138923171903116
"9489",1975-12-24,0
"9490",1975-12-25,1.91778963198885e-06
"9491",1975-12-26,1.58224893311854e-05
"9492",1975-12-27,6.10299326808672e-06
"9493",1975-12-28,0.000123544028213018
"9494",1975-12-29,5.24466752267472e-05
"9495",1975-12-30,0.00547974510573113
"9496",1975-12-31,1.42845351547294e-06
"9497",1976-01-01,1.14418816110629e-06
"9498",1976-01-02,3.59371442755219e-05
"9499",1976-01-03,0.00407069489364176
"9500",1976-01-04,0.000191396171658198
"9501",1976-01-05,0.00699897597041854
"9502",1976-01-06,0.000121802847612429
"9503",1976-01-07,0.00593649407659314
"9504",1976-01-08,5.07867256942518e-05
"9505",1976-01-09,0
"9506",1976-01-10,0.00916294582293631
"9507",1976-01-11,7.62804847909138e-06
"9508",1976-01-12,0.000387190903381907
"9509",1976-01-13,4.79447464840632e-07
"9510",1976-01-14,0
"9511",1976-01-15,3.81660242965154e-07
"9512",1976-01-16,0.00281617814562196
"9513",1976-01-17,1.04837874914665e-06
"9514",1976-01-18,5.30351647967109e-05
"9515",1976-01-19,0.003246170366765
"9516",1976-01-20,0.00438536170639736
"9517",1976-01-21,0.0035264175465386
"9518",1976-01-22,0.000205177566613202
"9519",1976-01-23,6.67492696493355e-06
"9520",1976-01-24,0
"9521",1976-01-25,0
"9522",1976-01-26,7.63160414862796e-07
"9523",1976-01-27,1.81810469257471e-06
"9524",1976-01-28,0.000188739612667632
"9525",1976-01-29,0.000215965292795772
"9526",1976-01-30,5.67242939837342e-05
"9527",1976-01-31,1.81398917220577e-06
"9528",1976-02-01,0
"9529",1976-02-02,6.04975820124309e-05
"9530",1976-02-03,0.000192281844874742
"9531",1976-02-04,7.63872890274797e-07
"9532",1976-02-05,8.10607411949604e-06
"9533",1976-02-06,0
"9534",1976-02-07,5.22225798817999e-05
"9535",1976-02-08,0.000248624639425543
"9536",1976-02-09,0.000710491556674242
"9537",1976-02-10,0.0072805660602171
"9538",1976-02-11,0.00257264998253959
"9539",1976-02-12,0.00344523148214648
"9540",1976-02-13,0.000245872763741772
"9541",1976-02-14,0.000144852948373853
"9542",1976-02-15,0.00010509009348425
"9543",1976-02-16,1.62292286631782e-06
"9544",1976-02-17,4.28261188858414e-05
"9545",1976-02-18,0.000461608869045449
"9546",1976-02-19,0.000439593703049468
"9547",1976-02-20,0.000830525706987828
"9548",1976-02-21,0.00638665568840224
"9549",1976-02-22,0.000126231180161085
"9550",1976-02-23,0.000279415391560178
"9551",1976-02-24,0.0140508039157794
"9552",1976-02-25,0.000344927172534426
"9553",1976-02-26,0
"9554",1976-02-27,0
"9555",1976-02-28,9.71310624322541e-05
"9556",1976-02-29,7.14064330509245e-05
"9557",1976-03-01,0.000745187585380336
"9558",1976-03-02,7.50975750634097e-05
"9559",1976-03-03,0
"9560",1976-03-04,4.95960597390877e-06
"9561",1976-03-05,7.0561140432801e-06
"9562",1976-03-06,5.7335910241818e-07
"9563",1976-03-07,0.00127387364682363
"9564",1976-03-08,0.000829179818595094
"9565",1976-03-09,0.000256811907092924
"9566",1976-03-10,4.04483174634152e-05
"9567",1976-03-11,2.47770520900303e-06
"9568",1976-03-12,0.000127632122882915
"9569",1976-03-13,0.00021620801959088
"9570",1976-03-14,8.84890034740238e-05
"9571",1976-03-15,0.000154209979143616
"9572",1976-03-16,1.71572969520639e-06
"9573",1976-03-17,0
"9574",1976-03-18,6.76678087074833e-06
"9575",1976-03-19,1.60171194920622e-05
"9576",1976-03-20,0.000442608082892093
"9577",1976-03-21,1.90513787856617e-07
"9578",1976-03-22,0
"9579",1976-03-23,3.17460180667695e-05
"9580",1976-03-24,0.000120963206597935
"9581",1976-03-25,0.00299274990686627
"9582",1976-03-26,0.00177299566541933
"9583",1976-03-27,0.00128389361998416
"9584",1976-03-28,5.29991467601576e-06
"9585",1976-03-29,0.00280936467697757
"9586",1976-03-30,2.94635719342295e-05
"9587",1976-03-31,0.00624422389319079
"9588",1976-04-01,5.89666450991899e-05
"9589",1976-04-02,0.000282824153657657
"9590",1976-04-03,0.000129924836869577
"9591",1976-04-04,0.00473510512699704
"9592",1976-04-05,0.00558377300802704
"9593",1976-04-06,0.00114513216885825
"9594",1976-04-07,0.000247058417699009
"9595",1976-04-08,1.6968103977888e-05
"9596",1976-04-09,0.00218777931337399
"9597",1976-04-10,3.83557846816984e-07
"9598",1976-04-11,2.13147004046732e-05
"9599",1976-04-12,1.38480510827321e-05
"9600",1976-04-13,0.000275212398545222
"9601",1976-04-14,0.000684549165669068
"9602",1976-04-15,0.00106463671170332
"9603",1976-04-16,0
"9604",1976-04-17,0.000625430701973073
"9605",1976-04-18,0
"9606",1976-04-19,0
"9607",1976-04-20,4.95336007588776e-06
"9608",1976-04-21,1.36408459070481e-05
"9609",1976-04-22,0.000899349331120902
"9610",1976-04-23,9.83867785748771e-05
"9611",1976-04-24,0.000148222554287258
"9612",1976-04-25,0
"9613",1976-04-26,0.000122385449969897
"9614",1976-04-27,0.000751334730693998
"9615",1976-04-28,7.34831199906694e-05
"9616",1976-04-29,0.000490333225457107
"9617",1976-04-30,0
"9618",1976-05-01,1.04990495515267e-05
"9619",1976-05-02,0.00856916073826142
"9620",1976-05-03,0.00244144779583166
"9621",1976-05-04,0.00772872498708921
"9622",1976-05-05,0.00254168391478515
"9623",1976-05-06,0.00132501150909548
"9624",1976-05-07,5.30880697624525e-05
"9625",1976-05-08,0.00350963509117719
"9626",1976-05-09,7.02590814398718e-05
"9627",1976-05-10,0
"9628",1976-05-11,0.00194465014260459
"9629",1976-05-12,0.00450142282937804
"9630",1976-05-13,0.0119816589058246
"9631",1976-05-14,0.00553909490008664
"9632",1976-05-15,0.00091081646917246
"9633",1976-05-16,0.000805875742514672
"9634",1976-05-17,0
"9635",1976-05-18,0
"9636",1976-05-19,2.77150340366461e-05
"9637",1976-05-20,0.000171772173302998
"9638",1976-05-21,2.40063302499038e-05
"9639",1976-05-22,0
"9640",1976-05-23,0
"9641",1976-05-24,0
"9642",1976-05-25,8.37460383991129e-05
"9643",1976-05-26,0.00141922966935226
"9644",1976-05-27,0.00750373116261471
"9645",1976-05-28,0.000260908565394402
"9646",1976-05-29,0.000852942299388815
"9647",1976-05-30,0.000359070150807383
"9648",1976-05-31,0.000899693142741853
"9649",1976-06-01,3.74512745793254e-05
"9650",1976-06-02,0.00731204229799687
"9651",1976-06-03,0.0096326740995778
"9652",1976-06-04,4.01192602339506e-05
"9653",1976-06-05,0.000356077068147442
"9654",1976-06-06,0.000454692327991779
"9655",1976-06-07,0
"9656",1976-06-08,0
"9657",1976-06-09,0
"9658",1976-06-10,0.0022111809174703
"9659",1976-06-11,0.000148124914289838
"9660",1976-06-12,0.00298508219202631
"9661",1976-06-13,0.00213664499096922
"9662",1976-06-14,0.000159576994974486
"9663",1976-06-15,0.00209071958761342
"9664",1976-06-16,0.000178084946128365
"9665",1976-06-17,0
"9666",1976-06-18,0.000111133669634
"9667",1976-06-19,0.00604194293015325
"9668",1976-06-20,0.000941461727961723
"9669",1976-06-21,0.000519023092067528
"9670",1976-06-22,0
"9671",1976-06-23,1.34245271965483e-06
"9672",1976-06-24,0.000332265395911691
"9673",1976-06-25,2.39723732420316e-06
"9674",1976-06-26,1.05019626062131e-06
"9675",1976-06-27,1.81335661864068e-06
"9676",1976-06-28,0
"9677",1976-06-29,0
"9678",1976-06-30,0
"9679",1976-07-01,0
"9680",1976-07-02,0
"9681",1976-07-03,0.000961643385380739
"9682",1976-07-04,0.000137332774102106
"9683",1976-07-05,0
"9684",1976-07-06,0
"9685",1976-07-07,3.78496461053146e-05
"9686",1976-07-08,0.000751393428799929
"9687",1976-07-09,1.38153756665815e-05
"9688",1976-07-10,0
"9689",1976-07-11,0.00117700453455427
"9690",1976-07-12,0.000381592555925181
"9691",1976-07-13,1.59213105348499e-05
"9692",1976-07-14,8.27407179713191e-05
"9693",1976-07-15,0.00381877737981995
"9694",1976-07-16,0.000157336021061383
"9695",1976-07-17,0.00911037053492691
"9696",1976-07-18,7.81919521841701e-06
"9697",1976-07-19,0.000705205230588035
"9698",1976-07-20,0.00146900174149778
"9699",1976-07-21,0
"9700",1976-07-22,0
"9701",1976-07-23,9.58894474933913e-08
"9702",1976-07-24,0.000229736086055254
"9703",1976-07-25,0.000125480554743262
"9704",1976-07-26,6.11734168955991e-05
"9705",1976-07-27,1.5633481552868e-05
"9706",1976-07-28,3.0684634566569e-06
"9707",1976-07-29,8.20224158815108e-05
"9708",1976-07-30,0.00941322182279691
"9709",1976-07-31,0.000733732762000727
"9710",1976-08-01,0.00428821247260203
"9711",1976-08-02,0.005591189121958
"9712",1976-08-03,0.00284895659387985
"9713",1976-08-04,0.00464230836769275
"9714",1976-08-05,0.000122022968071178
"9715",1976-08-06,0.000539640719182444
"9716",1976-08-07,2.47705829679035e-05
"9717",1976-08-08,0
"9718",1976-08-09,0
"9719",1976-08-10,0.000113377493107691
"9720",1976-08-11,5.14678777108202e-06
"9721",1976-08-12,2.47667139774421e-06
"9722",1976-08-13,3.47807634284436e-05
"9723",1976-08-14,0
"9724",1976-08-15,5.71381406189175e-07
"9725",1976-08-16,0.000144297120300507
"9726",1976-08-17,8.26604999701885e-05
"9727",1976-08-18,6.5722312001526e-06
"9728",1976-08-19,0
"9729",1976-08-20,0
"9730",1976-08-21,0
"9731",1976-08-22,0
"9732",1976-08-23,0
"9733",1976-08-24,0
"9734",1976-08-25,8.85952772478049e-06
"9735",1976-08-26,0.000320584086466624
"9736",1976-08-27,8.86733346305846e-06
"9737",1976-08-28,0
"9738",1976-08-29,0
"9739",1976-08-30,0.00360793107302015
"9740",1976-08-31,0.000248757802296495
"9741",1976-09-01,0.00056409535363855
"9742",1976-09-02,0
"9743",1976-09-03,0.000282079696262372
"9744",1976-09-04,1.05098843050655e-06
"9745",1976-09-05,2.24853772579081e-05
"9746",1976-09-06,0
"9747",1976-09-07,5.71381406189175e-07
"9748",1976-09-08,0
"9749",1976-09-09,0.0227426235636017
"9750",1976-09-10,0.0177576095447876
"9751",1976-09-11,0.00496693065815634
"9752",1976-09-12,0.00461564003489912
"9753",1976-09-13,0.0017013540731341
"9754",1976-09-14,0.0106665713101393
"9755",1976-09-15,0.00196348017925629
"9756",1976-09-16,6.3102015133154e-06
"9757",1976-09-17,0.00178468458761927
"9758",1976-09-18,0.00332194333623193
"9759",1976-09-19,2.88561017214306e-05
"9760",1976-09-20,2.87868826944759e-05
"9761",1976-09-21,0
"9762",1976-09-22,3.82046999902741e-06
"9763",1976-09-23,1.43312166756004e-06
"9764",1976-09-24,9.52568939283083e-08
"9765",1976-09-25,8.47886701649259e-06
"9766",1976-09-26,1.20161849963552e-05
"9767",1976-09-27,0.0036590252450992
"9768",1976-09-28,0.00246095364332177
"9769",1976-09-29,0
"9770",1976-09-30,9.24297938809104e-06
"9771",1976-10-01,1.62885612553509e-06
"9772",1976-10-02,9.58894474933913e-08
"9773",1976-10-03,0.00439768407608199
"9774",1976-10-04,0.000367522752071636
"9775",1976-10-05,0.0118408911994266
"9776",1976-10-06,0.00779607963210083
"9777",1976-10-07,0.00511374047982827
"9778",1976-10-08,3.7087586179041e-05
"9779",1976-10-09,9.1894158344985e-06
"9780",1976-10-10,0.000692134356540919
"9781",1976-10-11,0.000761693732783897
"9782",1976-10-12,0.000683538887642499
"9783",1976-10-13,0.0142630616610404
"9784",1976-10-14,0.0330294722225517
"9785",1976-10-15,0.027358809064026
"9786",1976-10-16,0.0151375253917649
"9787",1976-10-17,0.0114346418413334
"9788",1976-10-18,0.00786393198359292
"9789",1976-10-19,0.0101755207579117
"9790",1976-10-20,0.00110332782060141
"9791",1976-10-21,0.00967223907355219
"9792",1976-10-22,0.00852542110078502
"9793",1976-10-23,0.00174056475503903
"9794",1976-10-24,0.000487371189592523
"9795",1976-10-25,0.000113283707776191
"9796",1976-10-26,0.000330710892740171
"9797",1976-10-27,0.000730918623048638
"9798",1976-10-28,0.000471233031021256
"9799",1976-10-29,0.000314644084028259
"9800",1976-10-30,0.00222254759609086
"9801",1976-10-31,0.000310630095157194
"9802",1976-11-01,9.58894474933913e-08
"9803",1976-11-02,0.0089427518008165
"9804",1976-11-03,0.00736126512583724
"9805",1976-11-04,0.00865039737709594
"9806",1976-11-05,0.00459607436550868
"9807",1976-11-06,0.00181909564616944
"9808",1976-11-07,0.00624990336018527
"9809",1976-11-08,0.00098918643379875
"9810",1976-11-09,0.00508283142698929
"9811",1976-11-10,0.0113377824191048
"9812",1976-11-11,0.00565552474199649
"9813",1976-11-12,0.0021504182013814
"9814",1976-11-13,3.97147425701405e-05
"9815",1976-11-14,0.00028011888389301
"9816",1976-11-15,9.50622670643497e-05
"9817",1976-11-16,0.00283671702072752
"9818",1976-11-17,0.000678005218958333
"9819",1976-11-18,0.000322254758600593
"9820",1976-11-19,0
"9821",1976-11-20,6.0339184528857e-06
"9822",1976-11-21,1.03446782304673e-05
"9823",1976-11-22,8.17937099100163e-05
"9824",1976-11-23,0.000114042705888551
"9825",1976-11-24,2.20545786078219e-06
"9826",1976-11-25,0.00190174098406715
"9827",1976-11-26,0.000117581619520024
"9828",1976-11-27,0.0152846299444036
"9829",1976-11-28,0.0121507145929058
"9830",1976-11-29,0.00323531259527954
"9831",1976-11-30,0.00687181591547414
"9832",1976-12-01,0.00954382926437347
"9833",1976-12-02,0.000226766809078072
"9834",1976-12-03,0.00474219315583468
"9835",1976-12-04,0.0093679375568172
"9836",1976-12-05,0.00553177099209279
"9837",1976-12-06,0.0015815611996004
"9838",1976-12-07,0.00855075287290674
"9839",1976-12-08,0.00247616846536403
"9840",1976-12-09,0.000643259837488586
"9841",1976-12-10,0.00120053150283184
"9842",1976-12-11,6.34084161674764e-05
"9843",1976-12-12,8.10694365327436e-06
"9844",1976-12-13,0.000554565377171912
"9845",1976-12-14,0.000287085340801241
"9846",1976-12-15,0.00116760755099676
"9847",1976-12-16,0.000196292776308837
"9848",1976-12-17,0.000282873732430744
"9849",1976-12-18,0.000571986840441241
"9850",1976-12-19,0.000205903222877168
"9851",1976-12-20,2.18343586197989e-05
"9852",1976-12-21,0.00149576795695339
"9853",1976-12-22,0.00627311049885293
"9854",1976-12-23,1.88874365107949e-05
"9855",1976-12-24,1.94370080635053e-05
"9856",1976-12-25,1.45973687040168e-05
"9857",1976-12-26,0.000489750087069751
"9858",1976-12-27,0.00942537435912527
"9859",1976-12-28,0.00746858005015838
"9860",1976-12-29,0.000278171857758025
"9861",1976-12-30,0.000489548871655643
"9862",1976-12-31,0.00167274252891048
"9863",1977-01-01,0.0159772167944539
"9864",1977-01-02,0.00536504826686723
"9865",1977-01-03,0.000843981849357078
"9866",1977-01-04,0.000373540265172778
"9867",1977-01-05,0.00476431369133934
"9868",1977-01-06,0.000271741785468294
"9869",1977-01-07,0
"9870",1977-01-08,0
"9871",1977-01-09,0.00166177130995493
"9872",1977-01-10,0.00646406807936728
"9873",1977-01-11,0.00643535917333793
"9874",1977-01-12,0.00061810179886379
"9875",1977-01-13,0.00587825589173008
"9876",1977-01-14,0.00388744551861464
"9877",1977-01-15,0.00695870854542591
"9878",1977-01-16,0.00411299914412666
"9879",1977-01-17,0.000433415449151653
"9880",1977-01-18,0.000492177848173014
"9881",1977-01-19,0.000557198903152312
"9882",1977-01-20,0.000126810376059439
"9883",1977-01-21,0.000161979338884066
"9884",1977-01-22,0.00577216331657837
"9885",1977-01-23,0.000245739958302238
"9886",1977-01-24,0.00167290400167985
"9887",1977-01-25,0.00437926563790825
"9888",1977-01-26,0.0210319780599093
"9889",1977-01-27,0.000727909282659311
"9890",1977-01-28,2.87005576637966e-05
"9891",1977-01-29,0.000145723346292925
"9892",1977-01-30,7.96607571373897e-06
"9893",1977-01-31,0.000154264199352383
"9894",1977-02-01,0.00224435661584721
"9895",1977-02-02,0.0010494308971829
"9896",1977-02-03,0.00242948212780902
"9897",1977-02-04,0.00769563097765058
"9898",1977-02-05,0.00187925246063969
"9899",1977-02-06,0.00132911567288829
"9900",1977-02-07,0.00167919718660414
"9901",1977-02-08,0.000163664587603307
"9902",1977-02-09,0
"9903",1977-02-10,0
"9904",1977-02-11,6.4005257968347e-05
"9905",1977-02-12,0.00363459089840035
"9906",1977-02-13,0.00936803086369764
"9907",1977-02-14,0.000845366140765691
"9908",1977-02-15,0.0006670091433989
"9909",1977-02-16,0.000306315411762625
"9910",1977-02-17,0.000139621206187712
"9911",1977-02-18,0.00106666911682396
"9912",1977-02-19,0.0101929995580576
"9913",1977-02-20,0.00321167382935528
"9914",1977-02-21,0.000918305997743118
"9915",1977-02-22,6.03852052449838e-05
"9916",1977-02-23,0.00161104068524764
"9917",1977-02-24,0
"9918",1977-02-25,0
"9919",1977-02-26,0.000114031726809571
"9920",1977-02-27,8.20085568875584e-06
"9921",1977-02-28,0
"9922",1977-03-01,0
"9923",1977-03-02,0
"9924",1977-03-03,0.0136811482600478
"9925",1977-03-04,0.00178164303679296
"9926",1977-03-05,2.22513606900065e-05
"9927",1977-03-06,3.91896986684515e-06
"9928",1977-03-07,7.97575013393725e-05
"9929",1977-03-08,9.56997155299177e-07
"9930",1977-03-09,7.1253027840612e-05
"9931",1977-03-10,0.000386110767227166
"9932",1977-03-11,0.00182963280906279
"9933",1977-03-12,0.00253649338026207
"9934",1977-03-13,0.000102811239230505
"9935",1977-03-14,0.00547924590136972
"9936",1977-03-15,0.00121834444416891
"9937",1977-03-16,0.0125080221987446
"9938",1977-03-17,0.0087988346223824
"9939",1977-03-18,0.00273848344812677
"9940",1977-03-19,0.000727980983867837
"9941",1977-03-20,0.00834523121375241
"9942",1977-03-21,0.00202517345223896
"9943",1977-03-22,9.94310457826941e-05
"9944",1977-03-23,0
"9945",1977-03-24,6.39795929373577e-05
"9946",1977-03-25,0.00145906947273033
"9947",1977-03-26,0.000402495192247443
"9948",1977-03-27,0.0123625957057811
"9949",1977-03-28,0.000121593565950207
"9950",1977-03-29,9.73201292708836e-05
"9951",1977-03-30,0.00030087982565874
"9952",1977-03-31,8.66023542585026e-05
"9953",1977-04-01,0.00905407629034016
"9954",1977-04-02,0.00876674277907341
"9955",1977-04-03,0.00133424847444985
"9956",1977-04-04,6.10639654041734e-06
"9957",1977-04-05,0.00108570005647834
"9958",1977-04-06,0.00545967674775838
"9959",1977-04-07,0.000358170856088691
"9960",1977-04-08,0.000118359916996269
"9961",1977-04-09,7.96123223381073e-05
"9962",1977-04-10,0.000120597413967971
"9963",1977-04-11,0.00322905667417217
"9964",1977-04-12,0.00288205260716268
"9965",1977-04-13,0.00729477686559221
"9966",1977-04-14,0.000762299057953442
"9967",1977-04-15,0.000695814921186866
"9968",1977-04-16,0.0036496477541732
"9969",1977-04-17,0.00762576971118278
"9970",1977-04-18,0.000813502078926831
"9971",1977-04-19,0.000226344709517434
"9972",1977-04-20,0.00196708454581085
"9973",1977-04-21,0.000515933662370571
"9974",1977-04-22,0.000847322090066882
"9975",1977-04-23,0.00439390662359074
"9976",1977-04-24,0.00443652627109259
"9977",1977-04-25,0.000239111135613257
"9978",1977-04-26,0.0138134859463435
"9979",1977-04-27,0.0094082436962708
"9980",1977-04-28,9.61925525189145e-06
"9981",1977-04-29,0.00935970694990829
"9982",1977-04-30,0.00188539920031872
"9983",1977-05-01,0.00353262344418681
"9984",1977-05-02,0.00729240674809262
"9985",1977-05-03,0.000302383424127584
"9986",1977-05-04,0.00093448416106412
"9987",1977-05-05,0
"9988",1977-05-06,0.00267999389689066
"9989",1977-05-07,1.58775467298256e-05
"9990",1977-05-08,1.82842031790642e-05
"9991",1977-05-09,2.19156445382396e-05
"9992",1977-05-10,0.00560373451975238
"9993",1977-05-11,0.00221362368733935
"9994",1977-05-12,0.0155109699844616
"9995",1977-05-13,0.00210709011344079
"9996",1977-05-14,3.82103087304131e-06
"9997",1977-05-15,2.28616613640042e-06
"9998",1977-05-16,4.47707537887254e-06
"9999",1977-05-17,3.67691291103256e-05
"10000",1977-05-18,0.000402372974349419
"10001",1977-05-19,0.000847504615819616
"10002",1977-05-20,3.0783401143708e-05
"10003",1977-05-21,0
"10004",1977-05-22,0
"10005",1977-05-23,0
"10006",1977-05-24,0
"10007",1977-05-25,0
"10008",1977-05-26,0
"10009",1977-05-27,0
"10010",1977-05-28,0
"10011",1977-05-29,3.44236961495881e-05
"10012",1977-05-30,0.000296451997712666
"10013",1977-05-31,7.04772264725761e-06
"10014",1977-06-01,8.00408702161803e-06
"10015",1977-06-02,0
"10016",1977-06-03,0.000160464260034132
"10017",1977-06-04,0
"10018",1977-06-05,0.0129644076425279
"10019",1977-06-06,0.0119206226381721
"10020",1977-06-07,0.0142085722600314
"10021",1977-06-08,0.00845889143056411
"10022",1977-06-09,0.00118323655715358
"10023",1977-06-10,0.00321865975729452
"10024",1977-06-11,0.00117698229604457
"10025",1977-06-12,0.000317746293148957
"10026",1977-06-13,0.000636107301602351
"10027",1977-06-14,0.000364865320079844
"10028",1977-06-15,4.76284718331499e-08
"10029",1977-06-16,7.82623283157591e-06
"10030",1977-06-17,0
"10031",1977-06-18,9.9600867429217e-06
"10032",1977-06-19,0.00216086907732915
"10033",1977-06-20,0.000552101046196185
"10034",1977-06-21,0
"10035",1977-06-22,0
"10036",1977-06-23,0
"10037",1977-06-24,0
"10038",1977-06-25,2.29296404086199e-06
"10039",1977-06-26,0.000377038533201812
"10040",1977-06-27,0.00464892619129387
"10041",1977-06-28,0.000924624092476733
"10042",1977-06-29,0.00438334133781382
"10043",1977-06-30,0.000318737561542548
"10044",1977-07-01,0.0204296134735955
"10045",1977-07-02,4.35743722846382e-05
"10046",1977-07-03,0
"10047",1977-07-04,0
"10048",1977-07-05,0
"10049",1977-07-06,0.00135477344497303
"10050",1977-07-07,0.000231111139783025
"10051",1977-07-08,0
"10052",1977-07-09,0
"10053",1977-07-10,0
"10054",1977-07-11,1.71414421856753e-06
"10055",1977-07-12,0.000273256021785073
"10056",1977-07-13,0.00843310625350568
"10057",1977-07-14,0.000225385272472067
"10058",1977-07-15,0.000385347083863508
"10059",1977-07-16,0
"10060",1977-07-17,0.00486565436494857
"10061",1977-07-18,0.00747474527088343
"10062",1977-07-19,0.00760871437688593
"10063",1977-07-20,0.00807962080398283
"10064",1977-07-21,0.00111234991436504
"10065",1977-07-22,0.000685835243814381
"10066",1977-07-23,0.00349559488586237
"10067",1977-07-24,0.0298658897227142
"10068",1977-07-25,0.00227447568198613
"10069",1977-07-26,0.00132849418406522
"10070",1977-07-27,0.000866470358744209
"10071",1977-07-28,0.000875713390087185
"10072",1977-07-29,8.3912086665805e-06
"10073",1977-07-30,8.30263790589925e-05
"10074",1977-07-31,9.12896391582763e-05
"10075",1977-08-01,2.28821591008455e-06
"10076",1977-08-02,1.42899953061715e-05
"10077",1977-08-03,0.00380177261058634
"10078",1977-08-04,0.00568334122431224
"10079",1977-08-05,0.00109270158469599
"10080",1977-08-06,8.81844844116131e-05
"10081",1977-08-07,1.61959951583412e-06
"10082",1977-08-08,1.80988121201153e-06
"10083",1977-08-09,0.00340359171605087
"10084",1977-08-10,0.00375516023359523
"10085",1977-08-11,0.000311512090771515
"10086",1977-08-12,0.000281606482644747
"10087",1977-08-13,8.99833009384565e-05
"10088",1977-08-14,0.000121772727879943
"10089",1977-08-15,0.000532424610241833
"10090",1977-08-16,3.66668455171748e-05
"10091",1977-08-17,4.81385441162274e-05
"10092",1977-08-18,0.000747359348963528
"10093",1977-08-19,0.000173403953340312
"10094",1977-08-20,0.000476929661999748
"10095",1977-08-21,2.41984287754349e-05
"10096",1977-08-22,0.00106039873941199
"10097",1977-08-23,9.79184009679557e-05
"10098",1977-08-24,4.03300319362643e-05
"10099",1977-08-25,0.00751541926274513
"10100",1977-08-26,0.0208923051832244
"10101",1977-08-27,0.001538537617364
"10102",1977-08-28,0.000558033337540564
"10103",1977-08-29,0.00213432654516055
"10104",1977-08-30,0.000468120443997577
"10105",1977-08-31,0.0063502537768727
"10106",1977-09-01,3.49125601246669e-05
"10107",1977-09-02,0.00773938572092447
"10108",1977-09-03,0.00436390479626425
"10109",1977-09-04,0.000490341832517061
"10110",1977-09-05,0.00966732433471407
"10111",1977-09-06,0.0164101594167505
"10112",1977-09-07,2.40495385241957e-05
"10113",1977-09-08,0.000371457777873729
"10114",1977-09-09,0.00020612674734366
"10115",1977-09-10,0.00182218670721568
"10116",1977-09-11,0.00286713793320814
"10117",1977-09-12,0.0187636821938213
"10118",1977-09-13,0
"10119",1977-09-14,0.00201309536259942
"10120",1977-09-15,6.23654759692727e-05
"10121",1977-09-16,0.000213267298022402
"10122",1977-09-17,0
"10123",1977-09-18,0
"10124",1977-09-19,0
"10125",1977-09-20,0
"10126",1977-09-21,0
"10127",1977-09-22,1.24806750250173e-05
"10128",1977-09-23,0
"10129",1977-09-24,6.12082510542677e-05
"10130",1977-09-25,0.000390430478489634
"10131",1977-09-26,0
"10132",1977-09-27,7.00025107676083e-05
"10133",1977-09-28,0.00885554048454651
"10134",1977-09-29,0.0034089673328026
"10135",1977-09-30,0.00260305954111573
"10136",1977-10-01,0.0194035163294757
"10137",1977-10-02,0.000251219887104526
"10138",1977-10-03,0.00574005519320053
"10139",1977-10-04,0.0125854606349094
"10140",1977-10-05,0.00347804956254549
"10141",1977-10-06,8.93563772592643e-05
"10142",1977-10-07,0.00687747956180829
"10143",1977-10-08,0.00102747936102787
"10144",1977-10-09,0.00537382705806522
"10145",1977-10-10,0.00374907878813246
"10146",1977-10-11,0.000342257659212919
"10147",1977-10-12,0.00241746400206466
"10148",1977-10-13,0.000376782936882591
"10149",1977-10-14,6.13046661328553e-05
"10150",1977-10-15,0.00236606147336715
"10151",1977-10-16,0.000420280681282748
"10152",1977-10-17,3.10953465145758e-05
"10153",1977-10-18,1.24398504794954e-05
"10154",1977-10-19,0.000150143903738353
"10155",1977-10-20,0.00206212577268161
"10156",1977-10-21,0.00491699911384558
"10157",1977-10-22,0.00284269619999122
"10158",1977-10-23,0.00806741775340925
"10159",1977-10-24,0.00160573154113308
"10160",1977-10-25,0.00172438897789107
"10161",1977-10-26,8.58670222214641e-06
"10162",1977-10-27,0.00137862903375208
"10163",1977-10-28,0.0014573778146314
"10164",1977-10-29,0.000369697884650577
"10165",1977-10-30,0.00196327520370687
"10166",1977-10-31,0.00273572589503601
"10167",1977-11-01,0.00792799702503544
"10168",1977-11-02,0.00103202040429551
"10169",1977-11-03,0.0143113032418682
"10170",1977-11-04,0.0121702949536484
"10171",1977-11-05,6.48322770757659e-06
"10172",1977-11-06,0.0133857419907599
"10173",1977-11-07,0.00370175724128785
"10174",1977-11-08,0.0100680734676075
"10175",1977-11-09,2.47999457769765e-06
"10176",1977-11-10,0.000583653891226277
"10177",1977-11-11,0.00334635355363844
"10178",1977-11-12,0.0159554853889858
"10179",1977-11-13,0.000563491700631857
"10180",1977-11-14,0.00476929754847788
"10181",1977-11-15,0.00748748378009623
"10182",1977-11-16,1.54555546032498e-05
"10183",1977-11-17,0.000460386483609909
"10184",1977-11-18,4.56678536693289e-05
"10185",1977-11-19,0.00474763799502398
"10186",1977-11-20,0.014309512116597
"10187",1977-11-21,0.00206530288528484
"10188",1977-11-22,0.00495837124805121
"10189",1977-11-23,0.00688170475575589
"10190",1977-11-24,0.021153156136279
"10191",1977-11-25,0.00181377289902684
"10192",1977-11-26,0
"10193",1977-11-27,0
"10194",1977-11-28,0
"10195",1977-11-29,0
"10196",1977-11-30,3.4309784382458e-06
"10197",1977-12-01,1.10638555383957e-05
"10198",1977-12-02,9.58894474933913e-08
"10199",1977-12-03,0.000266467153949179
"10200",1977-12-04,0.000234912069572601
"10201",1977-12-05,0.000103722046446819
"10202",1977-12-06,0.00124315050652513
"10203",1977-12-07,0.00250059915822476
"10204",1977-12-08,0.000961220557655906
"10205",1977-12-09,0.00028672214193648
"10206",1977-12-10,0.000138058650918538
"10207",1977-12-11,0.00694475449068932
"10208",1977-12-12,0.00604722206207953
"10209",1977-12-13,0.00256321480600263
"10210",1977-12-14,8.13755508488612e-06
"10211",1977-12-15,0.000139698173370562
"10212",1977-12-16,6.03272542321065e-05
"10213",1977-12-17,0.000193442333511484
"10214",1977-12-18,1.52568827616051e-06
"10215",1977-12-19,1.90940630773184e-06
"10216",1977-12-20,0.000996273483281129
"10217",1977-12-21,0.000376140523826507
"10218",1977-12-22,0.000559302448891685
"10219",1977-12-23,0.00960551172556734
"10220",1977-12-24,0.0159895999968285
"10221",1977-12-25,0.000118818029363865
"10222",1977-12-26,0.000155756164247123
"10223",1977-12-27,0.00915788643033011
"10224",1977-12-28,0.00926063021472601
"10225",1977-12-29,0.00382286169678991
"10226",1977-12-30,5.37145231191971e-05
"10227",1977-12-31,0.000172969218397157
"10228",1978-01-01,0.00131243171051665
"10229",1978-01-02,0
"10230",1978-01-03,5.77084017550078e-05
"10231",1978-01-04,4.0995796439347e-05
"10232",1978-01-05,0.00290887881652679
"10233",1978-01-06,1.67847879879446e-05
"10234",1978-01-07,0.000459519997605184
"10235",1978-01-08,6.13375672173788e-05
"10236",1978-01-09,0.00600308288994711
"10237",1978-01-10,0.00189723236547934
"10238",1978-01-11,0.000517477778316788
"10239",1978-01-12,1.99307073671662e-05
"10240",1978-01-13,0.000754243864378168
"10241",1978-01-14,0
"10242",1978-01-15,9.15947246085125e-05
"10243",1978-01-16,0.00136755391304177
"10244",1978-01-17,0.00437385494660703
"10245",1978-01-18,0.00103689886873326
"10246",1978-01-19,0.00398946631867148
"10247",1978-01-20,0.000984953764600505
"10248",1978-01-21,0.00264520138443913
"10249",1978-01-22,0.000340059049960928
"10250",1978-01-23,0.0020910713254807
"10251",1978-01-24,0.000339485680342477
"10252",1978-01-25,0.00221108493860811
"10253",1978-01-26,0.000751236391806742
"10254",1978-01-27,0.0032157745571908
"10255",1978-01-28,0.00198988909687614
"10256",1978-01-29,0.00615147640928626
"10257",1978-01-30,0.0104499622393632
"10258",1978-01-31,0.00271120258912561
"10259",1978-02-01,0.000908620307484398
"10260",1978-02-02,0.00037799450365128
"10261",1978-02-03,0.000458333192909777
"10262",1978-02-04,0.000898568783554765
"10263",1978-02-05,0.000457732689028489
"10264",1978-02-06,0.000672925837534422
"10265",1978-02-07,0.00011354913760897
"10266",1978-02-08,8.68144593013653e-06
"10267",1978-02-09,8.1992697005262e-06
"10268",1978-02-10,6.60585941432146e-05
"10269",1978-02-11,0.000337190491450201
"10270",1978-02-12,0.00663340523897205
"10271",1978-02-13,0.00280771373945754
"10272",1978-02-14,0.0019928350666305
"10273",1978-02-15,0.000152897341990865
"10274",1978-02-16,3.39730647169745e-05
"10275",1978-02-17,3.87205363949761e-06
"10276",1978-02-18,1.81209168204077e-06
"10277",1978-02-19,0
"10278",1978-02-20,4.76837158203125e-07
"10279",1978-02-21,1.66849506513245e-05
"10280",1978-02-22,0.0010869277114125
"10281",1978-02-23,0.000386793523148299
"10282",1978-02-24,0.00946839798052679
"10283",1978-02-25,0.000569764807039519
"10284",1978-02-26,0.00516482365492266
"10285",1978-02-27,0.00234296120015642
"10286",1978-02-28,0.00360588762578118
"10287",1978-03-01,0.000280954251081766
"10288",1978-03-02,0.0019407429435887
"10289",1978-03-03,0.0050821707054638
"10290",1978-03-04,0.0042008203745354
"10291",1978-03-05,0.00607825410486384
"10292",1978-03-06,0
"10293",1978-03-07,2.38418579101562e-07
"10294",1978-03-08,0.00404533462932477
"10295",1978-03-09,0.00116472001690227
"10296",1978-03-10,0.00142165391628168
"10297",1978-03-11,0
"10298",1978-03-12,0.00220488957319276
"10299",1978-03-13,0.00711892254184932
"10300",1978-03-14,0.00401253862901285
"10301",1978-03-15,0.0135891104582697
"10302",1978-03-16,0.00587815576000139
"10303",1978-03-17,0.00567080946262877
"10304",1978-03-18,0
"10305",1978-03-19,5.74071748360439e-07
"10306",1978-03-20,0.00021428221430142
"10307",1978-03-21,0.000106622084842911
"10308",1978-03-22,0.000315100955162961
"10309",1978-03-23,0.00994449988775159
"10310",1978-03-24,0.00548341960529797
"10311",1978-03-25,0.00721476359831286
"10312",1978-03-26,0.000177122536058505
"10313",1978-03-27,0.00590886913528266
"10314",1978-03-28,0.00271221240586783
"10315",1978-03-29,0.0142228249014806
"10316",1978-03-30,0.00036190952147308
"10317",1978-03-31,5.40162176321246e-06
"10318",1978-04-01,1.06062918767691e-05
"10319",1978-04-02,0.00166637482561782
"10320",1978-04-03,0
"10321",1978-04-04,0
"10322",1978-04-05,0
"10323",1978-04-06,0
"10324",1978-04-07,0
"10325",1978-04-08,0
"10326",1978-04-09,1.70764197946482e-05
"10327",1978-04-10,0.00347705149033573
"10328",1978-04-11,0.00084268495629658
"10329",1978-04-12,0.00169704427844408
"10330",1978-04-13,0.000714714157993512
"10331",1978-04-14,0.000504093155768714
"10332",1978-04-15,0.000163766382684116
"10333",1978-04-16,4.34682536933906e-05
"10334",1978-04-17,0.000547960712140139
"10335",1978-04-18,0.00720668061421748
"10336",1978-04-19,0.000316065118227016
"10337",1978-04-20,0.000457850986151698
"10338",1978-04-21,0.0006386157315319
"10339",1978-04-22,3.4984914236702e-05
"10340",1978-04-23,8.31397578622273e-05
"10341",1978-04-24,0.00186064117497153
"10342",1978-04-25,5.28147504610388e-05
"10343",1978-04-26,0.000102478513099413
"10344",1978-04-27,9.26014774904615e-06
"10345",1978-04-28,0
"10346",1978-04-29,3.81027684852597e-05
"10347",1978-04-30,1.8576760680844e-05
"10348",1978-05-01,0
"10349",1978-05-02,0
"10350",1978-05-03,0
"10351",1978-05-04,0
"10352",1978-05-05,0.000327206973452121
"10353",1978-05-06,0
"10354",1978-05-07,0
"10355",1978-05-08,0
"10356",1978-05-09,0.000138685654292203
"10357",1978-05-10,3.36282525381648e-05
"10358",1978-05-11,5.44545855518663e-06
"10359",1978-05-12,0.000184334081438919
"10360",1978-05-13,0.00504271279663726
"10361",1978-05-14,0.00095415053783654
"10362",1978-05-15,0.000461707614476836
"10363",1978-05-16,5.90593026572606e-06
"10364",1978-05-17,0.00186921754504965
"10365",1978-05-18,0.00489454699163616
"10366",1978-05-19,0.000755145072389496
"10367",1978-05-20,8.23603168100817e-05
"10368",1978-05-21,0.0026353988378105
"10369",1978-05-22,0.00303024328133006
"10370",1978-05-23,0.00263349721262784
"10371",1978-05-24,0
"10372",1978-05-25,0.000191635526789469
"10373",1978-05-26,1.33520716190105e-05
"10374",1978-05-27,0
"10375",1978-05-28,0
"10376",1978-05-29,0
"10377",1978-05-30,6.51020275199699e-06
"10378",1978-05-31,2.85690703094588e-07
"10379",1978-06-01,0
"10380",1978-06-02,0
"10381",1978-06-03,0
"10382",1978-06-04,4.76837158203125e-07
"10383",1978-06-05,0.000161272160767112
"10384",1978-06-06,0.00589897879399359
"10385",1978-06-07,0.00652911603901885
"10386",1978-06-08,0.00257115574009958
"10387",1978-06-09,0.00225332453305782
"10388",1978-06-10,3.70699315794809e-05
"10389",1978-06-11,0.00171685941194255
"10390",1978-06-12,0.00502911193666478
"10391",1978-06-13,0.000152964338440142
"10392",1978-06-14,0.000890826996396754
"10393",1978-06-15,2.45828605329734e-05
"10394",1978-06-16,0.000121452926578058
"10395",1978-06-17,6.0401571033708e-05
"10396",1978-06-18,0.00125670354464091
"10397",1978-06-19,3.34980594374201e-07
"10398",1978-06-20,0
"10399",1978-06-21,0
"10400",1978-06-22,0.000897769786945446
"10401",1978-06-23,0.0135059444722856
"10402",1978-06-24,0.00420054249298119
"10403",1978-06-25,0.00186926790138386
"10404",1978-06-26,0.00212721066526456
"10405",1978-06-27,0.00114704854513548
"10406",1978-06-28,0.0017720904691032
"10407",1978-06-29,0.00379666144289104
"10408",1978-06-30,0.00983753856326075
"10409",1978-07-01,0.0145269134936825
"10410",1978-07-02,0.00130828071360156
"10411",1978-07-03,0.00858710547618102
"10412",1978-07-04,0.00113279319339199
"10413",1978-07-05,0.00602505104353668
"10414",1978-07-06,0.00279237443629654
"10415",1978-07-07,0.000436336656491676
"10416",1978-07-08,0.00848066921753343
"10417",1978-07-09,0.00335854759720178
"10418",1978-07-10,0.0023817670663675
"10419",1978-07-11,0.00608461265346705
"10420",1978-07-12,3.90940147099172e-06
"10421",1978-07-13,5.34252211537023e-06
"10422",1978-07-14,0.000323815118122184
"10423",1978-07-15,0.000360675271224409
"10424",1978-07-16,0.000407070016990474
"10425",1978-07-17,4.9816773753264e-05
"10426",1978-07-18,3.69544229670282e-05
"10427",1978-07-19,0.00337015076763691
"10428",1978-07-20,0.00789732848937774
"10429",1978-07-21,0.00347936746038613
"10430",1978-07-22,0.000147431285597577
"10431",1978-07-23,0.000357753476748712
"10432",1978-07-24,0.0068353980012148
"10433",1978-07-25,0.000167526922268735
"10434",1978-07-26,0
"10435",1978-07-27,0.00740798203867143
"10436",1978-07-28,2.69777959829298e-05
"10437",1978-07-29,0
"10438",1978-07-30,3.42828752764035e-06
"10439",1978-07-31,9.5367431640625e-07
"10440",1978-08-01,0.000836196786622168
"10441",1978-08-02,0.000226720257160196
"10442",1978-08-03,0.00110633260396753
"10443",1978-08-04,0.00948637448726686
"10444",1978-08-05,0.00632317077179323
"10445",1978-08-06,0.00397981013793469
"10446",1978-08-07,0.000292413337774633
"10447",1978-08-08,4.57785699836677e-06
"10448",1978-08-09,8.85673171069357e-06
"10449",1978-08-10,0.00438408558983383
"10450",1978-08-11,5.31384580426675e-05
"10451",1978-08-12,0.000160678873612596
"10452",1978-08-13,0.000129459095887796
"10453",1978-08-14,0.00146184013095763
"10454",1978-08-15,0.01088248641463
"10455",1978-08-16,0.00916749909799819
"10456",1978-08-17,0.00409195166139398
"10457",1978-08-18,9.6189189434881e-05
"10458",1978-08-19,0
"10459",1978-08-20,0
"10460",1978-08-21,1.05019626062131e-06
"10461",1978-08-22,0.00621977663831785
"10462",1978-08-23,7.8655126344529e-05
"10463",1978-08-24,0.000104815354859511
"10464",1978-08-25,0.000547197852029058
"10465",1978-08-26,0.000286821123154368
"10466",1978-08-27,0.000957691996518406
"10467",1978-08-28,0
"10468",1978-08-29,0.00401963520380377
"10469",1978-08-30,0.00114347475755494
"10470",1978-08-31,0.00203656227301963
"10471",1978-09-01,0.0085965826078791
"10472",1978-09-02,0.000193423673238158
"10473",1978-09-03,0.0065653826316634
"10474",1978-09-04,0.00307019191200197
"10475",1978-09-05,0.00113096068213281
"10476",1978-09-06,0.00129877678097046
"10477",1978-09-07,0.00145750727932636
"10478",1978-09-08,0.000233429434672416
"10479",1978-09-09,0.0185515105891341
"10480",1978-09-10,0.00315799291502117
"10481",1978-09-11,0.000638619121048123
"10482",1978-09-12,0.000320355222356739
"10483",1978-09-13,0.000285169793528439
"10484",1978-09-14,0.00348544710095666
"10485",1978-09-15,0.0083726851908068
"10486",1978-09-16,0.00155789455311606
"10487",1978-09-17,0.00258621328976005
"10488",1978-09-18,8.58417365634523e-07
"10489",1978-09-19,0
"10490",1978-09-20,8.78821060723567e-06
"10491",1978-09-21,7.90748458712187e-06
"10492",1978-09-22,0.00386972598749935
"10493",1978-09-23,0.00110524741160134
"10494",1978-09-24,0.0075448627158039
"10495",1978-09-25,4.29794017691165e-05
"10496",1978-09-26,0.00185585987310333
"10497",1978-09-27,0.00444203806364385
"10498",1978-09-28,0.00219344176343839
"10499",1978-09-29,0.000788194045128421
"10500",1978-09-30,0.000748434709294088
"10501",1978-10-01,0
"10502",1978-10-02,0.00143111619854608
"10503",1978-10-03,0.00310165353130287
"10504",1978-10-04,0.000227948027031744
"10505",1978-10-05,0.00292765472477186
"10506",1978-10-06,6.87224525108832e-06
"10507",1978-10-07,0.000156352166754914
"10508",1978-10-08,0.000604269046561967
"10509",1978-10-09,0.000762019125431834
"10510",1978-10-10,0.000137342074367552
"10511",1978-10-11,3.40006773171808e-05
"10512",1978-10-12,0.000121850379287025
"10513",1978-10-13,5.05326033248821e-05
"10514",1978-10-14,9.59557155510993e-05
"10515",1978-10-15,0.000106901401181858
"10516",1978-10-16,0.00925366391857096
"10517",1978-10-17,0.010729432723906
"10518",1978-10-18,3.87305644267144e-05
"10519",1978-10-19,1.91778951830202e-07
"10520",1978-10-20,0.00143168741931277
"10521",1978-10-21,2.58901633287678e-06
"10522",1978-10-22,0.000155082340882018
"10523",1978-10-23,4.2332719146998e-05
"10524",1978-10-24,0.00117260257263752
"10525",1978-10-25,6.93432839398156e-05
"10526",1978-10-26,0
"10527",1978-10-27,2.55859694675564e-05
"10528",1978-10-28,0
"10529",1978-10-29,0.000159514111203407
"10530",1978-10-30,5.43168653166504e-06
"10531",1978-10-31,0.000220945496948843
"10532",1978-11-01,0.000929688562280262
"10533",1978-11-02,0.0031100988999242
"10534",1978-11-03,0.00259016878680995
"10535",1978-11-04,0.000609027963946573
"10536",1978-11-05,0.00406638335903153
"10537",1978-11-06,0
"10538",1978-11-07,0.000176056982127193
"10539",1978-11-08,0.000543760120308434
"10540",1978-11-09,0.000230404450917376
"10541",1978-11-10,0.000775360454099427
"10542",1978-11-11,3.99287459913467e-05
"10543",1978-11-12,0.000979128180915723
"10544",1978-11-13,0.00638371856967979
"10545",1978-11-14,0.00796196168903407
"10546",1978-11-15,0.0119095138952616
"10547",1978-11-16,0.00240892114038616
"10548",1978-11-17,0.00186152659989602
"10549",1978-11-18,0.00541344483758621
"10550",1978-11-19,0.00412737052283774
"10551",1978-11-20,3.61156058943379e-05
"10552",1978-11-21,0.00215971692847461
"10553",1978-11-22,0.000881394413454473
"10554",1978-11-23,0
"10555",1978-11-24,0.00130588341016846
"10556",1978-11-25,0
"10557",1978-11-26,0.000839524831462768
"10558",1978-11-27,0.00444099155265576
"10559",1978-11-28,0.00292305463995035
"10560",1978-11-29,1.90861355235938e-05
"10561",1978-11-30,0.000721382921256009
"10562",1978-12-01,0.000266993776676827
"10563",1978-12-02,0.000562679800168553
"10564",1978-12-03,0.000118575095996221
"10565",1978-12-04,0.000118829759287564
"10566",1978-12-05,2.46142008109018e-05
"10567",1978-12-06,0.000126843214331984
"10568",1978-12-07,0.000226238640607335
"10569",1978-12-08,6.45939489913872e-05
"10570",1978-12-09,0.000223064124838857
"10571",1978-12-10,0.000125033260189866
"10572",1978-12-11,0.000522975371609391
"10573",1978-12-12,0.00465098513450357
"10574",1978-12-13,0.00854808356962167
"10575",1978-12-14,0.00291922350879759
"10576",1978-12-15,0.00019424033780524
"10577",1978-12-16,1.76584728137641e-05
"10578",1978-12-17,8.45482027784783e-05
"10579",1978-12-18,1.81153916400945e-06
"10580",1978-12-19,6.28948754410885e-06
"10581",1978-12-20,0.000557442235731287
"10582",1978-12-21,0.000173305356781839
"10583",1978-12-22,1.41155589972186e-05
"10584",1978-12-23,0.000247818839852698
"10585",1978-12-24,0.000903509894669696
"10586",1978-12-25,0.00269838239182718
"10587",1978-12-26,0.0026185113529209
"10588",1978-12-27,0.00104388407908118
"10589",1978-12-28,0.000377494695385394
"10590",1978-12-29,8.53358569656848e-05
"10591",1978-12-30,0.000134113082822296
"10592",1978-12-31,0.000312606653096736
"10593",1979-01-01,7.11949103333609e-05
"10594",1979-01-02,0.000138976022299175
"10595",1979-01-03,3.81580207431398e-07
"10596",1979-01-04,1.34181999555949e-06
"10597",1979-01-05,0.000109537162131801
"10598",1979-01-06,0.00442385718633886
"10599",1979-01-07,0.00392727629241563
"10600",1979-01-08,0.000975293159171997
"10601",1979-01-09,0.000153893041215269
"10602",1979-01-10,0.001130533628384
"10603",1979-01-11,0.0041334617890243
"10604",1979-01-12,0.00504351599374786
"10605",1979-01-13,0.00193738071266125
"10606",1979-01-14,0.00028919221307433
"10607",1979-01-15,1.00166615766284e-05
"10608",1979-01-16,0.00018118003509926
"10609",1979-01-17,0.000163587070858284
"10610",1979-01-18,0.000160126874106936
"10611",1979-01-19,6.77486833069452e-05
"10612",1979-01-20,0.000158018201545929
"10613",1979-01-21,0.000337406920152716
"10614",1979-01-22,0.000157521482435641
"10615",1979-01-23,0.000882925994119432
"10616",1979-01-24,0.00152036695806146
"10617",1979-01-25,0.00225230049704805
"10618",1979-01-26,0.00336882388569393
"10619",1979-01-27,0.000233357234435516
"10620",1979-01-28,0.00168099408529088
"10621",1979-01-29,0.000106338867510658
"10622",1979-01-30,0.00109786422854086
"10623",1979-01-31,0.00242686365152167
"10624",1979-02-01,0.00202689605379192
"10625",1979-02-02,0.000172715501321363
"10626",1979-02-03,0.00764478482597042
"10627",1979-02-04,4.81565272707485e-05
"10628",1979-02-05,2.19922519590909e-05
"10629",1979-02-06,1.2137072076257e-05
"10630",1979-02-07,0.00104144435852049
"10631",1979-02-08,0.000750456769310404
"10632",1979-02-09,5.1382508900133e-05
"10633",1979-02-10,0
"10634",1979-02-11,3.99808051270156e-05
"10635",1979-02-12,4.54309419524179e-05
"10636",1979-02-13,1.47766571103602e-05
"10637",1979-02-14,1.15835619567406e-05
"10638",1979-02-15,4.79447237466957e-07
"10639",1979-02-16,3.63676247161493e-06
"10640",1979-02-17,0
"10641",1979-02-18,0.00345721659277842
"10642",1979-02-19,0.00104794482649595
"10643",1979-02-20,5.10689704924516e-05
"10644",1979-02-21,6.48025506961858e-05
"10645",1979-02-22,0.00311041205713991
"10646",1979-02-23,0.000223409712361899
"10647",1979-02-24,3.81580207431398e-07
"10648",1979-02-25,1.91778951830202e-07
"10649",1979-02-26,3.97478740410406e-05
"10650",1979-02-27,0.0012372313412925
"10651",1979-02-28,0.0020683954904257
"10652",1979-03-01,0.000631382805295289
"10653",1979-03-02,0.00502271063942317
"10654",1979-03-03,0.00165769865725451
"10655",1979-03-04,5.83241208005347e-05
"10656",1979-03-05,0.000524657445794219
"10657",1979-03-06,0.000103049107963216
"10658",1979-03-07,0.00517892019888677
"10659",1979-03-08,0.00345146191415324
"10660",1979-03-09,0.0214292857272085
"10661",1979-03-10,0.00197840912233005
"10662",1979-03-11,0.000645518303429071
"10663",1979-03-12,0.00673017285680544
"10664",1979-03-13,0.000541393307003091
"10665",1979-03-14,6.43250276652907e-05
"10666",1979-03-15,9.40171717047633e-05
"10667",1979-03-16,6.0831894529656e-05
"10668",1979-03-17,3.48584569564991e-06
"10669",1979-03-18,9.08339757188514e-07
"10670",1979-03-19,4.57643227491644e-06
"10671",1979-03-20,0.000301729235957282
"10672",1979-03-21,0.0015480966993664
"10673",1979-03-22,0.00681421847457386
"10674",1979-03-23,0.00146313185734925
"10675",1979-03-24,4.61962263216265e-05
"10676",1979-03-25,0.00744339625885004
"10677",1979-03-26,0.00931620501978614
"10678",1979-03-27,0.00621939955453854
"10679",1979-03-28,0.00326968158697127
"10680",1979-03-29,0.00015557976735181
"10681",1979-03-30,0.00127066159075184
"10682",1979-03-31,0.00103734474066641
"10683",1979-04-01,0.0018114365482802
"10684",1979-04-02,0.00382610883571033
"10685",1979-04-03,0.00608392314188677
"10686",1979-04-04,0.00669252407124077
"10687",1979-04-05,0.000307860172142682
"10688",1979-04-06,0.000534833807591895
"10689",1979-04-07,2.12460849979834e-05
"10690",1979-04-08,8.39184133383242e-06
"10691",1979-04-09,0
"10692",1979-04-10,0.00010076242665491
"10693",1979-04-11,0
"10694",1979-04-12,5.75336969177442e-07
"10695",1979-04-13,0.000960877484146749
"10696",1979-04-14,1.62102526246599e-06
"10697",1979-04-15,0
"10698",1979-04-16,0.00383302661975904
"10699",1979-04-17,0.00132930781444429
"10700",1979-04-18,0
"10701",1979-04-19,1.06836116060549e-05
"10702",1979-04-20,0.00266774541069026
"10703",1979-04-21,0.000185610551284299
"10704",1979-04-22,0.00525651000157268
"10705",1979-04-23,0.0045189359469191
"10706",1979-04-24,0.00269693009613547
"10707",1979-04-25,0.0146599712898023
"10708",1979-04-26,0.00312185804341425
"10709",1979-04-27,0.000232521323994206
"10710",1979-04-28,0.000235958600057984
"10711",1979-04-29,0.00244537450453208
"10712",1979-04-30,0.0102947529230732
"10713",1979-05-01,0.000243439147197932
"10714",1979-05-02,0.00299412948555755
"10715",1979-05-03,0.00212339130405326
"10716",1979-05-04,0.00166532857247148
"10717",1979-05-05,0.00101561885821866
"10718",1979-05-06,0.00145395859567543
"10719",1979-05-07,0.00126524690995211
"10720",1979-05-08,0.00359544862840266
"10721",1979-05-09,0.00807647137298773
"10722",1979-05-10,0.00100406314595602
"10723",1979-05-11,0
"10724",1979-05-12,5.21084656384119e-05
"10725",1979-05-13,4.31893940913142e-05
"10726",1979-05-14,0.000131172961118864
"10727",1979-05-15,0.000183807000041725
"10728",1979-05-16,0.000515802689562861
"10729",1979-05-17,0.00486145601195176
"10730",1979-05-18,0.00175520290576969
"10731",1979-05-19,0.00855621303423959
"10732",1979-05-20,0
"10733",1979-05-21,0.00688707347825357
"10734",1979-05-22,0.00178390444295928
"10735",1979-05-23,0.00449827581871887
"10736",1979-05-24,0.0137033626181733
"10737",1979-05-25,0.00383187835382159
"10738",1979-05-26,0.00335092363093281
"10739",1979-05-27,0.0175724430300761
"10740",1979-05-28,0.00983965204886772
"10741",1979-05-29,0.00907472476995963
"10742",1979-05-30,0.00056150353071871
"10743",1979-05-31,1.82965595740825e-05
"10744",1979-06-01,1.5925346815493e-05
"10745",1979-06-02,0.000198625902669392
"10746",1979-06-03,0.000886025466570572
"10747",1979-06-04,0
"10748",1979-06-05,0
"10749",1979-06-06,0
"10750",1979-06-07,0
"10751",1979-06-08,0.00271887426117701
"10752",1979-06-09,0.00707557898294908
"10753",1979-06-10,1.92627343267304e-05
"10754",1979-06-11,2.86403235350008e-07
"10755",1979-06-12,7.19044635388855e-06
"10756",1979-06-13,4.07125871788594e-05
"10757",1979-06-14,0.000956317528675754
"10758",1979-06-15,0.0129074283468071
"10759",1979-06-16,0
"10760",1979-06-17,0
"10761",1979-06-18,0
"10762",1979-06-19,0
"10763",1979-06-20,3.31866527290003e-05
"10764",1979-06-21,1.15004110057271e-06
"10765",1979-06-22,0.000366781585171339
"10766",1979-06-23,0.00437757212353063
"10767",1979-06-24,0.00397335417210343
"10768",1979-06-25,0.0150594114966225
"10769",1979-06-26,0.00521676168136764
"10770",1979-06-27,0.00354932540585651
"10771",1979-06-28,0.00357252017420251
"10772",1979-06-29,0.00232438770819954
"10773",1979-06-30,0.000167009452070488
"10774",1979-07-01,0.000300973048069864
"10775",1979-07-02,8.08953673185897e-05
"10776",1979-07-03,3.04805348605441e-06
"10777",1979-07-04,0
"10778",1979-07-05,0
"10779",1979-07-06,0.000183199715138471
"10780",1979-07-07,5.92679555211362e-06
"10781",1979-07-08,0.00316510941439674
"10782",1979-07-09,0.00104180951944954
"10783",1979-07-10,0.00304696286332273
"10784",1979-07-11,9.98659011202108e-05
"10785",1979-07-12,0
"10786",1979-07-13,0
"10787",1979-07-14,9.58894474933913e-08
"10788",1979-07-15,0.00092717777067719
"10789",1979-07-16,0.00571527569223917
"10790",1979-07-17,0.000593618859738854
"10791",1979-07-18,0.00656702857475011
"10792",1979-07-19,0.00585288047932409
"10793",1979-07-20,0.00203719094133703
"10794",1979-07-21,0.000390187520451946
"10795",1979-07-22,0.00124379971651933
"10796",1979-07-23,0.0040643364418429
"10797",1979-07-24,0.00873465721218736
"10798",1979-07-25,0.000805261527773382
"10799",1979-07-26,0.006130803673841
"10800",1979-07-27,0.00357365356830996
"10801",1979-07-28,9.58894474933913e-08
"10802",1979-07-29,0.0143899090708146
"10803",1979-07-30,0.0104113913403125
"10804",1979-07-31,0.00375871796057936
"10805",1979-08-01,0.00744792225668789
"10806",1979-08-02,0.00990966291283257
"10807",1979-08-03,0.00435866256503914
"10808",1979-08-04,0.00202225484918017
"10809",1979-08-05,0.00241786232561481
"10810",1979-08-06,0.000206432544644031
"10811",1979-08-07,1.92457789012224e-05
"10812",1979-08-08,0.00646729735308327
"10813",1979-08-09,0.0106380307852305
"10814",1979-08-10,5.71381406189175e-07
"10815",1979-08-11,0.00926806319967
"10816",1979-08-12,0.00208569666176572
"10817",1979-08-13,0.000473545226270744
"10818",1979-08-14,0.000573165550690646
"10819",1979-08-15,0.00297967430390145
"10820",1979-08-16,0.00751385206240229
"10821",1979-08-17,0.00550300886123978
"10822",1979-08-18,3.15382490043703e-05
"10823",1979-08-19,0.00445072734873975
"10824",1979-08-20,0.00338488879049237
"10825",1979-08-21,0.00420341061180807
"10826",1979-08-22,0.00135281017611533
"10827",1979-08-23,0.0015869868396976
"10828",1979-08-24,0.00737030457435139
"10829",1979-08-25,0.00054494196996302
"10830",1979-08-26,0.0131858656759505
"10831",1979-08-27,0.0110126934771415
"10832",1979-08-28,0
"10833",1979-08-29,0
"10834",1979-08-30,0
"10835",1979-08-31,0
"10836",1979-09-01,0.000362885043671213
"10837",1979-09-02,0.00962566123143915
"10838",1979-09-03,0.00499871962097131
"10839",1979-09-04,0.000770419393802513
"10840",1979-09-05,3.25632843782842e-05
"10841",1979-09-06,1.71895536595912e-05
"10842",1979-09-07,0.000490973294859032
"10843",1979-09-08,0.00205763147516791
"10844",1979-09-09,0.00075187517819586
"10845",1979-09-10,2.8953965738765e-05
"10846",1979-09-11,0.00398360982399026
"10847",1979-09-12,0.000799784160335548
"10848",1979-09-13,0.00639293871427071
"10849",1979-09-14,0.000240933838824731
"10850",1979-09-15,0
"10851",1979-09-16,0.00135149273762636
"10852",1979-09-17,0.00325771130144403
"10853",1979-09-18,0.00445421717722638
"10854",1979-09-19,3.27864752307505e-05
"10855",1979-09-20,0.0103380955911803
"10856",1979-09-21,0.00673972089123254
"10857",1979-09-22,2.44665465629623e-05
"10858",1979-09-23,0.000718405204565897
"10859",1979-09-24,0.00137396330137562
"10860",1979-09-25,0.000360404226739774
"10861",1979-09-26,0.0015002918881919
"10862",1979-09-27,0.00480165804219723
"10863",1979-09-28,0
"10864",1979-09-29,2.97257446391086e-06
"10865",1979-09-30,0
"10866",1979-10-01,0
"10867",1979-10-02,8.59842657519039e-07
"10868",1979-10-03,2.49186149403613e-06
"10869",1979-10-04,6.6735100290316e-07
"10870",1979-10-05,3.72044247001213e-05
"10871",1979-10-06,1.88801089393564e-05
"10872",1979-10-07,0.000823037833811213
"10873",1979-10-08,1.18322519711e-05
"10874",1979-10-09,0.000184515923137951
"10875",1979-10-10,0.00277837987960083
"10876",1979-10-11,0.000546509101297943
"10877",1979-10-12,0.00588141903250516
"10878",1979-10-13,0.0012226355729581
"10879",1979-10-14,0.0085355205644646
"10880",1979-10-15,0.00528085012064139
"10881",1979-10-16,0.0248331688799226
"10882",1979-10-17,0.000103220633036472
"10883",1979-10-18,0.00902473365363221
"10884",1979-10-19,0.00389827231509798
"10885",1979-10-20,0
"10886",1979-10-21,8.27804469736293e-05
"10887",1979-10-22,0
"10888",1979-10-23,9.58894474933913e-08
"10889",1979-10-24,6.12848370451502e-05
"10890",1979-10-25,1.30961259401374e-05
"10891",1979-10-26,4.20674520569264e-05
"10892",1979-10-27,0.000147853683813537
"10893",1979-10-28,0.000719156367267715
"10894",1979-10-29,0.000435263964618571
"10895",1979-10-30,0.000108430306909213
"10896",1979-10-31,0.00607771038812643
"10897",1979-11-01,0.00912503249128349
"10898",1979-11-02,0.00423313081034848
"10899",1979-11-03,0.00295501795983455
"10900",1979-11-04,0.0121737878444037
"10901",1979-11-05,0.000795265205681517
"10902",1979-11-06,0.00304228201372325
"10903",1979-11-07,1.90663558896631e-06
"10904",1979-11-08,0
"10905",1979-11-09,1.06983280829809e-05
"10906",1979-11-10,4.97067094329395e-06
"10907",1979-11-11,0.00331098051236722
"10908",1979-11-12,0.0271490951126907
"10909",1979-11-13,0.00136667798517465
"10910",1979-11-14,0.000474922622970553
"10911",1979-11-15,0.00146742064589489
"10912",1979-11-16,0.0128259717603214
"10913",1979-11-17,0.00732130685537413
"10914",1979-11-18,0.00100825173842622
"10915",1979-11-19,0.000804366207660223
"10916",1979-11-20,3.44193682622063e-06
"10917",1979-11-21,1.06833789459415e-05
"10918",1979-11-22,0.000992583452898543
"10919",1979-11-23,0.00207948310901429
"10920",1979-11-24,0.00428211327641748
"10921",1979-11-25,0.0100278386900641
"10922",1979-11-26,0.017486491076852
"10923",1979-11-27,3.81580207431398e-07
"10924",1979-11-28,0.00252952249269356
"10925",1979-11-29,0.000203650213222772
"10926",1979-11-30,0.000250991617576801
"10927",1979-12-01,0.00109959866841791
"10928",1979-12-02,0.000432921876893033
"10929",1979-12-03,0.00325092702928487
"10930",1979-12-04,0.00194734363685711
"10931",1979-12-05,0.00481256668740571
"10932",1979-12-06,0
"10933",1979-12-07,0
"10934",1979-12-08,2.86403349036846e-07
"10935",1979-12-09,6.09826993809293e-05
"10936",1979-12-10,0.00043233517135377
"10937",1979-12-11,1.82130794428303e-05
"10938",1979-12-12,7.65218089782138e-07
"10939",1979-12-13,5.22215385103664e-05
"10940",1979-12-14,0.000411959667871997
"10941",1979-12-15,0.000285151745629264
"10942",1979-12-16,0.000111137722115018
"10943",1979-12-17,0.00316358079686552
"10944",1979-12-18,9.34250294903904e-06
"10945",1979-12-19,0.000403355094420021
"10946",1979-12-20,0.000350263497239212
"10947",1979-12-21,0.000139581404312139
"10948",1979-12-22,0.000346791240190214
"10949",1979-12-23,0.00732670618162956
"10950",1979-12-24,0.00571029560524039
"10951",1979-12-25,0.00384376567672007
"10952",1979-12-26,0.00128408674845559
"10953",1979-12-27,0.0103250892916549
"10954",1979-12-28,0.0236672523897141
"10955",1979-12-29,0.00435429360641137
"10956",1979-12-30,0.00130021663790103
"10957",1979-12-31,0.00210598078774638
"10958",1980-01-01,0.00112516687363495
"10959",1980-01-02,5.05326920574589e-06
"10960",1980-01-03,0
"10961",1980-01-04,1.79433819198493e-05
"10962",1980-01-05,0.00701186309743207
"10963",1980-01-06,0.000826664994747262
"10964",1980-01-07,0.000144827653514312
"10965",1980-01-08,4.12970216530084e-05
"10966",1980-01-09,8.04239980993771e-05
"10967",1980-01-10,0.000313268232275732
"10968",1980-01-11,0.000256064936365874
"10969",1980-01-12,4.46337943458275e-05
"10970",1980-01-13,8.13759600077901e-05
"10971",1980-01-14,8.24335568267998e-05
"10972",1980-01-15,0
"10973",1980-01-16,7.62527861297713e-07
"10974",1980-01-17,8.6300592556654e-06
"10975",1980-01-18,7.34188529349922e-06
"10976",1980-01-19,0.000282262902146613
"10977",1980-01-20,0.000162053714348076
"10978",1980-01-21,0.000821812805952504
"10979",1980-01-22,0.00458065266138874
"10980",1980-01-23,0.00237497985563095
"10981",1980-01-24,0.000211290880145043
"10982",1980-01-25,9.41352714676214e-05
"10983",1980-01-26,0.000117831371710508
"10984",1980-01-27,0
"10985",1980-01-28,0.000240916881239173
"10986",1980-01-29,3.57729717279653e-05
"10987",1980-01-30,0.00488307367959351
"10988",1980-01-31,0.00343838544063146
"10989",1980-02-01,5.97228984133835e-05
"10990",1980-02-02,0.000178121179658319
"10991",1980-02-03,2.47833730782077e-06
"10992",1980-02-04,0
"10993",1980-02-05,6.71226132453739e-07
"10994",1980-02-06,0.000140744952886962
"10995",1980-02-07,0.00021083342107886
"10996",1980-02-08,2.39718372654352e-05
"10997",1980-02-09,0.0029183873493821
"10998",1980-02-10,0.0167507002188358
"10999",1980-02-11,0.00200882716944761
"11000",1980-02-12,0.000201546723417323
"11001",1980-02-13,0.00530663209701743
"11002",1980-02-14,0.00189313550254155
"11003",1980-02-15,0.00901296995652956
"11004",1980-02-16,0
"11005",1980-02-17,1.95139980974091e-05
"11006",1980-02-18,0.000418035840084485
"11007",1980-02-19,0.000354159029484435
"11008",1980-02-20,0.000250522365888628
"11009",1980-02-21,4.0072688420878e-06
"11010",1980-02-22,3.15462432354252e-06
"11011",1980-02-23,4.49021144959261e-05
"11012",1980-02-24,7.99481517788081e-05
"11013",1980-02-25,0.000109007936600847
"11014",1980-02-26,9.84507432804094e-05
"11015",1980-02-27,1.61118637151958e-05
"11016",1980-02-28,0.000681861130772177
"11017",1980-02-29,0
"11018",1980-03-01,0
"11019",1980-03-02,0.000194290877857384
"11020",1980-03-03,7.46055434319715e-06
"11021",1980-03-04,0
"11022",1980-03-05,0.000811511548818089
"11023",1980-03-06,0.000692495361136025
"11024",1980-03-07,0.0101998561294749
"11025",1980-03-08,0.000780166613537858
"11026",1980-03-09,0.000981834822312067
"11027",1980-03-10,6.45522428044387e-05
"11028",1980-03-11,6.2648440234625e-05
"11029",1980-03-12,0.000277571684819122
"11030",1980-03-13,0.000424891341936018
"11031",1980-03-14,0.000373969116481021
"11032",1980-03-15,0.000742454252758762
"11033",1980-03-16,3.66159179634451e-05
"11034",1980-03-17,2.47936247887992e-06
"11035",1980-03-18,0.00033033581894415
"11036",1980-03-19,7.45920982581083e-06
"11037",1980-03-20,0.000272668895036077
"11038",1980-03-21,0.000565075673989668
"11039",1980-03-22,4.38876838870783e-06
"11040",1980-03-23,3.71888756944827e-06
"11041",1980-03-24,0
"11042",1980-03-25,3.33908650986814e-05
"11043",1980-03-26,6.01548714485034e-06
"11044",1980-03-27,0.000101948957137665
"11045",1980-03-28,0.00521135001753237
"11046",1980-03-29,0.00440321418136591
"11047",1980-03-30,0.000476727295563251
"11048",1980-03-31,3.68909803682982e-05
"11049",1980-04-01,0
"11050",1980-04-02,0.000130864001278042
"11051",1980-04-03,7.440653479307e-05
"11052",1980-04-04,0
"11053",1980-04-05,0
"11054",1980-04-06,2.23913944523702e-05
"11055",1980-04-07,0.000109339833215927
"11056",1980-04-08,7.46160367270932e-05
"11057",1980-04-09,0
"11058",1980-04-10,0
"11059",1980-04-11,0
"11060",1980-04-12,0
"11061",1980-04-13,0
"11062",1980-04-14,0
"11063",1980-04-15,0
"11064",1980-04-16,0
"11065",1980-04-17,0.00137067238028976
"11066",1980-04-18,8.29955075687394e-06
"11067",1980-04-19,0.00121391337961541
"11068",1980-04-20,0.000202117946855651
"11069",1980-04-21,0.000574306688463366
"11070",1980-04-22,0.000128695702187542
"11071",1980-04-23,0
"11072",1980-04-24,5.71381406189175e-07
"11073",1980-04-25,0.00119024059927142
"11074",1980-04-26,0.00030614959587183
"11075",1980-04-27,0.00449285276590672
"11076",1980-04-28,0.00153425792814232
"11077",1980-04-29,0.000827627374007989
"11078",1980-04-30,8.09958498848573e-06
"11079",1980-05-01,0
"11080",1980-05-02,0
"11081",1980-05-03,9.52568939283083e-08
"11082",1980-05-04,1.80988178044572e-06
"11083",1980-05-05,0
"11084",1980-05-06,0
"11085",1980-05-07,0.000129393472889205
"11086",1980-05-08,0.00725081557175145
"11087",1980-05-09,1.1727723972399e-05
"11088",1980-05-10,0
"11089",1980-05-11,0
"11090",1980-05-12,0
"11091",1980-05-13,0
"11092",1980-05-14,0
"11093",1980-05-15,0
"11094",1980-05-16,0
"11095",1980-05-17,0
"11096",1980-05-18,3.09779507006169e-05
"11097",1980-05-19,2.7826706173073e-05
"11098",1980-05-20,0.00741737964295908
"11099",1980-05-21,0.000111994425992634
"11100",1980-05-22,0.000540815420436047
"11101",1980-05-23,2.2855256247567e-06
"11102",1980-05-24,7.64505614370137e-07
"11103",1980-05-25,0.00262964149624167
"11104",1980-05-26,0.000883129957003348
"11105",1980-05-27,2.23991191319328e-05
"11106",1980-05-28,0.0125913436204428
"11107",1980-05-29,0.00776424839750689
"11108",1980-05-30,0.00696884288572619
"11109",1980-05-31,0.000322563679219456
"11110",1980-06-01,0
"11111",1980-06-02,0.00492652881075628
"11112",1980-06-03,0.00155875445426545
"11113",1980-06-04,0
"11114",1980-06-05,3.62355058314279e-06
"11115",1980-06-06,6.88315512888948e-05
"11116",1980-06-07,0.000224008372697426
"11117",1980-06-08,0.00520479292111986
"11118",1980-06-09,0.00822862782410994
"11119",1980-06-10,0.00247145115372405
"11120",1980-06-11,0.00050374416412069
"11121",1980-06-12,0.00274039199393883
"11122",1980-06-13,0.000336917215292942
"11123",1980-06-14,0.000149215707438088
"11124",1980-06-15,0.00011696836389774
"11125",1980-06-16,0.00590329254919197
"11126",1980-06-17,0.0093512543307952
"11127",1980-06-18,0.00458719006365982
"11128",1980-06-19,0.00429315964993293
"11129",1980-06-20,0.00613409570337353
"11130",1980-06-21,0.0115126984601375
"11131",1980-06-22,0.00518775469032562
"11132",1980-06-23,0.00161379705423315
"11133",1980-06-24,0.00121760286009476
"11134",1980-06-25,0.00510898367770096
"11135",1980-06-26,0.0029475754705004
"11136",1980-06-27,0.00884968478931114
"11137",1980-06-28,0.00955865919155485
"11138",1980-06-29,0.021171266795136
"11139",1980-06-30,0.00244616161853628
"11140",1980-07-01,0.000760125272847745
"11141",1980-07-02,7.43059291039572e-05
"11142",1980-07-03,0.00102996348800843
"11143",1980-07-04,0.000186727507752948
"11144",1980-07-05,0.00305750062761945
"11145",1980-07-06,0.00844158244046511
"11146",1980-07-07,0.0063354279327541
"11147",1980-07-08,0.000976944527792512
"11148",1980-07-09,0.000143072210448736
"11149",1980-07-10,0.000641540521428396
"11150",1980-07-11,0.000406188302804367
"11151",1980-07-12,0.000256399254396911
"11152",1980-07-13,0.00100733727833813
"11153",1980-07-14,0.00821977676423558
"11154",1980-07-15,0.00325835575313249
"11155",1980-07-16,0.00541095059088548
"11156",1980-07-17,0.00247309213943936
"11157",1980-07-18,0.002590819977911
"11158",1980-07-19,0.00239092475766256
"11159",1980-07-20,0.00607552253131871
"11160",1980-07-21,0.00585237510284742
"11161",1980-07-22,0.000305775210733827
"11162",1980-07-23,1.91778951830202e-07
"11163",1980-07-24,0.00123274709858379
"11164",1980-07-25,4.76837158203125e-07
"11165",1980-07-26,3.92546162402141e-05
"11166",1980-07-27,5.33619058842305e-05
"11167",1980-07-28,3.14497594899876e-06
"11168",1980-07-29,1.18118596219574e-05
"11169",1980-07-30,4.85794311089194e-06
"11170",1980-07-31,0.00424094367735961
"11171",1980-08-01,0.00204612040283791
"11172",1980-08-02,0.000373316463253559
"11173",1980-08-03,0.00447742556116282
"11174",1980-08-04,0.0100575315718743
"11175",1980-08-05,0.0179911069135414
"11176",1980-08-06,0.000557731658659577
"11177",1980-08-07,0.0042680397955337
"11178",1980-08-08,0.0178072044805049
"11179",1980-08-09,0.0107398834998094
"11180",1980-08-10,0.000430150112038064
"11181",1980-08-11,1.10597402454005e-05
"11182",1980-08-12,0.000323657720912252
"11183",1980-08-13,1.80122867163846e-05
"11184",1980-08-14,7.0750183454038e-06
"11185",1980-08-15,0.000335724300441598
"11186",1980-08-16,2.1814365084083e-05
"11187",1980-08-17,0.000468055373971765
"11188",1980-08-18,0.00101146013730613
"11189",1980-08-19,0.00470176122416888
"11190",1980-08-20,0.00953012244281126
"11191",1980-08-21,0.000141225848267368
"11192",1980-08-22,0.00373515151295578
"11193",1980-08-23,0.00660422820919848
"11194",1980-08-24,0.00976122652213007
"11195",1980-08-25,0.00811134718622952
"11196",1980-08-26,0.00129215172364638
"11197",1980-08-27,0.00204648913478422
"11198",1980-08-28,0.00485555142557814
"11199",1980-08-29,0.000721775031706784
"11200",1980-08-30,0.00171182375402168
"11201",1980-08-31,0.00057377676557735
"11202",1980-09-01,0
"11203",1980-09-02,0.00485783598730904
"11204",1980-09-03,0.00108675129763469
"11205",1980-09-04,0.000120540995908414
"11206",1980-09-05,0.000990731697527281
"11207",1980-09-06,0.00282888471645037
"11208",1980-09-07,0.00298344833663577
"11209",1980-09-08,0.000576693152481766
"11210",1980-09-09,0.00262383176612957
"11211",1980-09-10,0.00842709545014486
"11212",1980-09-11,0.0245950641909758
"11213",1980-09-12,0.00671409328379013
"11214",1980-09-13,0.0112951010669349
"11215",1980-09-14,0.000582099050006946
"11216",1980-09-15,0.00064539088816673
"11217",1980-09-16,3.02397202176508e-05
"11218",1980-09-17,0.0164245604537427
"11219",1980-09-18,4.37523249274818e-05
"11220",1980-09-19,0.00015873832478519
"11221",1980-09-20,0.01336465887141
"11222",1980-09-21,0.00145094728156892
"11223",1980-09-22,4.84265980276177e-05
"11224",1980-09-23,0.000773142131492932
"11225",1980-09-24,0.00344992635018571
"11226",1980-09-25,0.00137313424420427
"11227",1980-09-26,0
"11228",1980-09-27,1.84971833618874e-05
"11229",1980-09-28,0.00114218652197451
"11230",1980-09-29,0.00231673850902325
"11231",1980-09-30,0.0020807869541386
"11232",1980-10-01,0.00202642736348935
"11233",1980-10-02,0.000140810778759715
"11234",1980-10-03,1.24466532724909e-06
"11235",1980-10-04,0.00383600896202552
"11236",1980-10-05,0.00203573831703352
"11237",1980-10-06,0.0111131909070536
"11238",1980-10-07,0.0280315702257212
"11239",1980-10-08,0.00392731846568495
"11240",1980-10-09,0.0141149711562321
"11241",1980-10-10,0.00876204246662837
"11242",1980-10-11,0.000128430377628774
"11243",1980-10-12,3.73986782165048e-05
"11244",1980-10-13,0.0001034108663589
"11245",1980-10-14,0.000190814816505736
"11246",1980-10-15,0.00187629285483126
"11247",1980-10-16,0.000221491085596881
"11248",1980-10-17,0.0361926543846494
"11249",1980-10-18,0.0130594735092018
"11250",1980-10-19,0.00432789925594079
"11251",1980-10-20,7.67115943745011e-06
"11252",1980-10-21,0
"11253",1980-10-22,1.91788538472792e-05
"11254",1980-10-23,0.0042265351532933
"11255",1980-10-24,0.00958554609678686
"11256",1980-10-25,0.000733385062630987
"11257",1980-10-26,1.84008413270931e-05
"11258",1980-10-27,0.00516751217855926
"11259",1980-10-28,0.00230055858708056
"11260",1980-10-29,0.00189936032711557
"11261",1980-10-30,0.00191948713381862
"11262",1980-10-31,1.90513787856617e-07
"11263",1980-11-01,1.33359674236999e-06
"11264",1980-11-02,1.42033227348293e-05
"11265",1980-11-03,5.91873191524428e-06
"11266",1980-11-04,1.136370246968e-05
"11267",1980-11-05,1.52434301980975e-06
"11268",1980-11-06,1.05351892898398e-06
"11269",1980-11-07,3.91236450809629e-05
"11270",1980-11-08,0.00011128602500321
"11271",1980-11-09,0
"11272",1980-11-10,0.00029640997217939
"11273",1980-11-11,0.00250580333340622
"11274",1980-11-12,0.00119400808483761
"11275",1980-11-13,0.00803209995922316
"11276",1980-11-14,1.47639826764134e-06
"11277",1980-11-15,0.00398100059555873
"11278",1980-11-16,0.00345960946299328
"11279",1980-11-17,0.00980565904023933
"11280",1980-11-18,0.0130645679537338
"11281",1980-11-19,0.00141039732488935
"11282",1980-11-20,0.00422828453247348
"11283",1980-11-21,0.00936430812089384
"11284",1980-11-22,0.00633232599170697
"11285",1980-11-23,4.04562093194727e-05
"11286",1980-11-24,7.54802533720067e-05
"11287",1980-11-25,1.04044862041519e-05
"11288",1980-11-26,4.37144659599653e-05
"11289",1980-11-27,0.00238311434168281
"11290",1980-11-28,0.000392479078982433
"11291",1980-11-29,2.48521513412925e-06
"11292",1980-11-30,0
"11293",1980-12-01,0.000507217599079013
"11294",1980-12-02,0.000945274917285133
"11295",1980-12-03,2.92747871526444e-05
"11296",1980-12-04,0.000102522281054007
"11297",1980-12-05,1.81478105218957e-05
"11298",1980-12-06,2.57121632785129e-06
"11299",1980-12-07,0
"11300",1980-12-08,0
"11301",1980-12-09,0.000189754579992041
"11302",1980-12-10,0.00764778775919694
"11303",1980-12-11,0.000447896657306046
"11304",1980-12-12,0.000563760290901882
"11305",1980-12-13,0.00942032819148153
"11306",1980-12-14,0.0014309152489318
"11307",1980-12-15,0.0105335829011892
"11308",1980-12-16,6.76072816077067e-05
"11309",1980-12-17,0.0179973756030449
"11310",1980-12-18,0.00670122920433869
"11311",1980-12-19,0.00192508756026655
"11312",1980-12-20,0.00227944930611557
"11313",1980-12-21,0.0020804075477372
"11314",1980-12-22,0.00126206594967471
"11315",1980-12-23,0.00937666691083905
"11316",1980-12-24,0.00252202935075729
"11317",1980-12-25,0.0010429980201252
"11318",1980-12-26,8.63005482187873e-07
"11319",1980-12-27,2.67058840108803e-06
"11320",1980-12-28,0.00165418664528261
"11321",1980-12-29,0.000138899034936912
"11322",1980-12-30,0.00265884801734728
"11323",1980-12-31,0.00161207622215898
"11324",1981-01-01,6.59195538901258e-05
"11325",1981-01-02,0
"11326",1981-01-03,2.17548191017158e-05
"11327",1981-01-04,0.000441681102529401
"11328",1981-01-05,1.51572759818919e-05
"11329",1981-01-06,3.72600516129751e-06
"11330",1981-01-07,2.99604289466515e-05
"11331",1981-01-08,0.00520666747968335
"11332",1981-01-09,0.000293269420808429
"11333",1981-01-10,0
"11334",1981-01-11,7.63160414862796e-07
"11335",1981-01-12,0.00274768646141865
"11336",1981-01-13,0.000120879489600156
"11337",1981-01-14,0.0129013762943941
"11338",1981-01-15,0.000629488210336149
"11339",1981-01-16,2.96207861083531e-05
"11340",1981-01-17,0
"11341",1981-01-18,6.85683517076541e-05
"11342",1981-01-19,0.000132233551994432
"11343",1981-01-20,2.9962899191105e-05
"11344",1981-01-21,0.00252820586410962
"11345",1981-01-22,0.00366211928911753
"11346",1981-01-23,5.5152713116513e-05
"11347",1981-01-24,0.00157237241728581
"11348",1981-01-25,9.34781382966321e-06
"11349",1981-01-26,3.81580207431398e-07
"11350",1981-01-27,0.000115243391519471
"11351",1981-01-28,9.58894474933913e-08
"11352",1981-01-29,0.000118463930277812
"11353",1981-01-30,4.78703918815881e-06
"11354",1981-01-31,9.04953532199215e-06
"11355",1981-02-01,3.05030914660165e-05
"11356",1981-02-02,0.00131463933928444
"11357",1981-02-03,0.0012052266681053
"11358",1981-02-04,4.44618061692381e-05
"11359",1981-02-05,0.000134071647828193
"11360",1981-02-06,0.00490037575752922
"11361",1981-02-07,0.000149389316902671
"11362",1981-02-08,0.00431081149963575
"11363",1981-02-09,0
"11364",1981-02-10,9.43451743751211e-06
"11365",1981-02-11,3.34596878701632e-05
"11366",1981-02-12,1.9645495910936e-05
"11367",1981-02-13,8.72077825420092e-05
"11368",1981-02-14,0.00302290198783339
"11369",1981-02-15,0
"11370",1981-02-16,0.000286911819159741
"11371",1981-02-17,0
"11372",1981-02-18,7.27527393564742e-05
"11373",1981-02-19,0.000600963828219392
"11374",1981-02-20,0.00016020924795157
"11375",1981-02-21,0.000238097500186996
"11376",1981-02-22,8.587570164309e-06
"11377",1981-02-23,0.00248907873981352
"11378",1981-02-24,0.00331635421025567
"11379",1981-02-25,7.62278816637263e-05
"11380",1981-02-26,9.33152969082585e-05
"11381",1981-02-27,0.000136687109659306
"11382",1981-02-28,9.55652012635255e-07
"11383",1981-03-01,0.000131987761960772
"11384",1981-03-02,0.000158320276511859
"11385",1981-03-03,1.0014406711889e-05
"11386",1981-03-04,3.33508899075241e-06
"11387",1981-03-05,0.00576331237004979
"11388",1981-03-06,0.00060772374587259
"11389",1981-03-07,0.0121689811539909
"11390",1981-03-08,0.004533263819269
"11391",1981-03-09,0.00207215944647032
"11392",1981-03-10,0
"11393",1981-03-11,0.000915709776450058
"11394",1981-03-12,0.00171865679311622
"11395",1981-03-13,0.00627074811200146
"11396",1981-03-14,0.00109184541952345
"11397",1981-03-15,9.58894474933913e-08
"11398",1981-03-16,0.000139623900906827
"11399",1981-03-17,6.12234557593183e-05
"11400",1981-03-18,0.00501870528751169
"11401",1981-03-19,0.00331618756331409
"11402",1981-03-20,3.53161613020347e-06
"11403",1981-03-21,0.00832190589568427
"11404",1981-03-22,0.0108387630025391
"11405",1981-03-23,0.00134031001658741
"11406",1981-03-24,0.00754382515719954
"11407",1981-03-25,0.00534569659885165
"11408",1981-03-26,0.00212902001658222
"11409",1981-03-27,0.00306393514892989
"11410",1981-03-28,6.16676692857254e-05
"11411",1981-03-29,1.04893115349114e-06
"11412",1981-03-30,0
"11413",1981-03-31,0
"11414",1981-04-01,0
"11415",1981-04-02,0.000713291586862397
"11416",1981-04-03,0.0037906029028818
"11417",1981-04-04,0.00106578169629756
"11418",1981-04-05,0
"11419",1981-04-06,0
"11420",1981-04-07,1.39728161343555e-05
"11421",1981-04-08,0.000134635227425406
"11422",1981-04-09,0
"11423",1981-04-10,0
"11424",1981-04-11,1.15909207920595e-05
"11425",1981-04-12,0.000989182615398931
"11426",1981-04-13,0
"11427",1981-04-14,0
"11428",1981-04-15,0
"11429",1981-04-16,0
"11430",1981-04-17,0
"11431",1981-04-18,0.00214264450050905
"11432",1981-04-19,0.000405995626238109
"11433",1981-04-20,0
"11434",1981-04-21,0.000506869472303606
"11435",1981-04-22,0.000341908441441774
"11436",1981-04-23,0.00039895388425748
"11437",1981-04-24,0.000276203597593394
"11438",1981-04-25,0.00039524212206743
"11439",1981-04-26,1.48600820466527e-05
"11440",1981-04-27,0.000446125141877474
"11441",1981-04-28,0
"11442",1981-04-29,0.00415826694126054
"11443",1981-04-30,0.00180384639406839
"11444",1981-05-01,0.00305111037016559
"11445",1981-05-02,0.000290567596948677
"11446",1981-05-03,0.000747472542911964
"11447",1981-05-04,0.00612410118992557
"11448",1981-05-05,0.000456397796369856
"11449",1981-05-06,0.00190825081335788
"11450",1981-05-07,8.00588008686987e-06
"11451",1981-05-08,0
"11452",1981-05-09,8.57072109283763e-07
"11453",1981-05-10,0.00249853209794537
"11454",1981-05-11,9.52568939283083e-08
"11455",1981-05-12,3.64379957318306e-06
"11456",1981-05-13,0.000733130877506483
"11457",1981-05-14,8.82927095062769e-05
"11458",1981-05-15,2.03900454494033e-05
"11459",1981-05-16,0
"11460",1981-05-17,0.000184798518603202
"11461",1981-05-18,0.00541132549460599
"11462",1981-05-19,4.86426439465504e-05
"11463",1981-05-20,0.00241509451007005
"11464",1981-05-21,6.29405974450492e-06
"11465",1981-05-22,9.58894474933913e-08
"11466",1981-05-23,0.00229906337222019
"11467",1981-05-24,0.0196028494474376
"11468",1981-05-25,0.0124115198650543
"11469",1981-05-26,0.00392268844643695
"11470",1981-05-27,0.0172356117254822
"11471",1981-05-28,0.0130938833790424
"11472",1981-05-29,0.000295538814384599
"11473",1981-05-30,3.42924886354012e-06
"11474",1981-05-31,8.61740147684031e-07
"11475",1981-06-01,0.00319495038615969
"11476",1981-06-02,2.20978046172604e-05
"11477",1981-06-03,0.00504306363029627
"11478",1981-06-04,1.48764941059198e-05
"11479",1981-06-05,0.00273926261337465
"11480",1981-06-06,0.00183048540930031
"11481",1981-06-07,0.0110672673336012
"11482",1981-06-08,0.00446635148335872
"11483",1981-06-09,0.00363018683856353
"11484",1981-06-10,0.00767688380256004
"11485",1981-06-11,0.00127531137866299
"11486",1981-06-12,0.0331104376609801
"11487",1981-06-13,1.21575556590869e-05
"11488",1981-06-14,0.00122874591215805
"11489",1981-06-15,0.000127634127295551
"11490",1981-06-16,0.00857223462935508
"11491",1981-06-17,0.000781977218821339
"11492",1981-06-18,0.000535370556690395
"11493",1981-06-19,0.00297184152469754
"11494",1981-06-20,0.00365170811409143
"11495",1981-06-21,0.00329773858811677
"11496",1981-06-22,0.000202503569198598
"11497",1981-06-23,0
"11498",1981-06-24,0
"11499",1981-06-25,0.000150135798321571
"11500",1981-06-26,0.00260375783636846
"11501",1981-06-27,0.00691964494058084
"11502",1981-06-28,0.00325123191908006
"11503",1981-06-29,0.022056506757508
"11504",1981-06-30,0.0159200126518044
"11505",1981-07-01,1.96391721942746e-05
"11506",1981-07-02,0.00115052428145646
"11507",1981-07-03,0.0126875509549791
"11508",1981-07-04,6.0828446692085e-05
"11509",1981-07-05,0
"11510",1981-07-06,0.00121311029334947
"11511",1981-07-07,0.0013621966854771
"11512",1981-07-08,9.58894474933913e-08
"11513",1981-07-09,0
"11514",1981-07-10,0
"11515",1981-07-11,0.000246991807841823
"11516",1981-07-12,0.0115887549790159
"11517",1981-07-13,0.00260728408466093
"11518",1981-07-14,0.000259291218526414
"11519",1981-07-15,0.00147625909954741
"11520",1981-07-16,0.000674269778926373
"11521",1981-07-17,0.0133939673723944
"11522",1981-07-18,0.00645853682544839
"11523",1981-07-19,0.00502654288811755
"11524",1981-07-20,1.99983492166211e-06
"11525",1981-07-21,0.000604835847582308
"11526",1981-07-22,0.000465409804007777
"11527",1981-07-23,0.000553486337651066
"11528",1981-07-24,0.0109304145723286
"11529",1981-07-25,0.0137554772913973
"11530",1981-07-26,0.00858371507933953
"11531",1981-07-27,0.00104849776226956
"11532",1981-07-28,0.00303243516492557
"11533",1981-07-29,0.00142829534712519
"11534",1981-07-30,0.000338434378647889
"11535",1981-07-31,0
"11536",1981-08-01,0
"11537",1981-08-02,0.000195959982193017
"11538",1981-08-03,4.7881485443213e-07
"11539",1981-08-04,0.000507376619680144
"11540",1981-08-05,4.97320144177138e-06
"11541",1981-08-06,0
"11542",1981-08-07,0
"11543",1981-08-08,2.76845611324461e-06
"11544",1981-08-09,0
"11545",1981-08-10,0.00088821140343498
"11546",1981-08-11,0.000430092742078614
"11547",1981-08-12,1.91778894986783e-07
"11548",1981-08-13,0.00101349021298347
"11549",1981-08-14,0.00143741300484734
"11550",1981-08-15,9.22780891414732e-05
"11551",1981-08-16,0.00952261532211196
"11552",1981-08-17,1.61992045377701e-06
"11553",1981-08-18,0.000117847743638322
"11554",1981-08-19,0.00105774706310058
"11555",1981-08-20,0.000298764114063488
"11556",1981-08-21,0.000503919159882571
"11557",1981-08-22,0.00846270922386338
"11558",1981-08-23,0.0017517765832622
"11559",1981-08-24,0
"11560",1981-08-25,2.58269039932202e-06
"11561",1981-08-26,8.87693576601123e-05
"11562",1981-08-27,1.55340967467055e-05
"11563",1981-08-28,0
"11564",1981-08-29,0
"11565",1981-08-30,0.00111756830938248
"11566",1981-08-31,0.000305632221113683
"11567",1981-09-01,0
"11568",1981-09-02,9.12101431822521e-05
"11569",1981-09-03,0
"11570",1981-09-04,6.76939117738584e-06
"11571",1981-09-05,1.0412999465359e-05
"11572",1981-09-06,4.85369683929093e-05
"11573",1981-09-07,0
"11574",1981-09-08,0.000655108878333976
"11575",1981-09-09,3.60121437665839e-05
"11576",1981-09-10,3.43264423463552e-06
"11577",1981-09-11,0.000139645939210453
"11578",1981-09-12,6.08842157134859e-05
"11579",1981-09-13,0.00533844072987222
"11580",1981-09-14,0.00492471605701894
"11581",1981-09-15,3.72446191363451e-05
"11582",1981-09-16,0.000707206622848844
"11583",1981-09-17,1.8155742509407e-06
"11584",1981-09-18,1.91209625199917e-06
"11585",1981-09-19,0.00580132630420849
"11586",1981-09-20,0.0133057128285827
"11587",1981-09-21,0.0114833444176838
"11588",1981-09-22,0.0121984614816029
"11589",1981-09-23,0.000931938344990613
"11590",1981-09-24,0.0066795780850839
"11591",1981-09-25,0.00367632467168733
"11592",1981-09-26,0.0037323502556319
"11593",1981-09-27,0.0040013904322791
"11594",1981-09-28,0.000992039741561257
"11595",1981-09-29,0.00721073033054154
"11596",1981-09-30,0.00204131188650081
"11597",1981-10-01,0.00510972303163726
"11598",1981-10-02,0.00063173009766615
"11599",1981-10-03,0.00837244040161522
"11600",1981-10-04,0.0123210644569554
"11601",1981-10-05,0.00249888144008636
"11602",1981-10-06,0.00299132358486531
"11603",1981-10-07,0.0120179076184286
"11604",1981-10-08,0.00501917267763474
"11605",1981-10-09,0.00518095648948247
"11606",1981-10-10,0.0201519711117726
"11607",1981-10-11,0.00707220384356333
"11608",1981-10-12,0.00334294862113893
"11609",1981-10-13,0.00188265914039221
"11610",1981-10-14,0.00105541314587754
"11611",1981-10-15,0.000362413311393084
"11612",1981-10-16,7.87479541486391e-05
"11613",1981-10-17,0
"11614",1981-10-18,4.76837158203125e-07
"11615",1981-10-19,0.0128074817634456
"11616",1981-10-20,1.06123285945614e-05
"11617",1981-10-21,0.0024548689360131
"11618",1981-10-22,0.00256861344234949
"11619",1981-10-23,5.35019353264943e-06
"11620",1981-10-24,0.000360153634630933
"11621",1981-10-25,0.000774337247037238
"11622",1981-10-26,0.000807812056336843
"11623",1981-10-27,0.00330583206141455
"11624",1981-10-28,0.00124105220038473
"11625",1981-10-29,0.00479981903765747
"11626",1981-10-30,0.00231060850256881
"11627",1981-10-31,6.97026638363241e-06
"11628",1981-11-01,0.000719691997517202
"11629",1981-11-02,0.0110346905694314
"11630",1981-11-03,0.00172222789223042
"11631",1981-11-04,0.00401251660059643
"11632",1981-11-05,0.000238446891842159
"11633",1981-11-06,3.16435290415029e-06
"11634",1981-11-07,0
"11635",1981-11-08,7.62527861297713e-07
"11636",1981-11-09,0.000166820355559594
"11637",1981-11-10,0.00899445061804727
"11638",1981-11-11,0.0051426552013254
"11639",1981-11-12,0.000205298625303385
"11640",1981-11-13,0.000251054594627931
"11641",1981-11-14,0
"11642",1981-11-15,2.5360529491536e-05
"11643",1981-11-16,0.00357828640517255
"11644",1981-11-17,0.0153694664186332
"11645",1981-11-18,0.0150455741677433
"11646",1981-11-19,0.00088611836332575
"11647",1981-11-20,0.011105946848204
"11648",1981-11-21,0.000783302573836409
"11649",1981-11-22,0.00196109652898713
"11650",1981-11-23,0.00953906886388722
"11651",1981-11-24,0.00569087149506231
"11652",1981-11-25,0.000740052179025952
"11653",1981-11-26,6.3546328249231e-05
"11654",1981-11-27,0.00960693980232463
"11655",1981-11-28,0.00258425280702568
"11656",1981-11-29,0.00339187568170018
"11657",1981-11-30,0.00124592402698909
"11658",1981-12-01,0.000261313830151266
"11659",1981-12-02,1.43240890793095e-06
"11660",1981-12-03,9.19385493034497e-05
"11661",1981-12-04,0.000733069104967399
"11662",1981-12-05,5.81003195065932e-06
"11663",1981-12-06,0.000410461475212287
"11664",1981-12-07,7.83889254307724e-06
"11665",1981-12-08,0.000174638725184195
"11666",1981-12-09,0.000872639298904687
"11667",1981-12-10,0.00141129202529555
"11668",1981-12-11,0.00371015478231129
"11669",1981-12-12,1.48056017792442e-05
"11670",1981-12-13,3.36342802711442e-05
"11671",1981-12-14,7.64956257626181e-06
"11672",1981-12-15,9.73350944377671e-06
"11673",1981-12-16,1.43770921567921e-06
"11674",1981-12-17,0.000224452897782612
"11675",1981-12-18,0.000674454096952104
"11676",1981-12-19,5.54046081333581e-05
"11677",1981-12-20,2.10830324931521e-06
"11678",1981-12-21,0.000595393991432047
"11679",1981-12-22,0.00085354584552988
"11680",1981-12-23,0.00727088896383066
"11681",1981-12-24,0.00548393974895589
"11682",1981-12-25,0.000510096874677402
"11683",1981-12-26,9.93659404002756e-06
"11684",1981-12-27,0.00031373546426039
"11685",1981-12-28,0.000326270318510069
"11686",1981-12-29,0.000440092268945591
"11687",1981-12-30,0.00546069272530758
"11688",1981-12-31,0.000109452635513207
"11689",1982-01-01,0.00187450344856188
"11690",1982-01-02,0.000974811434559797
"11691",1982-01-03,0.0042828092318814
"11692",1982-01-04,4.38492817806946e-05
"11693",1982-01-05,0.000154029000441369
"11694",1982-01-06,0.000527537031814518
"11695",1982-01-07,3.70683428627672e-05
"11696",1982-01-08,4.33908112995596e-05
"11697",1982-01-09,1.19122387332027e-06
"11698",1982-01-10,3.91852894949807e-05
"11699",1982-01-11,0
"11700",1982-01-12,2.47872958425432e-06
"11701",1982-01-13,1.81272412191902e-06
"11702",1982-01-14,1.31598108055186e-05
"11703",1982-01-15,6.5841048240145e-06
"11704",1982-01-16,3.37639809799839e-05
"11705",1982-01-17,9.73763371803216e-06
"11706",1982-01-18,4.39019436271337e-06
"11707",1982-01-19,0.000138882056603506
"11708",1982-01-20,0.000361358590453165
"11709",1982-01-21,0.00254155635047937
"11710",1982-01-22,0.00200289699387213
"11711",1982-01-23,0.000399931577703683
"11712",1982-01-24,0.000420944682616664
"11713",1982-01-25,0.00376807149859815
"11714",1982-01-26,0.0108125052065589
"11715",1982-01-27,2.43997728830436e-05
"11716",1982-01-28,0.00531957905968738
"11717",1982-01-29,0.000170450375662767
"11718",1982-01-30,0.00425713766236413
"11719",1982-01-31,0
"11720",1982-02-01,0.000213164452304682
"11721",1982-02-02,0.00148012494020122
"11722",1982-02-03,2.79408309324936e-05
"11723",1982-02-04,0.000119558435471845
"11724",1982-02-05,0.000221244195643067
"11725",1982-02-06,0.00663514428106282
"11726",1982-02-07,0.00225735214104361
"11727",1982-02-08,0.00055249070857144
"11728",1982-02-09,0.00678421155043907
"11729",1982-02-10,0.00345224058696658
"11730",1982-02-11,0.000421986537674002
"11731",1982-02-12,0.00406713433181949
"11732",1982-02-13,0.000214213736740021
"11733",1982-02-14,0.00167632336342649
"11734",1982-02-15,5.50197276538711e-05
"11735",1982-02-16,2.282796219788e-05
"11736",1982-02-17,4.99731881973275e-05
"11737",1982-02-18,7.84353774179181e-05
"11738",1982-02-19,0
"11739",1982-02-20,2.85690703094588e-07
"11740",1982-02-21,2.85643348547637e-05
"11741",1982-02-22,1.95497699095881e-06
"11742",1982-02-23,3.06276214132595e-05
"11743",1982-02-24,8.97034016134057e-06
"11744",1982-02-25,8.88295462573296e-05
"11745",1982-02-26,0.000222803572626162
"11746",1982-02-27,0.00111109857516567
"11747",1982-02-28,0.00463517820298875
"11748",1982-03-01,0.0061656765119551
"11749",1982-03-02,0.000350466472070821
"11750",1982-03-03,0.0170413517828365
"11751",1982-03-04,0.00449831031710346
"11752",1982-03-05,0
"11753",1982-03-06,7.61923882350857e-05
"11754",1982-03-07,1.41230703434303e-05
"11755",1982-03-08,1.90513787856617e-07
"11756",1982-03-09,5.89435312576825e-05
"11757",1982-03-10,0.00475439432472058
"11758",1982-03-11,0.00390447846348252
"11759",1982-03-12,0.00275808951124645
"11760",1982-03-13,0.00555364440788253
"11761",1982-03-14,0.00537175640147325
"11762",1982-03-15,0.0119198950569057
"11763",1982-03-16,0.00523621722345524
"11764",1982-03-17,0.0048317668588993
"11765",1982-03-18,0.00146016912185587
"11766",1982-03-19,0.00526088454716955
"11767",1982-03-20,0.00629950773145538
"11768",1982-03-21,0.00195428523056762
"11769",1982-03-22,0.00304027114907512
"11770",1982-03-23,0.000104117467174092
"11771",1982-03-24,0.000202882187295472
"11772",1982-03-25,3.83557846816984e-07
"11773",1982-03-26,1.91778894986783e-07
"11774",1982-03-27,0
"11775",1982-03-28,0
"11776",1982-03-29,0.00342280177551402
"11777",1982-03-30,0.000219422709051287
"11778",1982-03-31,0
"11779",1982-04-01,6.06886650871274e-05
"11780",1982-04-02,5.35051356109761e-06
"11781",1982-04-03,0
"11782",1982-04-04,0
"11783",1982-04-05,0.00101187883461762
"11784",1982-04-06,6.96085731988205e-06
"11785",1982-04-07,0.00664449335795325
"11786",1982-04-08,0.0156638847111026
"11787",1982-04-09,0.000199808386469158
"11788",1982-04-10,3.15212301416068e-05
"11789",1982-04-11,9.58900435534815e-05
"11790",1982-04-12,0.000531760803824
"11791",1982-04-13,0.000121844480418076
"11792",1982-04-14,0.000875984894264548
"11793",1982-04-15,1.90798112953416e-06
"11794",1982-04-16,0.000109208894343737
"11795",1982-04-17,0
"11796",1982-04-18,0
"11797",1982-04-19,7.05186171785499e-05
"11798",1982-04-20,0.000238306589835702
"11799",1982-04-21,0
"11800",1982-04-22,0
"11801",1982-04-23,0.000451816867268917
"11802",1982-04-24,0.0002204920983786
"11803",1982-04-25,0
"11804",1982-04-26,0
"11805",1982-04-27,0
"11806",1982-04-28,0.000167626802351606
"11807",1982-04-29,0.00251169932641915
"11808",1982-04-30,0.00428429277059195
"11809",1982-05-01,0.000438719373050844
"11810",1982-05-02,0.000678516925006534
"11811",1982-05-03,0.013501224014874
"11812",1982-05-04,0.00870027659402695
"11813",1982-05-05,0.00665463444420311
"11814",1982-05-06,0.000327928686203904
"11815",1982-05-07,0.00283809381744504
"11816",1982-05-08,0.0147074032138335
"11817",1982-05-09,0.00824147561814925
"11818",1982-05-10,0.000278146328525963
"11819",1982-05-11,0.000243835573428441
"11820",1982-05-12,0
"11821",1982-05-13,0
"11822",1982-05-14,0
"11823",1982-05-15,0
"11824",1982-05-16,0
"11825",1982-05-17,6.65086390654324e-05
"11826",1982-05-18,0.000218502408358745
"11827",1982-05-19,0.016682677136032
"11828",1982-05-20,0.000356948486512465
"11829",1982-05-21,0.00327690623629451
"11830",1982-05-22,0.000184131905712093
"11831",1982-05-23,0.0153188722615596
"11832",1982-05-24,0.000939124779506528
"11833",1982-05-25,0.00123868697625085
"11834",1982-05-26,0.000384106744945711
"11835",1982-05-27,0.00109506050620212
"11836",1982-05-28,0.00497825734146318
"11837",1982-05-29,0
"11838",1982-05-30,0
"11839",1982-05-31,0
"11840",1982-06-01,0
"11841",1982-06-02,0
"11842",1982-06-03,0
"11843",1982-06-04,0
"11844",1982-06-05,0
"11845",1982-06-06,0.00104334520864313
"11846",1982-06-07,5.15627652930561e-06
"11847",1982-06-08,2.7644196620713e-06
"11848",1982-06-09,0.00210335963947728
"11849",1982-06-10,0.000102301253036785
"11850",1982-06-11,0
"11851",1982-06-12,0.000142387014420819
"11852",1982-06-13,0.00624639746911271
"11853",1982-06-14,0.00767398231334937
"11854",1982-06-15,0.000182000037568741
"11855",1982-06-16,3.070357473689e-05
"11856",1982-06-17,0.00104576891135366
"11857",1982-06-18,1.51518970596953e-05
"11858",1982-06-19,0
"11859",1982-06-20,3.4202722417831e-05
"11860",1982-06-21,0.00105634973397173
"11861",1982-06-22,0.00179740247148175
"11862",1982-06-23,0.000396793723268729
"11863",1982-06-24,0.000843866897412227
"11864",1982-06-25,1.90513787856617e-07
"11865",1982-06-26,0.000232458037316974
"11866",1982-06-27,0.00855650765146265
"11867",1982-06-28,0.00611188980047928
"11868",1982-06-29,0.00346991275000619
"11869",1982-06-30,0.00237707852966196
"11870",1982-07-01,0.00733058983502133
"11871",1982-07-02,0.000672955991944946
"11872",1982-07-03,0.0274972324370992
"11873",1982-07-04,0.000341900034982245
"11874",1982-07-05,6.81026102711257e-06
"11875",1982-07-06,0.000112449971311435
"11876",1982-07-07,0.000230866306992539
"11877",1982-07-08,0.000183858705497641
"11878",1982-07-09,0
"11879",1982-07-10,2.20039777332204e-06
"11880",1982-07-11,0.000133748569339787
"11881",1982-07-12,9.55651557887904e-07
"11882",1982-07-13,9.56233505462478e-05
"11883",1982-07-14,0.000412506755026243
"11884",1982-07-15,0.00603289771879645
"11885",1982-07-16,0.011004152139094
"11886",1982-07-17,0.00044617891148846
"11887",1982-07-18,1.14276281237835e-06
"11888",1982-07-19,0
"11889",1982-07-20,0
"11890",1982-07-21,0
"11891",1982-07-22,0
"11892",1982-07-23,0
"11893",1982-07-24,5.72094052131433e-07
"11894",1982-07-25,5.97753746092167e-05
"11895",1982-07-26,0.000405095926907961
"11896",1982-07-27,0
"11897",1982-07-28,0
"11898",1982-07-29,0
"11899",1982-07-30,1.91778894986783e-07
"11900",1982-07-31,2.85690703094588e-07
"11901",1982-08-01,0
"11902",1982-08-02,2.85690703094588e-07
"11903",1982-08-03,9.44077316944458e-06
"11904",1982-08-04,0
"11905",1982-08-05,3.42828843713505e-06
"11906",1982-08-06,2.85690703094588e-07
"11907",1982-08-07,4.95587564728339e-05
"11908",1982-08-08,0.000505062021204594
"11909",1982-08-09,0.0017897467550938
"11910",1982-08-10,5.05681264257873e-05
"11911",1982-08-11,0.000503802264859132
"11912",1982-08-12,0.0111557437332976
"11913",1982-08-13,0.00236911016554586
"11914",1982-08-14,0.0023718106075421
"11915",1982-08-15,0
"11916",1982-08-16,0.0016512940346729
"11917",1982-08-17,0.00549552464434555
"11918",1982-08-18,0.00827625629113982
"11919",1982-08-19,0.00299809890839242
"11920",1982-08-20,0.00890770339174196
"11921",1982-08-21,0.0012270646120669
"11922",1982-08-22,9.14178481252748e-05
"11923",1982-08-23,0.0110787879690974
"11924",1982-08-24,0.00115318418647803
"11925",1982-08-25,0.00831361561296262
"11926",1982-08-26,0.0147362516290741
"11927",1982-08-27,0.00359329496177452
"11928",1982-08-28,0.000321631418955803
"11929",1982-08-29,0.00028808783764589
"11930",1982-08-30,0.00979268141782086
"11931",1982-08-31,0.0122949472279288
"11932",1982-09-01,0.000129934884398608
"11933",1982-09-02,0.000194178326637484
"11934",1982-09-03,0.00296930800686823
"11935",1982-09-04,0.00870344775512422
"11936",1982-09-05,0
"11937",1982-09-06,1.99983492166211e-06
"11938",1982-09-07,0.00863923445558612
"11939",1982-09-08,0.00425053968803013
"11940",1982-09-09,0
"11941",1982-09-10,0.000347789990485126
"11942",1982-09-11,0.00109081414120737
"11943",1982-09-12,0.00229250441680051
"11944",1982-09-13,0.00239121925733343
"11945",1982-09-14,2.57256090208102e-06
"11946",1982-09-15,0.000142027684432833
"11947",1982-09-16,2.19691469283134e-06
"11948",1982-09-17,1.12465297092967e-05
"11949",1982-09-18,0.000195155510482437
"11950",1982-09-19,0.00358454149136378
"11951",1982-09-20,0.0126120177583289
"11952",1982-09-21,0.0322294018114917
"11953",1982-09-22,0.00151714358025856
"11954",1982-09-23,0.000276894439537045
"11955",1982-09-24,0.0092031935422483
"11956",1982-09-25,0.00187634682151838
"11957",1982-09-26,0.0110220692922667
"11958",1982-09-27,0.00938590688201657
"11959",1982-09-28,0.00297405980188614
"11960",1982-09-29,0.00150273971320303
"11961",1982-09-30,0.00859777603278644
"11962",1982-10-01,0.000157283068912051
"11963",1982-10-02,0.000494667686325556
"11964",1982-10-03,8.90895975089734e-05
"11965",1982-10-04,4.78276734838801e-06
"11966",1982-10-05,7.51019743461256e-05
"11967",1982-10-06,0.00100839214172765
"11968",1982-10-07,0.00437636927017593
"11969",1982-10-08,0.00363246699907904
"11970",1982-10-09,0.00414607379752852
"11971",1982-10-10,6.34174548395094e-05
"11972",1982-10-11,0.000507649834617041
"11973",1982-10-12,0.000258160904706983
"11974",1982-10-13,0.00591617866484739
"11975",1982-10-14,0.0117410326347454
"11976",1982-10-15,0.00334846280566126
"11977",1982-10-16,0.000431729570379957
"11978",1982-10-17,9.39336432566051e-05
"11979",1982-10-18,0.000624746814878563
"11980",1982-10-19,0.00355935899773385
"11981",1982-10-20,0.0172345890262022
"11982",1982-10-21,5.34235329610055e-05
"11983",1982-10-22,0.00669904026017321
"11984",1982-10-23,0.000232291335237278
"11985",1982-10-24,2.77233164069912e-06
"11986",1982-10-25,0.00923835021063724
"11987",1982-10-26,0.00295982319079258
"11988",1982-10-27,0.00288681636658339
"11989",1982-10-28,1.30150266386408e-05
"11990",1982-10-29,0.00029217108095736
"11991",1982-10-30,0.000828280922178237
"11992",1982-10-31,0.0014530634834955
"11993",1982-11-01,0.00295073454253725
"11994",1982-11-02,8.76647136465181e-05
"11995",1982-11-03,0
"11996",1982-11-04,0
"11997",1982-11-05,0
"11998",1982-11-06,0.00010050102440573
"11999",1982-11-07,2.86248689462809e-06
"12000",1982-11-08,0.000476048753895952
"12001",1982-11-09,0.00465770505525143
"12002",1982-11-10,0.0024743905618152
"12003",1982-11-11,0.00417393699171953
"12004",1982-11-12,0.00235573961890623
"12005",1982-11-13,0.0117099378985586
"12006",1982-11-14,0.00145061735202034
"12007",1982-11-15,0.000975663676399563
"12008",1982-11-16,0.0106905265067212
"12009",1982-11-17,0.00270178381151709
"12010",1982-11-18,0.0029504030148928
"12011",1982-11-19,0.000894709732733645
"12012",1982-11-20,0.000343949899615836
"12013",1982-11-21,0.0129269719236618
"12014",1982-11-22,0.00786102989542314
"12015",1982-11-23,0.00778573083925949
"12016",1982-11-24,0.0191996840585489
"12017",1982-11-25,0.0250496732478496
"12018",1982-11-26,0.00858293316559866
"12019",1982-11-27,0.00540636065125
"12020",1982-11-28,0.00834770953497355
"12021",1982-11-29,4.76837101359706e-07
"12022",1982-11-30,1.14418810426287e-06
"12023",1982-12-01,9.52568939283083e-08
"12024",1982-12-02,3.64898658631319e-05
"12025",1982-12-03,8.6253488575494e-05
"12026",1982-12-04,0.00048713249816501
"12027",1982-12-05,0.0127845674724085
"12028",1982-12-06,0
"12029",1982-12-07,1.43122567237697e-05
"12030",1982-12-08,0.00645288941188937
"12031",1982-12-09,0.0034335852827212
"12032",1982-12-10,0.00488828089146409
"12033",1982-12-11,0.0032421417417936
"12034",1982-12-12,9.1523735136434e-05
"12035",1982-12-13,4.86653715938701e-05
"12036",1982-12-14,0.00289445504404284
"12037",1982-12-15,0.0179817298912894
"12038",1982-12-16,1.61945706054212e-05
"12039",1982-12-17,0.000147709050906997
"12040",1982-12-18,0.00114523839613412
"12041",1982-12-19,0.0137815612485497
"12042",1982-12-20,0.0129141558136325
"12043",1982-12-21,0.00849486906372476
"12044",1982-12-22,0.00162483323350671
"12045",1982-12-23,0.000708824532694052
"12046",1982-12-24,0.00698588575653503
"12047",1982-12-25,0.000260642003070188
"12048",1982-12-26,0.000540657092642505
"12049",1982-12-27,8.70563728199159e-05
"12050",1982-12-28,0
"12051",1982-12-29,3.81580207431398e-07
"12052",1982-12-30,0.000245370704078596
"12053",1982-12-31,0.000507821464452718
"12054",1983-01-01,0.00290440738081088
"12055",1983-01-02,0.00106296247395221
"12056",1983-01-03,0.00614799833783763
"12057",1983-01-04,0.00682671051333728
"12058",1983-01-05,0.00268624725146083
"12059",1983-01-06,0.00476538978182361
"12060",1983-01-07,1.53541954546199e-05
"12061",1983-01-08,0
"12062",1983-01-09,0.00323010000465729
"12063",1983-01-10,0
"12064",1983-01-11,1.83178318025057e-05
"12065",1983-01-12,0.00187554726380768
"12066",1983-01-13,0.0185654558154056
"12067",1983-01-14,0.000371240629192471
"12068",1983-01-15,0.00163134348701988
"12069",1983-01-16,1.69737251098923e-05
"12070",1983-01-17,0.00249837589581148
"12071",1983-01-18,0.0120347984491218
"12072",1983-01-19,0
"12073",1983-01-20,0.00192598940776634
"12074",1983-01-21,0
"12075",1983-01-22,0
"12076",1983-01-23,0
"12077",1983-01-24,0.0020345230274188
"12078",1983-01-25,0.00194186956173326
"12079",1983-01-26,8.48845115797303e-06
"12080",1983-01-27,0.000709349547094007
"12081",1983-01-28,0.000549261218395714
"12082",1983-01-29,0.00622431988904282
"12083",1983-01-30,0.000274441948022286
"12084",1983-01-31,0.00045622597650663
"12085",1983-02-01,0.00979098929889233
"12086",1983-02-02,0.000405420915740251
"12087",1983-02-03,3.81580207431398e-07
"12088",1983-02-04,4.61071334143526e-05
"12089",1983-02-05,0.00847488296858501
"12090",1983-02-06,0.00477839012455661
"12091",1983-02-07,0.000200749602299766
"12092",1983-02-08,7.52232258491858e-05
"12093",1983-02-09,2.6892669609424e-05
"12094",1983-02-10,0.00271727899780672
"12095",1983-02-11,0.000189797503708178
"12096",1983-02-12,0
"12097",1983-02-13,4.76837158203125e-07
"12098",1983-02-14,1.59218615749523e-05
"12099",1983-02-15,2.70030450906233e-05
"12100",1983-02-16,0
"12101",1983-02-17,0
"12102",1983-02-18,0
"12103",1983-02-19,0
"12104",1983-02-20,0
"12105",1983-02-21,0
"12106",1983-02-22,0
"12107",1983-02-23,8.57864790759777e-07
"12108",1983-02-24,1.23936501950084e-06
"12109",1983-02-25,3.83557789973565e-07
"12110",1983-02-26,2.00758881874208e-05
"12111",1983-02-27,0.000322923355270177
"12112",1983-02-28,0.0030068923078943
"12113",1983-03-01,3.75754289052566e-05
"12114",1983-03-02,0.00015785907407917
"12115",1983-03-03,0.000331438952343888
"12116",1983-03-04,0.00165263260805659
"12117",1983-03-05,7.7350108540486e-06
"12118",1983-03-06,3.60752026153932e-05
"12119",1983-03-07,0
"12120",1983-03-08,1.64108059834689e-05
"12121",1983-03-09,5.53089927279871e-06
"12122",1983-03-10,0.000826096475577742
"12123",1983-03-11,0.000352532319084276
"12124",1983-03-12,0
"12125",1983-03-13,0
"12126",1983-03-14,0.00142314920191211
"12127",1983-03-15,0.000650186804705299
"12128",1983-03-16,4.78556277130338e-05
"12129",1983-03-17,0.00279121766652679
"12130",1983-03-18,0.000295752500448998
"12131",1983-03-19,5.81680135383067e-05
"12132",1983-03-20,0.00301543288600215
"12133",1983-03-21,0.0109211854572209
"12134",1983-03-22,0.00939099618682349
"12135",1983-03-23,0
"12136",1983-03-24,0.00472531323947578
"12137",1983-03-25,0.0153673637769316
"12138",1983-03-26,0.000114233077169956
"12139",1983-03-27,0.00238366920552835
"12140",1983-03-28,0.00859935353219043
"12141",1983-03-29,0.000418295133385982
"12142",1983-03-30,0.00541648013131635
"12143",1983-03-31,0.00389288466976723
"12144",1983-04-01,0.000656295566159315
"12145",1983-04-02,0.0015817945208596
"12146",1983-04-03,0.0088684360816842
"12147",1983-04-04,0.00449100484848941
"12148",1983-04-05,0.00071617535400037
"12149",1983-04-06,0.00274094271594549
"12150",1983-04-07,0.00535983750887681
"12151",1983-04-08,0.00287022751342647
"12152",1983-04-09,3.28884561895393e-06
"12153",1983-04-10,0.000204355033986303
"12154",1983-04-11,0.000675406007928814
"12155",1983-04-12,0.000332922624409093
"12156",1983-04-13,6.47995311737759e-05
"12157",1983-04-14,1.90616339068583e-06
"12158",1983-04-15,4.77153378142248e-07
"12159",1983-04-16,0.000162313782027468
"12160",1983-04-17,0.00500771859401539
"12161",1983-04-18,0.00630053664139041
"12162",1983-04-19,0.000277624697389456
"12163",1983-04-20,0.00527702963597676
"12164",1983-04-21,0.000813102362371865
"12165",1983-04-22,0.00440760621040681
"12166",1983-04-23,0.000281497844071055
"12167",1983-04-24,0.000274570062686053
"12168",1983-04-25,0.000510012039228513
"12169",1983-04-26,0.000213969497963262
"12170",1983-04-27,4.76347810263178e-06
"12171",1983-04-28,0.00435773833487474
"12172",1983-04-29,0.00702860123419669
"12173",1983-04-30,0.00966036919180624
"12174",1983-05-01,6.10401684753015e-06
"12175",1983-05-02,1.14308329557389e-06
"12176",1983-05-03,0.000471513277318536
"12177",1983-05-04,0.000357010021446058
"12178",1983-05-05,0.00177011105370184
"12179",1983-05-06,1.37290177235627e-05
"12180",1983-05-07,0.000216173095964223
"12181",1983-05-08,0.00100649468754455
"12182",1983-05-09,0.00909248976586241
"12183",1983-05-10,0.0112292200022921
"12184",1983-05-11,0.0187731974001508
"12185",1983-05-12,0.00624278931388744
"12186",1983-05-13,0.00549542855145546
"12187",1983-05-14,0.0101658248809713
"12188",1983-05-15,0.000659109571870431
"12189",1983-05-16,0.0103497000227435
"12190",1983-05-17,0.00482807457149192
"12191",1983-05-18,0.00344564803071989
"12192",1983-05-19,0.000857307943647356
"12193",1983-05-20,0.00256696314409055
"12194",1983-05-21,0.00133741242905216
"12195",1983-05-22,0.00769757167563512
"12196",1983-05-23,4.80315636082196e-05
"12197",1983-05-24,9.58262376116181e-07
"12198",1983-05-25,0.000133173856966096
"12199",1983-05-26,0.000787711879638664
"12200",1983-05-27,0.0100100205481795
"12201",1983-05-28,0.000450900272653598
"12202",1983-05-29,0.00663864697088457
"12203",1983-05-30,0.000498334228723252
"12204",1983-05-31,0.00134519810671918
"12205",1983-06-01,0.000339522488502553
"12206",1983-06-02,0.00853453027775686
"12207",1983-06-03,0.000760040984687294
"12208",1983-06-04,0.00298051000027044
"12209",1983-06-05,0.00403249697524188
"12210",1983-06-06,0
"12211",1983-06-07,0
"12212",1983-06-08,0.000943519981376539
"12213",1983-06-09,0.00125943047868304
"12214",1983-06-10,0.000369793385289086
"12215",1983-06-11,0.000104061314800674
"12216",1983-06-12,0.000999051683322705
"12217",1983-06-13,1.71548941807487e-06
"12218",1983-06-14,0.000426019774749875
"12219",1983-06-15,0.00148651152085222
"12220",1983-06-16,0.00134770711792953
"12221",1983-06-17,8.86171164893312e-06
"12222",1983-06-18,0
"12223",1983-06-19,0
"12224",1983-06-20,0
"12225",1983-06-21,0
"12226",1983-06-22,0
"12227",1983-06-23,0
"12228",1983-06-24,0.000479233442092664
"12229",1983-06-25,2.85690703094588e-07
"12230",1983-06-26,0.00214151353270609
"12231",1983-06-27,0.00180899940005474
"12232",1983-06-28,0.00330192387360739
"12233",1983-06-29,0.00192103980458569
"12234",1983-06-30,0.00663315520796459
"12235",1983-07-01,0.00113684227670774
"12236",1983-07-02,0.00741002807899349
"12237",1983-07-03,0.00750960073509077
"12238",1983-07-04,0.00130646171237458
"12239",1983-07-05,1.71414421856753e-06
"12240",1983-07-06,0
"12241",1983-07-07,4.12422305089422e-05
"12242",1983-07-08,0
"12243",1983-07-09,0
"12244",1983-07-10,0
"12245",1983-07-11,0
"12246",1983-07-12,0.00145520686237433
"12247",1983-07-13,0.00035851456260616
"12248",1983-07-14,0
"12249",1983-07-15,0.00119627386084176
"12250",1983-07-16,0
"12251",1983-07-17,0
"12252",1983-07-18,0.00718031054219637
"12253",1983-07-19,5.24497517062628e-06
"12254",1983-07-20,2.34475702995951e-05
"12255",1983-07-21,0
"12256",1983-07-22,0
"12257",1983-07-23,0
"12258",1983-07-24,0
"12259",1983-07-25,0.000161185864271829
"12260",1983-07-26,4.42307245975826e-05
"12261",1983-07-27,0.00172897580728204
"12262",1983-07-28,0
"12263",1983-07-29,0.000517180441931941
"12264",1983-07-30,1.44793139043031e-05
"12265",1983-07-31,5.84925942348491e-06
"12266",1983-08-01,0.0142048159468686
"12267",1983-08-02,0.000310093688824509
"12268",1983-08-03,0
"12269",1983-08-04,0.000157008758833399
"12270",1983-08-05,0
"12271",1983-08-06,0
"12272",1983-08-07,7.00915261404589e-05
"12273",1983-08-08,0
"12274",1983-08-09,0
"12275",1983-08-10,6.40458506495634e-06
"12276",1983-08-11,2.76576520263916e-06
"12277",1983-08-12,0.00318471842427925
"12278",1983-08-13,0
"12279",1983-08-14,0.000109166910476688
"12280",1983-08-15,0.00175300681536328
"12281",1983-08-16,0.00693087416584603
"12282",1983-08-17,0
"12283",1983-08-18,1.91778894986783e-07
"12284",1983-08-19,0.000110852998943756
"12285",1983-08-20,1.18725843663015e-05
"12286",1983-08-21,0
"12287",1983-08-22,0
"12288",1983-08-23,0
"12289",1983-08-24,9.07762489532615e-06
"12290",1983-08-25,0
"12291",1983-08-26,3.8292535009532e-07
"12292",1983-08-27,1.33920985945224e-06
"12293",1983-08-28,0
"12294",1983-08-29,0
"12295",1983-08-30,1.42845351547294e-06
"12296",1983-08-31,9.58894474933913e-08
"12297",1983-09-01,6.5841858827298e-06
"12298",1983-09-02,0.00311919852060782
"12299",1983-09-03,0.0081942925741032
"12300",1983-09-04,0.00446858637809555
"12301",1983-09-05,0.0118138291345531
"12302",1983-09-06,0.00116492376946553
"12303",1983-09-07,0.000621759496425511
"12304",1983-09-08,2.38141507225009e-06
"12305",1983-09-09,0.00733213536022959
"12306",1983-09-10,0.00719749612653686
"12307",1983-09-11,0.0138547681171985
"12308",1983-09-12,0.0025577799812595
"12309",1983-09-13,0.0117826539693056
"12310",1983-09-14,0.00277449865006929
"12311",1983-09-15,0.0194771466507859
"12312",1983-09-16,0.0123167410638416
"12313",1983-09-17,0.00595574126964493
"12314",1983-09-18,0.00610109847548301
"12315",1983-09-19,0.0055172304273583
"12316",1983-09-20,0.00866934270106867
"12317",1983-09-21,0.00687362963401483
"12318",1983-09-22,0.0029787671073791
"12319",1983-09-23,4.09279909945326e-05
"12320",1983-09-24,0.00901400761540572
"12321",1983-09-25,4.89939457111177e-05
"12322",1983-09-26,2.0483091020651e-05
"12323",1983-09-27,0.000235848251122661
"12324",1983-09-28,0
"12325",1983-09-29,0
"12326",1983-09-30,0
"12327",1983-10-01,0
"12328",1983-10-02,0.00142300953200447
"12329",1983-10-03,0.000966519281973888
"12330",1983-10-04,0.00352478581214655
"12331",1983-10-05,0.00843694938157569
"12332",1983-10-06,0.00257624556252267
"12333",1983-10-07,0.000849553724549423
"12334",1983-10-08,5.18556743713816e-05
"12335",1983-10-09,0.000117120524009806
"12336",1983-10-10,0.00278685822740954
"12337",1983-10-11,0.000461312921686385
"12338",1983-10-12,0.000141374764098146
"12339",1983-10-13,0.00400918850300513
"12340",1983-10-14,0.0115273793499
"12341",1983-10-15,0.00572968228101445
"12342",1983-10-16,0.0208135168941226
"12343",1983-10-17,0.00940894407449377
"12344",1983-10-18,0.00843247410375625
"12345",1983-10-19,0.00158015423960478
"12346",1983-10-20,9.20594175113365e-05
"12347",1983-10-21,0.00026426135445945
"12348",1983-10-22,0
"12349",1983-10-23,0.00017497122973964
"12350",1983-10-24,0
"12351",1983-10-25,0.00968280062261329
"12352",1983-10-26,6.68616053189908e-07
"12353",1983-10-27,1.94547340583995e-05
"12354",1983-10-28,4.79447464840632e-07
"12355",1983-10-29,4.98698645969853e-05
"12356",1983-10-30,0.0043955031387668
"12357",1983-10-31,0
"12358",1983-11-01,0.00064767032108648
"12359",1983-11-02,0
"12360",1983-11-03,0.00514423095501115
"12361",1983-11-04,0.000691530875883473
"12362",1983-11-05,0.000117972600605754
"12363",1983-11-06,9.5625914809716e-05
"12364",1983-11-07,0.000951733402871469
"12365",1983-11-08,0.000299956025628489
"12366",1983-11-09,0.000358393852138761
"12367",1983-11-10,5.24593302202447e-05
"12368",1983-11-11,0
"12369",1983-11-12,2.5931173695426e-05
"12370",1983-11-13,5.14766156811675e-06
"12371",1983-11-14,0.000401084530039952
"12372",1983-11-15,0
"12373",1983-11-16,0
"12374",1983-11-17,2.01527060994522e-05
"12375",1983-11-18,9.52961613620573e-07
"12376",1983-11-19,0.000102922882206258
"12377",1983-11-20,5.49209362930014e-05
"12378",1983-11-21,0.000102409961016292
"12379",1983-11-22,0.00334206182998287
"12380",1983-11-23,3.93146922306187e-06
"12381",1983-11-24,0.000161199479407514
"12382",1983-11-25,0.0019372830129214
"12383",1983-11-26,0.00315027960044745
"12384",1983-11-27,0.00482638298967686
"12385",1983-11-28,0
"12386",1983-11-29,0.00099520743077619
"12387",1983-11-30,3.78804813294664e-05
"12388",1983-12-01,2.89027844360135e-05
"12389",1983-12-02,0.00217533702380024
"12390",1983-12-03,0.00047851696399448
"12391",1983-12-04,0.000901723959998435
"12392",1983-12-05,0.00127988635927068
"12393",1983-12-06,0.00105136495494662
"12394",1983-12-07,1.43051147460938e-06
"12395",1983-12-08,0.00591013980647404
"12396",1983-12-09,0.00084475711810228
"12397",1983-12-10,6.03180153007088e-05
"12398",1983-12-11,0
"12399",1983-12-12,0.000443706584519532
"12400",1983-12-13,0.00217492903175298
"12401",1983-12-14,0.0021747360306108
"12402",1983-12-15,0.000123479670662618
"12403",1983-12-16,5.55023855213221e-05
"12404",1983-12-17,0.000269011910404515
"12405",1983-12-18,9.27825622625278e-05
"12406",1983-12-19,0.00152276888275082
"12407",1983-12-20,0.0087052584722187
"12408",1983-12-21,0.00886352987436112
"12409",1983-12-22,0.00787979386223014
"12410",1983-12-23,0.00535682266217918
"12411",1983-12-24,0
"12412",1983-12-25,0.0083816955597058
"12413",1983-12-26,0.00300950028844227
"12414",1983-12-27,0.00236785105113313
"12415",1983-12-28,0
"12416",1983-12-29,8.46227277975231e-05
"12417",1983-12-30,0.00598557637113117
"12418",1983-12-31,0.000361197293898385
"12419",1984-01-01,0.000698510562472165
"12420",1984-01-02,0.000674551090071418
"12421",1984-01-03,0.0147864583996125
"12422",1984-01-04,0.00135474123112544
"12423",1984-01-05,0.0030727366283827
"12424",1984-01-06,1.58232724061236e-05
"12425",1984-01-07,0.0139334197583594
"12426",1984-01-08,0.00677775840227923
"12427",1984-01-09,4.72161081788158e-06
"12428",1984-01-10,0.00143697921186003
"12429",1984-01-11,0.0070630489708492
"12430",1984-01-12,0.00768192751002061
"12431",1984-01-13,0.0213259574275071
"12432",1984-01-14,0.000316125924427979
"12433",1984-01-15,0.00203747532810894
"12434",1984-01-16,0.000241440366835377
"12435",1984-01-17,0.0199472640524618
"12436",1984-01-18,0.00112203365188179
"12437",1984-01-19,0.00417174428753242
"12438",1984-01-20,0.00111847211110216
"12439",1984-01-21,2.9597585466945e-06
"12440",1984-01-22,0.000195840974299699
"12441",1984-01-23,0.00058178931067232
"12442",1984-01-24,0.000469933452905025
"12443",1984-01-25,0.000662338831716625
"12444",1984-01-26,0.000423255274938583
"12445",1984-01-27,0.000933783336222405
"12446",1984-01-28,0.00124380440684035
"12447",1984-01-29,0.000418901412558625
"12448",1984-01-30,0.00338669513712375
"12449",1984-01-31,0.000344873091819409
"12450",1984-02-01,0.00137651099248615
"12451",1984-02-02,0.000213507180887973
"12452",1984-02-03,0.00346877508218313
"12453",1984-02-04,0.00108717032850336
"12454",1984-02-05,0.0109361366266967
"12455",1984-02-06,0.00762196024061268
"12456",1984-02-07,0.00209783535740371
"12457",1984-02-08,0.000200072290112985
"12458",1984-02-09,4.76837158203125e-07
"12459",1984-02-10,0.00114213432829047
"12460",1984-02-11,0.000135055472128442
"12461",1984-02-12,0.000148010160842205
"12462",1984-02-13,1.35146530624297e-05
"12463",1984-02-14,5.72726605696516e-07
"12464",1984-02-15,0.00020204634449783
"12465",1984-02-16,0.000205979822965219
"12466",1984-02-17,0.000452044090707204
"12467",1984-02-18,0.000456130634631791
"12468",1984-02-19,2.09620498026197e-06
"12469",1984-02-20,0.000761728264478734
"12470",1984-02-21,0.000787655020758393
"12471",1984-02-22,0.000434412734648504
"12472",1984-02-23,0.00061407495036292
"12473",1984-02-24,4.60919125089276e-05
"12474",1984-02-25,4.10030679631745e-06
"12475",1984-02-26,0.000151486919776289
"12476",1984-02-27,0.000143173549531639
"12477",1984-02-28,2.55736364920267e-05
"12478",1984-02-29,2.34688083082801e-05
"12479",1984-03-01,0.00579473361540295
"12480",1984-03-02,0.000602936119832975
"12481",1984-03-03,0.00255807932228436
"12482",1984-03-04,0.000962887996763584
"12483",1984-03-05,3.50720039250518e-05
"12484",1984-03-06,0
"12485",1984-03-07,9.5367431640625e-07
"12486",1984-03-08,0
"12487",1984-03-09,0.00270065098447958
"12488",1984-03-10,0.00194004533733505
"12489",1984-03-11,0.000732170257833786
"12490",1984-03-12,0.000604578633158326
"12491",1984-03-13,0
"12492",1984-03-14,0
"12493",1984-03-15,1.20130287086795e-05
"12494",1984-03-16,1.47788580306951e-05
"12495",1984-03-17,9.52961613620573e-07
"12496",1984-03-18,1.37161625843873e-05
"12497",1984-03-19,0.000154783183972995
"12498",1984-03-20,7.26572075677723e-05
"12499",1984-03-21,3.25430863767906e-06
"12500",1984-03-22,6.7302802449376e-05
"12501",1984-03-23,1.48737388485642e-05
"12502",1984-03-24,2.64143365029668e-05
"12503",1984-03-25,0.000171303175925175
"12504",1984-03-26,0.000162966190657698
"12505",1984-03-27,0.000126607657648492
"12506",1984-03-28,0.00328905047172157
"12507",1984-03-29,0.0119736348715378
"12508",1984-03-30,0.00235149559443926
"12509",1984-03-31,0.000852184192467575
"12510",1984-04-01,1.61918833327945e-05
"12511",1984-04-02,0.000137140402216573
"12512",1984-04-03,0.00572387747297398
"12513",1984-04-04,0.00621374817455944
"12514",1984-04-05,0.0012403152677507
"12515",1984-04-06,0.000924563612272777
"12516",1984-04-07,0.00500843516277882
"12517",1984-04-08,0.00653342362147669
"12518",1984-04-09,0.00554471972463944
"12519",1984-04-10,5.77212541656991e-05
"12520",1984-04-11,0.0010456535000003
"12521",1984-04-12,0.00062787717433821
"12522",1984-04-13,0.000237614822424348
"12523",1984-04-14,0.000664516908386759
"12524",1984-04-15,0.000168865773105153
"12525",1984-04-16,3.89924339287973e-05
"12526",1984-04-17,4.00126327804173e-06
"12527",1984-04-18,0
"12528",1984-04-19,0.0009341352190404
"12529",1984-04-20,0.00260457294081107
"12530",1984-04-21,2.71623117669151e-05
"12531",1984-04-22,1.62102531930941e-06
"12532",1984-04-23,0
"12533",1984-04-24,0
"12534",1984-04-25,0
"12535",1984-04-26,0
"12536",1984-04-27,0
"12537",1984-04-28,0
"12538",1984-04-29,0
"12539",1984-04-30,1.35412401505164e-05
"12540",1984-05-01,0
"12541",1984-05-02,0.0115384184311438
"12542",1984-05-03,0.00164453945569676
"12543",1984-05-04,2.77502175549671e-06
"12544",1984-05-05,0
"12545",1984-05-06,0
"12546",1984-05-07,0.000604139808501714
"12547",1984-05-08,0
"12548",1984-05-09,0.000181161180137224
"12549",1984-05-10,0.00010545900931902
"12550",1984-05-11,7.71073773648823e-05
"12551",1984-05-12,6.15071621723473e-05
"12552",1984-05-13,0
"12553",1984-05-14,0
"12554",1984-05-15,0.00704653431603219
"12555",1984-05-16,0.00687885707884561
"12556",1984-05-17,0.00319268612292944
"12557",1984-05-18,0.0031212034264172
"12558",1984-05-19,0.00656854693784226
"12559",1984-05-20,0.00236179929606806
"12560",1984-05-21,0.00372836001133692
"12561",1984-05-22,0
"12562",1984-05-23,2.20348061930054e-06
"12563",1984-05-24,0.000450325474503188
"12564",1984-05-25,0.0014550124778907
"12565",1984-05-26,0.00061515786973132
"12566",1984-05-27,0.00369633503078148
"12567",1984-05-28,0.00978654360966402
"12568",1984-05-29,0.000115468489582327
"12569",1984-05-30,0.000858248814040508
"12570",1984-05-31,0.000262385170458401
"12571",1984-06-01,0.013557577039137
"12572",1984-06-02,0.0115424698806237
"12573",1984-06-03,4.5991558181413e-05
"12574",1984-06-04,3.24995807545747e-05
"12575",1984-06-05,0.00290493381908163
"12576",1984-06-06,0.000149942661892055
"12577",1984-06-07,0
"12578",1984-06-08,0.00108937428677791
"12579",1984-06-09,0.00282394257965279
"12580",1984-06-10,0.0080008396492417
"12581",1984-06-11,2.53330581472255e-05
"12582",1984-06-12,0.000106884476565483
"12583",1984-06-13,0.00521900063176872
"12584",1984-06-14,0.00717064762397968
"12585",1984-06-15,0.000311868427274931
"12586",1984-06-16,0.000799861338236951
"12587",1984-06-17,0
"12588",1984-06-18,1.05217395685031e-06
"12589",1984-06-19,7.67115750477387e-07
"12590",1984-06-20,7.64505500683299e-07
"12591",1984-06-21,0.00998574168693267
"12592",1984-06-22,0.00181794734271534
"12593",1984-06-23,0.0229613711271668
"12594",1984-06-24,0.0153229718462171
"12595",1984-06-25,0.000140860353610606
"12596",1984-06-26,4.64369140331655e-05
"12597",1984-06-27,0.00145830849544382
"12598",1984-06-28,0.00450671090948163
"12599",1984-06-29,0.00977654378129955
"12600",1984-06-30,0.0069856869031355
"12601",1984-07-01,0.0015045865227421
"12602",1984-07-02,0.00583893232544597
"12603",1984-07-03,0.000308864046019153
"12604",1984-07-04,0.000412698130276112
"12605",1984-07-05,0
"12606",1984-07-06,0
"12607",1984-07-07,3.43008542742496e-05
"12608",1984-07-08,1.49364567505472e-05
"12609",1984-07-09,0
"12610",1984-07-10,0.00041439448273195
"12611",1984-07-11,0.000737309752366855
"12612",1984-07-12,0.020776621525556
"12613",1984-07-13,0.00115775101687632
"12614",1984-07-14,0.000541327791484747
"12615",1984-07-15,0.00021602227798212
"12616",1984-07-16,0.00452565004502503
"12617",1984-07-17,0.00149392048206209
"12618",1984-07-18,4.86417957290541e-06
"12619",1984-07-19,0.000159133505519549
"12620",1984-07-20,2.28679863312209e-06
"12621",1984-07-21,0.00369835347464686
"12622",1984-07-22,0.000927909150220785
"12623",1984-07-23,0.000392450738445405
"12624",1984-07-24,3.77965982920614e-05
"12625",1984-07-25,0.00252818071425054
"12626",1984-07-26,0.000972086805404615
"12627",1984-07-27,0.000144565827213228
"12628",1984-07-28,0.00209699912960559
"12629",1984-07-29,0
"12630",1984-07-30,0
"12631",1984-07-31,0.00044337894473756
"12632",1984-08-01,0.00833389646140859
"12633",1984-08-02,0.00123811386487205
"12634",1984-08-03,0.00307216397567345
"12635",1984-08-04,0.00324087257740757
"12636",1984-08-05,0.00233335543680369
"12637",1984-08-06,0.00927202947514161
"12638",1984-08-07,5.90498472092804e-05
"12639",1984-08-08,4.76837101359706e-07
"12640",1984-08-09,9.58894474933913e-08
"12641",1984-08-10,6.25461113941128e-05
"12642",1984-08-11,7.6343560465375e-05
"12643",1984-08-12,1.3724868040299e-05
"12644",1984-08-13,9.52568939283083e-08
"12645",1984-08-14,0.00158939849984563
"12646",1984-08-15,0.0128513952795402
"12647",1984-08-16,0.00170343528048988
"12648",1984-08-17,0.00499744820757542
"12649",1984-08-18,0.00025723459953042
"12650",1984-08-19,0
"12651",1984-08-20,0
"12652",1984-08-21,9.58894474933913e-08
"12653",1984-08-22,0
"12654",1984-08-23,0
"12655",1984-08-24,9.78055504674558e-05
"12656",1984-08-25,0
"12657",1984-08-26,9.90672089073996e-06
"12658",1984-08-27,0
"12659",1984-08-28,2.66979617435936e-06
"12660",1984-08-29,0.00332873795673549
"12661",1984-08-30,0.00211651116205758
"12662",1984-08-31,3.08057088318492e-05
"12663",1984-09-01,1.80232091224752e-05
"12664",1984-09-02,0.00119659996784094
"12665",1984-09-03,0.00337239394588096
"12666",1984-09-04,0
"12667",1984-09-05,1.42981465955927e-05
"12668",1984-09-06,0
"12669",1984-09-07,0
"12670",1984-09-08,0.00405543341503289
"12671",1984-09-09,0.00999026303179562
"12672",1984-09-10,0.00515417239512317
"12673",1984-09-11,0.00577427697771782
"12674",1984-09-12,0.00380355594268167
"12675",1984-09-13,0
"12676",1984-09-14,0.000212341682072292
"12677",1984-09-15,0.000405540678286798
"12678",1984-09-16,0.000585190946651437
"12679",1984-09-17,0.000261740920961984
"12680",1984-09-18,0.000211540378359132
"12681",1984-09-19,0.0126722888682593
"12682",1984-09-20,0.000489024820296891
"12683",1984-09-21,0.00607651507743867
"12684",1984-09-22,0.00347147464708542
"12685",1984-09-23,0.000395047153290307
"12686",1984-09-24,0.0119914365441218
"12687",1984-09-25,0.00190867104993231
"12688",1984-09-26,0.00587498310687806
"12689",1984-09-27,2.51712799581583e-05
"12690",1984-09-28,6.69904027859047e-05
"12691",1984-09-29,0.000170238873749895
"12692",1984-09-30,0.0049989005384532
"12693",1984-10-01,0.00491784350003854
"12694",1984-10-02,0.0264663318666862
"12695",1984-10-03,0.00264403594445639
"12696",1984-10-04,0.000378243045020099
"12697",1984-10-05,0.00627563033600609
"12698",1984-10-06,0.0138137757248842
"12699",1984-10-07,0.00437717519452008
"12700",1984-10-08,0.00473084611479635
"12701",1984-10-09,0.000717695576895494
"12702",1984-10-10,0.00011688721980363
"12703",1984-10-11,0.00188999651413724
"12704",1984-10-12,9.56364715420932e-07
"12705",1984-10-13,0.00674861857260112
"12706",1984-10-14,0.000517565255904628
"12707",1984-10-15,0
"12708",1984-10-16,0.000408382102250471
"12709",1984-10-17,0.000804947697588432
"12710",1984-10-18,0.014282893712334
"12711",1984-10-19,0.00425666415867454
"12712",1984-10-20,0.0252790823296891
"12713",1984-10-21,0.00108246580566629
"12714",1984-10-22,0.00783576288358745
"12715",1984-10-23,0.00664429798638366
"12716",1984-10-24,0.000875995069236524
"12717",1984-10-25,0.0198274906288134
"12718",1984-10-26,0.00709152035415173
"12719",1984-10-27,0.00498664973281393
"12720",1984-10-28,0.00193767019845836
"12721",1984-10-29,0.00254090465932677
"12722",1984-10-30,0.00258184193086208
"12723",1984-10-31,0.00952908134269137
"12724",1984-11-01,0.000512212612136409
"12725",1984-11-02,0.000360912342273423
"12726",1984-11-03,0.000165934610436125
"12727",1984-11-04,0.00469979243007401
"12728",1984-11-05,0.00716300903377487
"12729",1984-11-06,0.00103003230196919
"12730",1984-11-07,0.00993704711436294
"12731",1984-11-08,0.00295661294967431
"12732",1984-11-09,0.00120371358661941
"12733",1984-11-10,0.000256605021093037
"12734",1984-11-11,0.00697415821741743
"12735",1984-11-12,0.000224777844721302
"12736",1984-11-13,0
"12737",1984-11-14,0
"12738",1984-11-15,2.8612629989766e-06
"12739",1984-11-16,4.76284469641541e-07
"12740",1984-11-17,8.87012004113785e-06
"12741",1984-11-18,3.69146185335012e-05
"12742",1984-11-19,0.000855456931276422
"12743",1984-11-20,0.0012572130508488
"12744",1984-11-21,0.0011111150324723
"12745",1984-11-22,0.00513177765384398
"12746",1984-11-23,0.0141316799090418
"12747",1984-11-24,0.00266034512867463
"12748",1984-11-25,0.00131248706418319
"12749",1984-11-26,1.29158155104392e-06
"12750",1984-11-27,0.00350898461249471
"12751",1984-11-28,0.018589042120766
"12752",1984-11-29,0.00384877000578854
"12753",1984-11-30,0.000246275740209967
"12754",1984-12-01,0.000323356999047064
"12755",1984-12-02,0.000381606415430724
"12756",1984-12-03,0.000292557787361147
"12757",1984-12-04,0.000229583639338671
"12758",1984-12-05,0.000283693120024964
"12759",1984-12-06,0.0145622974587241
"12760",1984-12-07,0.00105486204290628
"12761",1984-12-08,0.000189669961514483
"12762",1984-12-09,0.00161244385617465
"12763",1984-12-10,3.55806469087838e-05
"12764",1984-12-11,0
"12765",1984-12-12,0.000126859707563654
"12766",1984-12-13,0.000856387667226954
"12767",1984-12-14,3.76853248553743e-05
"12768",1984-12-15,6.88627541194364e-05
"12769",1984-12-16,0.000315649035655952
"12770",1984-12-17,0.00128976536507253
"12771",1984-12-18,0.00755408393433754
"12772",1984-12-19,0.00561500940057158
"12773",1984-12-20,0.0130836373136844
"12774",1984-12-21,8.58417365634523e-07
"12775",1984-12-22,2.81216752000546e-05
"12776",1984-12-23,0.00812078551098239
"12777",1984-12-24,0.0045742687798338
"12778",1984-12-25,0.00125179279712029
"12779",1984-12-26,0.000577902540499053
"12780",1984-12-27,0.000217823497848713
"12781",1984-12-28,0.000230155419558287
"12782",1984-12-29,0.000188805112884438
"12783",1984-12-30,0.000199853185677057
"12784",1984-12-31,0.00360351887411525
"12785",1985-01-01,0.000753362188106621
"12786",1985-01-02,6.4646773921595e-05
"12787",1985-01-03,2.50009136948393e-05
"12788",1985-01-04,1.76364746948821e-05
"12789",1985-01-05,0.000257893028049239
"12790",1985-01-06,0.000621381343137273
"12791",1985-01-07,5.54000280317268e-06
"12792",1985-01-08,0.000128261268116603
"12793",1985-01-09,0.000477773790123592
"12794",1985-01-10,0
"12795",1985-01-11,0.000305303963784809
"12796",1985-01-12,2.80412560869081e-05
"12797",1985-01-13,3.14466302597793e-06
"12798",1985-01-14,4.01589328475893e-05
"12799",1985-01-15,2.73541994033621e-05
"12800",1985-01-16,2.28837620852573e-06
"12801",1985-01-17,6.77389891734492e-06
"12802",1985-01-18,1.04893115349114e-06
"12803",1985-01-19,0.00109968862398091
"12804",1985-01-20,0.00567672213946935
"12805",1985-01-21,0.000819813601083297
"12806",1985-01-22,0.010960515064653
"12807",1985-01-23,0.0101805787544436
"12808",1985-01-24,0.000397780049070207
"12809",1985-01-25,0.00209203305439587
"12810",1985-01-26,0.000119689272935375
"12811",1985-01-27,1.43250503015224e-05
"12812",1985-01-28,8.72481600140418e-05
"12813",1985-01-29,0.00318188680438425
"12814",1985-01-30,0.00045418276113196
"12815",1985-01-31,0.00908157495638307
"12816",1985-02-01,2.76703042345616e-06
"12817",1985-02-02,0.000254578648309689
"12818",1985-02-03,6.7656124883797e-05
"12819",1985-02-04,0.00553937570293783
"12820",1985-02-05,0.00015719859999308
"12821",1985-02-06,8.32459554089837e-05
"12822",1985-02-07,9.58894474933913e-08
"12823",1985-02-08,4.53142931178263e-05
"12824",1985-02-09,7.58824843387629e-05
"12825",1985-02-10,8.87498553652222e-05
"12826",1985-02-11,8.17044139012069e-05
"12827",1985-02-12,5.62599564091215e-06
"12828",1985-02-13,5.52798468334004e-06
"12829",1985-02-14,0.000143225227645871
"12830",1985-02-15,0.000562502757190941
"12831",1985-02-16,0.000208167504297307
"12832",1985-02-17,1.43446674769621e-05
"12833",1985-02-18,1.813499943637e-05
"12834",1985-02-19,7.54375428755338e-05
"12835",1985-02-20,0.00292987640614228
"12836",1985-02-21,5.35726734369746e-05
"12837",1985-02-22,0.00186584005859913
"12838",1985-02-23,0.00815458038414363
"12839",1985-02-24,0.000151651319754365
"12840",1985-02-25,5.85109081612245e-05
"12841",1985-02-26,0.00118279748403438
"12842",1985-02-27,0.000655671060144414
"12843",1985-02-28,0.00092119486998854
"12844",1985-03-01,0.000823461385152768
"12845",1985-03-02,0.00330017889882583
"12846",1985-03-03,0.00545254845928866
"12847",1985-03-04,0.00154077355455229
"12848",1985-03-05,0.0096750538523338
"12849",1985-03-06,0.00025866400119412
"12850",1985-03-07,0.000126722054403672
"12851",1985-03-08,7.07052814732378e-05
"12852",1985-03-09,0.000186811548758214
"12853",1985-03-10,0.00979613593335671
"12854",1985-03-11,2.85690703094588e-07
"12855",1985-03-12,2.9295439787802e-05
"12856",1985-03-13,0.00156238414183463
"12857",1985-03-14,0
"12858",1985-03-15,0.00134459865444114
"12859",1985-03-16,0.00065970845537322
"12860",1985-03-17,5.29943204128358e-05
"12861",1985-03-18,3.92556240171871e-05
"12862",1985-03-19,1.4348934314512e-05
"12863",1985-03-20,0.000248316791441994
"12864",1985-03-21,0.00708830692838092
"12865",1985-03-22,0.00671340316694113
"12866",1985-03-23,0.0131118849676568
"12867",1985-03-24,0.0118549236503895
"12868",1985-03-25,0.001915803412885
"12869",1985-03-26,0.00406887288858115
"12870",1985-03-27,0.00440589670336067
"12871",1985-03-28,0.00175012082166859
"12872",1985-03-29,7.60955891223603e-05
"12873",1985-03-30,6.54374811119851e-05
"12874",1985-03-31,9.92124387266813e-06
"12875",1985-04-01,0.00207790350214054
"12876",1985-04-02,0.00517814335034927
"12877",1985-04-03,0.00235625378689974
"12878",1985-04-04,0.0109091904608931
"12879",1985-04-05,0.00541156043004776
"12880",1985-04-06,0.0141956378793111
"12881",1985-04-07,0.00902785173104803
"12882",1985-04-08,0.00397796291576924
"12883",1985-04-09,0.0020091806519531
"12884",1985-04-10,0
"12885",1985-04-11,0
"12886",1985-04-12,5.43215844572842e-06
"12887",1985-04-13,0.00234714264206559
"12888",1985-04-14,0.00198923798848227
"12889",1985-04-15,0.000112200823366493
"12890",1985-04-16,0
"12891",1985-04-17,0.00444219648079525
"12892",1985-04-18,2.85770693153609e-06
"12893",1985-04-19,0.0047070724631908
"12894",1985-04-20,0.00944426008572918
"12895",1985-04-21,6.1505638655035e-05
"12896",1985-04-22,0.000214713333548389
"12897",1985-04-23,7.15481091901893e-05
"12898",1985-04-24,0.000501164084710126
"12899",1985-04-25,0.000722487078178347
"12900",1985-04-26,0.000716683327308232
"12901",1985-04-27,0.0156806107133889
"12902",1985-04-28,0.00163278412793488
"12903",1985-04-29,0.000127549612216171
"12904",1985-04-30,5.81104836783197e-06
"12905",1985-05-01,0.00428117957017093
"12906",1985-05-02,0.00633676604263655
"12907",1985-05-03,0.001121258291505
"12908",1985-05-04,0.00228472679447123
"12909",1985-05-05,0.000653066761060472
"12910",1985-05-06,0.000199984144273913
"12911",1985-05-07,0
"12912",1985-05-08,0
"12913",1985-05-09,2.2541826183442e-05
"12914",1985-05-10,0.00464620573649199
"12915",1985-05-11,0.00163697475625213
"12916",1985-05-12,1.33359691290025e-06
"12917",1985-05-13,0
"12918",1985-05-14,0
"12919",1985-05-15,0
"12920",1985-05-16,0.00510147508651926
"12921",1985-05-17,0.00140829053310654
"12922",1985-05-18,0
"12923",1985-05-19,0
"12924",1985-05-20,0
"12925",1985-05-21,0
"12926",1985-05-22,5.74704301925522e-07
"12927",1985-05-23,1.89611901646458e-05
"12928",1985-05-24,0.000729633315302181
"12929",1985-05-25,0.00635426133521833
"12930",1985-05-26,7.538964325704e-06
"12931",1985-05-27,1.71683473126905e-06
"12932",1985-05-28,0.000390512879050675
"12933",1985-05-29,0.00213470812764172
"12934",1985-05-30,0
"12935",1985-05-31,0
"12936",1985-06-01,0
"12937",1985-06-02,0
"12938",1985-06-03,0
"12939",1985-06-04,0
"12940",1985-06-05,2.84026036752039e-05
"12941",1985-06-06,0.00112519319185367
"12942",1985-06-07,0.00209155538141204
"12943",1985-06-08,0.00823844745661972
"12944",1985-06-09,0.00887443606552552
"12945",1985-06-10,0
"12946",1985-06-11,0.00377931524337782
"12947",1985-06-12,0.000440111278237509
"12948",1985-06-13,0.00175989905164897
"12949",1985-06-14,0.00767969242315303
"12950",1985-06-15,0.0126796344557079
"12951",1985-06-16,0.0101601713362811
"12952",1985-06-17,0.00744362903810725
"12953",1985-06-18,7.28593502117292e-05
"12954",1985-06-19,0
"12955",1985-06-20,3.94788222024545e-05
"12956",1985-06-21,0.00398072894614643
"12957",1985-06-22,0.00925368368461932
"12958",1985-06-23,0.00623707565046061
"12959",1985-06-24,4.85808686789824e-06
"12960",1985-06-25,0.00224480683391448
"12961",1985-06-26,0.00851312302728502
"12962",1985-06-27,0.00357478391379118
"12963",1985-06-28,0.00703339149185922
"12964",1985-06-29,0.000113300987834464
"12965",1985-06-30,0.00623989392772728
"12966",1985-07-01,0.000575046100607324
"12967",1985-07-02,0.000433642539974244
"12968",1985-07-03,4.5286449676496e-05
"12969",1985-07-04,0.00183239671167712
"12970",1985-07-05,0
"12971",1985-07-06,0.000466443845539288
"12972",1985-07-07,0.00135866191175182
"12973",1985-07-08,0.00065693500658881
"12974",1985-07-09,0.00455026092822663
"12975",1985-07-10,0.000223684108277666
"12976",1985-07-11,0.00119469173046127
"12977",1985-07-12,0.00149000137349731
"12978",1985-07-13,0.00128715208415997
"12979",1985-07-14,0.00545127062378015
"12980",1985-07-15,0.00771105468686528
"12981",1985-07-16,0.00241398402795312
"12982",1985-07-17,0.0041270194487879
"12983",1985-07-18,0.00208153000431821
"12984",1985-07-19,0.0140837258956594
"12985",1985-07-20,0.00154678501490935
"12986",1985-07-21,0.00129483997261559
"12987",1985-07-22,0.000119320969588443
"12988",1985-07-23,0.00228330858612935
"12989",1985-07-24,8.99102751645842e-05
"12990",1985-07-25,0
"12991",1985-07-26,3.00999145110836e-05
"12992",1985-07-27,6.79233270943769e-05
"12993",1985-07-28,0.00612633601127754
"12994",1985-07-29,0.00352522744566386
"12995",1985-07-30,0.0322652573231608
"12996",1985-07-31,0.00133386979018724
"12997",1985-08-01,0.000417050226133142
"12998",1985-08-02,0.00337782485661364
"12999",1985-08-03,0.00762943572772201
"13000",1985-08-04,0.00228222410856915
"13001",1985-08-05,0.0196430666519518
"13002",1985-08-06,0.0123084178194404
"13003",1985-08-07,0.000625320902145177
"13004",1985-08-08,0.00337290434072202
"13005",1985-08-09,0.000188213747605914
"13006",1985-08-10,5.42500538358581e-05
"13007",1985-08-11,0.00542861603804567
"13008",1985-08-12,0.00741443316019286
"13009",1985-08-13,0.0045527365318776
"13010",1985-08-14,0.00111186530835994
"13011",1985-08-15,0.0108353359065632
"13012",1985-08-16,8.78571633506908e-05
"13013",1985-08-17,0.00178612736567629
"13014",1985-08-18,0.000250696330283517
"13015",1985-08-19,0.00854008227179293
"13016",1985-08-20,0.00129818249666869
"13017",1985-08-21,0.0158379730702336
"13018",1985-08-22,0.00125569999943309
"13019",1985-08-23,0.000335937313934664
"13020",1985-08-24,0.0158881553034007
"13021",1985-08-25,0.0027783273226305
"13022",1985-08-26,0.0179914239561185
"13023",1985-08-27,8.96342671126149e-05
"13024",1985-08-28,0.0030634748400189
"13025",1985-08-29,5.72664830542635e-05
"13026",1985-08-30,0.00215470683633612
"13027",1985-08-31,0.00182074488441231
"13028",1985-09-01,0.00316333483334574
"13029",1985-09-02,0.000522639301379968
"13030",1985-09-03,0.0118777948500792
"13031",1985-09-04,0.00191095237295258
"13032",1985-09-05,0.012699697694643
"13033",1985-09-06,0.0203098516940372
"13034",1985-09-07,0.00285661553601813
"13035",1985-09-08,4.89418997062785e-05
"13036",1985-09-09,5.55850447199191e-05
"13037",1985-09-10,0.00202053369736177
"13038",1985-09-11,9.58894474933913e-08
"13039",1985-09-12,5.63367495942657e-06
"13040",1985-09-13,0.00412750682818341
"13041",1985-09-14,0.0065247453536017
"13042",1985-09-15,0.00863810379632923
"13043",1985-09-16,0.000299511442108269
"13044",1985-09-17,0
"13045",1985-09-18,0
"13046",1985-09-19,0.0136127356590805
"13047",1985-09-20,0.000435812648220235
"13048",1985-09-21,0.000523410823006998
"13049",1985-09-22,0.000247786243050996
"13050",1985-09-23,0
"13051",1985-09-24,0.000107431595608887
"13052",1985-09-25,3.16371995268128e-06
"13053",1985-09-26,0.00017669112907015
"13054",1985-09-27,0.000114631068981907
"13055",1985-09-28,0
"13056",1985-09-29,0.000391092515428682
"13057",1985-09-30,0.00264171978869854
"13058",1985-10-01,0.004460952991451
"13059",1985-10-02,0.000152865947541159
"13060",1985-10-03,0.00350555651766626
"13061",1985-10-04,0.00300807203348086
"13062",1985-10-05,0.00244690373483536
"13063",1985-10-06,0.000265037681856484
"13064",1985-10-07,0.00689383827165102
"13065",1985-10-08,0.00553155595844146
"13066",1985-10-09,0.00682000805812777
"13067",1985-10-10,0.00511387478053393
"13068",1985-10-11,0.00234497061507
"13069",1985-10-12,0
"13070",1985-10-13,9.06473377426664e-06
"13071",1985-10-14,0
"13072",1985-10-15,0
"13073",1985-10-16,0
"13074",1985-10-17,0.000125903856314835
"13075",1985-10-18,3.81010806904669e-06
"13076",1985-10-19,0
"13077",1985-10-20,0
"13078",1985-10-21,0
"13079",1985-10-22,0
"13080",1985-10-23,4.76837158203125e-07
"13081",1985-10-24,4.15624759853017e-06
"13082",1985-10-25,0
"13083",1985-10-26,2.39723643602474e-07
"13084",1985-10-27,5.75336855490605e-07
"13085",1985-10-28,0
"13086",1985-10-29,7.07636360175457e-06
"13087",1985-10-30,0
"13088",1985-10-31,6.19611137153697e-06
"13089",1985-11-01,0.00978372333480593
"13090",1985-11-02,0.00379587638593648
"13091",1985-11-03,0
"13092",1985-11-04,0.00302377136540599
"13093",1985-11-05,0.00969489860796102
"13094",1985-11-06,0.00695874207303859
"13095",1985-11-07,0.00487497451922536
"13096",1985-11-08,9.55105974753678e-06
"13097",1985-11-09,0.0158709560928401
"13098",1985-11-10,0.00407291263297793
"13099",1985-11-11,0.00165844412094884
"13100",1985-11-12,7.02479921983468e-05
"13101",1985-11-13,0
"13102",1985-11-14,5.74504762766992e-05
"13103",1985-11-15,0.00038453404494021
"13104",1985-11-16,0.000430335559940431
"13105",1985-11-17,1.60266948796561e-05
"13106",1985-11-18,4.20437185084666e-05
"13107",1985-11-19,0.000340289474479505
"13108",1985-11-20,0.000451528402663826
"13109",1985-11-21,8.08024797152029e-05
"13110",1985-11-22,4.8599408728478e-05
"13111",1985-11-23,4.78966931609648e-05
"13112",1985-11-24,0
"13113",1985-11-25,4.76837158203125e-07
"13114",1985-11-26,4.11602290455448e-05
"13115",1985-11-27,0.00227892929979134
"13116",1985-11-28,0.00163296115897538
"13117",1985-11-29,0.00109499878857378
"13118",1985-11-30,7.87022628045975e-06
"13119",1985-12-01,0.00526312144893382
"13120",1985-12-02,0.00620199063502014
"13121",1985-12-03,0.0138192481026636
"13122",1985-12-04,0.00306037453901808
"13123",1985-12-05,0.000414024039002925
"13124",1985-12-06,0.0224170299488264
"13125",1985-12-07,1.73117565509529e-05
"13126",1985-12-08,1.1349072167377e-05
"13127",1985-12-09,6.89743735620141e-05
"13128",1985-12-10,5.33353372134115e-05
"13129",1985-12-11,5.77915391772876e-05
"13130",1985-12-12,0.00335796410217881
"13131",1985-12-13,0.00821581564650842
"13132",1985-12-14,0.000133403342942984
"13133",1985-12-15,0.00666640497865956
"13134",1985-12-16,0.0133026480511944
"13135",1985-12-17,0.00034462339658603
"13136",1985-12-18,0.00263658375149589
"13137",1985-12-19,0.00108102444232827
"13138",1985-12-20,0.00125637113967514
"13139",1985-12-21,0.00754785438766703
"13140",1985-12-22,0.00139307250015008
"13141",1985-12-23,0.00100981066577788
"13142",1985-12-24,0.0156820230040466
"13143",1985-12-25,0.00425026812808937
"13144",1985-12-26,0.00053358614309218
"13145",1985-12-27,0.000185944963050133
"13146",1985-12-28,4.59772252838775e-05
"13147",1985-12-29,9.39354129059211e-06
"13148",1985-12-30,4.00556683644027e-06
"13149",1985-12-31,1.15457528409024e-05
"13150",1986-01-01,0.00593147404651972
"13151",1986-01-02,0.00502064762895316
"13152",1986-01-03,0.00199156609960482
"13153",1986-01-04,0.000758161743760866
"13154",1986-01-05,0.00101759234075871
"13155",1986-01-06,0.000133486356617141
"13156",1986-01-07,1.33588707740273e-06
"13157",1986-01-08,9.52568939283083e-08
"13158",1986-01-09,3.92134774074293e-06
"13159",1986-01-10,0.0104900330205737
"13160",1986-01-11,0.00531018137098727
"13161",1986-01-12,0.0043820258906635
"13162",1986-01-13,0.000835828660626703
"13163",1986-01-14,0.00856309622759
"13164",1986-01-15,3.15591487378697e-05
"13165",1986-01-16,0.000357095828235288
"13166",1986-01-17,0
"13167",1986-01-18,0.00692595000236906
"13168",1986-01-19,0.000301841216241883
"13169",1986-01-20,0.000240454226684506
"13170",1986-01-21,0.00514176840897562
"13171",1986-01-22,0.00211034004360044
"13172",1986-01-23,0.0132221934472909
"13173",1986-01-24,0.0015163349797831
"13174",1986-01-25,5.81556037104747e-06
"13175",1986-01-26,3.81580207431398e-07
"13176",1986-01-27,0.000375120832245557
"13177",1986-01-28,0.00109171244992012
"13178",1986-01-29,0.0028048513644876
"13179",1986-01-30,0.000188052757039259
"13180",1986-01-31,0.000456065731668787
"13181",1986-02-01,0.000576172215005499
"13182",1986-02-02,0.000351123712732715
"13183",1986-02-03,0
"13184",1986-02-04,7.80227845780246e-05
"13185",1986-02-05,0.000827101750530801
"13186",1986-02-06,8.11524535038188e-06
"13187",1986-02-07,8.30460439829039e-05
"13188",1986-02-08,0.000178197286004433
"13189",1986-02-09,0.000628126114861516
"13190",1986-02-10,0.000482106082017708
"13191",1986-02-11,0.000115973048934848
"13192",1986-02-12,9.70664474948535e-05
"13193",1986-02-13,3.12747222324106e-05
"13194",1986-02-14,0.000273132965503464
"13195",1986-02-15,9.21214435720685e-05
"13196",1986-02-16,2.23558730567675e-05
"13197",1986-02-17,6.86579642206198e-06
"13198",1986-02-18,4.76352904001942e-05
"13199",1986-02-19,9.58894972313828e-08
"13200",1986-02-20,3.72469986587021e-06
"13201",1986-02-21,3.7771931111763e-06
"13202",1986-02-22,1.82190001396521e-06
"13203",1986-02-23,0.000357758213567649
"13204",1986-02-24,5.71381406189175e-07
"13205",1986-02-25,5.07320774545406e-05
"13206",1986-02-26,1.1951617750583e-05
"13207",1986-02-27,0
"13208",1986-02-28,1.81928959364086e-06
"13209",1986-03-01,0
"13210",1986-03-02,9.52568939283083e-08
"13211",1986-03-03,3.44068702133882e-05
"13212",1986-03-04,0.00854516021496465
"13213",1986-03-05,0.00534662531725871
"13214",1986-03-06,0.000645622104457289
"13215",1986-03-07,0.000229099372631936
"13216",1986-03-08,3.82913742100754e-05
"13217",1986-03-09,0.000213143208952715
"13218",1986-03-10,0.00121305547872907
"13219",1986-03-11,0.00010497555041411
"13220",1986-03-12,0.000512773547598044
"13221",1986-03-13,0.000660341270304343
"13222",1986-03-14,0.000867773906975344
"13223",1986-03-15,0.00045760403162376
"13224",1986-03-16,0.000321423680986754
"13225",1986-03-17,0.000270746619150941
"13226",1986-03-18,0.00238624868643456
"13227",1986-03-19,0
"13228",1986-03-20,0.00310035776055884
"13229",1986-03-21,0.00139106642518527
"13230",1986-03-22,0.00971326751511015
"13231",1986-03-23,0.0206388361475547
"13232",1986-03-24,0.00124125667139197
"13233",1986-03-25,0.0122686882061771
"13234",1986-03-26,0.000130458416776946
"13235",1986-03-27,0.010323650155442
"13236",1986-03-28,0.000521771587045805
"13237",1986-03-29,0.00675650244443204
"13238",1986-03-30,0.00377349559772711
"13239",1986-03-31,0.00303819085252144
"13240",1986-04-01,5.2044132132778e-05
"13241",1986-04-02,1.80972165253479e-06
"13242",1986-04-03,0.000114614897427145
"13243",1986-04-04,0.000108770695646854
"13244",1986-04-05,0.0013639102339198
"13245",1986-04-06,3.24110250176091e-05
"13246",1986-04-07,0
"13247",1986-04-08,0
"13248",1986-04-09,4.83302237626049e-05
"13249",1986-04-10,4.57619944427279e-06
"13250",1986-04-11,0
"13251",1986-04-12,0.000429161067131645
"13252",1986-04-13,0.000236134761735229
"13253",1986-04-14,0.000895448562005186
"13254",1986-04-15,0.000957112385549408
"13255",1986-04-16,0.0146784150711028
"13256",1986-04-17,0.000550254149345619
"13257",1986-04-18,0.00028733155613736
"13258",1986-04-19,6.26235475920112e-05
"13259",1986-04-20,0.0022539805387396
"13260",1986-04-21,0.00188563867493485
"13261",1986-04-22,0.00378045493619084
"13262",1986-04-23,0.00697944829789776
"13263",1986-04-24,0.000309700226125642
"13264",1986-04-25,0.00144558252054594
"13265",1986-04-26,2.3834726334826e-06
"13266",1986-04-27,0.00135646470880602
"13267",1986-04-28,0.000814854420809752
"13268",1986-04-29,3.60652365429814e-05
"13269",1986-04-30,0.00237932831106491
"13270",1986-05-01,4.35166077750182e-06
"13271",1986-05-02,0
"13272",1986-05-03,0
"13273",1986-05-04,0.00092761249106843
"13274",1986-05-05,0
"13275",1986-05-06,0.000965187325391526
"13276",1986-05-07,0.000116403693084521
"13277",1986-05-08,0.020928169877152
"13278",1986-05-09,4.00716355670738e-05
"13279",1986-05-10,0.00621742938545822
"13280",1986-05-11,0.00214085373318085
"13281",1986-05-12,0.00492226513784999
"13282",1986-05-13,0.00224786998296622
"13283",1986-05-14,0.000429656192409311
"13284",1986-05-15,0.00276930261264852
"13285",1986-05-16,0.0120521197313792
"13286",1986-05-17,0
"13287",1986-05-18,0.00175101963390034
"13288",1986-05-19,0.000130613195267415
"13289",1986-05-20,0
"13290",1986-05-21,0.00836187872664595
"13291",1986-05-22,0.00732952788530383
"13292",1986-05-23,0.00311417236389389
"13293",1986-05-24,1.23824884781243e-05
"13294",1986-05-25,0.00248571799647834
"13295",1986-05-26,0.00111916737972706
"13296",1986-05-27,0.00211465478332684
"13297",1986-05-28,0.00219430555443978
"13298",1986-05-29,0.000351619203684095
"13299",1986-05-30,0.000376822921680287
"13300",1986-05-31,1.00683933723644e-06
"13301",1986-06-01,0
"13302",1986-06-02,2.39723721051632e-06
"13303",1986-06-03,0.000188316371520614
"13304",1986-06-04,0.0027429925830802
"13305",1986-06-05,0.000485802096591215
"13306",1986-06-06,0.00443501592997109
"13307",1986-06-07,0.0230204426625278
"13308",1986-06-08,0.00587044644998969
"13309",1986-06-09,1.67823451988625e-05
"13310",1986-06-10,4.9539126507625e-06
"13311",1986-06-11,0.000959296713517688
"13312",1986-06-12,2.8703584575851e-07
"13313",1986-06-13,0
"13314",1986-06-14,0
"13315",1986-06-15,0
"13316",1986-06-16,0
"13317",1986-06-17,0
"13318",1986-06-18,0.0042002568816315
"13319",1986-06-19,0.00168755701997725
"13320",1986-06-20,1.60347596533938e-05
"13321",1986-06-21,0
"13322",1986-06-22,0
"13323",1986-06-23,0
"13324",1986-06-24,0
"13325",1986-06-25,0
"13326",1986-06-26,0
"13327",1986-06-27,0
"13328",1986-06-28,4.38465212937444e-06
"13329",1986-06-29,0
"13330",1986-06-30,0
"13331",1986-07-01,0
"13332",1986-07-02,1.91146398265118e-07
"13333",1986-07-03,0.00125003583804073
"13334",1986-07-04,4.87234491970412e-05
"13335",1986-07-05,0.0010858628565984
"13336",1986-07-06,0.000196124857211544
"13337",1986-07-07,0
"13338",1986-07-08,0.000688182076146404
"13339",1986-07-09,0.00068064770454157
"13340",1986-07-10,0.000472648817606114
"13341",1986-07-11,0.00120695105761115
"13342",1986-07-12,0
"13343",1986-07-13,0.000282927394437138
"13344",1986-07-14,0
"13345",1986-07-15,1.43240907846121e-06
"13346",1986-07-16,9.58894474933913e-08
"13347",1986-07-17,0.00707203422189195
"13348",1986-07-18,2.13384303719977e-05
"13349",1986-07-19,0.00323314713659784
"13350",1986-07-20,0.00320473516779884
"13351",1986-07-21,0.00108843096649025
"13352",1986-07-22,0.00433740371136082
"13353",1986-07-23,0.00409813241031998
"13354",1986-07-24,7.30151284642488e-05
"13355",1986-07-25,0.000107945088416272
"13356",1986-07-26,0.000817726614286585
"13357",1986-07-27,7.0882012266793e-05
"13358",1986-07-28,0.000508051653184793
"13359",1986-07-29,0.0172752510770806
"13360",1986-07-30,0.0018448670826956
"13361",1986-07-31,0.00497445377965278
"13362",1986-08-01,0.00767985641476798
"13363",1986-08-02,0.00176329888336113
"13364",1986-08-03,0.00110757374426385
"13365",1986-08-04,0.0286195584643565
"13366",1986-08-05,3.49978133158402e-05
"13367",1986-08-06,3.54503326889244e-05
"13368",1986-08-07,0.00503832035900587
"13369",1986-08-08,0.0171078643761575
"13370",1986-08-09,0.00589416148341115
"13371",1986-08-10,0.000371267207412984
"13372",1986-08-11,0.000279840439588952
"13373",1986-08-12,0.000318861808523252
"13374",1986-08-13,0.00278648585231167
"13375",1986-08-14,0.000147652899613604
"13376",1986-08-15,0.0149267424631034
"13377",1986-08-16,0.0121883346600953
"13378",1986-08-17,0.00873389995945217
"13379",1986-08-18,0.00098177932835597
"13380",1986-08-19,0.00429520909256098
"13381",1986-08-20,0.00968550745801622
"13382",1986-08-21,0.00302263928671209
"13383",1986-08-22,0.00283076060469512
"13384",1986-08-23,0.000594220695120384
"13385",1986-08-24,0.000205558806612771
"13386",1986-08-25,0.00013109330171801
"13387",1986-08-26,0.000274320051914856
"13388",1986-08-27,0.0185968379155383
"13389",1986-08-28,0.0121505908755353
"13390",1986-08-29,0.00721899950531224
"13391",1986-08-30,0.000845436400993549
"13392",1986-08-31,0
"13393",1986-09-01,9.07715490825467e-05
"13394",1986-09-02,0.00509847574812738
"13395",1986-09-03,0.00023715736460872
"13396",1986-09-04,5.47812669537961e-05
"13397",1986-09-05,0.000512880403221061
"13398",1986-09-06,0.000364722427718789
"13399",1986-09-07,1.57592860432487e-05
"13400",1986-09-08,0.000158162342131618
"13401",1986-09-09,0.000590989645388618
"13402",1986-09-10,0.0081298184671823
"13403",1986-09-11,0.000428039962400817
"13404",1986-09-12,0.000503940777150547
"13405",1986-09-13,0.000180290732146204
"13406",1986-09-14,0.00404061682911561
"13407",1986-09-15,0.00188246363660483
"13408",1986-09-16,0
"13409",1986-09-17,1.31602937472053e-05
"13410",1986-09-18,0
"13411",1986-09-19,3.13687929178741e-05
"13412",1986-09-20,8.72809669090202e-05
"13413",1986-09-21,4.69971105303557e-05
"13414",1986-09-22,0
"13415",1986-09-23,0
"13416",1986-09-24,0
"13417",1986-09-25,0
"13418",1986-09-26,0
"13419",1986-09-27,2.87668456167012e-07
"13420",1986-09-28,0.00479378760439886
"13421",1986-09-29,0
"13422",1986-09-30,0.000117392382318116
"13423",1986-10-01,0.000569486182200762
"13424",1986-10-02,0.000494430520120659
"13425",1986-10-03,0.000103325736745319
"13426",1986-10-04,0
"13427",1986-10-05,0.00141978758392725
"13428",1986-10-06,0.00251017659229547
"13429",1986-10-07,0.000809260342123252
"13430",1986-10-08,4.49304206995293e-06
"13431",1986-10-09,0.00169366844329488
"13432",1986-10-10,0.00209223573779127
"13433",1986-10-11,0
"13434",1986-10-12,4.59098822602755e-06
"13435",1986-10-13,6.20355910996295e-06
"13436",1986-10-14,7.33909208179284e-05
"13437",1986-10-15,0.00155023749408656
"13438",1986-10-16,8.92603975444217e-06
"13439",1986-10-17,0
"13440",1986-10-18,0.00172577114983596
"13441",1986-10-19,0.0118617262351108
"13442",1986-10-20,0.00710710027487949
"13443",1986-10-21,0.000445553362283135
"13444",1986-10-22,0.00300074512841775
"13445",1986-10-23,5.2490029247565e-06
"13446",1986-10-24,7.4462800512265e-05
"13447",1986-10-25,0.00394486832766461
"13448",1986-10-26,0.00100227399929054
"13449",1986-10-27,0.00590471527357295
"13450",1986-10-28,0.00689600215991959
"13451",1986-10-29,0.00830771838144528
"13452",1986-10-30,0.00821713584110739
"13453",1986-10-31,0.0045990993697842
"13454",1986-11-01,4.99446850881213e-05
"13455",1986-11-02,0
"13456",1986-11-03,0.00282940000124654
"13457",1986-11-04,2.09691141890289e-05
"13458",1986-11-05,0.0107126349446958
"13459",1986-11-06,7.62804836540454e-06
"13460",1986-11-07,0.00314043179969303
"13461",1986-11-08,0.00660674677055795
"13462",1986-11-09,0.00242548805181286
"13463",1986-11-10,0.0153734490158968
"13464",1986-11-11,0.00912595874933686
"13465",1986-11-12,0.000121714869237621
"13466",1986-11-13,0.00019499698726122
"13467",1986-11-14,0.000990255700344278
"13468",1986-11-15,0.00429083037136024
"13469",1986-11-16,0.000352666337960272
"13470",1986-11-17,0.00571020364895958
"13471",1986-11-18,0.0131553177197929
"13472",1986-11-19,0.00866300477332516
"13473",1986-11-20,0.000805986067462072
"13474",1986-11-21,0.000847130584133993
"13475",1986-11-22,0.00464522870879591
"13476",1986-11-23,0.00610493708518334
"13477",1986-11-24,0.00730824785114237
"13478",1986-11-25,0.00617193363086699
"13479",1986-11-26,0.00474437185948773
"13480",1986-11-27,0.000175927194391079
"13481",1986-11-28,0.000287980508687724
"13482",1986-11-29,0.000608801083217259
"13483",1986-11-30,0.000791280382998139
"13484",1986-12-01,0.00310353400357144
"13485",1986-12-02,0.0015565201297818
"13486",1986-12-03,0.00811403115130815
"13487",1986-12-04,0
"13488",1986-12-05,0.0135098191196903
"13489",1986-12-06,0
"13490",1986-12-07,0.000567463383447375
"13491",1986-12-08,0.00489314761398418
"13492",1986-12-09,0.00055134858484962
"13493",1986-12-10,0.000360123524842493
"13494",1986-12-11,0.000166670333783259
"13495",1986-12-12,0.00181744714700471
"13496",1986-12-13,0.00130505794732017
"13497",1986-12-14,0.00599451395100914
"13498",1986-12-15,0.00255770767398644
"13499",1986-12-16,0.00972999999066815
"13500",1986-12-17,0.00057670662692999
"13501",1986-12-18,0.00855091201538016
"13502",1986-12-19,0.00138421650899545
"13503",1986-12-20,0.000106393905241475
"13504",1986-12-21,0.000336498600859159
"13505",1986-12-22,5.45289678939298e-05
"13506",1986-12-23,0.000132059420366204
"13507",1986-12-24,4.11738943171258e-05
"13508",1986-12-25,0.0111257276730612
"13509",1986-12-26,0.000992438477624091
"13510",1986-12-27,0.000268559519099654
"13511",1986-12-28,0.00281484009144606
"13512",1986-12-29,0.00383455427333956
"13513",1986-12-30,9.30385623973962e-05
"13514",1986-12-31,6.02631199058123e-05
"13515",1987-01-01,2.3566602237679e-05
"13516",1987-01-02,2.72745700158339e-05
"13517",1987-01-03,5.05303250974976e-06
"13518",1987-01-04,0.00131367506293145
"13519",1987-01-05,0.0122282215743326
"13520",1987-01-06,0.000588329734966919
"13521",1987-01-07,0.000701704490378319
"13522",1987-01-08,0.00170077876373398
"13523",1987-01-09,0.000126367538541672
"13524",1987-01-10,0.000226528976781992
"13525",1987-01-11,0.000165054133503872
"13526",1987-01-12,9.57887350523379e-05
"13527",1987-01-13,9.16435062663368e-05
"13528",1987-01-14,0.000434667316767445
"13529",1987-01-15,5.80145454023295e-05
"13530",1987-01-16,2.54229099709846e-05
"13531",1987-01-17,0.00019163268552802
"13532",1987-01-18,0.000321673721373372
"13533",1987-01-19,8.33908339359368e-05
"13534",1987-01-20,0.00238960401384247
"13535",1987-01-21,0.000230487638475552
"13536",1987-01-22,0.000107150244673448
"13537",1987-01-23,0.000274801824104998
"13538",1987-01-24,1.4721098125392e-05
"13539",1987-01-25,1.83089597953767e-05
"13540",1987-01-26,3.25694493881201e-05
"13541",1987-01-27,0.000669625856687617
"13542",1987-01-28,0.000315792956541827
"13543",1987-01-29,5.18728793963419e-05
"13544",1987-01-30,0.00507919032679638
"13545",1987-01-31,0
"13546",1987-02-01,8.20789250610687e-06
"13547",1987-02-02,0.000146266276033202
"13548",1987-02-03,5.13529038244087e-05
"13549",1987-02-04,1.45049640423167e-05
"13550",1987-02-05,0.00470743454701505
"13551",1987-02-06,0.0081493494994902
"13552",1987-02-07,0.000588495978263381
"13553",1987-02-08,0
"13554",1987-02-09,1.70695325891757e-05
"13555",1987-02-10,0.0141472139893608
"13556",1987-02-11,0.0083935710872538
"13557",1987-02-12,0.00241719307996391
"13558",1987-02-13,0.012333305174252
"13559",1987-02-14,0.000346656192959927
"13560",1987-02-15,0
"13561",1987-02-16,0
"13562",1987-02-17,2.2855256247567e-06
"13563",1987-02-18,0
"13564",1987-02-19,0
"13565",1987-02-20,0
"13566",1987-02-21,0
"13567",1987-02-22,2.87635610902726e-05
"13568",1987-02-23,0
"13569",1987-02-24,4.66688365463597e-05
"13570",1987-02-25,0.000130306269227276
"13571",1987-02-26,0.000773926759791266
"13572",1987-02-27,2.00150043383474e-06
"13573",1987-02-28,5.62884503096939e-06
"13574",1987-03-01,0
"13575",1987-03-02,1.43644450645297e-06
"13576",1987-03-03,0
"13577",1987-03-04,1.74203415781449e-05
"13578",1987-03-05,0
"13579",1987-03-06,0
"13580",1987-03-07,0.000177278400940395
"13581",1987-03-08,0.000275467424216913
"13582",1987-03-09,1.43196685371549e-05
"13583",1987-03-10,0
"13584",1987-03-11,0
"13585",1987-03-12,9.58894474933913e-08
"13586",1987-03-13,0
"13587",1987-03-14,2.43990820649742e-05
"13588",1987-03-15,0.00156951750886947
"13589",1987-03-16,0.000365580037907876
"13590",1987-03-17,0.0011776585885741
"13591",1987-03-18,0.0166571374284104
"13592",1987-03-19,0.00134154849092738
"13593",1987-03-20,0.00170276289918547
"13594",1987-03-21,0.00390507861709466
"13595",1987-03-22,0.00234329649441634
"13596",1987-03-23,0.000646382879892826
"13597",1987-03-24,6.69287693995102e-05
"13598",1987-03-25,3.25488927046536e-05
"13599",1987-03-26,0.0106700241458384
"13600",1987-03-27,0.0176156611069018
"13601",1987-03-28,0.0184724292485043
"13602",1987-03-29,0.00025726900673817
"13603",1987-03-30,0
"13604",1987-03-31,0.000167878030879365
"13605",1987-04-01,0.000287931763637062
"13606",1987-04-02,0.00192564103878112
"13607",1987-04-03,0
"13608",1987-04-04,2.01367930685592e-06
"13609",1987-04-05,0
"13610",1987-04-06,0
"13611",1987-04-07,6.68616053189908e-07
"13612",1987-04-08,2.50247164217399e-05
"13613",1987-04-09,0.00168668631067703
"13614",1987-04-10,0.0121710508683464
"13615",1987-04-11,0.00733789780588268
"13616",1987-04-12,5.2503239089674e-05
"13617",1987-04-13,3.03456357073628e-05
"13618",1987-04-14,2.0561422445553e-05
"13619",1987-04-15,5.92188442851693e-05
"13620",1987-04-16,0
"13621",1987-04-17,8.57312500102125e-07
"13622",1987-04-18,0
"13623",1987-04-19,2.97059597187399e-06
"13624",1987-04-20,0.00511673303935822
"13625",1987-04-21,0.000150354958350363
"13626",1987-04-22,6.86678555439357e-06
"13627",1987-04-23,0
"13628",1987-04-24,0
"13629",1987-04-25,8.10417350294301e-06
"13630",1987-04-26,0
"13631",1987-04-27,9.58894474933913e-08
"13632",1987-04-28,0
"13633",1987-04-29,0
"13634",1987-04-30,9.30256501305848e-05
"13635",1987-05-01,0.00144945090613646
"13636",1987-05-02,0.00264523956326457
"13637",1987-05-03,0.00146831092206412
"13638",1987-05-04,8.39104768601828e-06
"13639",1987-05-05,6.20512815885377e-06
"13640",1987-05-06,7.71364875618019e-06
"13641",1987-05-07,0
"13642",1987-05-08,0
"13643",1987-05-09,0.0031488538328972
"13644",1987-05-10,0.000305779931409234
"13645",1987-05-11,0.000555535408068408
"13646",1987-05-12,0.00396605775313219
"13647",1987-05-13,0.0123347829066915
"13648",1987-05-14,0.00341723800420368
"13649",1987-05-15,0.000423909953099155
"13650",1987-05-16,0.00410169310674746
"13651",1987-05-17,0.0084459551052305
"13652",1987-05-18,0.00539120577013819
"13653",1987-05-19,0.00453190641616175
"13654",1987-05-20,0.00810493374592625
"13655",1987-05-21,0.0112569794837327
"13656",1987-05-22,0
"13657",1987-05-23,0
"13658",1987-05-24,0
"13659",1987-05-25,0
"13660",1987-05-26,0.000105136868796762
"13661",1987-05-27,0.00309103877498274
"13662",1987-05-28,0.00476393992721569
"13663",1987-05-29,0
"13664",1987-05-30,0.00026080462180289
"13665",1987-05-31,0.00307653864865642
"13666",1987-06-01,0.010974595497828
"13667",1987-06-02,0.00219416669642669
"13668",1987-06-03,0.0022976428444963
"13669",1987-06-04,1.6305349220147e-05
"13670",1987-06-05,0.000299597162438658
"13671",1987-06-06,0.00361578765659942
"13672",1987-06-07,0.0158788750559324
"13673",1987-06-08,0.0136405962402932
"13674",1987-06-09,0.00835771036508959
"13675",1987-06-10,0.0018468802476832
"13676",1987-06-11,0.000670445763716998
"13677",1987-06-12,0.00530704451284691
"13678",1987-06-13,0
"13679",1987-06-14,0.00991868277196772
"13680",1987-06-15,0.00344544679870751
"13681",1987-06-16,0.0280635539747891
"13682",1987-06-17,0.0321385818533599
"13683",1987-06-18,0.00605519857981562
"13684",1987-06-19,0.00189503199140972
"13685",1987-06-20,0.00108021850127216
"13686",1987-06-21,0.00166409901135012
"13687",1987-06-22,0.00191874622498744
"13688",1987-06-23,9.54474332957034e-05
"13689",1987-06-24,0.00298217772797216
"13690",1987-06-25,0.000924814467168744
"13691",1987-06-26,3.33643384919924e-06
"13692",1987-06-27,0.000140177589457835
"13693",1987-06-28,6.66798598558671e-07
"13694",1987-06-29,0.000260844205683952
"13695",1987-06-30,0.00658799060965976
"13696",1987-07-01,0.000395035376243413
"13697",1987-07-02,1.52411092813054e-06
"13698",1987-07-03,4.55802282885998e-05
"13699",1987-07-04,0
"13700",1987-07-05,0.000574386830919593
"13701",1987-07-06,0
"13702",1987-07-07,0.00314327619133792
"13703",1987-07-08,0
"13704",1987-07-09,0.014723940437932
"13705",1987-07-10,0.00215924669464584
"13706",1987-07-11,0
"13707",1987-07-12,0.000759931376364875
"13708",1987-07-13,0.00684742961311713
"13709",1987-07-14,0.000120723096358688
"13710",1987-07-15,0
"13711",1987-07-16,4.1269738687788e-05
"13712",1987-07-17,0
"13713",1987-07-18,0.000301379377106059
"13714",1987-07-19,0.00324192074657503
"13715",1987-07-20,0.00236400236957479
"13716",1987-07-21,0.0021447136595043
"13717",1987-07-22,0
"13718",1987-07-23,5.14243247380364e-05
"13719",1987-07-24,0.000985820682160465
"13720",1987-07-25,0.00806982781159604
"13721",1987-07-26,0.00132739676007532
"13722",1987-07-27,0.000930037749697021
"13723",1987-07-28,0.000929196881884309
"13724",1987-07-29,0.00309382216306631
"13725",1987-07-30,0.000590923986067082
"13726",1987-07-31,0.000437516619058442
"13727",1987-08-01,0.017854438861832
"13728",1987-08-02,0.00468789951992221
"13729",1987-08-03,0.00802981047127105
"13730",1987-08-04,0.0143796812956793
"13731",1987-08-05,0.00823852849782725
"13732",1987-08-06,6.66347818878421e-05
"13733",1987-08-07,0.00135000867788904
"13734",1987-08-08,0.000510523041384658
"13735",1987-08-09,0.00569077499403647
"13736",1987-08-10,0.000874679677167478
"13737",1987-08-11,0.000746352118994764
"13738",1987-08-12,0.000145851226534432
"13739",1987-08-13,0
"13740",1987-08-14,0.00656532693119516
"13741",1987-08-15,0.00843265659023018
"13742",1987-08-16,0.000406137649235916
"13743",1987-08-17,0.000987157616521017
"13744",1987-08-18,0.000460493757088898
"13745",1987-08-19,0.000136960865347646
"13746",1987-08-20,2.38624346593497e-06
"13747",1987-08-21,0.00260104068536293
"13748",1987-08-22,0.00125141323815114
"13749",1987-08-23,0.0161441286472837
"13750",1987-08-24,0.00102554339628114
"13751",1987-08-25,0.0015947467791193
"13752",1987-08-26,0.0174729341042621
"13753",1987-08-27,0.00602538605107839
"13754",1987-08-28,0.00109430057659665
"13755",1987-08-29,0
"13756",1987-08-30,0.00270017820002977
"13757",1987-08-31,0
"13758",1987-09-01,0
"13759",1987-09-02,2.07824886047092e-05
"13760",1987-09-03,0
"13761",1987-09-04,0.000710911786143242
"13762",1987-09-05,0.0132629691415218
"13763",1987-09-06,0.0118134542281041
"13764",1987-09-07,0.004728560921194
"13765",1987-09-08,1.33335674945556e-06
"13766",1987-09-09,3.83557960503822e-07
"13767",1987-09-10,0.013686790292013
"13768",1987-09-11,0.00276372603457276
"13769",1987-09-12,0.00283906100048625
"13770",1987-09-13,0.00194195923631924
"13771",1987-09-14,0.00447309943217533
"13772",1987-09-15,0.00220897806252651
"13773",1987-09-16,1.9073486328125e-06
"13774",1987-09-17,0.00222311742504644
"13775",1987-09-18,0.00191510741035472
"13776",1987-09-19,8.19879716118521e-06
"13777",1987-09-20,0
"13778",1987-09-21,5.16308301712343e-06
"13779",1987-09-22,0.0054326792997017
"13780",1987-09-23,0.000598416710033689
"13781",1987-09-24,0.00478863277385244
"13782",1987-09-25,6.85929844621569e-05
"13783",1987-09-26,0.000840974605125666
"13784",1987-09-27,0.0154245182739032
"13785",1987-09-28,8.57072109283763e-07
"13786",1987-09-29,0
"13787",1987-09-30,0
"13788",1987-10-01,1.72031752754265e-06
"13789",1987-10-02,0.000179200641355237
"13790",1987-10-03,0.000135215792965937
"13791",1987-10-04,4.96308052788663e-06
"13792",1987-10-05,2.62068208485289e-05
"13793",1987-10-06,0.0213440938969143
"13794",1987-10-07,0.00637047455529682
"13795",1987-10-08,0.00794361453483816
"13796",1987-10-09,0.00701917310016142
"13797",1987-10-10,0.00077019191155614
"13798",1987-10-11,0.000878274200601936
"13799",1987-10-12,0.0251132384678385
"13800",1987-10-13,0.00189122783649509
"13801",1987-10-14,0.00807900498602976
"13802",1987-10-15,0.00986040271993716
"13803",1987-10-16,0.017320401667348
"13804",1987-10-17,0.00411979607355306
"13805",1987-10-18,0.000361340970812307
"13806",1987-10-19,7.90638629268869e-05
"13807",1987-10-20,0.00035188574474887
"13808",1987-10-21,0.000302541545067925
"13809",1987-10-22,0.000222715130917095
"13810",1987-10-23,0.0050189125343536
"13811",1987-10-24,0.00132202894110378
"13812",1987-10-25,4.32176948379492e-05
"13813",1987-10-26,0.000581383153416937
"13814",1987-10-27,0.000374155591998715
"13815",1987-10-28,0.00686911334196338
"13816",1987-10-29,0.0105831534187359
"13817",1987-10-30,0.000444827923274715
"13818",1987-10-31,0.00359359814137861
"13819",1987-11-01,0.000243365935887141
"13820",1987-11-02,3.13876778932354e-05
"13821",1987-11-03,1.14347534463377e-06
"13822",1987-11-04,5.24813918900691e-06
"13823",1987-11-05,1.67815534837246e-05
"13824",1987-11-06,2.38308081179639e-06
"13825",1987-11-07,2.96735322535824e-06
"13826",1987-11-08,5.96211181687067e-05
"13827",1987-11-09,6.76553099765442e-06
"13828",1987-11-10,7.88638990343316e-05
"13829",1987-11-11,0.00103085430004057
"13830",1987-11-12,0.0196736054231224
"13831",1987-11-13,0.00641679762338754
"13832",1987-11-14,0.0034018521582766
"13833",1987-11-15,0.00187330122315643
"13834",1987-11-16,0.0058430188219063
"13835",1987-11-17,0.000855072511853905
"13836",1987-11-18,2.96308570568726e-06
"13837",1987-11-19,0.00646800611787057
"13838",1987-11-20,7.44613467418276e-05
"13839",1987-11-21,1.14549244472073e-05
"13840",1987-11-22,0.000430528404081088
"13841",1987-11-23,0.00283986421163718
"13842",1987-11-24,0.00225904797667908
"13843",1987-11-25,0.000121577624440761
"13844",1987-11-26,0.00158411356005672
"13845",1987-11-27,0.00100694415050384
"13846",1987-11-28,5.81975177738059e-06
"13847",1987-11-29,4.95362299943736e-05
"13848",1987-11-30,9.52568939283083e-07
"13849",1987-12-01,1.90513787856617e-07
"13850",1987-12-02,0
"13851",1987-12-03,0.000116080243344641
"13852",1987-12-04,7.66409805237345e-05
"13853",1987-12-05,2.56828892588601e-05
"13854",1987-12-06,2.38363143125753e-05
"13855",1987-12-07,0
"13856",1987-12-08,0
"13857",1987-12-09,0.000172982850813241
"13858",1987-12-10,0
"13859",1987-12-11,0
"13860",1987-12-12,0
"13861",1987-12-13,0
"13862",1987-12-14,6.86623400270037e-06
"13863",1987-12-15,0.000734846072077744
"13864",1987-12-16,0
"13865",1987-12-17,9.07023919012317e-05
"13866",1987-12-18,0.00608728910447098
"13867",1987-12-19,0.00117021111583426
"13868",1987-12-20,0.00156352527034187
"13869",1987-12-21,8.20473070461958e-06
"13870",1987-12-22,0.00634230459235141
"13871",1987-12-23,2.87668456167012e-07
"13872",1987-12-24,7.88434604714894e-05
"13873",1987-12-25,0.00100138661218807
"13874",1987-12-26,0.00533630079792147
"13875",1987-12-27,0.000403733389248373
"13876",1987-12-28,9.41194066399476e-05
"13877",1987-12-29,0.00536952763195586
"13878",1987-12-30,0.00122184268639103
"13879",1987-12-31,0.00257693560706684
"13880",1988-01-01,0.00786697086005006
"13881",1988-01-02,0.0110263561410306
"13882",1988-01-03,0.00856945407605281
"13883",1988-01-04,0.000830187103417757
"13884",1988-01-05,0.000236400627784406
"13885",1988-01-06,0.00667021057057582
"13886",1988-01-07,0.00390812938485396
"13887",1988-01-08,1.13541349833213e-05
"13888",1988-01-09,0.00301257275441458
"13889",1988-01-10,0.00305725404035684
"13890",1988-01-11,0.00579271304439999
"13891",1988-01-12,0.00198676285043575
"13892",1988-01-13,0.000861474570115206
"13893",1988-01-14,0.00155161041755036
"13894",1988-01-15,0.000427951512335767
"13895",1988-01-16,0.000156091431449568
"13896",1988-01-17,0.000737153794034384
"13897",1988-01-18,0.0101529241310345
"13898",1988-01-19,0.00355625777865498
"13899",1988-01-20,0.00461578959948383
"13900",1988-01-21,0.00667901785345748
"13901",1988-01-22,0.00448969130229671
"13902",1988-01-23,0.00241060357080869
"13903",1988-01-24,0.00103949129334069
"13904",1988-01-25,0.00455899995904474
"13905",1988-01-26,0.0104571952542756
"13906",1988-01-27,0.0073312014574185
"13907",1988-01-28,0.00309957640001812
"13908",1988-01-29,0.00662897982692812
"13909",1988-01-30,0.0123663086133092
"13910",1988-01-31,0.00915211673418526
"13911",1988-02-01,0.0096409619827682
"13912",1988-02-02,0.00974397893878631
"13913",1988-02-03,0.00760928049567156
"13914",1988-02-04,0.00929335925025043
"13915",1988-02-05,0.00718217343091965
"13916",1988-02-06,0.00944972025172319
"13917",1988-02-07,0.00272021615444373
"13918",1988-02-08,0.000285960003907348
"13919",1988-02-09,0.00407746672124176
"13920",1988-02-10,0.0148524941760115
"13921",1988-02-11,0.00990180643225358
"13922",1988-02-12,2.85690703094588e-07
"13923",1988-02-13,3.7207851733001e-06
"13924",1988-02-14,0.00465331652691248
"13925",1988-02-15,0.00150135357949921
"13926",1988-02-16,0.0023402846406384
"13927",1988-02-17,0.00313283432205935
"13928",1988-02-18,0.00361251051015188
"13929",1988-02-19,0.00114098293852294
"13930",1988-02-20,0.000273573563674745
"13931",1988-02-21,0.00104429075236112
"13932",1988-02-22,0.00898202412463434
"13933",1988-02-23,0.00138737019187829
"13934",1988-02-24,0.000187838127203577
"13935",1988-02-25,0.00032473528636956
"13936",1988-02-26,1.75414609202562e-05
"13937",1988-02-27,0.00195677271199202
"13938",1988-02-28,0.00194580055540428
"13939",1988-02-29,0.00296856811837642
"13940",1988-03-01,0.000249256733582115
"13941",1988-03-02,1.17615773547186e-05
"13942",1988-03-03,0.0101720532238687
"13943",1988-03-04,0.00655314954474306
"13944",1988-03-05,0.00704446241434198
"13945",1988-03-06,0.00125058896082919
"13946",1988-03-07,0.000717057975634816
"13947",1988-03-08,0
"13948",1988-03-09,0.00487895828001683
"13949",1988-03-10,0.00293432762481416
"13950",1988-03-11,2.33700865805986e-05
"13951",1988-03-12,0
"13952",1988-03-13,3.72658305423101e-05
"13953",1988-03-14,0
"13954",1988-03-15,0.00035448697872198
"13955",1988-03-16,0.00440329264870343
"13956",1988-03-17,0.00063519489964392
"13957",1988-03-18,0
"13958",1988-03-19,9.14900682573716e-05
"13959",1988-03-20,0.0112819967471296
"13960",1988-03-21,0.0048225702101945
"13961",1988-03-22,3.74752719380922e-05
"13962",1988-03-23,0.000452170472897251
"13963",1988-03-24,0.00174677643849463
"13964",1988-03-25,0.00368812924534723
"13965",1988-03-26,0.000232132970722887
"13966",1988-03-27,0.000373053382986654
"13967",1988-03-28,0.00130669345708156
"13968",1988-03-29,0.00367945643392886
"13969",1988-03-30,0.0116717979426539
"13970",1988-03-31,0.00356138921051752
"13971",1988-04-01,0.000756980016547004
"13972",1988-04-02,0.00134737164535181
"13973",1988-04-03,2.31669037020765e-05
"13974",1988-04-04,0
"13975",1988-04-05,3.92893804246341e-06
"13976",1988-04-06,3.45250685427345e-05
"13977",1988-04-07,0.000101387777590389
"13978",1988-04-08,0
"13979",1988-04-09,7.67833659551798e-05
"13980",1988-04-10,0.00576436780556833
"13981",1988-04-11,6.94017244882161e-05
"13982",1988-04-12,8.28503016236937e-06
"13983",1988-04-13,9.91290382899024e-05
"13984",1988-04-14,0
"13985",1988-04-15,3.35244056941519e-05
"13986",1988-04-16,0.00270435097996824
"13987",1988-04-17,0.0052927381821064
"13988",1988-04-18,0.000104885980363179
"13989",1988-04-19,0.00335857900853398
"13990",1988-04-20,0.016646345821755
"13991",1988-04-21,0.00712532515171915
"13992",1988-04-22,0.000968375217155426
"13993",1988-04-23,0.000196842035620648
"13994",1988-04-24,0.000376840494425323
"13995",1988-04-25,0.000703871049552163
"13996",1988-04-26,1.05478375189705e-06
"13997",1988-04-27,0
"13998",1988-04-28,0
"13999",1988-04-29,0.000742045933463942
"14000",1988-04-30,0.000869860046805115
"14001",1988-05-01,0.00022583092777495
"14002",1988-05-02,0.00404513022658648
"14003",1988-05-03,9.00952229585528e-05
"14004",1988-05-04,0.00502389029543338
"14005",1988-05-05,0.00331600859050241
"14006",1988-05-06,0.000447887352549969
"14007",1988-05-07,4.36380096289213e-05
"14008",1988-05-08,0.000100794823083561
"14009",1988-05-09,0
"14010",1988-05-10,0
"14011",1988-05-11,7.04901322023943e-06
"14012",1988-05-12,0
"14013",1988-05-13,0
"14014",1988-05-14,0
"14015",1988-05-15,0
"14016",1988-05-16,0
"14017",1988-05-17,6.39296712279247e-06
"14018",1988-05-18,0.00020072856511888
"14019",1988-05-19,0
"14020",1988-05-20,5.81177755520912e-06
"14021",1988-05-21,3.857647334371e-05
"14022",1988-05-22,0.00151313558035326
"14023",1988-05-23,0.00114524564207841
"14024",1988-05-24,3.89020262332451e-05
"14025",1988-05-25,0.000256624511166592
"14026",1988-05-26,0
"14027",1988-05-27,0
"14028",1988-05-28,0
"14029",1988-05-29,0.0136088273427504
"14030",1988-05-30,0.00212247706986091
"14031",1988-05-31,0.000506763180510461
"14032",1988-06-01,0.00144178521196636
"14033",1988-06-02,0.00229493924325652
"14034",1988-06-03,0.00447550581429823
"14035",1988-06-04,0.00238609740301854
"14036",1988-06-05,0.00860749769634594
"14037",1988-06-06,6.57802991668177e-05
"14038",1988-06-07,0.000917975571610441
"14039",1988-06-08,0.00413419844699092
"14040",1988-06-09,0
"14041",1988-06-10,0.000880939918260992
"14042",1988-06-11,0
"14043",1988-06-12,0
"14044",1988-06-13,0
"14045",1988-06-14,0
"14046",1988-06-15,0
"14047",1988-06-16,7.38349081075285e-06
"14048",1988-06-17,2.06706765766285e-05
"14049",1988-06-18,0.000953881273630941
"14050",1988-06-19,0.00151653554246423
"14051",1988-06-20,0.000103170439160749
"14052",1988-06-21,0.000486761893625953
"14053",1988-06-22,1.91778894986783e-07
"14054",1988-06-23,0.00079485658534395
"14055",1988-06-24,0.000254413865832248
"14056",1988-06-25,0.00152751424235475
"14057",1988-06-26,0.000118353452933206
"14058",1988-06-27,0.000256835193567895
"14059",1988-06-28,0.00306689661300652
"14060",1988-06-29,0.000818010603836683
"14061",1988-06-30,0.00204857241669743
"14062",1988-07-01,0.000424636415345958
"14063",1988-07-02,0.0287864574520427
"14064",1988-07-03,0.00343490808597835
"14065",1988-07-04,0.00751510104601039
"14066",1988-07-05,0.00167448757019883
"14067",1988-07-06,0.0125541240959137
"14068",1988-07-07,0.00212732344363076
"14069",1988-07-08,0.00144420436117798
"14070",1988-07-09,0.00588576200334501
"14071",1988-07-10,0.00313451675879151
"14072",1988-07-11,0.0127073927431525
"14073",1988-07-12,0.001021546360505
"14074",1988-07-13,0.000357265635614112
"14075",1988-07-14,0.0155334673782477
"14076",1988-07-15,0.0211440149635109
"14077",1988-07-16,0.0017678824858649
"14078",1988-07-17,0.00766128748853134
"14079",1988-07-18,0.0014399005220298
"14080",1988-07-19,0.0096433749422431
"14081",1988-07-20,0.00513127647855072
"14082",1988-07-21,0.00022034865975229
"14083",1988-07-22,0.000689160980982706
"14084",1988-07-23,3.71778224916852e-06
"14085",1988-07-24,0.0145045417084475
"14086",1988-07-25,0.00179535866288916
"14087",1988-07-26,0.00438400133594996
"14088",1988-07-27,0.00138695881526019
"14089",1988-07-28,0.000551480960893969
"14090",1988-07-29,0.0117953775489923
"14091",1988-07-30,0.0110906111622171
"14092",1988-07-31,0.00213379401589009
"14093",1988-08-01,0
"14094",1988-08-02,0.00433378949037433
"14095",1988-08-03,0.00269616230093561
"14096",1988-08-04,0.00434182141452766
"14097",1988-08-05,0.000323357263766866
"14098",1988-08-06,3.1065250368556e-05
"14099",1988-08-07,8.51348850119393e-05
"14100",1988-08-08,0
"14101",1988-08-09,9.52568939283083e-08
"14102",1988-08-10,1.88679332495667e-05
"14103",1988-08-11,0.00204408325589611
"14104",1988-08-12,0.00478257895247225
"14105",1988-08-13,0.00788555025610549
"14106",1988-08-14,0.0055425561172342
"14107",1988-08-15,0.013866927090362
"14108",1988-08-16,0.00130285013551656
"14109",1988-08-17,0.00137005016040348
"14110",1988-08-18,6.38221393955973e-06
"14111",1988-08-19,0.0252854673926777
"14112",1988-08-20,0.00985961040714756
"14113",1988-08-21,0.00810627650668039
"14114",1988-08-22,0.00550553719119762
"14115",1988-08-23,0.000147251229407175
"14116",1988-08-24,0.000625830979288367
"14117",1988-08-25,0.0057066776935244
"14118",1988-08-26,0.0103552357173839
"14119",1988-08-27,0.00206660119403068
"14120",1988-08-28,0.00187335825830814
"14121",1988-08-29,0.00747342204340384
"14122",1988-08-30,0.00181342936213014
"14123",1988-08-31,0.00424028663928766
"14124",1988-09-01,0.0124590854739495
"14125",1988-09-02,0.0241904082577094
"14126",1988-09-03,0.0159196933842622
"14127",1988-09-04,0.00341944150216023
"14128",1988-09-05,0.00119757157733602
"14129",1988-09-06,6.65668950432519e-05
"14130",1988-09-07,6.40585125211146e-06
"14131",1988-09-08,0
"14132",1988-09-09,0
"14133",1988-09-10,7.58696215825694e-05
"14134",1988-09-11,0.0030355766917296
"14135",1988-09-12,0.000261286842942354
"14136",1988-09-13,0.00242202622939658
"14137",1988-09-14,1.52434301980975e-06
"14138",1988-09-15,0
"14139",1988-09-16,0
"14140",1988-09-17,0
"14141",1988-09-18,0
"14142",1988-09-19,0.00106552189475906
"14143",1988-09-20,0
"14144",1988-09-21,0.000157792936818169
"14145",1988-09-22,0.000763441686672195
"14146",1988-09-23,0.00848201455556818
"14147",1988-09-24,0.00967761897481978
"14148",1988-09-25,0.000927366626456205
"14149",1988-09-26,0.00674361442543159
"14150",1988-09-27,0.000716894376182609
"14151",1988-09-28,0.0141547104431083
"14152",1988-09-29,0.00342053360327554
"14153",1988-09-30,1.42777236646907e-05
"14154",1988-10-01,1.28466612068223e-05
"14155",1988-10-02,0.000955626166501133
"14156",1988-10-03,0.000105478888656307
"14157",1988-10-04,0.000576667483073834
"14158",1988-10-05,0.000537811945264366
"14159",1988-10-06,0.0179323350357663
"14160",1988-10-07,0.0143338883353863
"14161",1988-10-08,0.00901306409377867
"14162",1988-10-09,0.0181462866685251
"14163",1988-10-10,0.00312031528119405
"14164",1988-10-11,2.56518833339214e-05
"14165",1988-10-12,0.00239604931482518
"14166",1988-10-13,0.0191603297762413
"14167",1988-10-14,0.000221404352600985
"14168",1988-10-15,6.60140512991347e-05
"14169",1988-10-16,9.55264272306522e-06
"14170",1988-10-17,0.000162811197753854
"14171",1988-10-18,0.000143585087982956
"14172",1988-10-19,0.000157609692337246
"14173",1988-10-20,7.16046662319059e-06
"14174",1988-10-21,2.58523514276021e-05
"14175",1988-10-22,0.000153968783422442
"14176",1988-10-23,0.000182261976988229
"14177",1988-10-24,2.15410607893318e-05
"14178",1988-10-25,2.52077834375086e-05
"14179",1988-10-26,0.00744667071103322
"14180",1988-10-27,0.0164933123824085
"14181",1988-10-28,0.0156917235589162
"14182",1988-10-29,8.43827490371041e-06
"14183",1988-10-30,0.000650095193122979
"14184",1988-10-31,2.85770795471763e-07
"14185",1988-11-01,0.000278223211353179
"14186",1988-11-02,1.52766540395533e-06
"14187",1988-11-03,0
"14188",1988-11-04,2.57517109503169e-06
"14189",1988-11-05,0.00306201311968834
"14190",1988-11-06,0.000106403483187023
"14191",1988-11-07,0
"14192",1988-11-08,0
"14193",1988-11-09,8.67767635668315e-05
"14194",1988-11-10,0.00158677935542073
"14195",1988-11-11,0.00104528128247239
"14196",1988-11-12,0.000145365308583223
"14197",1988-11-13,0.000235779362299127
"14198",1988-11-14,0
"14199",1988-11-15,5.78122762817657e-06
"14200",1988-11-16,2.0977893257168e-05
"14201",1988-11-17,0.000284413341546497
"14202",1988-11-18,0.00431423239933793
"14203",1988-11-19,2.20545763340851e-06
"14204",1988-11-20,0
"14205",1988-11-21,0
"14206",1988-11-22,0
"14207",1988-11-23,0
"14208",1988-11-24,0
"14209",1988-11-25,0
"14210",1988-11-26,0.00011788537335633
"14211",1988-11-27,0
"14212",1988-11-28,0.0125531858345198
"14213",1988-11-29,0.00485268746888323
"14214",1988-11-30,3.82925236408482e-07
"14215",1988-12-01,6.3890039996295e-06
"14216",1988-12-02,1.69727803154274e-05
"14217",1988-12-03,0.0011866956256199
"14218",1988-12-04,0.0117844336346025
"14219",1988-12-05,0.00553917027718853
"14220",1988-12-06,0.000799382937259452
"14221",1988-12-07,0
"14222",1988-12-08,0.000940157814738996
"14223",1988-12-09,0
"14224",1988-12-10,0.000619803697816224
"14225",1988-12-11,0.000625196757482627
"14226",1988-12-12,0.000354147203324828
"14227",1988-12-13,0
"14228",1988-12-14,0
"14229",1988-12-15,6.49570492896601e-05
"14230",1988-12-16,0.00167439417054993
"14231",1988-12-17,4.76837158203125e-07
"14232",1988-12-18,0.00576543622815961
"14233",1988-12-19,6.16016216667958e-05
"14234",1988-12-20,5.14797318373894e-06
"14235",1988-12-21,0.000751429497540812
"14236",1988-12-22,0.000791850586210785
"14237",1988-12-23,0.00239068968272704
"14238",1988-12-24,0.00328137679298379
"14239",1988-12-25,0.00161932203468496
"14240",1988-12-26,0.00256416984990437
"14241",1988-12-27,0.00580090608309547
"14242",1988-12-28,0.000202752607265211
"14243",1988-12-29,1.01117583994892e-05
"14244",1988-12-30,0.000117344832858635
"14245",1988-12-31,2.47667958319653e-06
"14246",1989-01-01,7.08348284206295e-06
"14247",1989-01-02,9.6877786290861e-05
"14248",1989-01-03,0.000151697404874085
"14249",1989-01-04,0.00154414214193821
"14250",1989-01-05,0.000627056986900243
"14251",1989-01-06,0
"14252",1989-01-07,0
"14253",1989-01-08,2.72792291298174e-05
"14254",1989-01-09,0.00096400595407431
"14255",1989-01-10,0
"14256",1989-01-11,0.000230565106164704
"14257",1989-01-12,0.00656716608500574
"14258",1989-01-13,0.00249502605493035
"14259",1989-01-14,0.00580666666945717
"14260",1989-01-15,0.0029076819686793
"14261",1989-01-16,0.000146081443915591
"14262",1989-01-17,3.17613676088513e-05
"14263",1989-01-18,9.52502693962742e-06
"14264",1989-01-19,1.88278138466558e-05
"14265",1989-01-20,0.00052405338283279
"14266",1989-01-21,0.0030924680759199
"14267",1989-01-22,3.11788944600266e-05
"14268",1989-01-23,0.00207292448340013
"14269",1989-01-24,9.84928772709281e-05
"14270",1989-01-25,0.000159120959324355
"14271",1989-01-26,0.00151615329923516
"14272",1989-01-27,0.000788022764936613
"14273",1989-01-28,0.000767669961533102
"14274",1989-01-29,0.000173506606188312
"14275",1989-01-30,2.78563043707436e-05
"14276",1989-01-31,0
"14277",1989-02-01,0.000108271544604577
"14278",1989-02-02,0.000907158446352696
"14279",1989-02-03,0.000226187817133905
"14280",1989-02-04,0.00947811832884327
"14281",1989-02-05,0.00382313260251976
"14282",1989-02-06,0.000570341735908642
"14283",1989-02-07,0.000368291377981222
"14284",1989-02-08,2.04073051008891e-05
"14285",1989-02-09,0.000125154175464104
"14286",1989-02-10,0.000616227373939182
"14287",1989-02-11,0.0017032494531577
"14288",1989-02-12,0.000921816881600535
"14289",1989-02-13,0.00303424902722327
"14290",1989-02-14,0.00922600846206478
"14291",1989-02-15,0.00567953999416204
"14292",1989-02-16,1.69840772059615e-05
"14293",1989-02-17,2.98899049084866e-05
"14294",1989-02-18,0.00629563649306419
"14295",1989-02-19,0.00517240526369278
"14296",1989-02-20,0.00132596435219057
"14297",1989-02-21,0
"14298",1989-02-22,0.0030001775289179
"14299",1989-02-23,0.00718886143295094
"14300",1989-02-24,0.00729807894094847
"14301",1989-02-25,0.0076615712370085
"14302",1989-02-26,0.00985105908057449
"14303",1989-02-27,0.006361441250192
"14304",1989-02-28,0.00562091832398437
"14305",1989-03-01,0.00377355609128927
"14306",1989-03-02,0.000504908618495392
"14307",1989-03-03,0.000186893055456494
"14308",1989-03-04,0.00197288448998734
"14309",1989-03-05,0.00318839704948459
"14310",1989-03-06,0.00039309239201657
"14311",1989-03-07,0.000165497346870325
"14312",1989-03-08,0.00641376902058255
"14313",1989-03-09,0.00292213739663794
"14314",1989-03-10,0.00470721586316358
"14315",1989-03-11,0.00442120287311809
"14316",1989-03-12,1.97475609979847e-05
"14317",1989-03-13,0.0135774531137258
"14318",1989-03-14,0.00136398278658589
"14319",1989-03-15,0.000910664020807417
"14320",1989-03-16,0.00255870958790183
"14321",1989-03-17,0.000129402993479744
"14322",1989-03-18,0.00128449528369856
"14323",1989-03-19,0.00468766331783854
"14324",1989-03-20,0.00901479280400963
"14325",1989-03-21,0.00198025187626172
"14326",1989-03-22,0.0073881504369524
"14327",1989-03-23,0.00359001078766141
"14328",1989-03-24,0.00957384831679065
"14329",1989-03-25,9.1514864891451e-05
"14330",1989-03-26,1.73802905578668e-05
"14331",1989-03-27,0.000326940038917201
"14332",1989-03-28,0.00220743637038368
"14333",1989-03-29,0
"14334",1989-03-30,0.00246290681371875
"14335",1989-03-31,0.000160413181447439
"14336",1989-04-01,0
"14337",1989-04-02,0.000306564268555576
"14338",1989-04-03,0.000297938634048478
"14339",1989-04-04,6.00968000981084e-05
"14340",1989-04-05,9.5367431640625e-07
"14341",1989-04-06,0.00278464946779877
"14342",1989-04-07,0.00712147454487422
"14343",1989-04-08,0.00648512745556218
"14344",1989-04-09,0.00371654277984135
"14345",1989-04-10,0.0049690953493382
"14346",1989-04-11,0.0154032708016985
"14347",1989-04-12,0.00538487282204869
"14348",1989-04-13,0.000469104460819381
"14349",1989-04-14,0
"14350",1989-04-15,0
"14351",1989-04-16,9.33517952717011e-06
"14352",1989-04-17,0.00191322071509603
"14353",1989-04-18,0.00262441085487808
"14354",1989-04-19,0.00229916292664711
"14355",1989-04-20,3.61976350404802e-06
"14356",1989-04-21,3.04948690654783e-06
"14357",1989-04-22,0.000944288507525926
"14358",1989-04-23,0.000727475803216748
"14359",1989-04-24,7.90489419273399e-05
"14360",1989-04-25,0.00464591975924122
"14361",1989-04-26,0.00435744966921447
"14362",1989-04-27,0.00501815233019443
"14363",1989-04-28,1.04837707795014e-05
"14364",1989-04-29,6.19170077698072e-06
"14365",1989-04-30,0
"14366",1989-05-01,0.000725965190440547
"14367",1989-05-02,9.8937068912619e-05
"14368",1989-05-03,2.96545584888008e-06
"14369",1989-05-04,0
"14370",1989-05-05,1.90663558896631e-06
"14371",1989-05-06,0.00039698980913272
"14372",1989-05-07,0
"14373",1989-05-08,0
"14374",1989-05-09,0.00322234429756918
"14375",1989-05-10,0.000323231396635038
"14376",1989-05-11,3.6197634472046e-06
"14377",1989-05-12,0.00333742754219202
"14378",1989-05-13,0.0150746837589395
"14379",1989-05-14,0.000553015142941149
"14380",1989-05-15,5.72726605696516e-07
"14381",1989-05-16,5.31236651113431e-05
"14382",1989-05-17,0
"14383",1989-05-18,1.70630100910785e-05
"14384",1989-05-19,0.000264195776878751
"14385",1989-05-20,0
"14386",1989-05-21,0
"14387",1989-05-22,0
"14388",1989-05-23,0
"14389",1989-05-24,0
"14390",1989-05-25,0
"14391",1989-05-26,0
"14392",1989-05-27,0.000521753303758032
"14393",1989-05-28,0.00100983755436346
"14394",1989-05-29,4.59426499332949e-05
"14395",1989-05-30,0.00331811154865136
"14396",1989-05-31,0.0200717432890087
"14397",1989-06-01,0.00619199095763179
"14398",1989-06-02,0.000770233213359006
"14399",1989-06-03,0.000359191902134626
"14400",1989-06-04,0.00054271277758744
"14401",1989-06-05,0.00562282333362418
"14402",1989-06-06,0.00587263953377715
"14403",1989-06-07,0.00232148296493051
"14404",1989-06-08,0.00478787403426395
"14405",1989-06-09,0.00788358616864571
"14406",1989-06-10,0.000573173326301912
"14407",1989-06-11,0
"14408",1989-06-12,0
"14409",1989-06-13,0
"14410",1989-06-14,0
"14411",1989-06-15,0
"14412",1989-06-16,0
"14413",1989-06-17,0
"14414",1989-06-18,0
"14415",1989-06-19,0
"14416",1989-06-20,1.9073486328125e-06
"14417",1989-06-21,9.9731060799968e-05
"14418",1989-06-22,0.000338408004608937
"14419",1989-06-23,0
"14420",1989-06-24,0
"14421",1989-06-25,0.0010259385973086
"14422",1989-06-26,2.32653759439927e-05
"14423",1989-06-27,0.0111143930387243
"14424",1989-06-28,0.0103164190786629
"14425",1989-06-29,0.00553698927302548
"14426",1989-06-30,9.73391422007808e-05
"14427",1989-07-01,0.000507810807903297
"14428",1989-07-02,2.51445114258786e-05
"14429",1989-07-03,0
"14430",1989-07-04,0
"14431",1989-07-05,0
"14432",1989-07-06,0
"14433",1989-07-07,6.68616110033327e-07
"14434",1989-07-08,0
"14435",1989-07-09,0.00972365232155425
"14436",1989-07-10,0.00501931021841528
"14437",1989-07-11,9.34630764959365e-06
"14438",1989-07-12,0.00156509186399489
"14439",1989-07-13,0.00343944192263734
"14440",1989-07-14,0.00208068105166603
"14441",1989-07-15,0.00572700818446492
"14442",1989-07-16,0.000247329453941347
"14443",1989-07-17,0.00387075011622073
"14444",1989-07-18,0.000267876896032249
"14445",1989-07-19,0
"14446",1989-07-20,1.71414376382018e-06
"14447",1989-07-21,0
"14448",1989-07-22,0.00038346239580278
"14449",1989-07-23,0
"14450",1989-07-24,0
"14451",1989-07-25,0
"14452",1989-07-26,0.00080146944765147
"14453",1989-07-27,0.00655929299773561
"14454",1989-07-28,9.16345674681907e-05
"14455",1989-07-29,0.00469180746586062
"14456",1989-07-30,0.0152763469086494
"14457",1989-07-31,0.0322029765229672
"14458",1989-08-01,0.0134709920384921
"14459",1989-08-02,0.00349510807700426
"14460",1989-08-03,0.000184478126357135
"14461",1989-08-04,0.00790406067187632
"14462",1989-08-05,0.00141350847053445
"14463",1989-08-06,0.000631802199507092
"14464",1989-08-07,0
"14465",1989-08-08,0.000690353163122381
"14466",1989-08-09,0.00756190254651301
"14467",1989-08-10,0.00634398675811099
"14468",1989-08-11,0.00568727987530337
"14469",1989-08-12,0.00250093468730483
"14470",1989-08-13,0.000887466787389712
"14471",1989-08-14,0.0141035416031627
"14472",1989-08-15,0.0104034118010077
"14473",1989-08-16,0.000754160584278907
"14474",1989-08-17,0.00194812156411217
"14475",1989-08-18,0.0018115098528142
"14476",1989-08-19,0.000249861317570321
"14477",1989-08-20,0.000977321238337936
"14478",1989-08-21,5.5286093356699e-06
"14479",1989-08-22,0.000205294721752125
"14480",1989-08-23,0.00185204776084902
"14481",1989-08-24,0.00506940415834833
"14482",1989-08-25,0.000222081208335112
"14483",1989-08-26,0.000296480263557442
"14484",1989-08-27,0.00038931771098305
"14485",1989-08-28,5.68960831515142e-05
"14486",1989-08-29,5.48945527043543e-05
"14487",1989-08-30,4.76204547794623e-07
"14488",1989-08-31,0.00102752523656591
"14489",1989-09-01,5.00774404486037e-05
"14490",1989-09-02,0.000155297180640446
"14491",1989-09-03,8.62608960687794e-05
"14492",1989-09-04,0.000107552620647766
"14493",1989-09-05,0
"14494",1989-09-06,5.26325224541324e-05
"14495",1989-09-07,0
"14496",1989-09-08,0.00522981963058555
"14497",1989-09-09,3.95523502447759e-05
"14498",1989-09-10,0
"14499",1989-09-11,0
"14500",1989-09-12,0
"14501",1989-09-13,0
"14502",1989-09-14,0.00384106876572332
"14503",1989-09-15,0.000512724967848044
"14504",1989-09-16,0.00144769794314925
"14505",1989-09-17,0.00483174822511501
"14506",1989-09-18,0.000539601195214345
"14507",1989-09-19,0.00865480284141995
"14508",1989-09-20,0.000659779365207669
"14509",1989-09-21,6.07591956622855e-05
"14510",1989-09-22,0.000867771182072374
"14511",1989-09-23,0.000348839799983125
"14512",1989-09-24,5.92547760902562e-05
"14513",1989-09-25,0.00446468565638725
"14514",1989-09-26,0.000340887367428877
"14515",1989-09-27,1.28337686646773e-05
"14516",1989-09-28,7.62250692787347e-06
"14517",1989-09-29,0
"14518",1989-09-30,0
"14519",1989-10-01,0.000171769157020663
"14520",1989-10-02,2.19492051201087e-05
"14521",1989-10-03,0
"14522",1989-10-04,0
"14523",1989-10-05,2.64845035076178e-05
"14524",1989-10-06,0.00506266969375702
"14525",1989-10-07,0.00218069962357959
"14526",1989-10-08,1.33525372802978e-06
"14527",1989-10-09,0.00811653796154133
"14528",1989-10-10,0.00493417721185097
"14529",1989-10-11,0.00493158042263531
"14530",1989-10-12,0.00306688962115231
"14531",1989-10-13,2.16186602415291e-05
"14532",1989-10-14,8.51516408033604e-05
"14533",1989-10-15,0
"14534",1989-10-16,0.00658968147581618
"14535",1989-10-17,0.000761524765323429
"14536",1989-10-18,0.000227703298151027
"14537",1989-10-19,0.00101292387353169
"14538",1989-10-20,0.00523676751140556
"14539",1989-10-21,0.0103755073469074
"14540",1989-10-22,0.0103501089470228
"14541",1989-10-23,0.00174441924264102
"14542",1989-10-24,0.000420334937928146
"14543",1989-10-25,0.001434357638459
"14544",1989-10-26,0.00269435399491158
"14545",1989-10-27,1.42885414788907e-06
"14546",1989-10-28,0.00229225486054929
"14547",1989-10-29,0.00272381775357644
"14548",1989-10-30,0.000712578267666686
"14549",1989-10-31,0.000141562820488161
"14550",1989-11-01,0.00253652418177808
"14551",1989-11-02,0.000897437550747782
"14552",1989-11-03,0.00908757859389198
"14553",1989-11-04,0.00791903704521246
"14554",1989-11-05,0.000849162824238192
"14555",1989-11-06,0.00315902116471989
"14556",1989-11-07,0.000256597868371955
"14557",1989-11-08,0.000684006037772633
"14558",1989-11-09,0.00710857640189033
"14559",1989-11-10,0.0064953814016917
"14560",1989-11-11,0.00646213270374574
"14561",1989-11-12,0.00101584260244181
"14562",1989-11-13,8.37937486721785e-05
"14563",1989-11-14,0.000240201934900597
"14564",1989-11-15,0
"14565",1989-11-16,0
"14566",1989-11-17,6.95371052756855e-05
"14567",1989-11-18,0.000104438802736695
"14568",1989-11-19,0.000251917980676808
"14569",1989-11-20,0.000242385212004592
"14570",1989-11-21,0.00109871969584674
"14571",1989-11-22,1.15969348826184e-05
"14572",1989-11-23,5.65747996006394e-06
"14573",1989-11-24,1.15067359729437e-06
"14574",1989-11-25,0.00023956989934959
"14575",1989-11-26,3.81580207431398e-07
"14576",1989-11-27,9.16971879405537e-06
"14577",1989-11-28,0
"14578",1989-11-29,0
"14579",1989-11-30,0
"14580",1989-12-01,1.90734857596908e-06
"14581",1989-12-02,3.81580150587979e-07
"14582",1989-12-03,0
"14583",1989-12-04,0
"14584",1989-12-05,7.47676949686138e-06
"14585",1989-12-06,1.72601085068891e-06
"14586",1989-12-07,0
"14587",1989-12-08,0.000185865377716254
"14588",1989-12-09,5.73310635445523e-05
"14589",1989-12-10,0.000800731693971102
"14590",1989-12-11,9.15319376417756e-05
"14591",1989-12-12,0.000250080844693912
"14592",1989-12-13,1.90513844700035e-07
"14593",1989-12-14,0.000651295718057554
"14594",1989-12-15,4.83635628825141e-05
"14595",1989-12-16,0.00101632710595823
"14596",1989-12-17,0.0194600868126145
"14597",1989-12-18,0.0091849526106671
"14598",1989-12-19,0.000807909760851544
"14599",1989-12-20,0
"14600",1989-12-21,0.0135675570745661
"14601",1989-12-22,0.00930101879930589
"14602",1989-12-23,0.000806084323812684
"14603",1989-12-24,0.000583769158481573
"14604",1989-12-25,0.00424327320070006
"14605",1989-12-26,0.00247468867928546
"14606",1989-12-27,0.000409007367409231
"14607",1989-12-28,0.000165215370543592
"14608",1989-12-29,9.81821518166726e-05
"14609",1989-12-30,7.05739761883706e-05
"14610",1989-12-31,0.00014699919290706
"14611",1990-01-01,9.30038704041181e-05
"14612",1990-01-02,0.000156437354860373
"14613",1990-01-03,0.00150654705612396
"14614",1990-01-04,0.00183402238076269
"14615",1990-01-05,1.45917554732478e-05
"14616",1990-01-06,0.000267348003376355
"14617",1990-01-07,0.00418029238988993
"14618",1990-01-08,0.000963665035669692
"14619",1990-01-09,0.000283396730822005
"14620",1990-01-10,0.0059045736123835
"14621",1990-01-11,3.31192414932957e-05
"14622",1990-01-12,0.00116840877029745
"14623",1990-01-13,0.000372633878441775
"14624",1990-01-14,0.00167046247861435
"14625",1990-01-15,0.0119926493953244
"14626",1990-01-16,0.00169527128537084
"14627",1990-01-17,0.00373806758324235
"14628",1990-01-18,0.00057129229480779
"14629",1990-01-19,0.00533171586812387
"14630",1990-01-20,0.002310724259587
"14631",1990-01-21,2.58577273370975e-06
"14632",1990-01-22,0.00618414239670528
"14633",1990-01-23,0.016766786813605
"14634",1990-01-24,0.00135175929995057
"14635",1990-01-25,0.00570968983629427
"14636",1990-01-26,0.0172977934853407
"14637",1990-01-27,0.000420151193566198
"14638",1990-01-28,0.0147539450827026
"14639",1990-01-29,0.0037565577845271
"14640",1990-01-30,0.00981924401730794
"14641",1990-01-31,0.0150998564640759
"14642",1990-02-01,0.00881780376948882
"14643",1990-02-02,0.00686947718531883
"14644",1990-02-03,0.00774704091600142
"14645",1990-02-04,0.0062541054235794
"14646",1990-02-05,0.000761663515731925
"14647",1990-02-06,4.63684001488218e-05
"14648",1990-02-07,0.0163768066696548
"14649",1990-02-08,0.0076877110066107
"14650",1990-02-09,0.000668932974804193
"14651",1990-02-10,0.00130974495220926
"14652",1990-02-11,0.00419136568416434
"14653",1990-02-12,0.00334500421570283
"14654",1990-02-13,0.00693653414782602
"14655",1990-02-14,0.00069135151898081
"14656",1990-02-15,0.00112608110339352
"14657",1990-02-16,1.43573197419755e-06
"14658",1990-02-17,0.00193945125562323
"14659",1990-02-18,0.0045030535090973
"14660",1990-02-19,0.00868131003045391
"14661",1990-02-20,0.00487028304200976
"14662",1990-02-21,0.011625955382442
"14663",1990-02-22,2.8851210117864e-05
"14664",1990-02-23,3.24996108247433e-06
"14665",1990-02-24,0.00682974540569603
"14666",1990-02-25,0.00625893191772775
"14667",1990-02-26,0.0177812502661254
"14668",1990-02-27,0.00275603665158997
"14669",1990-02-28,0.000570259067274037
"14670",1990-03-01,0.000204147271062993
"14671",1990-03-02,0.000852190641467132
"14672",1990-03-03,1.70646253536688e-05
"14673",1990-03-04,0.000312471296069816
"14674",1990-03-05,0.000352905956788163
"14675",1990-03-06,0
"14676",1990-03-07,0.00282248830626486
"14677",1990-03-08,0.000220546644300157
"14678",1990-03-09,0.00521041173578851
"14679",1990-03-10,0.00226070112694288
"14680",1990-03-11,0.00289394457968228
"14681",1990-03-12,0
"14682",1990-03-13,0
"14683",1990-03-14,0.00201278969922214
"14684",1990-03-15,0.000675877072353614
"14685",1990-03-16,0.00108122330243532
"14686",1990-03-17,9.52568939283083e-08
"14687",1990-03-18,0
"14688",1990-03-19,0.000872168373291515
"14689",1990-03-20,0.000435263096051131
"14690",1990-03-21,0.00811127096039854
"14691",1990-03-22,1.14284290475553e-06
"14692",1990-03-23,0.000690946687939231
"14693",1990-03-24,0.000739510756829986
"14694",1990-03-25,0.000112578136622687
"14695",1990-03-26,0.000289972750579182
"14696",1990-03-27,0
"14697",1990-03-28,0.000588549054782561
"14698",1990-03-29,0.000613778476463267
"14699",1990-03-30,0
"14700",1990-03-31,0
"14701",1990-04-01,0.000128277469229943
"14702",1990-04-02,0.00722636755926942
"14703",1990-04-03,0.00514944667543205
"14704",1990-04-04,0.00234826528156873
"14705",1990-04-05,0.000981830452076338
"14706",1990-04-06,0.0060296620358713
"14707",1990-04-07,0.000360704842023551
"14708",1990-04-08,7.62055549330398e-07
"14709",1990-04-09,0.000231009734307008
"14710",1990-04-10,0.00813356958315126
"14711",1990-04-11,0.00415415995394142
"14712",1990-04-12,0.000105094717696375
"14713",1990-04-13,0.00028822087278968
"14714",1990-04-14,0.0088731921659928
"14715",1990-04-15,0.00342577397549348
"14716",1990-04-16,0.00442655730040542
"14717",1990-04-17,0.00571059088332504
"14718",1990-04-18,0.00197122497775126
"14719",1990-04-19,0.000872431651259831
"14720",1990-04-20,0.00323900520925235
"14721",1990-04-21,0.000296273543199277
"14722",1990-04-22,1.17246412401073e-05
"14723",1990-04-23,0.00010636983824952
"14724",1990-04-24,7.62055492486979e-07
"14725",1990-04-25,0
"14726",1990-04-26,0.0045152880356909
"14727",1990-04-27,0.000468157612885989
"14728",1990-04-28,2.85690703094588e-07
"14729",1990-04-29,5.66958695458197e-05
"14730",1990-04-30,0
"14731",1990-05-01,0
"14732",1990-05-02,0
"14733",1990-05-03,0
"14734",1990-05-04,0
"14735",1990-05-05,0
"14736",1990-05-06,0
"14737",1990-05-07,0
"14738",1990-05-08,0
"14739",1990-05-09,4.4547428842634e-05
"14740",1990-05-10,8.78623200151196e-06
"14741",1990-05-11,9.14764532922163e-05
"14742",1990-05-12,0.00118848569564989
"14743",1990-05-13,0.00462666684143187
"14744",1990-05-14,0.00120697572310746
"14745",1990-05-15,5.15501125164519e-06
"14746",1990-05-16,0.00391976604890942
"14747",1990-05-17,0.000614150047795192
"14748",1990-05-18,3.83557960503822e-07
"14749",1990-05-19,0
"14750",1990-05-20,8.77214351930888e-05
"14751",1990-05-21,0.000820836782622791
"14752",1990-05-22,0.000365977441163068
"14753",1990-05-23,0.00652164642087882
"14754",1990-05-24,0.000486551345829866
"14755",1990-05-25,1.36338863399033e-05
"14756",1990-05-26,6.79360385902328e-06
"14757",1990-05-27,0.00189368760067055
"14758",1990-05-28,0.00033875274402817
"14759",1990-05-29,7.69240041336161e-05
"14760",1990-05-30,2.78079454574254e-06
"14761",1990-05-31,0.000229947080867987
"14762",1990-06-01,6.03530464218238e-05
"14763",1990-06-02,0.00465752346195814
"14764",1990-06-03,0.000919864952436455
"14765",1990-06-04,0.00155427498378913
"14766",1990-06-05,0.00109845606664294
"14767",1990-06-06,0.000142338200532777
"14768",1990-06-07,0.0115140441193944
"14769",1990-06-08,0.000697060007041728
"14770",1990-06-09,5.71541590943525e-07
"14771",1990-06-10,0
"14772",1990-06-11,1.51416061271448e-05
"14773",1990-06-12,2.36446966823678e-05
"14774",1990-06-13,4.17170149376034e-05
"14775",1990-06-14,0.00229784325802029
"14776",1990-06-15,0.00010942179886797
"14777",1990-06-16,0.000189024627616163
"14778",1990-06-17,0.00633021212962603
"14779",1990-06-18,0.00295008084947312
"14780",1990-06-19,0.00777331188118069
"14781",1990-06-20,0.0105450291812303
"14782",1990-06-21,0.0196357150589392
"14783",1990-06-22,0.00470549309108037
"14784",1990-06-23,0.0144480754166239
"14785",1990-06-24,0.000704972865605669
"14786",1990-06-25,0.000520427196534001
"14787",1990-06-26,0.00028993292130508
"14788",1990-06-27,0
"14789",1990-06-28,0.0108964808923702
"14790",1990-06-29,1.33390858536586e-06
"14791",1990-06-30,0
"14792",1990-07-01,0.012538363675958
"14793",1990-07-02,0.0145265440660296
"14794",1990-07-03,0.00116771173179586
"14795",1990-07-04,0.000726768796994293
"14796",1990-07-05,0.0148291110477317
"14797",1990-07-06,0.00783046402028731
"14798",1990-07-07,0.000503207074814327
"14799",1990-07-08,0.00663649328504334
"14800",1990-07-09,0.00263595177273146
"14801",1990-07-10,0.000149791257399556
"14802",1990-07-11,0.00107707553343062
"14803",1990-07-12,0
"14804",1990-07-13,0.000200573306756269
"14805",1990-07-14,0
"14806",1990-07-15,0
"14807",1990-07-16,0.000655605937936343
"14808",1990-07-17,0.0014447174680754
"14809",1990-07-18,4.19627667724853e-06
"14810",1990-07-19,0
"14811",1990-07-20,0
"14812",1990-07-21,0.0012621512523765
"14813",1990-07-22,5.06258340919885e-05
"14814",1990-07-23,0.00229433267145396
"14815",1990-07-24,0.000271736555760071
"14816",1990-07-25,0
"14817",1990-07-26,0
"14818",1990-07-27,0
"14819",1990-07-28,0.000200728100026026
"14820",1990-07-29,0.0030782303297201
"14821",1990-07-30,0.000350858070305549
"14822",1990-07-31,0.000172102037254263
"14823",1990-08-01,0
"14824",1990-08-02,0
"14825",1990-08-03,0
"14826",1990-08-04,4.81045016726966e-05
"14827",1990-08-05,0.000335860774782759
"14828",1990-08-06,0.0047430333952434
"14829",1990-08-07,0.000163267490904673
"14830",1990-08-08,0.0011941493348786
"14831",1990-08-09,7.87898702583334e-05
"14832",1990-08-10,0.000333148538629757
"14833",1990-08-11,0.000128741774801711
"14834",1990-08-12,0.00113282623959776
"14835",1990-08-13,0.00398051963497892
"14836",1990-08-14,0.00254381713057228
"14837",1990-08-15,0.00464106990318669
"14838",1990-08-16,0.026368296165856
"14839",1990-08-17,0.00456285883865348
"14840",1990-08-18,0.0123636374307239
"14841",1990-08-19,0.000641387211601341
"14842",1990-08-20,0.00591830956790318
"14843",1990-08-21,0.000153391797425684
"14844",1990-08-22,0
"14845",1990-08-23,0
"14846",1990-08-24,0.00199070996313822
"14847",1990-08-25,0.000892717527165132
"14848",1990-08-26,5.99950476498634e-06
"14849",1990-08-27,1.10754895672471e-05
"14850",1990-08-28,0.00038236245745793
"14851",1990-08-29,0
"14852",1990-08-30,0.000210699236959044
"14853",1990-08-31,0.0095318877720274
"14854",1990-09-01,0.00230369417869269
"14855",1990-09-02,5.71415330341551e-05
"14856",1990-09-03,0.000610627662695151
"14857",1990-09-04,0.000470848680492963
"14858",1990-09-05,0.000282265410476157
"14859",1990-09-06,8.09594121164992e-06
"14860",1990-09-07,0.00167151764162554
"14861",1990-09-08,0.000854329035234969
"14862",1990-09-09,0.00033908920858039
"14863",1990-09-10,0.00456787136772618
"14864",1990-09-11,4.2122113370624e-05
"14865",1990-09-12,2.89664681076829e-05
"14866",1990-09-13,0
"14867",1990-09-14,3.70897987522767e-05
"14868",1990-09-15,0
"14869",1990-09-16,0
"14870",1990-09-17,0.00426090968630888
"14871",1990-09-18,0.00201591932000156
"14872",1990-09-19,0.0184272357814166
"14873",1990-09-20,0.00118829100028961
"14874",1990-09-21,0.00263097409424518
"14875",1990-09-22,0.00549589863476285
"14876",1990-09-23,0.00127245384101116
"14877",1990-09-24,0.000245809307557465
"14878",1990-09-25,0.00415844885469596
"14879",1990-09-26,3.81933843414117e-05
"14880",1990-09-27,1.38042914841208e-05
"14881",1990-09-28,0.0016282830512182
"14882",1990-09-29,0.000606294246495054
"14883",1990-09-30,0.00233322496245592
"14884",1990-10-01,0.00469695681709936
"14885",1990-10-02,0.00403738847688828
"14886",1990-10-03,0.00108554269365868
"14887",1990-10-04,0.00409461823329593
"14888",1990-10-05,0.00921129175389979
"14889",1990-10-06,0.00094734305912425
"14890",1990-10-07,0.0165677662979533
"14891",1990-10-08,6.91449668011046e-05
"14892",1990-10-09,0.00564818373459275
"14893",1990-10-10,0
"14894",1990-10-11,2.2855256247567e-06
"14895",1990-10-12,4.45332063350179e-05
"14896",1990-10-13,1.29898040768239e-05
"14897",1990-10-14,2.02592931941581e-05
"14898",1990-10-15,0.00010670524403622
"14899",1990-10-16,0.000941937689219685
"14900",1990-10-17,0.000190843445011524
"14901",1990-10-18,0.000790500374705516
"14902",1990-10-19,0.00021179702741847
"14903",1990-10-20,7.14424413672532e-06
"14904",1990-10-21,0
"14905",1990-10-22,0
"14906",1990-10-23,3.07966215018496e-05
"14907",1990-10-24,3.27197163301207e-05
"14908",1990-10-25,7.28976175423668e-06
"14909",1990-10-26,4.16337614410622e-05
"14910",1990-10-27,0.00524719594068301
"14911",1990-10-28,0.00221250233767023
"14912",1990-10-29,0.0109713199763064
"14913",1990-10-30,0.00332988707668846
"14914",1990-10-31,0.000541360575653016
"14915",1990-11-01,0.00187687941240711
"14916",1990-11-02,0.00123434149651303
"14917",1990-11-03,1.8503998774122e-05
"14918",1990-11-04,2.38410564179503e-06
"14919",1990-11-05,0
"14920",1990-11-06,0
"14921",1990-11-07,0
"14922",1990-11-08,0
"14923",1990-11-09,1.37925029548569e-05
"14924",1990-11-10,0.000281485717948726
"14925",1990-11-11,6.34852726193458e-05
"14926",1990-11-12,0.000162239169185341
"14927",1990-11-13,0.00318326265909263
"14928",1990-11-14,0.00436550717131468
"14929",1990-11-15,0.00204046248285294
"14930",1990-11-16,0.010346432813094
"14931",1990-11-17,0.000942277787544299
"14932",1990-11-18,0
"14933",1990-11-19,0
"14934",1990-11-20,0.000165800963713991
"14935",1990-11-21,9.83184375513702e-05
"14936",1990-11-22,0.00240739380126342
"14937",1990-11-23,4.84906325368684e-05
"14938",1990-11-24,0.00934087241603265
"14939",1990-11-25,0.000374969128927205
"14940",1990-11-26,3.32865736254462e-05
"14941",1990-11-27,1.04821810964495e-06
"14942",1990-11-28,2.85690703094588e-07
"14943",1990-11-29,0.000453435316899231
"14944",1990-11-30,0
"14945",1990-12-01,0
"14946",1990-12-02,0
"14947",1990-12-03,3.81660299808573e-07
"14948",1990-12-04,7.56161409185552e-05
"14949",1990-12-05,0
"14950",1990-12-06,1.68846316341842e-05
"14951",1990-12-07,0.00115765742634721
"14952",1990-12-08,0.0103223617334152
"14953",1990-12-09,0.000580320800509071
"14954",1990-12-10,9.96054524193823e-05
"14955",1990-12-11,0.00137267952965203
"14956",1990-12-12,0.00505088707723189
"14957",1990-12-13,6.64514227537438e-05
"14958",1990-12-14,7.62527861297713e-07
"14959",1990-12-15,9.68275966215515e-05
"14960",1990-12-16,0.000260430584603455
"14961",1990-12-17,0.000114221196838571
"14962",1990-12-18,0.000325210643495666
"14963",1990-12-19,0.00414719183754642
"14964",1990-12-20,0.000183228309424521
"14965",1990-12-21,3.61943489224359e-06
"14966",1990-12-22,0.00478515645994548
"14967",1990-12-23,0.00184685848944355
"14968",1990-12-24,0.00504429972988873
"14969",1990-12-25,0.00298078269406687
"14970",1990-12-26,0.0122023386356886
"14971",1990-12-27,0.010275539869042
"14972",1990-12-28,0.000748450010860324
"14973",1990-12-29,0.0183385808850289
"14974",1990-12-30,0.000659536467537691
"14975",1990-12-31,0.000201804021003227
"14976",1991-01-01,0.00158940799428819
"14977",1991-01-02,0.0142494524552603
"14978",1991-01-03,2.94982947934841e-05
"14979",1991-01-04,0.0100358585268623
"14980",1991-01-05,0.00927595047869545
"14981",1991-01-06,0.00519587336657423
"14982",1991-01-07,0.00169804192125866
"14983",1991-01-08,0.00768135905673262
"14984",1991-01-09,0.0130028658626884
"14985",1991-01-10,0.00947818194708816
"14986",1991-01-11,0.000213769044933088
"14987",1991-01-12,1.21077170547323e-05
"14988",1991-01-13,0
"14989",1991-01-14,3.34110279709421e-06
"14990",1991-01-15,1.14399741732996e-05
"14991",1991-01-16,0.00018566234609807
"14992",1991-01-17,1.09600699360612e-06
"14993",1991-01-18,0.000163708684681296
"14994",1991-01-19,0.000241280575380642
"14995",1991-01-20,0.00248678584375739
"14996",1991-01-21,6.09915377935977e-06
"14997",1991-01-22,0
"14998",1991-01-23,0
"14999",1991-01-24,2.01241368813498e-06
"15000",1991-01-25,2.67509659579446e-06
"15001",1991-01-26,0
"15002",1991-01-27,0
"15003",1991-01-28,0
"15004",1991-01-29,0.000127465883224431
"15005",1991-01-30,0.000129873345031228
"15006",1991-01-31,0.000848500383312967
"15007",1991-02-01,0.000173570674633083
"15008",1991-02-02,0.000225702565330721
"15009",1991-02-03,0.000347397488440038
"15010",1991-02-04,7.63160358019377e-07
"15011",1991-02-05,2.19628208242284e-06
"15012",1991-02-06,0.000166351009170285
"15013",1991-02-07,0.000204881468278018
"15014",1991-02-08,0.000404398254318039
"15015",1991-02-09,0.00363658214337192
"15016",1991-02-10,0.00291064703196753
"15017",1991-02-11,0.00035348400069779
"15018",1991-02-12,0.000146499371169284
"15019",1991-02-13,2.94829614517766e-05
"15020",1991-02-14,3.91643953889798e-06
"15021",1991-02-15,0.000112989655747242
"15022",1991-02-16,0.000430492670886906
"15023",1991-02-17,1.33723222006665e-06
"15024",1991-02-18,0
"15025",1991-02-19,0.00232682302078047
"15026",1991-02-20,0.000552098855223448
"15027",1991-02-21,0.000342688716045814
"15028",1991-02-22,0.00453531486164138
"15029",1991-02-23,0.0105828459286954
"15030",1991-02-24,0.00119790279455856
"15031",1991-02-25,1.0482185643923e-06
"15032",1991-02-26,0
"15033",1991-02-27,6.67579996616041e-06
"15034",1991-02-28,0.000112463159666731
"15035",1991-03-01,0.000344998023138032
"15036",1991-03-02,0.000313826004969542
"15037",1991-03-03,0.00397002705966543
"15038",1991-03-04,0.000565604255484686
"15039",1991-03-05,0.000248370657971009
"15040",1991-03-06,0.00282382573641371
"15041",1991-03-07,0.00202661585075248
"15042",1991-03-08,1.02108990631677e-05
"15043",1991-03-09,6.51175423058703e-05
"15044",1991-03-10,0.000258783961896825
"15045",1991-03-11,0.0011674266665409
"15046",1991-03-12,8.39499004996469e-05
"15047",1991-03-13,0.000582334815590002
"15048",1991-03-14,0.00086608548986078
"15049",1991-03-15,4.8823751569671e-05
"15050",1991-03-16,0.00267550078388012
"15051",1991-03-17,0.000285407210583344
"15052",1991-03-18,0.00217252765452258
"15053",1991-03-19,0.0116743196349489
"15054",1991-03-20,0.000123849198530479
"15055",1991-03-21,0.00852926184415992
"15056",1991-03-22,0.000814018178061815
"15057",1991-03-23,0.000437958666566374
"15058",1991-03-24,0.00010494700217123
"15059",1991-03-25,4.68822378252298e-06
"15060",1991-03-26,2.77628652156636e-06
"15061",1991-03-27,0
"15062",1991-03-28,1.14482071467137e-06
"15063",1991-03-29,0
"15064",1991-03-30,0.000107456792136418
"15065",1991-03-31,0.000126523339417872
"15066",1991-04-01,0.00258357997364556
"15067",1991-04-02,0.00239013435020752
"15068",1991-04-03,0.00425848017766839
"15069",1991-04-04,0.000596919843701471
"15070",1991-04-05,0.00165796668471785
"15071",1991-04-06,0.000919515833516016
"15072",1991-04-07,0.00436220423648592
"15073",1991-04-08,0.00338803915417429
"15074",1991-04-09,1.00585071436399e-05
"15075",1991-04-10,0.00104938978677183
"15076",1991-04-11,0
"15077",1991-04-12,8.6174020452745e-07
"15078",1991-04-13,0.00061719443056063
"15079",1991-04-14,0.000521088034474815
"15080",1991-04-15,1.91778894986783e-07
"15081",1991-04-16,0.000104108326922869
"15082",1991-04-17,3.19448521395316e-05
"15083",1991-04-18,0.000103904173556657
"15084",1991-04-19,0.00086956390987325
"15085",1991-04-20,0.000241148109296319
"15086",1991-04-21,0.000379806403998373
"15087",1991-04-22,0.00318312787129571
"15088",1991-04-23,0.00057484543577857
"15089",1991-04-24,0
"15090",1991-04-25,3.58191398390773e-05
"15091",1991-04-26,0.000421249797341261
"15092",1991-04-27,0.00126875045953057
"15093",1991-04-28,6.05110180913471e-05
"15094",1991-04-29,3.90564490544421e-05
"15095",1991-04-30,0.000639765895016353
"15096",1991-05-01,0.00174096687425163
"15097",1991-05-02,0.000205369096420327
"15098",1991-05-03,0.00109552285528025
"15099",1991-05-04,0.00152088069080492
"15100",1991-05-05,0
"15101",1991-05-06,0
"15102",1991-05-07,0
"15103",1991-05-08,0
"15104",1991-05-09,0
"15105",1991-05-10,0
"15106",1991-05-11,9.53480180783117e-05
"15107",1991-05-12,3.95712885392641e-05
"15108",1991-05-13,5.39896809641505e-05
"15109",1991-05-14,0.000773034359554003
"15110",1991-05-15,0.00149887184124964
"15111",1991-05-16,0.000245768293098081
"15112",1991-05-17,0.000910401353962698
"15113",1991-05-18,0.000152627991155896
"15114",1991-05-19,0.000262848282375217
"15115",1991-05-20,0.000684961710248899
"15116",1991-05-21,0
"15117",1991-05-22,0.00139191204311828
"15118",1991-05-23,3.43264434832236e-06
"15119",1991-05-24,0
"15120",1991-05-25,0
"15121",1991-05-26,0
"15122",1991-05-27,0
"15123",1991-05-28,4.89043981133364e-05
"15124",1991-05-29,0
"15125",1991-05-30,0
"15126",1991-05-31,1.91146398265118e-07
"15127",1991-06-01,0.00250147520091559
"15128",1991-06-02,0.00233262171332171
"15129",1991-06-03,0.00696868650265969
"15130",1991-06-04,0.00686281916568987
"15131",1991-06-05,0.000533141911091661
"15132",1991-06-06,0.000206674218759417
"15133",1991-06-07,0.000712594762660501
"15134",1991-06-08,0.00469203000363905
"15135",1991-06-09,0.000582083545907608
"15136",1991-06-10,0.0109471165704349
"15137",1991-06-11,0.0101218230483937
"15138",1991-06-12,0.00754304651269422
"15139",1991-06-13,0.0114804466065834
"15140",1991-06-14,0.0131180786411278
"15141",1991-06-15,0.00420051226791429
"15142",1991-06-16,0.000223409446391543
"15143",1991-06-17,0.000156131124640524
"15144",1991-06-18,0.0103293368438244
"15145",1991-06-19,0.00846229752784211
"15146",1991-06-20,0.00374716588822821
"15147",1991-06-21,4.7656806714258e-06
"15148",1991-06-22,0.00617675014518682
"15149",1991-06-23,0.00335665816328401
"15150",1991-06-24,0.000731217683721752
"15151",1991-06-25,4.78051256322942e-05
"15152",1991-06-26,0.0185211913631065
"15153",1991-06-27,0.00447521395403783
"15154",1991-06-28,0.00244507652200809
"15155",1991-06-29,0.0054555352553507
"15156",1991-06-30,0.000605862588543005
"15157",1991-07-01,0.000503140597629681
"15158",1991-07-02,2.38742728697616e-06
"15159",1991-07-03,0
"15160",1991-07-04,0
"15161",1991-07-05,0
"15162",1991-07-06,0
"15163",1991-07-07,0
"15164",1991-07-08,0
"15165",1991-07-09,0.00146649489528272
"15166",1991-07-10,0.000344681583555939
"15167",1991-07-11,0
"15168",1991-07-12,0.00952879605523549
"15169",1991-07-13,0.00467879730564391
"15170",1991-07-14,0.00820752414836079
"15171",1991-07-15,0.000455666733614635
"15172",1991-07-16,0.000492433675617576
"15173",1991-07-17,0.00710112786788386
"15174",1991-07-18,0.00529445235957837
"15175",1991-07-19,0.00119414004950613
"15176",1991-07-20,0.000442201679049958
"15177",1991-07-21,0.00651526803397928
"15178",1991-07-22,6.61929852867615e-05
"15179",1991-07-23,0.0003639638647428
"15180",1991-07-24,0.000521247575250072
"15181",1991-07-25,3.23873553043086e-06
"15182",1991-07-26,4.38679052194857e-06
"15183",1991-07-27,1.91146398265118e-07
"15184",1991-07-28,1.87903147548241e-05
"15185",1991-07-29,3.81580207431398e-07
"15186",1991-07-30,3.81580207431398e-07
"15187",1991-07-31,0
"15188",1991-08-01,2.20063307665441e-05
"15189",1991-08-02,0.000494683780800642
"15190",1991-08-03,0
"15191",1991-08-04,4.10711197673663e-06
"15192",1991-08-05,0.000246295220222237
"15193",1991-08-06,0.00714766829901237
"15194",1991-08-07,0.0029383670334937
"15195",1991-08-08,0.00774979519076169
"15196",1991-08-09,0.0021612204336634
"15197",1991-08-10,0.000398392561692162
"15198",1991-08-11,0.000918828577880504
"15199",1991-08-12,0.000176938764127499
"15200",1991-08-13,8.58925504871877e-05
"15201",1991-08-14,1.28560805023881e-05
"15202",1991-08-15,0.000421912204217278
"15203",1991-08-16,0.00578960447182908
"15204",1991-08-17,0.000941024711323735
"15205",1991-08-18,0.00128412890899199
"15206",1991-08-19,6.94962009220035e-05
"15207",1991-08-20,1.94530875319288e-05
"15208",1991-08-21,0
"15209",1991-08-22,8.50236693850093e-06
"15210",1991-08-23,0.00422866842654912
"15211",1991-08-24,0.0101204280755383
"15212",1991-08-25,0.000296912053102005
"15213",1991-08-26,0
"15214",1991-08-27,4.22259836341254e-05
"15215",1991-08-28,1.16270057333168e-05
"15216",1991-08-29,0
"15217",1991-08-30,0
"15218",1991-08-31,5.26878091022809e-06
"15219",1991-09-01,0
"15220",1991-09-02,4.58046645235299e-06
"15221",1991-09-03,0
"15222",1991-09-04,0
"15223",1991-09-05,1.68710154184737e-05
"15224",1991-09-06,1.03051234532359e-05
"15225",1991-09-07,0
"15226",1991-09-08,0
"15227",1991-09-09,8.18157614048687e-05
"15228",1991-09-10,0.00127206992277706
"15229",1991-09-11,1.91022962781062e-05
"15230",1991-09-12,0
"15231",1991-09-13,0.000312420932459645
"15232",1991-09-14,0.00152508682185726
"15233",1991-09-15,0.00479809538217069
"15234",1991-09-16,0.000218869751392958
"15235",1991-09-17,0.00792253233862539
"15236",1991-09-18,0.00429959819678061
"15237",1991-09-19,0.000140638757557099
"15238",1991-09-20,0
"15239",1991-09-21,5.61036640647217e-05
"15240",1991-09-22,0.0119920853125564
"15241",1991-09-23,0.00491033571336175
"15242",1991-09-24,0.0137820361960621
"15243",1991-09-25,0.000211041283364466
"15244",1991-09-26,0
"15245",1991-09-27,4.25870673552708e-05
"15246",1991-09-28,3.29211174516786e-05
"15247",1991-09-29,0.00431445980922263
"15248",1991-09-30,0.018306887592189
"15249",1991-10-01,0.00999015278375737
"15250",1991-10-02,0.000305875007143186
"15251",1991-10-03,0.00304149578300894
"15252",1991-10-04,0.000236829539289829
"15253",1991-10-05,0.00257653785411094
"15254",1991-10-06,0.00205836097211431
"15255",1991-10-07,4.67533260462005e-06
"15256",1991-10-08,2.62985844869945e-05
"15257",1991-10-09,2.3814229166419e-06
"15258",1991-10-10,0.000104621116577164
"15259",1991-10-11,0.000137201368886508
"15260",1991-10-12,5.20928319929226e-05
"15261",1991-10-13,3.93370887650235e-05
"15262",1991-10-14,0.000667643868837331
"15263",1991-10-15,0.000451440104370704
"15264",1991-10-16,0.011291939719456
"15265",1991-10-17,0.0152690553077264
"15266",1991-10-18,0.00606674139089591
"15267",1991-10-19,1.91654892205406e-05
"15268",1991-10-20,0
"15269",1991-10-21,0
"15270",1991-10-22,0
"15271",1991-10-23,0
"15272",1991-10-24,0
"15273",1991-10-25,4.77469654924789e-07
"15274",1991-10-26,7.15610906922848e-05
"15275",1991-10-27,7.43450531786038e-05
"15276",1991-10-28,2.08919881288239e-05
"15277",1991-10-29,0.000395142372099144
"15278",1991-10-30,0.000226061685964396
"15279",1991-10-31,0.00017258005794929
"15280",1991-11-01,0.0194369148239275
"15281",1991-11-02,0.0229085083281007
"15282",1991-11-03,0.0212613632902503
"15283",1991-11-04,0.00467327227579517
"15284",1991-11-05,0.0034755161323119
"15285",1991-11-06,0.00272178936154432
"15286",1991-11-07,0.00379299315954995
"15287",1991-11-08,0.00208856071571972
"15288",1991-11-09,0.000219149155782361
"15289",1991-11-10,1.310079551331e-05
"15290",1991-11-11,0.0122511681556716
"15291",1991-11-12,0.00412875809638535
"15292",1991-11-13,0.0135098227765411
"15293",1991-11-14,0.00512528428225778
"15294",1991-11-15,0.0072927776054712
"15295",1991-11-16,0.000469324326843434
"15296",1991-11-17,6.17714329109731e-05
"15297",1991-11-18,2.86765987880244e-05
"15298",1991-11-19,0
"15299",1991-11-20,0
"15300",1991-11-21,0.00437018651427934
"15301",1991-11-22,0.00129622572910648
"15302",1991-11-23,3.1180253643015e-05
"15303",1991-11-24,0.000247700303589227
"15304",1991-11-25,0.000305026520436513
"15305",1991-11-26,0.00238236408819148
"15306",1991-11-27,0.000366464899911989
"15307",1991-11-28,0.00260470318607986
"15308",1991-11-29,7.39421576554378e-05
"15309",1991-11-30,0.000234720248045051
"15310",1991-12-01,0.000241631854805746
"15311",1991-12-02,0.000131750722971447
"15312",1991-12-03,8.34993717830912e-05
"15313",1991-12-04,0
"15314",1991-12-05,0
"15315",1991-12-06,1.30640117390612e-05
"15316",1991-12-07,0
"15317",1991-12-08,7.03201334317782e-05
"15318",1991-12-09,0.000224597636588442
"15319",1991-12-10,0.000201743856166559
"15320",1991-12-11,6.68616053189908e-07
"15321",1991-12-12,0.000813833191557478
"15322",1991-12-13,2.48133994773525e-06
"15323",1991-12-14,0
"15324",1991-12-15,0.000764538492319389
"15325",1991-12-16,0.00109572279870918
"15326",1991-12-17,0.00917197958915494
"15327",1991-12-18,0.00248442972133489
"15328",1991-12-19,0.00370984342640668
"15329",1991-12-20,0.00194946271551544
"15330",1991-12-21,0.000566014998184983
"15331",1991-12-22,0.00269024689868047
"15332",1991-12-23,0.00011032024309543
"15333",1991-12-24,9.52828052049881e-05
"15334",1991-12-25,0.00475782238817146
"15335",1991-12-26,0.00355762392700854
"15336",1991-12-27,0
"15337",1991-12-28,0
"15338",1991-12-29,0
"15339",1991-12-30,0
"15340",1991-12-31,0.00316934216442633
"15341",1992-01-01,0.00299352283235521
"15342",1992-01-02,0.00179581414658969
"15343",1992-01-03,0.00232976640404559
"15344",1992-01-04,0.000216201539956273
"15345",1992-01-05,5.53208411702144e-06
"15346",1992-01-06,0.00389007125949092
"15347",1992-01-07,0.00448196921354338
"15348",1992-01-08,0.0123920125770383
"15349",1992-01-09,6.14800703715446e-05
"15350",1992-01-10,4.76837158203125e-07
"15351",1992-01-11,6.19128286416526e-06
"15352",1992-01-12,0
"15353",1992-01-13,0.000887111208612623
"15354",1992-01-14,1.91778894986783e-07
"15355",1992-01-15,0
"15356",1992-01-16,0
"15357",1992-01-17,4.39447001099325e-06
"15358",1992-01-18,0.000136014427482678
"15359",1992-01-19,0.00699111276389885
"15360",1992-01-20,1.52632082972559e-06
"15361",1992-01-21,2.74470360182022e-05
"15362",1992-01-22,0.000145008455092466
"15363",1992-01-23,0
"15364",1992-01-24,4.25635780629818e-05
"15365",1992-01-25,0.00277361664848286
"15366",1992-01-26,8.33044580303977e-05
"15367",1992-01-27,6.71226302983996e-07
"15368",1992-01-28,1.91652452485869e-06
"15369",1992-01-29,0
"15370",1992-01-30,2.49312654432288e-06
"15371",1992-01-31,0.000117082733595453
"15372",1992-02-01,2.02378493554534e-05
"15373",1992-02-02,0.0010930663447084
"15374",1992-02-03,0.00444627269467901
"15375",1992-02-04,0
"15376",1992-02-05,0
"15377",1992-02-06,0.000470018114356208
"15378",1992-02-07,5.72726605696516e-07
"15379",1992-02-08,0.000323356987905754
"15380",1992-02-09,0.000803353861556388
"15381",1992-02-10,0.00642594887176529
"15382",1992-02-11,1.71414376382018e-06
"15383",1992-02-12,0.000577961133558347
"15384",1992-02-13,0.00711315139506041
"15385",1992-02-14,0.000185219723221053
"15386",1992-02-15,0.00487830906786257
"15387",1992-02-16,0.00141128793802636
"15388",1992-02-17,0
"15389",1992-02-18,0
"15390",1992-02-19,0
"15391",1992-02-20,0
"15392",1992-02-21,2.85690703094588e-07
"15393",1992-02-22,0.00399998598550155
"15394",1992-02-23,0.000146095736681673
"15395",1992-02-24,0.000470578419481171
"15396",1992-02-25,3.08789694827283e-05
"15397",1992-02-26,0.000684662790433777
"15398",1992-02-27,0.000137302903056025
"15399",1992-02-28,0.000146139129071798
"15400",1992-02-29,6.46168815592318e-05
"15401",1992-03-01,0.00054377563668595
"15402",1992-03-02,0.00835498199739959
"15403",1992-03-03,0
"15404",1992-03-04,0.000348278102308086
"15405",1992-03-05,0.000200169590243604
"15406",1992-03-06,0.000317238524871755
"15407",1992-03-07,2.62637832406654e-05
"15408",1992-03-08,3.4978735641289e-05
"15409",1992-03-09,0.000124334705105866
"15410",1992-03-10,0.00919307305048278
"15411",1992-03-11,0.00153415387501354
"15412",1992-03-12,0.008176498473631
"15413",1992-03-13,0.000480743930893368
"15414",1992-03-14,0.00020620179202524
"15415",1992-03-15,1.44396847190364e-05
"15416",1992-03-16,0.000126459222826725
"15417",1992-03-17,0.00167739506832731
"15418",1992-03-18,0.000259146667588084
"15419",1992-03-19,0.00655159899906721
"15420",1992-03-20,0.00552293503642431
"15421",1992-03-21,0.00272830607718788
"15422",1992-03-22,0.00615844641288277
"15423",1992-03-23,0.000478983611174044
"15424",1992-03-24,2.54502925827182e-05
"15425",1992-03-25,0.000177346693817526
"15426",1992-03-26,0.00165039161413461
"15427",1992-03-27,0.00209625277079795
"15428",1992-03-28,0.000316745758027537
"15429",1992-03-29,7.74415677256002e-05
"15430",1992-03-30,0.000286930905531335
"15431",1992-03-31,3.30647239934478e-05
"15432",1992-04-01,0.00264123927388482
"15433",1992-04-02,0.011333225396811
"15434",1992-04-03,0.00078422641428233
"15435",1992-04-04,0.00299852860871397
"15436",1992-04-05,0.00244186257623369
"15437",1992-04-06,0.00029831379248435
"15438",1992-04-07,5.61501333891101e-05
"15439",1992-04-08,5.17297127089478e-06
"15440",1992-04-09,7.46989093158845e-06
"15441",1992-04-10,0.000365879039236461
"15442",1992-04-11,3.14734552375739e-06
"15443",1992-04-12,0.00072576261351287
"15444",1992-04-13,0.00782283006628859
"15445",1992-04-14,0.00716234238643665
"15446",1992-04-15,0.000989713918897905
"15447",1992-04-16,2.41110756178387e-05
"15448",1992-04-17,0.000214534681390433
"15449",1992-04-18,0.00624079801673361
"15450",1992-04-19,0.000836381423368948
"15451",1992-04-20,0.000149293642607518
"15452",1992-04-21,0
"15453",1992-04-22,9.11549470288264e-05
"15454",1992-04-23,0.000370275383829721
"15455",1992-04-24,0.00143103681347156
"15456",1992-04-25,0.00994382622593548
"15457",1992-04-26,0.0056038695852294
"15458",1992-04-27,0.00373334685434656
"15459",1992-04-28,0.00871602696133777
"15460",1992-04-29,0.0089382293226663
"15461",1992-04-30,0.00024154949522881
"15462",1992-05-01,0.0212269551120698
"15463",1992-05-02,0.00148752470931868
"15464",1992-05-03,0.000772919638052372
"15465",1992-05-04,9.56577588340224e-06
"15466",1992-05-05,9.74031655687213e-06
"15467",1992-05-06,0.000797334614617284
"15468",1992-05-07,0.000303480642514842
"15469",1992-05-08,0.000404720521146373
"15470",1992-05-09,0.000579304204620712
"15471",1992-05-10,0.000229434728964861
"15472",1992-05-11,1.90513844700035e-07
"15473",1992-05-12,0.00849535044289951
"15474",1992-05-13,0
"15475",1992-05-14,8.71566174964755e-06
"15476",1992-05-15,5.26380000565041e-06
"15477",1992-05-16,0
"15478",1992-05-17,0
"15479",1992-05-18,0
"15480",1992-05-19,0
"15481",1992-05-20,0
"15482",1992-05-21,0
"15483",1992-05-22,0
"15484",1992-05-23,1.49730494740652e-05
"15485",1992-05-24,1.27704006445128e-05
"15486",1992-05-25,0.00015873037102665
"15487",1992-05-26,0
"15488",1992-05-27,0
"15489",1992-05-28,0
"15490",1992-05-29,0
"15491",1992-05-30,0
"15492",1992-05-31,0
"15493",1992-06-01,2.36265379953693e-05
"15494",1992-06-02,3.14347857965913e-06
"15495",1992-06-03,0
"15496",1992-06-04,0
"15497",1992-06-05,9.52568939283083e-08
"15498",1992-06-06,1.752782981157e-05
"15499",1992-06-07,1.02877491485742e-05
"15500",1992-06-08,9.80028128196864e-05
"15501",1992-06-09,0
"15502",1992-06-10,0
"15503",1992-06-11,0.000128605410282034
"15504",1992-06-12,0.0113619592306691
"15505",1992-06-13,0.00169165918032377
"15506",1992-06-14,0.00047791720743362
"15507",1992-06-15,5.34623791281774e-06
"15508",1992-06-16,8.87550027073303e-05
"15509",1992-06-17,0
"15510",1992-06-18,0.00437627532392071
"15511",1992-06-19,0.00176070527686534
"15512",1992-06-20,0
"15513",1992-06-21,0.000104797863059503
"15514",1992-06-22,0
"15515",1992-06-23,0.000122094715834464
"15516",1992-06-24,0.000177800724486588
"15517",1992-06-25,3.58367469743825e-05
"15518",1992-06-26,0
"15519",1992-06-27,0
"15520",1992-06-28,0
"15521",1992-06-29,5.88809398891499e-05
"15522",1992-06-30,2.42837040786981e-06
"15523",1992-07-01,0.0100718242113089
"15524",1992-07-02,0.000464491693946911
"15525",1992-07-03,9.75100467712764e-05
"15526",1992-07-04,0
"15527",1992-07-05,7.4121987381659e-05
"15528",1992-07-06,0
"15529",1992-07-07,0
"15530",1992-07-08,0
"15531",1992-07-09,3.51074404534302e-05
"15532",1992-07-10,0.00292311040283266
"15533",1992-07-11,0
"15534",1992-07-12,0.000210484867352534
"15535",1992-07-13,0.0120037122951544
"15536",1992-07-14,0.0066876955881412
"15537",1992-07-15,8.33351696201134e-05
"15538",1992-07-16,0
"15539",1992-07-17,0.00736742167902094
"15540",1992-07-18,0.00197838558233343
"15541",1992-07-19,0.00251024910051001
"15542",1992-07-20,0.000220687559306043
"15543",1992-07-21,0.0100610019853775
"15544",1992-07-22,0.00174526051523571
"15545",1992-07-23,0
"15546",1992-07-24,0.000813683011983812
"15547",1992-07-25,0
"15548",1992-07-26,0.000717460290161398
"15549",1992-07-27,0.0051644413251779
"15550",1992-07-28,0.000708703959332979
"15551",1992-07-29,2.42210753640393e-05
"15552",1992-07-30,0.00057309547304385
"15553",1992-07-31,0
"15554",1992-08-01,0
"15555",1992-08-02,0.00380504250574631
"15556",1992-08-03,0.00730091977129632
"15557",1992-08-04,0.00539951071431233
"15558",1992-08-05,0.00521400708657893
"15559",1992-08-06,0.00656944014025385
"15560",1992-08-07,0
"15561",1992-08-08,0
"15562",1992-08-09,0.00551668230673386
"15563",1992-08-10,0.00106106553619156
"15564",1992-08-11,0.000368127428487242
"15565",1992-08-12,0.00544693203613633
"15566",1992-08-13,0.0198648077493999
"15567",1992-08-14,0.00253886756581778
"15568",1992-08-15,0.000256478687333583
"15569",1992-08-16,0.00945672151283361
"15570",1992-08-17,0.00359847326649287
"15571",1992-08-18,0.000183370369256863
"15572",1992-08-19,9.79780234047212e-05
"15573",1992-08-20,4.76204547794623e-07
"15574",1992-08-21,0.00990885242936201
"15575",1992-08-22,0.00278650714648165
"15576",1992-08-23,0.00864546203428063
"15577",1992-08-24,0.00511375115166857
"15578",1992-08-25,0.00266280460817825
"15579",1992-08-26,0.00178474914332583
"15580",1992-08-27,0.00975291724768113
"15581",1992-08-28,0.0177722410735441
"15582",1992-08-29,0.00218643038658684
"15583",1992-08-30,0.00202485603790592
"15584",1992-08-31,0.0149458446503559
"15585",1992-09-01,0.000321404383043955
"15586",1992-09-02,0.00487237696455622
"15587",1992-09-03,0.0118244860186678
"15588",1992-09-04,0.000814092742132289
"15589",1992-09-05,0.000732740151363487
"15590",1992-09-06,0
"15591",1992-09-07,0.000979116250164225
"15592",1992-09-08,0.00170825236875771
"15593",1992-09-09,0.0024192851797693
"15594",1992-09-10,0.000346089591744203
"15595",1992-09-11,0
"15596",1992-09-12,0.00698534105691806
"15597",1992-09-13,0.00150816920262287
"15598",1992-09-14,0.0120315285021206
"15599",1992-09-15,0.00854762263060138
"15600",1992-09-16,0.00031110846731508
"15601",1992-09-17,0
"15602",1992-09-18,7.06774153513834e-06
"15603",1992-09-19,0
"15604",1992-09-20,9.58894474933913e-08
"15605",1992-09-21,3.03869640561061e-05
"15606",1992-09-22,5.43479780503731e-05
"15607",1992-09-23,0.000916815986499842
"15608",1992-09-24,0.00173178589500367
"15609",1992-09-25,0.000121128303760543
"15610",1992-09-26,0.0015502054432659
"15611",1992-09-27,2.68490566668333e-06
"15612",1992-09-28,0
"15613",1992-09-29,0.000178888368964181
"15614",1992-09-30,1.62031261652373e-06
"15615",1992-10-01,0
"15616",1992-10-02,1.06735785152523e-05
"15617",1992-10-03,5.32119148601851e-05
"15618",1992-10-04,9.54477316099656e-05
"15619",1992-10-05,0.00210960872738042
"15620",1992-10-06,0
"15621",1992-10-07,0
"15622",1992-10-08,0
"15623",1992-10-09,0.00240193386167675
"15624",1992-10-10,0
"15625",1992-10-11,0
"15626",1992-10-12,0
"15627",1992-10-13,0.00225331667917317
"15628",1992-10-14,0.00172126018060226
"15629",1992-10-15,0.00869431515457109
"15630",1992-10-16,0.00486589620726363
"15631",1992-10-17,0.00026825387703866
"15632",1992-10-18,0.00312838151018013
"15633",1992-10-19,0.0101208333217073
"15634",1992-10-20,0.00108813337465108
"15635",1992-10-21,0.00300185057858471
"15636",1992-10-22,0.000455808786341549
"15637",1992-10-23,0.000954673017076857
"15638",1992-10-24,0.00106608928672358
"15639",1992-10-25,0.0014636408064348
"15640",1992-10-26,1.41111957532303e-05
"15641",1992-10-27,1.90734857596908e-06
"15642",1992-10-28,0.00690780429249571
"15643",1992-10-29,0.00109350902107508
"15644",1992-10-30,0.00157193377469866
"15645",1992-10-31,0.00730954867935907
"15646",1992-11-01,0.0120337988573738
"15647",1992-11-02,0.0215351725173605
"15648",1992-11-03,0.00337986069916951
"15649",1992-11-04,0.000249603577685775
"15650",1992-11-05,0.00462909930320166
"15651",1992-11-06,0.000680417621367724
"15652",1992-11-07,0
"15653",1992-11-08,0
"15654",1992-11-09,0.000517243852129923
"15655",1992-11-10,0.00432383008052284
"15656",1992-11-11,0.0051336521810299
"15657",1992-11-12,0.00990392474341206
"15658",1992-11-13,0.000174944686364142
"15659",1992-11-14,1.22049524975409e-05
"15660",1992-11-15,5.72726605696516e-07
"15661",1992-11-16,6.12500486454337e-05
"15662",1992-11-17,0.00388692179149075
"15663",1992-11-18,0.00164768248578184
"15664",1992-11-19,0.00382466653809388
"15665",1992-11-20,0.000980979693508743
"15666",1992-11-21,0.000429518632415693
"15667",1992-11-22,1.05052137655548e-05
"15668",1992-11-23,0.00663841186565151
"15669",1992-11-24,0.00330441012312122
"15670",1992-11-25,0.0142284554905814
"15671",1992-11-26,0.00113500972537395
"15672",1992-11-27,0.00082681997940881
"15673",1992-11-28,0.00873009524366353
"15674",1992-11-29,0
"15675",1992-11-30,0.00207267108709175
"15676",1992-12-01,0.0102657521492802
"15677",1992-12-02,0.0127864581754693
"15678",1992-12-03,0.00951423773040005
"15679",1992-12-04,0.010352560395404
"15680",1992-12-05,0.00402164195656951
"15681",1992-12-06,0.00163587926272157
"15682",1992-12-07,3.8102909115878e-05
"15683",1992-12-08,6.12142468980892e-06
"15684",1992-12-09,2.99476105283247e-05
"15685",1992-12-10,0.000295411714432703
"15686",1992-12-11,0.00247413623037573
"15687",1992-12-12,0
"15688",1992-12-13,0.000122138437234298
"15689",1992-12-14,0.00408956832296781
"15690",1992-12-15,0.000341047421898111
"15691",1992-12-16,0.00164097402375774
"15692",1992-12-17,0.00102805826463737
"15693",1992-12-18,0.000734940860866118
"15694",1992-12-19,0.00713563731005706
"15695",1992-12-20,0
"15696",1992-12-21,8.58417308791104e-07
"15697",1992-12-22,0.000164057028086972
"15698",1992-12-23,0.000295173213658018
"15699",1992-12-24,0.000985162470783507
"15700",1992-12-25,0.000717304713703015
"15701",1992-12-26,0
"15702",1992-12-27,0
"15703",1992-12-28,4.01232864533085e-06
"15704",1992-12-29,0
"15705",1992-12-30,0.0001289713968049
"15706",1992-12-31,0.000726094267520239
"15707",1993-01-01,0.000530885620719346
"15708",1993-01-02,0.000400441846977628
"15709",1993-01-03,2.36451743376165e-05
"15710",1993-01-04,0.000174068574779085
"15711",1993-01-05,0.00804961469839327
"15712",1993-01-06,1.90507676052221e-05
"15713",1993-01-07,6.29159390541645e-05
"15714",1993-01-08,0.00277319290034939
"15715",1993-01-09,0.00755639438256139
"15716",1993-01-10,0.0120260800888445
"15717",1993-01-11,0.00515921960891319
"15718",1993-01-12,0.000536935023774276
"15719",1993-01-13,0.00433422727485322
"15720",1993-01-14,0.00245658350831945
"15721",1993-01-15,0.0114476230000946
"15722",1993-01-16,0.000568565124069664
"15723",1993-01-17,0.00164927680634719
"15724",1993-01-18,0
"15725",1993-01-19,0.00218698380649585
"15726",1993-01-20,0.0041798988729056
"15727",1993-01-21,0.00395913982214324
"15728",1993-01-22,0.00296862512141161
"15729",1993-01-23,0.0010393270723057
"15730",1993-01-24,0.0123543297131619
"15731",1993-01-25,3.18532311212039e-05
"15732",1993-01-26,0.000181072883151501
"15733",1993-01-27,0
"15734",1993-01-28,0
"15735",1993-01-29,1.52568827616051e-06
"15736",1993-01-30,0.000140310159508772
"15737",1993-01-31,0.000335533924044285
"15738",1993-02-01,0
"15739",1993-02-02,0.000527460420357784
"15740",1993-02-03,7.93369228517804e-05
"15741",1993-02-04,1.41146786631907e-05
"15742",1993-02-05,2.27060600082041e-05
"15743",1993-02-06,8.26234072519583e-05
"15744",1993-02-07,8.88280419530929e-05
"15745",1993-02-08,2.28687076742062e-06
"15746",1993-02-09,8.49334350050412e-06
"15747",1993-02-10,0.000196651285477856
"15748",1993-02-11,0.000752785929762467
"15749",1993-02-12,0.000151725779630851
"15750",1993-02-13,4.76837158203125e-07
"15751",1993-02-14,0.000391787045259662
"15752",1993-02-15,0.00254052126001625
"15753",1993-02-16,0.00140365258721431
"15754",1993-02-17,0.000121259813738561
"15755",1993-02-18,0.0032162192794658
"15756",1993-02-19,0.000583514713582645
"15757",1993-02-20,0.00361083454117761
"15758",1993-02-21,0.000459436511391687
"15759",1993-02-22,0
"15760",1993-02-23,0
"15761",1993-02-24,9.81999096438813e-06
"15762",1993-02-25,2.79335683899262e-05
"15763",1993-02-26,0.00296935670940002
"15764",1993-02-27,0.00774023147823755
"15765",1993-02-28,0.00757263726205792
"15766",1993-03-01,2.2888486910233e-06
"15767",1993-03-02,2.48220244429831e-05
"15768",1993-03-03,2.38276038544427e-06
"15769",1993-03-04,0
"15770",1993-03-05,0.00142284474515009
"15771",1993-03-06,0
"15772",1993-03-07,0
"15773",1993-03-08,3.62948372867322e-06
"15774",1993-03-09,5.12305904294408e-05
"15775",1993-03-10,0
"15776",1993-03-11,5.71381406189175e-07
"15777",1993-03-12,1.91185637277158e-06
"15778",1993-03-13,5.64474765951672e-06
"15779",1993-03-14,1.73103646261552e-05
"15780",1993-03-15,2.96979177392132e-05
"15781",1993-03-16,0.00167033582965814
"15782",1993-03-17,7.81542598815577e-05
"15783",1993-03-18,0.000312526373988931
"15784",1993-03-19,2.83212882550288e-05
"15785",1993-03-20,4.3903535811296e-06
"15786",1993-03-21,0.000459562825540161
"15787",1993-03-22,0.0049696466095952
"15788",1993-03-23,0.000141116026497912
"15789",1993-03-24,5.5662794750333e-05
"15790",1993-03-25,0.000168731238773034
"15791",1993-03-26,7.71633898466462e-06
"15792",1993-03-27,1.91778951830202e-07
"15793",1993-03-28,1.52505526784807e-06
"15794",1993-03-29,8.78760724845051e-05
"15795",1993-03-30,0
"15796",1993-03-31,0.000420331850875755
"15797",1993-04-01,0.000113268568838976
"15798",1993-04-02,0
"15799",1993-04-03,2.57469935149857e-06
"15800",1993-04-04,0.001834822463195
"15801",1993-04-05,0.00227839277067687
"15802",1993-04-06,0.00398477876206016
"15803",1993-04-07,0.00173680271018384
"15804",1993-04-08,3.91870231624125e-05
"15805",1993-04-09,0
"15806",1993-04-10,0
"15807",1993-04-11,0
"15808",1993-04-12,0
"15809",1993-04-13,9.14908486038257e-06
"15810",1993-04-14,0
"15811",1993-04-15,0
"15812",1993-04-16,0.00233057532204839
"15813",1993-04-17,0.00160000580126507
"15814",1993-04-18,0.000248087571151245
"15815",1993-04-19,6.61622534607886e-05
"15816",1993-04-20,8.50738051667577e-05
"15817",1993-04-21,0.0085617805707443
"15818",1993-04-22,3.37494893756229e-05
"15819",1993-04-23,0.00490813072082119
"15820",1993-04-24,2.91357962964867e-05
"15821",1993-04-25,0
"15822",1993-04-26,0
"15823",1993-04-27,0
"15824",1993-04-28,2.87668342480174e-07
"15825",1993-04-29,0
"15826",1993-04-30,0
"15827",1993-05-01,0
"15828",1993-05-02,0.004423334886269
"15829",1993-05-03,0.00668227377343555
"15830",1993-05-04,0.00197857466991991
"15831",1993-05-05,0.00452091275838029
"15832",1993-05-06,0.00251845279899499
"15833",1993-05-07,0.00132468441705669
"15834",1993-05-08,0
"15835",1993-05-09,0
"15836",1993-05-10,0
"15837",1993-05-11,0
"15838",1993-05-12,0
"15839",1993-05-13,7.14762052211881e-05
"15840",1993-05-14,0.00604753846437234
"15841",1993-05-15,0.00136072161888023
"15842",1993-05-16,0.000618801932091628
"15843",1993-05-17,0
"15844",1993-05-18,0
"15845",1993-05-19,0
"15846",1993-05-20,0.000326406104250054
"15847",1993-05-21,0.00355699326701142
"15848",1993-05-22,0.000497173768394532
"15849",1993-05-23,1.34389620143338e-05
"15850",1993-05-24,0.000431534733252192
"15851",1993-05-25,0.00362325821515697
"15852",1993-05-26,0
"15853",1993-05-27,1.4575061868527e-05
"15854",1993-05-28,0
"15855",1993-05-29,0
"15856",1993-05-30,0.000413920320966099
"15857",1993-05-31,0.00583590456517413
"15858",1993-06-01,0.0023086420560503
"15859",1993-06-02,5.68090356409812e-05
"15860",1993-06-03,0
"15861",1993-06-04,0
"15862",1993-06-05,0
"15863",1993-06-06,0.000221741391214891
"15864",1993-06-07,0
"15865",1993-06-08,0
"15866",1993-06-09,0
"15867",1993-06-10,0
"15868",1993-06-11,3.19973578370991e-05
"15869",1993-06-12,0.00488892484736425
"15870",1993-06-13,0.00272018337454938
"15871",1993-06-14,0.000340349482598867
"15872",1993-06-15,0.000134893409267534
"15873",1993-06-16,2.60057783521006e-05
"15874",1993-06-17,3.14671342493966e-06
"15875",1993-06-18,1.29549443954602e-05
"15876",1993-06-19,0.0130343161594624
"15877",1993-06-20,0.00171308602784848
"15878",1993-06-21,0.00163771049250272
"15879",1993-06-22,0
"15880",1993-06-23,0.00939756526804558
"15881",1993-06-24,0.00333387601887125
"15882",1993-06-25,0.000576300442730826
"15883",1993-06-26,0.00686278550773523
"15884",1993-06-27,0.00306388598983176
"15885",1993-06-28,0.000190616811778455
"15886",1993-06-29,0
"15887",1993-06-30,0
"15888",1993-07-01,8.61740090840613e-07
"15889",1993-07-02,0
"15890",1993-07-03,0.00479639973946178
"15891",1993-07-04,4.78847363751811e-05
"15892",1993-07-05,2.45762903432478e-05
"15893",1993-07-06,0.00056012042847442
"15894",1993-07-07,0.00141523825823242
"15895",1993-07-08,0.00145858043180169
"15896",1993-07-09,0.00855489799482712
"15897",1993-07-10,0.00780610988385888
"15898",1993-07-11,0.00134544697061756
"15899",1993-07-12,0.0351964440006327
"15900",1993-07-13,0.000563169249176099
"15901",1993-07-14,0.000951797675554644
"15902",1993-07-15,0.010079019098157
"15903",1993-07-16,0.00149675131666527
"15904",1993-07-17,0
"15905",1993-07-18,2.0939382807228e-05
"15906",1993-07-19,0.000125915292755963
"15907",1993-07-20,0.0028171164477726
"15908",1993-07-21,0.00397092012553912
"15909",1993-07-22,0.00166511351261533
"15910",1993-07-23,0.000108027178214343
"15911",1993-07-24,0.00104087311996182
"15912",1993-07-25,4.37419227523606e-05
"15913",1993-07-26,0.00245266552764178
"15914",1993-07-27,0.00320121620461578
"15915",1993-07-28,0.000747267323049527
"15916",1993-07-29,0.000368419881851878
"15917",1993-07-30,0.0095928791552069
"15918",1993-07-31,0.00046461341196391
"15919",1993-08-01,0.000194694816173069
"15920",1993-08-02,5.59576575938081e-05
"15921",1993-08-03,0.0164215080886265
"15922",1993-08-04,0.00184491157796174
"15923",1993-08-05,0.000326855777302626
"15924",1993-08-06,0.013659348325973
"15925",1993-08-07,0.003221846405836
"15926",1993-08-08,6.7167331053497e-05
"15927",1993-08-09,0.0127835137100192
"15928",1993-08-10,0.00375462222001488
"15929",1993-08-11,0.00205946031530857
"15930",1993-08-12,0.00795721905069513
"15931",1993-08-13,0.0029396509727917
"15932",1993-08-14,0
"15933",1993-08-15,0.00628938114550692
"15934",1993-08-16,0.0019563612240745
"15935",1993-08-17,0.00356873265508284
"15936",1993-08-18,0
"15937",1993-08-19,0
"15938",1993-08-20,0.00104891251538675
"15939",1993-08-21,0.000572993592641069
"15940",1993-08-22,0.00360129521794761
"15941",1993-08-23,0.000720506171091984
"15942",1993-08-24,0.0030520776317644
"15943",1993-08-25,0.0024210967021645
"15944",1993-08-26,0.00495328458418953
"15945",1993-08-27,9.87928106042091e-05
"15946",1993-08-28,0
"15947",1993-08-29,0.000281165067292477
"15948",1993-08-30,0.000916261553470576
"15949",1993-08-31,9.58894474933913e-08
"15950",1993-09-01,0.000130153969166713
"15951",1993-09-02,0.00324964747323975
"15952",1993-09-03,5.96876751615127e-05
"15953",1993-09-04,0.00144047832964134
"15954",1993-09-05,0
"15955",1993-09-06,7.02800171552553e-05
"15956",1993-09-07,4.79551908938447e-05
"15957",1993-09-08,0.000234786000817166
"15958",1993-09-09,1.33525372802978e-06
"15959",1993-09-10,0
"15960",1993-09-11,0.000998826078102866
"15961",1993-09-12,0.000134862796699053
"15962",1993-09-13,0.000251404663458743
"15963",1993-09-14,0.000518654417760445
"15964",1993-09-15,0.00168850834984369
"15965",1993-09-16,0.00443686998642079
"15966",1993-09-17,0.0016943723330769
"15967",1993-09-18,0
"15968",1993-09-19,0
"15969",1993-09-20,0.000245983717718445
"15970",1993-09-21,0.00489586541880271
"15971",1993-09-22,0.000179748476853092
"15972",1993-09-23,4.76900379453582e-06
"15973",1993-09-24,0.000523128041095333
"15974",1993-09-25,0.00735804289041653
"15975",1993-09-26,0.00671599633642472
"15976",1993-09-27,0.000772917799451989
"15977",1993-09-28,0
"15978",1993-09-29,5.28979101090954e-05
"15979",1993-09-30,4.91916898113232e-05
"15980",1993-10-01,2.47888971216526e-06
"15981",1993-10-02,0.00204553132391538
"15982",1993-10-03,0.00849197422212455
"15983",1993-10-04,0.00404073159097607
"15984",1993-10-05,0.00287041242125952
"15985",1993-10-06,0.0178640425283447
"15986",1993-10-07,0.00237854233546386
"15987",1993-10-08,0.00235158729628893
"15988",1993-10-09,0.0191054440317657
"15989",1993-10-10,0.00445995216432493
"15990",1993-10-11,0.00200250043781125
"15991",1993-10-12,0.0097172201203648
"15992",1993-10-13,0.00313227631335167
"15993",1993-10-14,0
"15994",1993-10-15,0.0032821566649659
"15995",1993-10-16,0.0068663240672322
"15996",1993-10-17,0.000605386889219517
"15997",1993-10-18,0
"15998",1993-10-19,1.90529044630239e-06
"15999",1993-10-20,0.0100719491614996
"16000",1993-10-21,0.00222688295525586
"16001",1993-10-22,2.85690703094588e-07
"16002",1993-10-23,1.91778951830202e-07
"16003",1993-10-24,0
"16004",1993-10-25,0
"16005",1993-10-26,0
"16006",1993-10-27,4.77271856880179e-06
"16007",1993-10-28,2.00181244736086e-06
"16008",1993-10-29,0
"16009",1993-10-30,0.000135668590360183
"16010",1993-10-31,6.12307697451797e-05
"16011",1993-11-01,0.000467580685835856
"16012",1993-11-02,0.000147903612742084
"16013",1993-11-03,0.000104735927891397
"16014",1993-11-04,0.000303573131532175
"16015",1993-11-05,0.000301963698802865
"16016",1993-11-06,0.000210234801670595
"16017",1993-11-07,0.000652432718197815
"16018",1993-11-08,0.00073476614397805
"16019",1993-11-09,0.00246898594832601
"16020",1993-11-10,0.00183521606686554
"16021",1993-11-11,0.00310679189533403
"16022",1993-11-12,0.0073040725028477
"16023",1993-11-13,0.00622573218424805
"16024",1993-11-14,0.00467382777424064
"16025",1993-11-15,0.000522105027414455
"16026",1993-11-16,3.29026315739611e-05
"16027",1993-11-17,0.000279044017190699
"16028",1993-11-18,3.26295927948195e-05
"16029",1993-11-19,0.000218787246922147
"16030",1993-11-20,0.000603100506850751
"16031",1993-11-21,0.00210822006920353
"16032",1993-11-22,0.00490232427546289
"16033",1993-11-23,0.0108410803804873
"16034",1993-11-24,0.00387160458194558
"16035",1993-11-25,0.000116000458149301
"16036",1993-11-26,0.00295191627526492
"16037",1993-11-27,0.000318875405866947
"16038",1993-11-28,9.34800028744576e-05
"16039",1993-11-29,0.000308305458020186
"16040",1993-11-30,0.00029338111380639
"16041",1993-12-01,0.0016375828145101
"16042",1993-12-02,0.00835215540155332
"16043",1993-12-03,0.000731456051255464
"16044",1993-12-04,0.0157633690250805
"16045",1993-12-05,9.52568939283083e-08
"16046",1993-12-06,0.000301524909616546
"16047",1993-12-07,0.0146060990866772
"16048",1993-12-08,4.29248711952823e-06
"16049",1993-12-09,2.65497010900617e-05
"16050",1993-12-10,0.00241043099686067
"16051",1993-12-11,0.00162221124628559
"16052",1993-12-12,0
"16053",1993-12-13,2.85690703094588e-07
"16054",1993-12-14,3.10945538899432e-05
"16055",1993-12-15,0.00112970187097972
"16056",1993-12-16,0.00345386526896618
"16057",1993-12-17,0.000175005037590381
"16058",1993-12-18,0.00350926858305911
"16059",1993-12-19,0.0121095849754056
"16060",1993-12-20,0.000235592629792336
"16061",1993-12-21,0.000367861229676691
"16062",1993-12-22,0.00127238033292087
"16063",1993-12-23,0.0101057127612876
"16064",1993-12-24,0.00177533499390847
"16065",1993-12-25,0.00105219592296635
"16066",1993-12-26,0.00124141945889278
"16067",1993-12-27,0.000415225534538877
"16068",1993-12-28,0.00469573607824714
"16069",1993-12-29,0.00659548401017673
"16070",1993-12-30,0.00505975236592349
"16071",1993-12-31,0.00407736787809654
"16072",1994-01-01,3.42696847042134e-05
"16073",1994-01-02,4.86742209204749e-06
"16074",1994-01-03,9.15591981538455e-05
"16075",1994-01-04,0.00637162748353148
"16076",1994-01-05,0.00501182548759971
"16077",1994-01-06,0.00230121186086762
"16078",1994-01-07,0.00983592070832628
"16079",1994-01-08,0.000872707671192074
"16080",1994-01-09,8.4083821150216e-05
"16081",1994-01-10,0.000143158936225518
"16082",1994-01-11,0.00264625155250542
"16083",1994-01-12,0.00832850694132503
"16084",1994-01-13,0.0106126745384927
"16085",1994-01-14,0.00300448318159852
"16086",1994-01-15,5.72093995288014e-07
"16087",1994-01-16,3.81660299808573e-07
"16088",1994-01-17,2.07327207704111e-05
"16089",1994-01-18,0.00277111399043406
"16090",1994-01-19,0.00294536857546746
"16091",1994-01-20,0.0016825380845944
"16092",1994-01-21,0.000342139683482401
"16093",1994-01-22,0.00010676117381081
"16094",1994-01-23,0.00467875372174831
"16095",1994-01-24,0
"16096",1994-01-25,0.00405791753109952
"16097",1994-01-26,0.000690593195599831
"16098",1994-01-27,0.00505316035594205
"16099",1994-01-28,0.00647359927637581
"16100",1994-01-29,9.3189255096604e-05
"16101",1994-01-30,0.00773090319131597
"16102",1994-01-31,2.39019919945349e-06
"16103",1994-02-01,0.00209570843173879
"16104",1994-02-02,0.0085363015969051
"16105",1994-02-03,0.000362704634198963
"16106",1994-02-04,4.54992911045338e-05
"16107",1994-02-05,8.10561693356249e-05
"16108",1994-02-06,0.000177315265318612
"16109",1994-02-07,0.000121188548519058
"16110",1994-02-08,0.000671824562232359
"16111",1994-02-09,0.0058897458775391
"16112",1994-02-10,0.00196319043425319
"16113",1994-02-11,0.000147832767652289
"16114",1994-02-12,9.8266181339568e-05
"16115",1994-02-13,2.95588728249641e-06
"16116",1994-02-14,0
"16117",1994-02-15,7.6711563679055e-07
"16118",1994-02-16,0.000148193767529392
"16119",1994-02-17,1.92678003259061e-05
"16120",1994-02-18,1.33723210637982e-06
"16121",1994-02-19,5.4943703275967e-05
"16122",1994-02-20,0.00218418843360269
"16123",1994-02-21,0.00365426094504073
"16124",1994-02-22,0.00125688144817104
"16125",1994-02-23,0.000160818090876091
"16126",1994-02-24,8.61027558585192e-07
"16127",1994-02-25,0.000198989185150822
"16128",1994-02-26,5.926629876285e-05
"16129",1994-02-27,0.000397667604374874
"16130",1994-02-28,0.00034024577450964
"16131",1994-03-01,2.88118846469843e-05
"16132",1994-03-02,0.00240412577932148
"16133",1994-03-03,0.00298182967793537
"16134",1994-03-04,0.00468209606560421
"16135",1994-03-05,0.00923813309964316
"16136",1994-03-06,0.00218202804796874
"16137",1994-03-07,0.000406492987963247
"16138",1994-03-08,0.00322018609176666
"16139",1994-03-09,0.000178753848103952
"16140",1994-03-10,5.65899397315661e-05
"16141",1994-03-11,0.00821101545079728
"16142",1994-03-12,0.00271451758135299
"16143",1994-03-13,0.011922410151783
"16144",1994-03-14,0.00369020181432234
"16145",1994-03-15,6.83894322719425e-05
"16146",1994-03-16,4.02089756335045e-05
"16147",1994-03-17,5.11979997099843e-05
"16148",1994-03-18,5.78603109602227e-05
"16149",1994-03-19,7.5819323228643e-05
"16150",1994-03-20,5.48184580679845e-05
"16151",1994-03-21,2.57304151318749e-06
"16152",1994-03-22,0.0068022288092493
"16153",1994-03-23,0.00878652958203929
"16154",1994-03-24,2.58305453826324e-05
"16155",1994-03-25,9.41145091246653e-05
"16156",1994-03-26,2.9843419270037e-05
"16157",1994-03-27,0
"16158",1994-03-28,0.0010503709958698
"16159",1994-03-29,0.00664269815842999
"16160",1994-03-30,4.76837158203125e-07
"16161",1994-03-31,0.00754679902473754
"16162",1994-04-01,0.0112164979218505
"16163",1994-04-02,0.00321955734784751
"16164",1994-04-03,4.43378615386791e-05
"16165",1994-04-04,0.00909607453627359
"16166",1994-04-05,0.000719069635579217
"16167",1994-04-06,0.00250140144726174
"16168",1994-04-07,0.00251460076765397
"16169",1994-04-08,0.000174568866555092
"16170",1994-04-09,0.000430349583496081
"16171",1994-04-10,0.000105820677788415
"16172",1994-04-11,0
"16173",1994-04-12,0
"16174",1994-04-13,3.81722639986037e-06
"16175",1994-04-14,0.00895342182775494
"16176",1994-04-15,0.000532882027982851
"16177",1994-04-16,2.57786160773321e-06
"16178",1994-04-17,4.76837158203125e-07
"16179",1994-04-18,0
"16180",1994-04-19,0.000124981161206961
"16181",1994-04-20,0.000950383945735211
"16182",1994-04-21,0.00181973462218821
"16183",1994-04-22,9.5403887712564e-05
"16184",1994-04-23,4.95674612466246e-06
"16185",1994-04-24,0.000563053245059564
"16186",1994-04-25,6.47740898784832e-05
"16187",1994-04-26,0.000912891044606567
"16188",1994-04-27,4.7070072241695e-05
"16189",1994-04-28,0.00105196388568629
"16190",1994-04-29,1.23893727277391e-05
"16191",1994-04-30,0.00469236826069164
"16192",1994-05-01,2.85690703094588e-07
"16193",1994-05-02,0
"16194",1994-05-03,3.95829648027757e-05
"16195",1994-05-04,0
"16196",1994-05-05,0
"16197",1994-05-06,0
"16198",1994-05-07,2.67541742005051e-06
"16199",1994-05-08,0
"16200",1994-05-09,0
"16201",1994-05-10,0
"16202",1994-05-11,0
"16203",1994-05-12,0
"16204",1994-05-13,0
"16205",1994-05-14,0
"16206",1994-05-15,4.54375549452379e-05
"16207",1994-05-16,0.000287788704383729
"16208",1994-05-17,3.22032328767818e-05
"16209",1994-05-18,0.000579189989252882
"16210",1994-05-19,5.05532710803891e-06
"16211",1994-05-20,0
"16212",1994-05-21,0
"16213",1994-05-22,0
"16214",1994-05-23,0.000318430200422881
"16215",1994-05-24,0.000886892710695975
"16216",1994-05-25,0.000401274256034867
"16217",1994-05-26,0.000289213619907969
"16218",1994-05-27,0
"16219",1994-05-28,0.000828929677254564
"16220",1994-05-29,0.00796956594973608
"16221",1994-05-30,1.82088142537395e-05
"16222",1994-05-31,0.00194984791141906
"16223",1994-06-01,4.63205579990245e-05
"16224",1994-06-02,0.000238742883027498
"16225",1994-06-03,0.00926520921439078
"16226",1994-06-04,0.00191216638631886
"16227",1994-06-05,0.000959072153818852
"16228",1994-06-06,9.28514491533861e-05
"16229",1994-06-07,0.00144936504602811
"16230",1994-06-08,0.000479349552733765
"16231",1994-06-09,5.81453150516609e-06
"16232",1994-06-10,0.000956827216214151
"16233",1994-06-11,4.45677305833669e-05
"16234",1994-06-12,0
"16235",1994-06-13,0
"16236",1994-06-14,0
"16237",1994-06-15,0.000375023865956337
"16238",1994-06-16,0.000389730373171915
"16239",1994-06-17,2.10674670597655e-05
"16240",1994-06-18,0.00425218870879007
"16241",1994-06-19,0.00219382723298622
"16242",1994-06-20,0
"16243",1994-06-21,0.00788631640801896
"16244",1994-06-22,0.00375286508443651
"16245",1994-06-23,0.000465056201392144
"16246",1994-06-24,0
"16247",1994-06-25,0.000280464635579847
"16248",1994-06-26,0.00533240356901388
"16249",1994-06-27,2.36675473956893e-05
"16250",1994-06-28,0
"16251",1994-06-29,0.0129506226180069
"16252",1994-06-30,8.29191583306965e-06
"16253",1994-07-01,0
"16254",1994-07-02,0
"16255",1994-07-03,0
"16256",1994-07-04,1.3632301488542e-05
"16257",1994-07-05,8.39176180988943e-06
"16258",1994-07-06,0
"16259",1994-07-07,0
"16260",1994-07-08,6.77026400808245e-06
"16261",1994-07-09,0
"16262",1994-07-10,0
"16263",1994-07-11,6.40268706320057e-06
"16264",1994-07-12,0
"16265",1994-07-13,0
"16266",1994-07-14,0.000210727658668475
"16267",1994-07-15,0.00132934136416907
"16268",1994-07-16,2.85690703094588e-06
"16269",1994-07-17,0.00249565712817912
"16270",1994-07-18,0
"16271",1994-07-19,0
"16272",1994-07-20,0
"16273",1994-07-21,0
"16274",1994-07-22,0.000157671729766662
"16275",1994-07-23,0
"16276",1994-07-24,0
"16277",1994-07-25,0
"16278",1994-07-26,0
"16279",1994-07-27,0.00224772739966284
"16280",1994-07-28,8.21805321038482e-05
"16281",1994-07-29,0.0105940626144729
"16282",1994-07-30,5.13760558078502e-05
"16283",1994-07-31,0.00101248172904889
"16284",1994-08-01,9.52569450873852e-07
"16285",1994-08-02,0.0061194997888947
"16286",1994-08-03,0.000106457107676761
"16287",1994-08-04,0
"16288",1994-08-05,0.00420975009598124
"16289",1994-08-06,0.00111532614573662
"16290",1994-08-07,6.48520551749243e-06
"16291",1994-08-08,0
"16292",1994-08-09,0.000398672265873756
"16293",1994-08-10,2.57121632785129e-06
"16294",1994-08-11,2.57121587310394e-06
"16295",1994-08-12,0.000480225727187644
"16296",1994-08-13,0.00881200094289625
"16297",1994-08-14,0.00899934413337178
"16298",1994-08-15,3.43240390066057e-06
"16299",1994-08-16,0
"16300",1994-08-17,0.00058964196927036
"16301",1994-08-18,0.00279140980467218
"16302",1994-08-19,0.00558087882382097
"16303",1994-08-20,0.0191597646689843
"16304",1994-08-21,0.00352889682596924
"16305",1994-08-22,0.000371413819323152
"16306",1994-08-23,0.000408281570230429
"16307",1994-08-24,9.71644767560065e-05
"16308",1994-08-25,0.0026169249904342
"16309",1994-08-26,0.0143012100285205
"16310",1994-08-27,0.0104050590180691
"16311",1994-08-28,0.00560485428746915
"16312",1994-08-29,0.00880728170159273
"16313",1994-08-30,3.60947424269398e-05
"16314",1994-08-31,0.000146391926818978
"16315",1994-09-01,0.000222071622943076
"16316",1994-09-02,0.00389230299697374
"16317",1994-09-03,0.0136957280046772
"16318",1994-09-04,0.00862298310130427
"16319",1994-09-05,0.00550821509187926
"16320",1994-09-06,0.00141745012649608
"16321",1994-09-07,0.00038538031247981
"16322",1994-09-08,0.0014231284849302
"16323",1994-09-09,0.0390144119137403
"16324",1994-09-10,0.0108123334066477
"16325",1994-09-11,0.00735672878363403
"16326",1994-09-12,0.00252440586262992
"16327",1994-09-13,0.0151361815660493
"16328",1994-09-14,0.00106421310169935
"16329",1994-09-15,0.0264748926981611
"16330",1994-09-16,0.0123873587872367
"16331",1994-09-17,0.00223525648470968
"16332",1994-09-18,6.20805855078288e-06
"16333",1994-09-19,1.06882008594766e-05
"16334",1994-09-20,0.00084199456080114
"16335",1994-09-21,1.91581193575985e-06
"16336",1994-09-22,0
"16337",1994-09-23,0
"16338",1994-09-24,2.87668342480174e-07
"16339",1994-09-25,0
"16340",1994-09-26,0.000508342656132754
"16341",1994-09-27,0.00643974870399688
"16342",1994-09-28,0.000467984467832139
"16343",1994-09-29,0.000409863835102442
"16344",1994-09-30,0.0120745978492778
"16345",1994-10-01,2.09706922760233e-06
"16346",1994-10-02,0.00365363939391727
"16347",1994-10-03,0.000752866299990274
"16348",1994-10-04,8.4076094935881e-05
"16349",1994-10-05,0
"16350",1994-10-06,0.00182546034557163
"16351",1994-10-07,0.00170970441649843
"16352",1994-10-08,0.00202967626682948
"16353",1994-10-09,0.000807577668069825
"16354",1994-10-10,1.43509942063247e-06
"16355",1994-10-11,2.56728395697792e-05
"16356",1994-10-12,0
"16357",1994-10-13,0
"16358",1994-10-14,5.71381406189175e-07
"16359",1994-10-15,4.79118848488724e-05
"16360",1994-10-16,0.000337312029330405
"16361",1994-10-17,0
"16362",1994-10-18,0
"16363",1994-10-19,0
"16364",1994-10-20,0
"16365",1994-10-21,5.75336855490605e-07
"16366",1994-10-22,0.000645685834172127
"16367",1994-10-23,0.0100214479379588
"16368",1994-10-24,0.00259271105733205
"16369",1994-10-25,0.00244281353786846
"16370",1994-10-26,0.00538716700975783
"16371",1994-10-27,0.00395714654587209
"16372",1994-10-28,0.000777012024798296
"16373",1994-10-29,0.00634634694142733
"16374",1994-10-30,0.000400589664820927
"16375",1994-10-31,0.0108079008059576
"16376",1994-11-01,0.00283881754057802
"16377",1994-11-02,0
"16378",1994-11-03,8.78173369756041e-06
"16379",1994-11-04,1.08196168753238e-05
"16380",1994-11-05,1.87561371376432e-05
"16381",1994-11-06,0.000212792339937096
"16382",1994-11-07,0.000266079617176729
"16383",1994-11-08,0.000631928517577762
"16384",1994-11-09,0.00169174127222504
"16385",1994-11-10,0.0113798989914358
"16386",1994-11-11,0.000687120517227413
"16387",1994-11-12,2.95635970815056e-06
"16388",1994-11-13,0.00374982569462645
"16389",1994-11-14,0.0140453464931625
"16390",1994-11-15,0.00107128718173044
"16391",1994-11-16,1.77328497557028e-05
"16392",1994-11-17,0.00175954879341589
"16393",1994-11-18,3.82838055656975e-06
"16394",1994-11-19,0.00204952015781146
"16395",1994-11-20,0.00099706888727269
"16396",1994-11-21,0
"16397",1994-11-22,8.16831808378993e-05
"16398",1994-11-23,0.000584212113608373
"16399",1994-11-24,2.30134719458874e-06
"16400",1994-11-25,0
"16401",1994-11-26,0.000264529945638969
"16402",1994-11-27,4.87406953197933e-06
"16403",1994-11-28,0
"16404",1994-11-29,0
"16405",1994-11-30,1.6370215405459e-05
"16406",1994-12-01,0.000131165455456994
"16407",1994-12-02,0.000187981735507492
"16408",1994-12-03,0.000410906925310428
"16409",1994-12-04,0.00292807190970734
"16410",1994-12-05,0.00472526668528417
"16411",1994-12-06,0.00403379068211507
"16412",1994-12-07,0.0064683197452382
"16413",1994-12-08,0.0120848909436972
"16414",1994-12-09,0.000267699982373415
"16415",1994-12-10,0.00735215662615474
"16416",1994-12-11,0.00087777120188548
"16417",1994-12-12,0.000342304509956648
"16418",1994-12-13,0.000501427300662272
"16419",1994-12-14,0
"16420",1994-12-15,9.11628093831496e-05
"16421",1994-12-16,0.00768817795312771
"16422",1994-12-17,0.000358045253221917
"16423",1994-12-18,0.00813437782926485
"16424",1994-12-19,0.00987844036717433
"16425",1994-12-20,0.00310784821886045
"16426",1994-12-21,8.1952332493529e-06
"16427",1994-12-22,2.85690703094588e-07
"16428",1994-12-23,0.000242090743313383
"16429",1994-12-24,0.000509032248373842
"16430",1994-12-25,0.00223007215663529
"16431",1994-12-26,0.00181692157286761
"16432",1994-12-27,0.00989263322389888
"16433",1994-12-28,0.00157057701312624
"16434",1994-12-29,0.00958617500236869
"16435",1994-12-30,0.0023746857932565
"16436",1994-12-31,0.00599296276959649
"16437",1995-01-01,0.00183755930629559
"16438",1995-01-02,0.000358782396801871
"16439",1995-01-03,0
"16440",1995-01-04,0.000101784508160563
"16441",1995-01-05,0.000892522373760585
"16442",1995-01-06,0.00129990155983251
"16443",1995-01-07,0.000319108900839637
"16444",1995-01-08,0.00840324057571706
"16445",1995-01-09,0.00942814975132933
"16446",1995-01-10,0.00291666496468679
"16447",1995-01-11,0.000514539558366778
"16448",1995-01-12,2.38315658407373e-06
"16449",1995-01-13,0.00202771350581088
"16450",1995-01-14,0.000553413919988088
"16451",1995-01-15,3.05011144519085e-06
"16452",1995-01-16,0.00124432699908539
"16453",1995-01-17,0.000121649795516987
"16454",1995-01-18,0.0091380779591077
"16455",1995-01-19,0.0106318322614243
"16456",1995-01-20,0.0101440400121646
"16457",1995-01-21,0.00106341681708955
"16458",1995-01-22,0.0117406471044887
"16459",1995-01-23,0.00154129431007277
"16460",1995-01-24,8.12524408502213e-05
"16461",1995-01-25,0
"16462",1995-01-26,0
"16463",1995-01-27,0
"16464",1995-01-28,8.54715150921947e-05
"16465",1995-01-29,1.79393429107222e-05
"16466",1995-01-30,1.91130391158367e-06
"16467",1995-01-31,0.0105906341407831
"16468",1995-02-01,0.00953536883389461
"16469",1995-02-02,5.59986501684762e-05
"16470",1995-02-03,0.00448498007062881
"16471",1995-02-04,3.356697561685e-05
"16472",1995-02-05,0.00018767895471683
"16473",1995-02-06,0.0004207346619296
"16474",1995-02-07,0.000291793140490881
"16475",1995-02-08,0.000412000940286816
"16476",1995-02-09,0
"16477",1995-02-10,0
"16478",1995-02-11,4.34284763173309e-05
"16479",1995-02-12,0.0164329461121042
"16480",1995-02-13,0.000381364421571107
"16481",1995-02-14,0.00604211158133694
"16482",1995-02-15,0.0100184706534492
"16483",1995-02-16,0.0014902734574207
"16484",1995-02-17,0.00393569725292764
"16485",1995-02-18,3.814697265625e-06
"16486",1995-02-19,0.0064556540492049
"16487",1995-02-20,0.000175870933162514
"16488",1995-02-21,0.00885445567837451
"16489",1995-02-22,0.008268173156182
"16490",1995-02-23,0.0165160465112422
"16491",1995-02-24,0.000215286224147349
"16492",1995-02-25,0
"16493",1995-02-26,0
"16494",1995-02-27,0.00348858958750498
"16495",1995-02-28,0.00140693835857064
"16496",1995-03-01,0.00123042391714989
"16497",1995-03-02,0.00270780480150279
"16498",1995-03-03,0.00297970521222624
"16499",1995-03-04,0.00408562413576874
"16500",1995-03-05,0.00212462661602331
"16501",1995-03-06,0.00788138456118759
"16502",1995-03-07,0.00483620507293381
"16503",1995-03-08,9.52568939283083e-08
"16504",1995-03-09,0.00138609656761446
"16505",1995-03-10,0.00020482423053636
"16506",1995-03-11,6.68387031055317e-06
"16507",1995-03-12,3.72430829997938e-05
"16508",1995-03-13,0.000212203029434477
"16509",1995-03-14,0.000595419508499617
"16510",1995-03-15,0.00287696324812714
"16511",1995-03-16,0.0043625974067254
"16512",1995-03-17,0.0139354394577822
"16513",1995-03-18,0.00322617711390194
"16514",1995-03-19,0.00050375144451209
"16515",1995-03-20,0.000152523698261575
"16516",1995-03-21,0
"16517",1995-03-22,0.000128326695232772
"16518",1995-03-23,4.40237232623986e-06
"16519",1995-03-24,0.00141595463128397
"16520",1995-03-25,0.00187895546349637
"16521",1995-03-26,0.00279555270572018
"16522",1995-03-27,0.0015340290410677
"16523",1995-03-28,7.68144072935684e-05
"16524",1995-03-29,8.6773343753066e-05
"16525",1995-03-30,2.95556674245745e-06
"16526",1995-03-31,0.00881027247760358
"16527",1995-04-01,1.314545806963e-05
"16528",1995-04-02,0
"16529",1995-04-03,1.10498049252783e-05
"16530",1995-04-04,0.000529810211730819
"16531",1995-04-05,0.00189605382274749
"16532",1995-04-06,1.34533508457935e-05
"16533",1995-04-07,0.00613027338732763
"16534",1995-04-08,0.000492694369881974
"16535",1995-04-09,0.000199084929590754
"16536",1995-04-10,3.98560793541947e-05
"16537",1995-04-11,1.48052027952872e-05
"16538",1995-04-12,0.000771292963406722
"16539",1995-04-13,5.75336798647186e-07
"16540",1995-04-14,4.0991218952513e-06
"16541",1995-04-15,0.00804463005323441
"16542",1995-04-16,0.000541267842663729
"16543",1995-04-17,0.00104266233302042
"16544",1995-04-18,0.00244270019538817
"16545",1995-04-19,0.00196177714138912
"16546",1995-04-20,0.00296971099004395
"16547",1995-04-21,0.00215825075974863
"16548",1995-04-22,0.000775561247792211
"16549",1995-04-23,8.09683933766792e-06
"16550",1995-04-24,0
"16551",1995-04-25,0.000130383285068092
"16552",1995-04-26,0.00463303208442767
"16553",1995-04-27,0.0170707557990681
"16554",1995-04-28,0.000838562189528602
"16555",1995-04-29,0.000587795010289938
"16556",1995-04-30,0.000217451731259644
"16557",1995-05-01,0
"16558",1995-05-02,0
"16559",1995-05-03,0.000139313379065698
"16560",1995-05-04,0
"16561",1995-05-05,0
"16562",1995-05-06,9.6258421535822e-06
"16563",1995-05-07,0.00040789696322463
"16564",1995-05-08,0.00456728778499382
"16565",1995-05-09,8.96242977432848e-06
"16566",1995-05-10,1.91146398265118e-07
"16567",1995-05-11,0.00463546698301798
"16568",1995-05-12,0.000939282453146006
"16569",1995-05-13,1.20015466222867e-05
"16570",1995-05-14,0.00356222101345338
"16571",1995-05-15,0.000903982273200654
"16572",1995-05-16,0.000510103752446867
"16573",1995-05-17,8.83740762560592e-05
"16574",1995-05-18,0.00497834442637668
"16575",1995-05-19,1.69557351910044e-05
"16576",1995-05-20,0.00139809317545314
"16577",1995-05-21,0.00130828843447262
"16578",1995-05-22,0
"16579",1995-05-23,0.000332841347983504
"16580",1995-05-24,9.5367431640625e-07
"16581",1995-05-25,0
"16582",1995-05-26,2.85690703094588e-07
"16583",1995-05-27,1.81074597094266e-06
"16584",1995-05-28,0.0062645773971326
"16585",1995-05-29,0.00874465286597115
"16586",1995-05-30,0.00873272515048029
"16587",1995-05-31,0.00954127441764285
"16588",1995-06-01,0.0171738013614231
"16589",1995-06-02,0.00468980487619319
"16590",1995-06-03,0
"16591",1995-06-04,1.21928883913824e-05
"16592",1995-06-05,5.90648232901003e-06
"16593",1995-06-06,0.000301477221000823
"16594",1995-06-07,0.00314036810601692
"16595",1995-06-08,0.00886336969284685
"16596",1995-06-09,0.00395613897791236
"16597",1995-06-10,0.00306202753654361
"16598",1995-06-11,0.00818147335667163
"16599",1995-06-12,0.0123912927401761
"16600",1995-06-13,0.00146337820683584
"16601",1995-06-14,0.024607417628431
"16602",1995-06-15,0.00165799784116416
"16603",1995-06-16,0.0019579120508979
"16604",1995-06-17,0.00655319264842547
"16605",1995-06-18,0.0185749200545615
"16606",1995-06-19,0.000537631319616594
"16607",1995-06-20,0.00102616763297192
"16608",1995-06-21,0.00284402869164069
"16609",1995-06-22,0.00108879626282032
"16610",1995-06-23,0
"16611",1995-06-24,0
"16612",1995-06-25,0
"16613",1995-06-26,0.000224732192748434
"16614",1995-06-27,0
"16615",1995-06-28,0
"16616",1995-06-29,0
"16617",1995-06-30,0.000971013274295274
"16618",1995-07-01,0.00516390144184697
"16619",1995-07-02,9.58894474933913e-08
"16620",1995-07-03,6.88584582348994e-05
"16621",1995-07-04,0.00316078388237884
"16622",1995-07-05,0
"16623",1995-07-06,0.00124865690440856
"16624",1995-07-07,0.00293083949532047
"16625",1995-07-08,0.000106089254984454
"16626",1995-07-09,0
"16627",1995-07-10,3.52837378159165e-06
"16628",1995-07-11,0
"16629",1995-07-12,0
"16630",1995-07-13,4.62898053115168e-05
"16631",1995-07-14,0.00208659824085089
"16632",1995-07-15,0.0134739737732161
"16633",1995-07-16,0.00428841763368837
"16634",1995-07-17,0.0021231552780705
"16635",1995-07-18,0.00373017892752614
"16636",1995-07-19,0
"16637",1995-07-20,0.000136953002368045
"16638",1995-07-21,0.00834218341850601
"16639",1995-07-22,0.000702346956131805
"16640",1995-07-23,3.44347207601459e-05
"16641",1995-07-24,0.0047388020911967
"16642",1995-07-25,1.37131537485402e-05
"16643",1995-07-26,0
"16644",1995-07-27,0
"16645",1995-07-28,0
"16646",1995-07-29,0.000276688298072258
"16647",1995-07-30,0
"16648",1995-07-31,0.001173857658614
"16649",1995-08-01,0.000592144665517935
"16650",1995-08-02,0.000284397160726257
"16651",1995-08-03,0.00140999038455902
"16652",1995-08-04,1.33723216322323e-06
"16653",1995-08-05,0
"16654",1995-08-06,0
"16655",1995-08-07,0.000268717383164585
"16656",1995-08-08,0
"16657",1995-08-09,0
"16658",1995-08-10,0
"16659",1995-08-11,0
"16660",1995-08-12,0
"16661",1995-08-13,5.24315055372426e-06
"16662",1995-08-14,0.000209409960007179
"16663",1995-08-15,0
"16664",1995-08-16,0
"16665",1995-08-17,0
"16666",1995-08-18,0
"16667",1995-08-19,1.91399408322468e-06
"16668",1995-08-20,5.47738570730871e-05
"16669",1995-08-21,0
"16670",1995-08-22,0
"16671",1995-08-23,0
"16672",1995-08-24,0.000116766437315619
"16673",1995-08-25,0.0164514534701539
"16674",1995-08-26,0.000177410181095183
"16675",1995-08-27,0.000292992529864478
"16676",1995-08-28,0
"16677",1995-08-29,9.58894474933913e-08
"16678",1995-08-30,0
"16679",1995-08-31,0
"16680",1995-09-01,0.00150025441888602
"16681",1995-09-02,0.00267020880073687
"16682",1995-09-03,0.0138600086938823
"16683",1995-09-04,0.00855160432092816
"16684",1995-09-05,0.0101859416818115
"16685",1995-09-06,0.00257119689837282
"16686",1995-09-07,0.00832377063181866
"16687",1995-09-08,0.000390134574047352
"16688",1995-09-09,0.000821828094615284
"16689",1995-09-10,0.00844182806366689
"16690",1995-09-11,0.00399790971096081
"16691",1995-09-12,0.00591962630420539
"16692",1995-09-13,0.00477402027718199
"16693",1995-09-14,0.0135577485552858
"16694",1995-09-15,0.0181999490596354
"16695",1995-09-16,0.00699110297773586
"16696",1995-09-17,7.95882715465268e-06
"16697",1995-09-18,3.33826034193407e-06
"16698",1995-09-19,0
"16699",1995-09-20,2.39533966350791e-06
"16700",1995-09-21,1.80724289293721e-05
"16701",1995-09-22,1.14608576495812e-06
"16702",1995-09-23,2.21494601646555e-05
"16703",1995-09-24,0.00578278596640303
"16704",1995-09-25,0.00587591763928685
"16705",1995-09-26,0.000289243458553301
"16706",1995-09-27,0.00444951227382262
"16707",1995-09-28,0.0136968039441854
"16708",1995-09-29,0.00444279676594306
"16709",1995-09-30,4.68806297249102e-06
"16710",1995-10-01,0.000181018146861334
"16711",1995-10-02,0.00177939891545975
"16712",1995-10-03,0.00236438700085273
"16713",1995-10-04,0.00574660613079914
"16714",1995-10-05,0.0119315183331992
"16715",1995-10-06,0.00116382325705899
"16716",1995-10-07,0.00733205208962318
"16717",1995-10-08,0.000340791207293023
"16718",1995-10-09,1.07993665210415e-05
"16719",1995-10-10,2.45075479483603e-05
"16720",1995-10-11,0
"16721",1995-10-12,0.000440121332474064
"16722",1995-10-13,9.98083014565054e-05
"16723",1995-10-14,1.76948668126897e-05
"16724",1995-10-15,0.000465617915438088
"16725",1995-10-16,0.000245895181478772
"16726",1995-10-17,0.0109957522363402
"16727",1995-10-18,0.00150520539619947
"16728",1995-10-19,0.00169229949392502
"16729",1995-10-20,0
"16730",1995-10-21,0
"16731",1995-10-22,0.00435769268415243
"16732",1995-10-23,0.00110939512433106
"16733",1995-10-24,0.000532626167000672
"16734",1995-10-25,0.00554293482400681
"16735",1995-10-26,0.000131390945682597
"16736",1995-10-27,0.0121690531141212
"16737",1995-10-28,4.47919683210785e-06
"16738",1995-10-29,0
"16739",1995-10-30,0.00241994154851
"16740",1995-10-31,0.00108837764582859
"16741",1995-11-01,0.00198164854634797
"16742",1995-11-02,9.6149553428404e-05
"16743",1995-11-03,0.000502178113322316
"16744",1995-11-04,0
"16745",1995-11-05,0
"16746",1995-11-06,0.000322443313052645
"16747",1995-11-07,9.53134131123079e-05
"16748",1995-11-08,0.00200033478904516
"16749",1995-11-09,0.000613026227540558
"16750",1995-11-10,9.35999162265944e-06
"16751",1995-11-11,1.17297810788841e-05
"16752",1995-11-12,8.10266755024713e-06
"16753",1995-11-13,6.11730871469263e-06
"16754",1995-11-14,0.000875747125633097
"16755",1995-11-15,0.00517675677713214
"16756",1995-11-16,0.00353223725039697
"16757",1995-11-17,0.00231931850294131
"16758",1995-11-18,0
"16759",1995-11-19,7.35200518420243e-06
"16760",1995-11-20,0
"16761",1995-11-21,0.000126145897468177
"16762",1995-11-22,0.00173498868821298
"16763",1995-11-23,0.00437822686933487
"16764",1995-11-24,0.00121300999762752
"16765",1995-11-25,0.000391130274238094
"16766",1995-11-26,0.000215154787781557
"16767",1995-11-27,0.00162714662837971
"16768",1995-11-28,0.00155859748520015
"16769",1995-11-29,0.00297736607262777
"16770",1995-11-30,6.44201820136914e-05
"16771",1995-12-01,0.000161011422278534
"16772",1995-12-02,0.000458327224805544
"16773",1995-12-03,0.00105118115243386
"16774",1995-12-04,3.89374944802512e-05
"16775",1995-12-05,1.73147024611353e-05
"16776",1995-12-06,0.000210119443806889
"16777",1995-12-07,0.00112907216134772
"16778",1995-12-08,0.00656380047439598
"16779",1995-12-09,0.00018174244007696
"16780",1995-12-10,0.00209984246748718
"16781",1995-12-11,0
"16782",1995-12-12,7.75418187686228e-05
"16783",1995-12-13,4.33587782140421e-05
"16784",1995-12-14,0
"16785",1995-12-15,0
"16786",1995-12-16,5.29150560169e-05
"16787",1995-12-17,3.82587508056531e-05
"16788",1995-12-18,0.000162857664633975
"16789",1995-12-19,9.52036078842866e-05
"16790",1995-12-20,0
"16791",1995-12-21,6.71226473514253e-07
"16792",1995-12-22,4.5778307026012e-05
"16793",1995-12-23,0.00013284565415006
"16794",1995-12-24,9.52569109813339e-07
"16795",1995-12-25,0.000452447143572954
"16796",1995-12-26,4.77881201277341e-06
"16797",1995-12-27,0
"16798",1995-12-28,2.03111018777236e-05
"16799",1995-12-29,0.0017057718383171
"16800",1995-12-30,0.000571634941820776
"16801",1995-12-31,0.000421360574762275
"16802",1996-01-01,3.2728568839957e-05
"16803",1996-01-02,1.71822761672047e-05
"16804",1996-01-03,1.9165025150869e-05
"16805",1996-01-04,5.99887692942502e-05
"16806",1996-01-05,5.8025065811762e-05
"16807",1996-01-06,0.000822271708784683
"16808",1996-01-07,0.00373136147845798
"16809",1996-01-08,0.00601775635914237
"16810",1996-01-09,0.000186532167390396
"16811",1996-01-10,0.00225290868183947
"16812",1996-01-11,0.00176212325459346
"16813",1996-01-12,0.00225637437506521
"16814",1996-01-13,0.00356747972728044
"16815",1996-01-14,0.000157719397066103
"16816",1996-01-15,0.000401176389459579
"16817",1996-01-16,0.000522754302437534
"16818",1996-01-17,0.000124087103301918
"16819",1996-01-18,0.000164930303071742
"16820",1996-01-19,0.000172527852555504
"16821",1996-01-20,6.42791824816413e-05
"16822",1996-01-21,2.99510830927829e-05
"16823",1996-01-22,0.000207106425477832
"16824",1996-01-23,0.000433268865890568
"16825",1996-01-24,0.000464249442302389
"16826",1996-01-25,0.000351945735019399
"16827",1996-01-26,8.74876077432418e-05
"16828",1996-01-27,8.57072109283763e-07
"16829",1996-01-28,0
"16830",1996-01-29,0
"16831",1996-01-30,3.34935415935433e-05
"16832",1996-01-31,2.71109520895152e-05
"16833",1996-02-01,0.000309575480287094
"16834",1996-02-02,0.000129489276616823
"16835",1996-02-03,8.48709805723047e-06
"16836",1996-02-04,5.58432324737623e-05
"16837",1996-02-05,8.44886630488872e-05
"16838",1996-02-06,0.00108144362638996
"16839",1996-02-07,1.26731184195705e-05
"16840",1996-02-08,2.03101759552737e-05
"16841",1996-02-09,6.72574612394783e-05
"16842",1996-02-10,0.000123624386844767
"16843",1996-02-11,0.000732656591026171
"16844",1996-02-12,0.00033171166160173
"16845",1996-02-13,9.34576156623734e-05
"16846",1996-02-14,0
"16847",1996-02-15,0.000733801075455176
"16848",1996-02-16,0.00808785208209883
"16849",1996-02-17,0.00125861821339868
"16850",1996-02-18,0
"16851",1996-02-19,1.67826484585021e-05
"16852",1996-02-20,0
"16853",1996-02-21,0
"16854",1996-02-22,1.71825990946672e-06
"16855",1996-02-23,0.000293785330882201
"16856",1996-02-24,0.00127943183287016
"16857",1996-02-25,0.0048462639354625
"16858",1996-02-26,0.00482080031088117
"16859",1996-02-27,0.00113895094727923
"16860",1996-02-28,0.000178815591084458
"16861",1996-02-29,0.000797725814663863
"16862",1996-03-01,0
"16863",1996-03-02,0
"16864",1996-03-03,1.75385290503982e-05
"16865",1996-03-04,0.00125645153957521
"16866",1996-03-05,3.81580207431398e-07
"16867",1996-03-06,4.19299180975941e-05
"16868",1996-03-07,0
"16869",1996-03-08,2.86403235350008e-07
"16870",1996-03-09,0
"16871",1996-03-10,0
"16872",1996-03-11,3.15839945415064e-05
"16873",1996-03-12,0.00022690275415016
"16874",1996-03-13,0.000887472942849854
"16875",1996-03-14,0.0010651844977474
"16876",1996-03-15,0.000156097796661925
"16877",1996-03-16,0.000111847750019933
"16878",1996-03-17,1.16390324933491e-05
"16879",1996-03-18,1.65959389164527e-05
"16880",1996-03-19,1.62379564017101e-06
"16881",1996-03-20,0
"16882",1996-03-21,2.2035543452148e-05
"16883",1996-03-22,8.29995593676358e-06
"16884",1996-03-23,4.58268578995558e-06
"16885",1996-03-24,6.67350946059742e-07
"16886",1996-03-25,4.76837158203125e-07
"16887",1996-03-26,7.05650677446101e-06
"16888",1996-03-27,0.00103033427058108
"16889",1996-03-28,0.00545775357750244
"16890",1996-03-29,0.000526971315252922
"16891",1996-03-30,6.68129609948664e-05
"16892",1996-03-31,0.00146757504899142
"16893",1996-04-01,0.0012956077898707
"16894",1996-04-02,3.29800834606431e-05
"16895",1996-04-03,5.04852067706452e-06
"16896",1996-04-04,2.85690703094588e-07
"16897",1996-04-05,0
"16898",1996-04-06,0
"16899",1996-04-07,3.67068523701164e-05
"16900",1996-04-08,7.10220596715772e-05
"16901",1996-04-09,0.000515253628748269
"16902",1996-04-10,0.00111961473186284
"16903",1996-04-11,7.369525883405e-05
"16904",1996-04-12,3.2391994864156e-06
"16905",1996-04-13,0
"16906",1996-04-14,0
"16907",1996-04-15,0
"16908",1996-04-16,3.25834497516553e-06
"16909",1996-04-17,0
"16910",1996-04-18,0
"16911",1996-04-19,0.000891210152815347
"16912",1996-04-20,3.68423940244611e-05
"16913",1996-04-21,9.87439015034397e-05
"16914",1996-04-22,2.1095684132888e-06
"16915",1996-04-23,0.000222659905887213
"16916",1996-04-24,0.000496299468807138
"16917",1996-04-25,0.0057729514210223
"16918",1996-04-26,0.000265081109091625
"16919",1996-04-27,0.00180574637738573
"16920",1996-04-28,0.000451421848481459
"16921",1996-04-29,0.00148770462408265
"16922",1996-04-30,0.00186914535515825
"16923",1996-05-01,0.00172771329380339
"16924",1996-05-02,0.000226321596528578
"16925",1996-05-03,0.00880382792365708
"16926",1996-05-04,0.00796484477632475
"16927",1996-05-05,0.0128116777632385
"16928",1996-05-06,0.00572043671490974
"16929",1996-05-07,0.00151626198294252
"16930",1996-05-08,0
"16931",1996-05-09,1.04782634480216e-06
"16932",1996-05-10,0.00235378901288641
"16933",1996-05-11,0.00541061290772404
"16934",1996-05-12,0
"16935",1996-05-13,0
"16936",1996-05-14,0.000401175362753747
"16937",1996-05-15,0.00229710529674776
"16938",1996-05-16,7.97273817170208e-05
"16939",1996-05-17,0.000953088556343573
"16940",1996-05-18,0.00498978786981752
"16941",1996-05-19,0.00919332523022831
"16942",1996-05-20,0.00449194201371483
"16943",1996-05-21,6.29547893709059e-05
"16944",1996-05-22,0.000129663673135383
"16945",1996-05-23,0.000361068432482625
"16946",1996-05-24,0.00618519428917352
"16947",1996-05-25,0.000287397643432996
"16948",1996-05-26,5.06838674141363e-05
"16949",1996-05-27,0.000101025214291894
"16950",1996-05-28,0.000413379938379421
"16951",1996-05-29,0.00428085548628587
"16952",1996-05-30,6.67635248419174e-06
"16953",1996-05-31,0.0013443958819721
"16954",1996-06-01,0.000626238881523022
"16955",1996-06-02,0.000284268103314389
"16956",1996-06-03,0
"16957",1996-06-04,0.000420016888597274
"16958",1996-06-05,0.000461892719613388
"16959",1996-06-06,0.00106391725637422
"16960",1996-06-07,0
"16961",1996-06-08,0.00753450078747164
"16962",1996-06-09,0
"16963",1996-06-10,0.000101059238659218
"16964",1996-06-11,0.00266007688117043
"16965",1996-06-12,0.00484898336856077
"16966",1996-06-13,0.00505922495898403
"16967",1996-06-14,0
"16968",1996-06-15,1.25893834592716e-05
"16969",1996-06-16,2.24953032557096e-05
"16970",1996-06-17,0.00215320187010093
"16971",1996-06-18,0.00309851192764654
"16972",1996-06-19,0.000780437005744261
"16973",1996-06-20,0.000673029860081442
"16974",1996-06-21,0.00637003122301394
"16975",1996-06-22,0.0006165918622969
"16976",1996-06-23,0.000373386630371897
"16977",1996-06-24,0.000926742377487244
"16978",1996-06-25,0.000555795859327191
"16979",1996-06-26,1.93548873994587e-05
"16980",1996-06-27,6.43231544472656e-05
"16981",1996-06-28,0.00131268527110251
"16982",1996-06-29,0.00113024973364872
"16983",1996-06-30,0.00337059037701692
"16984",1996-07-01,0.00109866049496077
"16985",1996-07-02,0.000411123651872458
"16986",1996-07-03,0.00076740249892282
"16987",1996-07-04,0.00911942152060874
"16988",1996-07-05,0.00419688979206967
"16989",1996-07-06,2.34609697713495e-05
"16990",1996-07-07,0.00313295909199951
"16991",1996-07-08,0.00409125136843613
"16992",1996-07-09,5.52705598124703e-05
"16993",1996-07-10,0
"16994",1996-07-11,3.39583548338851e-05
"16995",1996-07-12,0.000150249799503399
"16996",1996-07-13,0.00114384214430174
"16997",1996-07-14,1.95440679817693e-05
"16998",1996-07-15,0.000113365041102043
"16999",1996-07-16,0
"17000",1996-07-17,0.000142321559962966
"17001",1996-07-18,9.58952397240864e-05
"17002",1996-07-19,0.000172881188518659
"17003",1996-07-20,0
"17004",1996-07-21,0
"17005",1996-07-22,0
"17006",1996-07-23,0
"17007",1996-07-24,1.14276281237835e-06
"17008",1996-07-25,0.000457155397043607
"17009",1996-07-26,2.85690703094588e-07
"17010",1996-07-27,0
"17011",1996-07-28,0
"17012",1996-07-29,0
"17013",1996-07-30,0.00103122640751963
"17014",1996-07-31,0.000650635760393925
"17015",1996-08-01,0.0033937647831408
"17016",1996-08-02,0.00228747575602029
"17017",1996-08-03,0
"17018",1996-08-04,0
"17019",1996-08-05,1.91146398265118e-07
"17020",1996-08-06,0
"17021",1996-08-07,0.000163829266966786
"17022",1996-08-08,0.00264026713875865
"17023",1996-08-09,0.000663216057375848
"17024",1996-08-10,2.57193732977612e-06
"17025",1996-08-11,4.28853121547945e-06
"17026",1996-08-12,2.95509471470723e-06
"17027",1996-08-13,0
"17028",1996-08-14,0.000155619512952399
"17029",1996-08-15,3.62014759502927e-06
"17030",1996-08-16,8.85641043169016e-06
"17031",1996-08-17,0
"17032",1996-08-18,0
"17033",1996-08-19,0
"17034",1996-08-20,0
"17035",1996-08-21,0
"17036",1996-08-22,0.000643186440186128
"17037",1996-08-23,0.000181800753807693
"17038",1996-08-24,0.0216428216667737
"17039",1996-08-25,0.00297226188376953
"17040",1996-08-26,0.00263287182224303
"17041",1996-08-27,0.00122130217732774
"17042",1996-08-28,0.000137860052973338
"17043",1996-08-29,0.0134602823607111
"17044",1996-08-30,0.00361249471296787
"17045",1996-08-31,0.014986681731898
"17046",1996-09-01,0.00570289724612394
"17047",1996-09-02,0.000561688215384493
"17048",1996-09-03,0.000111898889883832
"17049",1996-09-04,0
"17050",1996-09-05,0
"17051",1996-09-06,0
"17052",1996-09-07,0
"17053",1996-09-08,3.3339126730425e-06
"17054",1996-09-09,0
"17055",1996-09-10,0.0043436959691121
"17056",1996-09-11,0.00469606418903368
"17057",1996-09-12,0.0147587414830923
"17058",1996-09-13,0.00481484562715195
"17059",1996-09-14,0.00229939943858426
"17060",1996-09-15,0
"17061",1996-09-16,0
"17062",1996-09-17,0
"17063",1996-09-18,0
"17064",1996-09-19,1.36186081363121e-05
"17065",1996-09-20,0.000144723653420442
"17066",1996-09-21,9.71620829659514e-06
"17067",1996-09-22,0.00049167204610967
"17068",1996-09-23,7.72276854377196e-06
"17069",1996-09-24,0
"17070",1996-09-25,4.7944736820682e-06
"17071",1996-09-26,0.000126810643223507
"17072",1996-09-27,0.0136599465786276
"17073",1996-09-28,0.00675532795997924
"17074",1996-09-29,0.016302043273754
"17075",1996-09-30,0.00149547981516207
"17076",1996-10-01,4.81349718484125e-05
"17077",1996-10-02,6.05562447049124e-05
"17078",1996-10-03,0.00386031660673325
"17079",1996-10-04,0.00746928444192463
"17080",1996-10-05,0.0135015381993071
"17081",1996-10-06,9.35908611268133e-05
"17082",1996-10-07,0.000553226615011226
"17083",1996-10-08,0.000503428906995396
"17084",1996-10-09,0.000349807850113848
"17085",1996-10-10,0
"17086",1996-10-11,0.00133343218038817
"17087",1996-10-12,0.00562545933644287
"17088",1996-10-13,0.00369762440641352
"17089",1996-10-14,0.000382346372987286
"17090",1996-10-15,0.000209172184668205
"17091",1996-10-16,0.00164279243381316
"17092",1996-10-17,0.01203370276329
"17093",1996-10-18,0.000176587673934137
"17094",1996-10-19,0.00242380665707742
"17095",1996-10-20,0.000720161589413237
"17096",1996-10-21,0.00202511428727803
"17097",1996-10-22,0.000173005580450081
"17098",1996-10-23,7.45177919725393e-06
"17099",1996-10-24,0.000145100422457745
"17100",1996-10-25,3.69673152249561e-05
"17101",1996-10-26,0.00345169557931513
"17102",1996-10-27,0.0149196184938774
"17103",1996-10-28,0.00421131190449842
"17104",1996-10-29,0.00490729404555168
"17105",1996-10-30,0.000525169480340537
"17106",1996-10-31,0.00443592301053286
"17107",1996-11-01,0.0102666374768887
"17108",1996-11-02,0.00239151877082122
"17109",1996-11-03,0.00448377818844392
"17110",1996-11-04,0.0152347245038982
"17111",1996-11-05,0.010884332611397
"17112",1996-11-06,0.021127693006747
"17113",1996-11-07,0.00033728755897755
"17114",1996-11-08,1.77606272586672e-05
"17115",1996-11-09,0.00997123507227116
"17116",1996-11-10,0.000101873040193823
"17117",1996-11-11,9.84180085765729e-05
"17118",1996-11-12,0.0100017928389207
"17119",1996-11-13,0.00395741524175719
"17120",1996-11-14,2.48790621526496e-06
"17121",1996-11-15,0.00116000983598497
"17122",1996-11-16,0.000712733269097043
"17123",1996-11-17,0.0148059687053319
"17124",1996-11-18,0.00764900511421729
"17125",1996-11-19,0.00456566359957833
"17126",1996-11-20,0.00394061803490331
"17127",1996-11-21,0.000629298177955206
"17128",1996-11-22,0.00234912119321962
"17129",1996-11-23,0.000245841297214611
"17130",1996-11-24,0.00434573637880931
"17131",1996-11-25,0.0038977118706498
"17132",1996-11-26,0.000146013662742916
"17133",1996-11-27,6.67492730599406e-06
"17134",1996-11-28,9.14240296765456e-05
"17135",1996-11-29,0.00044009942394041
"17136",1996-11-30,0.000272198697530257
"17137",1996-12-01,0.00179417253002612
"17138",1996-12-02,0.00319045890682901
"17139",1996-12-03,0.00640820448188606
"17140",1996-12-04,0.0102922464138828
"17141",1996-12-05,0.00459849324215611
"17142",1996-12-06,9.44282930959162e-06
"17143",1996-12-07,0.000149961693750811
"17144",1996-12-08,0.00028862760825632
"17145",1996-12-09,0.00016984506873996
"17146",1996-12-10,0.000125404861933021
"17147",1996-12-11,0.000290073687210679
"17148",1996-12-12,0.00260275188975356
"17149",1996-12-13,0.000208691157070007
"17150",1996-12-14,0.00386922895535236
"17151",1996-12-15,0.00020074203985132
"17152",1996-12-16,0
"17153",1996-12-17,0.000767293039700689
"17154",1996-12-18,0.00737988483274421
"17155",1996-12-19,9.52568939283083e-08
"17156",1996-12-20,7.43895861887722e-06
"17157",1996-12-21,0
"17158",1996-12-22,5.72355060057816e-06
"17159",1996-12-23,0.000330316617009885
"17160",1996-12-24,1.32483583001886e-05
"17161",1996-12-25,4.67169627427211e-06
"17162",1996-12-26,0.000546501217286277
"17163",1996-12-27,0.00631958738085814
"17164",1996-12-28,0.000462987800176506
"17165",1996-12-29,0.000228322949453741
"17166",1996-12-30,0.000291293132022474
"17167",1996-12-31,2.5645394316598e-05
"17168",1997-01-01,0
"17169",1997-01-02,1.6222901990659e-06
"17170",1997-01-03,2.09795564387605e-05
"17171",1997-01-04,1.11554682007409e-05
"17172",1997-01-05,0
"17173",1997-01-06,0
"17174",1997-01-07,0.000132161777742112
"17175",1997-01-08,6.76749266403931e-06
"17176",1997-01-09,1.2494606664859e-05
"17177",1997-01-10,0.00133434529561782
"17178",1997-01-11,0.00101751083275303
"17179",1997-01-12,0.00985650802340388
"17180",1997-01-13,0.000237921439634192
"17181",1997-01-14,1.84603255775073e-05
"17182",1997-01-15,0
"17183",1997-01-16,0.000134881501253403
"17184",1997-01-17,0.000291355048773312
"17185",1997-01-18,0.00217568051300532
"17186",1997-01-19,3.39726284437347e-05
"17187",1997-01-20,2.48065929326913e-05
"17188",1997-01-21,4.4506333551908e-06
"17189",1997-01-22,0.000953147788095521
"17190",1997-01-23,0.0032810758721098
"17191",1997-01-24,0
"17192",1997-01-25,0.000178736424402359
"17193",1997-01-26,0.000509233889033567
"17194",1997-01-27,0.000238541727412667
"17195",1997-01-28,0
"17196",1997-01-29,0
"17197",1997-01-30,0
"17198",1997-01-31,0
"17199",1997-02-01,4.78814797588711e-07
"17200",1997-02-02,0.00168286679240737
"17201",1997-02-03,0.000514124689289019
"17202",1997-02-04,0.00396686569024496
"17203",1997-02-05,0
"17204",1997-02-06,0.00191019073281495
"17205",1997-02-07,0.00109708358132821
"17206",1997-02-08,1.0515410053813e-06
"17207",1997-02-09,0.00661028748982062
"17208",1997-02-10,0.00812332658824744
"17209",1997-02-11,0.00260417919412248
"17210",1997-02-12,1.24656270372725e-06
"17211",1997-02-13,0.00766197829216253
"17212",1997-02-14,0.000992772212612181
"17213",1997-02-15,9.52568939283083e-08
"17214",1997-02-16,0
"17215",1997-02-17,0.000114258302687631
"17216",1997-02-18,0.0196857480768813
"17217",1997-02-19,0.00193234185826441
"17218",1997-02-20,0.0123516590083455
"17219",1997-02-21,0.00668639544255711
"17220",1997-02-22,0.000828874532430746
"17221",1997-02-23,0.00264443205742282
"17222",1997-02-24,0.0117500776050292
"17223",1997-02-25,0.0212361801823135
"17224",1997-02-26,3.19383752866997e-05
"17225",1997-02-27,1.05415182360957e-06
"17226",1997-02-28,0.0052168618401538
"17227",1997-03-01,0.00118301456279823
"17228",1997-03-02,0.00640588926597729
"17229",1997-03-03,3.14671342493966e-06
"17230",1997-03-04,0
"17231",1997-03-05,0.0004998307454116
"17232",1997-03-06,0.00117864602725604
"17233",1997-03-07,0.000284159536420248
"17234",1997-03-08,0.00202908238497912
"17235",1997-03-09,0
"17236",1997-03-10,1.34245271965483e-06
"17237",1997-03-11,0
"17238",1997-03-12,0.000137880812474123
"17239",1997-03-13,6.11535708685551e-05
"17240",1997-03-14,2.72565230261534e-05
"17241",1997-03-15,1.65755982379778e-05
"17242",1997-03-16,4.77549804145383e-07
"17243",1997-03-17,1.53423189885871e-06
"17244",1997-03-18,4.26600132072963e-05
"17245",1997-03-19,3.35568441869327e-05
"17246",1997-03-20,1.72601005488104e-06
"17247",1997-03-21,1.24260787970343e-06
"17248",1997-03-22,0
"17249",1997-03-23,5.53311673456847e-06
"17250",1997-03-24,0.000177252503135605
"17251",1997-03-25,0.00113999933500963
"17252",1997-03-26,0.0143747892579995
"17253",1997-03-27,0
"17254",1997-03-28,0.000281283822175737
"17255",1997-03-29,3.20405670208856e-05
"17256",1997-03-30,8.96971738484353e-06
"17257",1997-03-31,8.31202396511799e-06
"17258",1997-04-01,0
"17259",1997-04-02,0.000275863207377824
"17260",1997-04-03,0.0016865467689513
"17261",1997-04-04,6.0094970820046e-05
"17262",1997-04-05,0.000329466667778888
"17263",1997-04-06,0.000143119289475635
"17264",1997-04-07,0
"17265",1997-04-08,0.00225830464825094
"17266",1997-04-09,4.82916183841553e-05
"17267",1997-04-10,0
"17268",1997-04-11,0.00070385553340202
"17269",1997-04-12,0
"17270",1997-04-13,3.14613610612469e-05
"17271",1997-04-14,5.31276609763154e-05
"17272",1997-04-15,0
"17273",1997-04-16,0
"17274",1997-04-17,4.01683701056754e-06
"17275",1997-04-18,0.00024433583297423
"17276",1997-04-19,0.000339363966020301
"17277",1997-04-20,2.85690703094588e-07
"17278",1997-04-21,0.0021742904700659
"17279",1997-04-22,0.000314457555475656
"17280",1997-04-23,0.000883747910165766
"17281",1997-04-24,0.0154063274694636
"17282",1997-04-25,6.07281690463424e-05
"17283",1997-04-26,0
"17284",1997-04-27,0
"17285",1997-04-28,0.00102365410276661
"17286",1997-04-29,0.00519321230876812
"17287",1997-04-30,1.43051147460938e-06
"17288",1997-05-01,2.00972368702423e-06
"17289",1997-05-02,0
"17290",1997-05-03,6.98947451382992e-05
"17291",1997-05-04,0.0052056962658753
"17292",1997-05-05,0.0106844669498969
"17293",1997-05-06,0.00541796950324169
"17294",1997-05-07,0.00632813179709046
"17295",1997-05-08,0.000202129585773037
"17296",1997-05-09,0.00317445667315042
"17297",1997-05-10,0.00148988015598661
"17298",1997-05-11,0.0029884588776099
"17299",1997-05-12,0.00566789964238978
"17300",1997-05-13,0.000495164505082357
"17301",1997-05-14,0.00330010938392888
"17302",1997-05-15,0
"17303",1997-05-16,0.000104753782579792
"17304",1997-05-17,0.00152092526059278
"17305",1997-05-18,4.76284640171798e-07
"17306",1997-05-19,2.62277000615541e-05
"17307",1997-05-20,0.00716297764756746
"17308",1997-05-21,2.29695745588288e-05
"17309",1997-05-22,0.000382197792248462
"17310",1997-05-23,0.00448581503701462
"17311",1997-05-24,0.000666543863758307
"17312",1997-05-25,0.000214640887861606
"17313",1997-05-26,0.00323964845262026
"17314",1997-05-27,0.0063328542133263
"17315",1997-05-28,0.000246122307544283
"17316",1997-05-29,0.00205419388203154
"17317",1997-05-30,9.52568939283083e-08
"17318",1997-05-31,1.20979184430325e-05
"17319",1997-06-01,1.33359662868315e-06
"17320",1997-06-02,2.85690703094588e-07
"17321",1997-06-03,0
"17322",1997-06-04,0.000109758939686344
"17323",1997-06-05,3.55593529661746e-05
"17324",1997-06-06,0
"17325",1997-06-07,0
"17326",1997-06-08,0
"17327",1997-06-09,5.9847588829598e-05
"17328",1997-06-10,0.000510446406224219
"17329",1997-06-11,0.000365594094546395
"17330",1997-06-12,0.00014281957919593
"17331",1997-06-13,0
"17332",1997-06-14,0.000736334489033652
"17333",1997-06-15,6.48916147838463e-06
"17334",1997-06-16,0.000675402260640112
"17335",1997-06-17,2.93807188427309e-05
"17336",1997-06-18,0.00408661267920252
"17337",1997-06-19,0.00187701026152354
"17338",1997-06-20,0.00233179030959718
"17339",1997-06-21,0.00896548475463987
"17340",1997-06-22,0.0259352178445624
"17341",1997-06-23,0.00307047218740308
"17342",1997-06-24,0.000392102396631344
"17343",1997-06-25,0.0124521130051107
"17344",1997-06-26,0.000277752210422477
"17345",1997-06-27,0.0011061046907912
"17346",1997-06-28,0.0238708702818258
"17347",1997-06-29,0.000597003136135754
"17348",1997-06-30,0.00375305586175045
"17349",1997-07-01,0.00689457196040166
"17350",1997-07-02,0.00377816960099153
"17351",1997-07-03,0.00162074407933233
"17352",1997-07-04,3.91420066989667e-05
"17353",1997-07-05,0
"17354",1997-07-06,0.000235380023468679
"17355",1997-07-07,2.47999446401082e-06
"17356",1997-07-08,0
"17357",1997-07-09,0
"17358",1997-07-10,0
"17359",1997-07-11,7.31765567252296e-05
"17360",1997-07-12,0
"17361",1997-07-13,0.00045346183219408
"17362",1997-07-14,0.000690668159904817
"17363",1997-07-15,0.0015675556496717
"17364",1997-07-16,0.000290639232844114
"17365",1997-07-17,2.6407163204567e-05
"17366",1997-07-18,0.000141339309266186
"17367",1997-07-19,0.000252363679464906
"17368",1997-07-20,0
"17369",1997-07-21,0
"17370",1997-07-22,2.30676942010177e-05
"17371",1997-07-23,0.000837830175157706
"17372",1997-07-24,0.00124058473647892
"17373",1997-07-25,0.0168338137769979
"17374",1997-07-26,0.00468920686608953
"17375",1997-07-27,0.00125145684893369
"17376",1997-07-28,0.0075620492252142
"17377",1997-07-29,0.00191145957251138
"17378",1997-07-30,0.000202919312869199
"17379",1997-07-31,0.0201414028997533
"17380",1997-08-01,0.00852089298138026
"17381",1997-08-02,0.000395169878174784
"17382",1997-08-03,0.000465185648351962
"17383",1997-08-04,0.000591788855103914
"17384",1997-08-05,2.84818245859242e-05
"17385",1997-08-06,0
"17386",1997-08-07,1.14276281237835e-06
"17387",1997-08-08,3.27957411627722e-05
"17388",1997-08-09,0.000177880118201301
"17389",1997-08-10,0
"17390",1997-08-11,0.00153849868183897
"17391",1997-08-12,2.85690703094588e-07
"17392",1997-08-13,0
"17393",1997-08-14,0
"17394",1997-08-15,5.4356423788704e-06
"17395",1997-08-16,4.72710499366258e-05
"17396",1997-08-17,1.33984229933048e-06
"17397",1997-08-18,0
"17398",1997-08-19,0.000148584553812725
"17399",1997-08-20,0
"17400",1997-08-21,2.67807699856348e-05
"17401",1997-08-22,0.0056426995537322
"17402",1997-08-23,2.19407218082779e-06
"17403",1997-08-24,0.00596664404775993
"17404",1997-08-25,0.00722472823940734
"17405",1997-08-26,0.0102243393630488
"17406",1997-08-27,0.0173191099956966
"17407",1997-08-28,0.000784619978048795
"17408",1997-08-29,0.00183900550473481
"17409",1997-08-30,0.00802084716269746
"17410",1997-08-31,8.59049862356187e-07
"17411",1997-09-01,2.4118930809891e-05
"17412",1997-09-02,0.00649578260839689
"17413",1997-09-03,7.55566065890889e-06
"17414",1997-09-04,0.0045712187566096
"17415",1997-09-05,0.0023098284877392
"17416",1997-09-06,0.00519906757108402
"17417",1997-09-07,5.94944921203933e-05
"17418",1997-09-08,0.000816854132779099
"17419",1997-09-09,7.21861675287983e-05
"17420",1997-09-10,0
"17421",1997-09-11,0.000655248820180532
"17422",1997-09-12,0.016321123634043
"17423",1997-09-13,0.00521165682494029
"17424",1997-09-14,0.000102508062809648
"17425",1997-09-15,0.00581276354205329
"17426",1997-09-16,0.00967337299385918
"17427",1997-09-17,0.00725368967096074
"17428",1997-09-18,0.000263294235082867
"17429",1997-09-19,6.74485065133013e-05
"17430",1997-09-20,0
"17431",1997-09-21,7.55991668484057e-05
"17432",1997-09-22,0
"17433",1997-09-23,0
"17434",1997-09-24,0
"17435",1997-09-25,0
"17436",1997-09-26,2.20221511426644e-06
"17437",1997-09-27,0
"17438",1997-09-28,0
"17439",1997-09-29,0.00227241448919813
"17440",1997-09-30,3.67995239685115e-05
"17441",1997-10-01,0.0146120208401044
"17442",1997-10-02,0.000432451703090919
"17443",1997-10-03,0.000835701050334592
"17444",1997-10-04,2.43919432705297e-05
"17445",1997-10-05,1.91778894986783e-07
"17446",1997-10-06,0.00114774405204798
"17447",1997-10-07,0.0114599872076724
"17448",1997-10-08,0.00867968592518764
"17449",1997-10-09,0.00119063655068885
"17450",1997-10-10,0.0128810316846284
"17451",1997-10-11,0.00271304712157416
"17452",1997-10-12,0.000239329959242696
"17453",1997-10-13,9.89923282759264e-05
"17454",1997-10-14,3.58626712113619e-05
"17455",1997-10-15,3.26024223795685e-06
"17456",1997-10-16,0.000103884399607068
"17457",1997-10-17,0.0128180466999765
"17458",1997-10-18,0.001272073040127
"17459",1997-10-19,4.19130537920864e-06
"17460",1997-10-20,2.69247772166636e-05
"17461",1997-10-21,2.10956835644538e-06
"17462",1997-10-22,7.28077426401796e-05
"17463",1997-10-23,0.000349106180692615
"17464",1997-10-24,7.881924426556e-05
"17465",1997-10-25,7.4793803889861e-05
"17466",1997-10-26,0
"17467",1997-10-27,0
"17468",1997-10-28,0
"17469",1997-10-29,0
"17470",1997-10-30,5.34623728754013e-06
"17471",1997-10-31,2.97526592021313e-05
"17472",1997-11-01,2.44227425696408e-05
"17473",1997-11-02,0.000242638976487797
"17474",1997-11-03,1.36163081947416e-05
"17475",1997-11-04,9.26869961404009e-06
"17476",1997-11-05,0.00233980679780643
"17477",1997-11-06,0.00367982361052555
"17478",1997-11-07,0.00923175568124179
"17479",1997-11-08,0.00289067305715207
"17480",1997-11-09,0.00389365434176625
"17481",1997-11-10,0.00155254265519034
"17482",1997-11-11,0.00194522061246971
"17483",1997-11-12,0.00173455614185514
"17484",1997-11-13,0.000162396261146114
"17485",1997-11-14,0.0011114499420728
"17486",1997-11-15,0.000571186457136719
"17487",1997-11-16,2.22355538994634e-05
"17488",1997-11-17,0.000411507405260636
"17489",1997-11-18,4.11070581662898e-05
"17490",1997-11-19,0.000130488230752235
"17491",1997-11-20,0.000933400864596479
"17492",1997-11-21,0.00391968687927147
"17493",1997-11-22,0.000635403142041469
"17494",1997-11-23,0.000682234423379668
"17495",1997-11-24,3.07825145000606e-05
"17496",1997-11-25,2.57327400277063e-06
"17497",1997-11-26,1.38284275408296e-06
"17498",1997-11-27,1.46885900562665e-05
"17499",1997-11-28,2.06016302399803e-05
"17500",1997-11-29,0.00182803659936326
"17501",1997-11-30,0.00534415776201058
"17502",1997-12-01,0.000694860486589732
"17503",1997-12-02,0.00450585474732179
"17504",1997-12-03,4.13704897823663e-05
"17505",1997-12-04,0.000179253278190572
"17506",1997-12-05,0.00153566780096526
"17507",1997-12-06,0.00256825649711345
"17508",1997-12-07,0.00180452122026509
"17509",1997-12-08,0.000603062962909462
"17510",1997-12-09,0.00574977217729611
"17511",1997-12-10,0.00428378798278573
"17512",1997-12-11,0.00603818465060613
"17513",1997-12-12,4.41710700442854e-05
"17514",1997-12-13,0.00589273913703892
"17515",1997-12-14,0.000643281962993569
"17516",1997-12-15,3.1184141448648e-05
"17517",1997-12-16,0.000622091557886506
"17518",1997-12-17,0
"17519",1997-12-18,7.35280650587811e-06
"17520",1997-12-19,0.0003311481577839
"17521",1997-12-20,0.00168994237901643
"17522",1997-12-21,0.00018975037716018
"17523",1997-12-22,6.1369173863568e-05
"17524",1997-12-23,0.000922139300200797
"17525",1997-12-24,0.00300163321844593
"17526",1997-12-25,0.0117230555470087
"17527",1997-12-26,0.00412932422568701
"17528",1997-12-27,5.35315517709023e-05
"17529",1997-12-28,0.00144336771245435
"17530",1997-12-29,0.00255912684951909
"17531",1997-12-30,0.00252997119969223
"17532",1997-12-31,0.00860190343519207
"17533",1998-01-01,0.00015625632352112
"17534",1998-01-02,0.00134492131292063
"17535",1998-01-03,0.00411674506813142
"17536",1998-01-04,0.00415918429462181
"17537",1998-01-05,0.000647613230512434
"17538",1998-01-06,0.00418938364470023
"17539",1998-01-07,0.00249464442623548
"17540",1998-01-08,0.00113282256074854
"17541",1998-01-09,0.00161386184845469
"17542",1998-01-10,0.00032750680566096
"17543",1998-01-11,4.27781897656132e-05
"17544",1998-01-12,7.42188530580279e-05
"17545",1998-01-13,0.00166863167214615
"17546",1998-01-14,0.00203181165397837
"17547",1998-01-15,0.00865491667809692
"17548",1998-01-16,0.00347063539902592
"17549",1998-01-17,0.00104226804251084
"17550",1998-01-18,0.00249615926895785
"17551",1998-01-19,0.0122615310683614
"17552",1998-01-20,1.31553838400578e-05
"17553",1998-01-21,0
"17554",1998-01-22,0.00065255555210797
"17555",1998-01-23,0.00404186168543674
"17556",1998-01-24,0
"17557",1998-01-25,0
"17558",1998-01-26,2.67240665152713e-06
"17559",1998-01-27,7.24204841162646e-06
"17560",1998-01-28,0
"17561",1998-01-29,4.19556431552337e-06
"17562",1998-01-30,1.3248502625629e-05
"17563",1998-01-31,0
"17564",1998-02-01,0.00579128886101898
"17565",1998-02-02,0.00666682718474476
"17566",1998-02-03,0.00210255887435551
"17567",1998-02-04,0.00325300201507162
"17568",1998-02-05,0.000840855864737478
"17569",1998-02-06,0.000100971406709505
"17570",1998-02-07,0.00616810834503667
"17571",1998-02-08,0.0011188177733743
"17572",1998-02-09,0.000335360754263547
"17573",1998-02-10,0.000586464445404999
"17574",1998-02-11,0.00608219349709316
"17575",1998-02-12,0.000372593402460097
"17576",1998-02-13,2.22263635123454e-05
"17577",1998-02-14,0.000794224423486867
"17578",1998-02-15,0.000688278255893238
"17579",1998-02-16,0.00899999418561492
"17580",1998-02-17,4.5206470474568e-05
"17581",1998-02-18,6.67413377186676e-06
"17582",1998-02-19,6.38966171209177e-05
"17583",1998-02-20,0.000231746234703678
"17584",1998-02-21,0.00147074204977571
"17585",1998-02-22,0.00349443617869838
"17586",1998-02-23,9.21969502769571e-05
"17587",1998-02-24,0.0001360061678497
"17588",1998-02-25,0.000495793190566474
"17589",1998-02-26,0.000155961748419031
"17590",1998-02-27,0.00530083998728514
"17591",1998-02-28,0
"17592",1998-03-01,0.000285543485517792
"17593",1998-03-02,0.00180033495871612
"17594",1998-03-03,0.00249592336336946
"17595",1998-03-04,0.00136328952044096
"17596",1998-03-05,0.000101938935415546
"17597",1998-03-06,0.00354038827231307
"17598",1998-03-07,0.000337638051348677
"17599",1998-03-08,0
"17600",1998-03-09,1.91778963198885e-06
"17601",1998-03-10,0
"17602",1998-03-11,0.0028805635870981
"17603",1998-03-12,0.00346651789823227
"17604",1998-03-13,0.00104468392549961
"17605",1998-03-14,2.09841493870044e-06
"17606",1998-03-15,0
"17607",1998-03-16,4.59431238368779e-05
"17608",1998-03-17,4.706286659939e-05
"17609",1998-03-18,0.000266992647198094
"17610",1998-03-19,0.000196942221009522
"17611",1998-03-20,0
"17612",1998-03-21,0
"17613",1998-03-22,0.000505347832813641
"17614",1998-03-23,1.43138244652619e-05
"17615",1998-03-24,0.000632997240245459
"17616",1998-03-25,0.00437061467670219
"17617",1998-03-26,0.00386816152240499
"17618",1998-03-27,0.0108381985273809
"17619",1998-03-28,8.31098992648549e-06
"17620",1998-03-29,0.000405988582883765
"17621",1998-03-30,5.56448895281392e-05
"17622",1998-03-31,0.000521921374684098
"17623",1998-04-01,0.00299101181855121
"17624",1998-04-02,2.40358451719658e-05
"17625",1998-04-03,0.00115239538189371
"17626",1998-04-04,0.0258586027048295
"17627",1998-04-05,0.00135969981511153
"17628",1998-04-06,0.000128592281726014
"17629",1998-04-07,6.64772423988325e-05
"17630",1998-04-08,0.000757289939258499
"17631",1998-04-09,0.00259990748236305
"17632",1998-04-10,6.19809742374855e-06
"17633",1998-04-11,0.0021072216541711
"17634",1998-04-12,0.00474443780694855
"17635",1998-04-13,0.00110510256217822
"17636",1998-04-14,0.00378895178528182
"17637",1998-04-15,0.00460488497446931
"17638",1998-04-16,0.0157408585509984
"17639",1998-04-17,0.00445432178275951
"17640",1998-04-18,0.000543657794480623
"17641",1998-04-19,0.00128081481034314
"17642",1998-04-20,0.00143877058417274
"17643",1998-04-21,0.000336966420036333
"17644",1998-04-22,5.1546485963172e-05
"17645",1998-04-23,0.000508399240175095
"17646",1998-04-24,0.00131593648518447
"17647",1998-04-25,0.00481300918909255
"17648",1998-04-26,0.00702165672555566
"17649",1998-04-27,0.000272651077466435
"17650",1998-04-28,0.0101202196310624
"17651",1998-04-29,0.00403898388958623
"17652",1998-04-30,0.00018344526756664
"17653",1998-05-01,0.00530464009375464
"17654",1998-05-02,0.00463550619770103
"17655",1998-05-03,0.000811614546364581
"17656",1998-05-04,0
"17657",1998-05-05,0.000886224672797198
"17658",1998-05-06,0.00482684081453044
"17659",1998-05-07,0.00190994647437037
"17660",1998-05-08,0.000149046301942235
"17661",1998-05-09,0.00765812472963034
"17662",1998-05-10,9.46633167586697e-06
"17663",1998-05-11,0
"17664",1998-05-12,0
"17665",1998-05-13,0
"17666",1998-05-14,0
"17667",1998-05-15,0
"17668",1998-05-16,0
"17669",1998-05-17,0
"17670",1998-05-18,0
"17671",1998-05-19,0
"17672",1998-05-20,1.03148688026522e-05
"17673",1998-05-21,0.00107959876004315
"17674",1998-05-22,0
"17675",1998-05-23,2.97386617944539e-05
"17676",1998-05-24,0.00074270402313914
"17677",1998-05-25,0.00327990851826598
"17678",1998-05-26,0.00283181256156695
"17679",1998-05-27,0.00791663578525004
"17680",1998-05-28,0.000858156835590762
"17681",1998-05-29,3.23873570096112e-06
"17682",1998-05-30,4.76837158203125e-07
"17683",1998-05-31,0.00034432161191944
"17684",1998-06-01,0.00154022505012108
"17685",1998-06-02,0.0137292029785385
"17686",1998-06-03,0.0148236858240125
"17687",1998-06-04,0.000744494318382749
"17688",1998-06-05,1.03884495388229e-05
"17689",1998-06-06,0.00147163127257954
"17690",1998-06-07,0.0134716447209939
"17691",1998-06-08,0.00936000245565083
"17692",1998-06-09,0.0070547124632867
"17693",1998-06-10,0.00309986307001964
"17694",1998-06-11,0.000592620473071293
"17695",1998-06-12,1.2383401895022e-06
"17696",1998-06-13,1.89561306456199e-05
"17697",1998-06-14,0
"17698",1998-06-15,0.000248866868787445
"17699",1998-06-16,0.0228288956714096
"17700",1998-06-17,0.0117038615571801
"17701",1998-06-18,0.00167625932408555
"17702",1998-06-19,5.68015611861483e-05
"17703",1998-06-20,0
"17704",1998-06-21,5.73825906258207e-06
"17705",1998-06-22,0.0034536294560894
"17706",1998-06-23,0.0064631306870524
"17707",1998-06-24,1.58184539031936e-05
"17708",1998-06-25,0
"17709",1998-06-26,0.0044667256510138
"17710",1998-06-27,0.00098013128393859
"17711",1998-06-28,0.0165756129508736
"17712",1998-06-29,0.00335732815949541
"17713",1998-06-30,0.00591810905552848
"17714",1998-07-01,0.00869942908246912
"17715",1998-07-02,0.000512433926814992
"17716",1998-07-03,0.00113842750505455
"17717",1998-07-04,0.000636765038450449
"17718",1998-07-05,0.000686415963002673
"17719",1998-07-06,0.0012999813579313
"17720",1998-07-07,5.10234050352665e-05
"17721",1998-07-08,0.000556160258383898
"17722",1998-07-09,0.00327086491597584
"17723",1998-07-10,0.00137601003257259
"17724",1998-07-11,0.000642483289993834
"17725",1998-07-12,0.00279656739729717
"17726",1998-07-13,0.00393457645895978
"17727",1998-07-14,0.00925787375308573
"17728",1998-07-15,0.00550225371353008
"17729",1998-07-16,0
"17730",1998-07-17,9.87421229865504e-05
"17731",1998-07-18,0.0096928869612043
"17732",1998-07-19,0.000578256640551444
"17733",1998-07-20,0
"17734",1998-07-21,0.00293380202970184
"17735",1998-07-22,0.00226051767981517
"17736",1998-07-23,0.00211054433577829
"17737",1998-07-24,0.00354302207500723
"17738",1998-07-25,0.00459747429067647
"17739",1998-07-26,0
"17740",1998-07-27,8.44556261654361e-05
"17741",1998-07-28,3.08768961758688e-05
"17742",1998-07-29,0.0168703731324058
"17743",1998-07-30,0.00941845725174062
"17744",1998-07-31,0.000686384733512568
"17745",1998-08-01,0.00226691277134705
"17746",1998-08-02,0.000729019685081767
"17747",1998-08-03,0.00189561048222231
"17748",1998-08-04,0.00259413650127271
"17749",1998-08-05,0.0015010444994914
"17750",1998-08-06,0.00537595618459363
"17751",1998-08-07,0.000243939501956447
"17752",1998-08-08,0.00481745686829527
"17753",1998-08-09,0.000164740039963363
"17754",1998-08-10,9.39808378461748e-05
"17755",1998-08-11,9.04940895907203e-06
"17756",1998-08-12,0.00152124200917569
"17757",1998-08-13,0.0103997839760268
"17758",1998-08-14,0.000821875396184168
"17759",1998-08-15,0.00872109871852444
"17760",1998-08-16,0.000313292658347564
"17761",1998-08-17,0.00805252451834804
"17762",1998-08-18,7.3374479825361e-06
"17763",1998-08-19,0
"17764",1998-08-20,0.0070988968744814
"17765",1998-08-21,0.00455189996159788
"17766",1998-08-22,7.59563218935e-05
"17767",1998-08-23,0.00010343559250714
"17768",1998-08-24,0.0004029920571611
"17769",1998-08-25,0.00391967648556601
"17770",1998-08-26,0.000124126928824353
"17771",1998-08-27,0.00565597227677017
"17772",1998-08-28,0.000396241211092274
"17773",1998-08-29,0.000556676579208215
"17774",1998-08-30,0.00107591759427805
"17775",1998-08-31,0.000444564544181958
"17776",1998-09-01,0.000126483321992055
"17777",1998-09-02,6.40097375708137e-05
"17778",1998-09-03,0
"17779",1998-09-04,0
"17780",1998-09-05,0
"17781",1998-09-06,7.15379428584129e-05
"17782",1998-09-07,0.000436084263810699
"17783",1998-09-08,0.00424285634289845
"17784",1998-09-09,0.0179955143121333
"17785",1998-09-10,0.0180758936912753
"17786",1998-09-11,0.0137739357014652
"17787",1998-09-12,0.00541397686509981
"17788",1998-09-13,0.016185489210045
"17789",1998-09-14,0.00546606627921165
"17790",1998-09-15,0.00107493084817634
"17791",1998-09-16,0.00186240215862199
"17792",1998-09-17,0.00161608013712566
"17793",1998-09-18,0.000418177313861179
"17794",1998-09-19,0.000275862803675864
"17795",1998-09-20,0.000110395963417886
"17796",1998-09-21,1.490299712259e-05
"17797",1998-09-22,1.21678432947192e-05
"17798",1998-09-23,8.57360234363114e-05
"17799",1998-09-24,0.000177251827722102
"17800",1998-09-25,0.000720057932085183
"17801",1998-09-26,0.000552561969925591
"17802",1998-09-27,0.000582710112212226
"17803",1998-09-28,0.00174984805380518
"17804",1998-09-29,0.0019398249081064
"17805",1998-09-30,4.97288948508867e-06
"17806",1998-10-01,3.01785316310088e-05
"17807",1998-10-02,0.000118947329269758
"17808",1998-10-03,3.96388040826423e-05
"17809",1998-10-04,1.28069540892284e-05
"17810",1998-10-05,1.74467663782707e-05
"17811",1998-10-06,2.1019777705078e-06
"17812",1998-10-07,0.00073452063941204
"17813",1998-10-08,0.00753429257861171
"17814",1998-10-09,0.000137581240892359
"17815",1998-10-10,0.00761995609263977
"17816",1998-10-11,0.00377063979073
"17817",1998-10-12,0.0049694378528784
"17818",1998-10-13,0.000296545610581234
"17819",1998-10-14,0.00408384301499609
"17820",1998-10-15,0.000224347201026376
"17821",1998-10-16,0.000210915513889631
"17822",1998-10-17,0.0141863662283868
"17823",1998-10-18,0.00267127767000375
"17824",1998-10-19,0.00477958061674144
"17825",1998-10-20,0.00137742607785185
"17826",1998-10-21,0.00720843810853466
"17827",1998-10-22,0.000977091760432813
"17828",1998-10-23,0.0187750642762694
"17829",1998-10-24,0.000486866262292551
"17830",1998-10-25,0.0127960641257232
"17831",1998-10-26,0.0112014469605128
"17832",1998-10-27,0.00990692472623778
"17833",1998-10-28,0.000106827253830488
"17834",1998-10-29,8.08609781870473e-05
"17835",1998-10-30,1.06348778103893e-05
"17836",1998-10-31,0.00131080470509914
"17837",1998-11-01,0.000666188487116415
"17838",1998-11-02,1.42100074072005e-05
"17839",1998-11-03,1.33454182105197e-06
"17840",1998-11-04,8.20444099645101e-05
"17841",1998-11-05,0.00117630239878963
"17842",1998-11-06,1.21101671766155e-05
"17843",1998-11-07,1.62656126576621e-05
"17844",1998-11-08,8.61027501741773e-07
"17845",1998-11-09,0.00562232995014256
"17846",1998-11-10,0.00727958857078193
"17847",1998-11-11,0.010577124368865
"17848",1998-11-12,0.000255424406020666
"17849",1998-11-13,4.68860528144432e-05
"17850",1998-11-14,0.000195524549781112
"17851",1998-11-15,0.000130341448198124
"17852",1998-11-16,4.04717209221417e-05
"17853",1998-11-17,0
"17854",1998-11-18,6.71226246140577e-07
"17855",1998-11-19,1.14474062229419e-06
"17856",1998-11-20,0.000155878669602316
"17857",1998-11-21,0.00366794084294497
"17858",1998-11-22,0.00292940393785557
"17859",1998-11-23,0.00038101140762592
"17860",1998-11-24,0.000267773785708414
"17861",1998-11-25,0.00221957782741811
"17862",1998-11-26,0.000593507746089017
"17863",1998-11-27,0.000128001692758062
"17864",1998-11-28,7.19940107956063e-05
"17865",1998-11-29,0.000179009536566355
"17866",1998-11-30,0.000139171584407904
"17867",1998-12-01,0.000128598917342515
"17868",1998-12-02,0.000141547801831621
"17869",1998-12-03,0.00279730764668784
"17870",1998-12-04,0.00422902044283546
"17871",1998-12-05,0.00664665352087468
"17872",1998-12-06,0.000266331405327946
"17873",1998-12-07,9.34068532387755e-06
"17874",1998-12-08,0
"17875",1998-12-09,9.76849202061203e-05
"17876",1998-12-10,0.000226606071862534
"17877",1998-12-11,0.000488514751339153
"17878",1998-12-12,0.00126612298117834
"17879",1998-12-13,0.00830928192590363
"17880",1998-12-14,0.00175756659388071
"17881",1998-12-15,0.000359354445265581
"17882",1998-12-16,6.86525008859462e-05
"17883",1998-12-17,8.32558752108525e-05
"17884",1998-12-18,0.00076598963073593
"17885",1998-12-19,9.4325409349949e-06
"17886",1998-12-20,0.000601203909354808
"17887",1998-12-21,0.000100355339782254
"17888",1998-12-22,0.00087246294549459
"17889",1998-12-23,0.00476152167539112
"17890",1998-12-24,0.00216205674462344
"17891",1998-12-25,0.00585692391905468
"17892",1998-12-26,0.00945376761205807
"17893",1998-12-27,0.0135110429474139
"17894",1998-12-28,0.00296369949006703
"17895",1998-12-29,3.42606764434095e-05
"17896",1998-12-30,5.87025699587684e-05
"17897",1998-12-31,0.000628472207608866
"17898",1999-01-01,0.000350056295246759
"17899",1999-01-02,0.00650927501555998
"17900",1999-01-03,0.00580472845376789
"17901",1999-01-04,0.0101017980341567
"17902",1999-01-05,0.00100855398170552
"17903",1999-01-06,0.00810577675383684
"17904",1999-01-07,0.000302341814062856
"17905",1999-01-08,0
"17906",1999-01-09,2.85690703094588e-07
"17907",1999-01-10,3.89994411875705e-05
"17908",1999-01-11,2.36392118040385e-05
"17909",1999-01-12,4.63493199163167e-05
"17910",1999-01-13,0.000158769080655929
"17911",1999-01-14,0.00316160321654024
"17912",1999-01-15,0.00228863596527162
"17913",1999-01-16,0.0159686016158958
"17914",1999-01-17,0.0100864849082427
"17915",1999-01-18,0.00394529321437176
"17916",1999-01-19,0.0145507209090283
"17917",1999-01-20,0.00263190886380471
"17918",1999-01-21,0.000147441589490427
"17919",1999-01-22,1.83990151185753e-05
"17920",1999-01-23,0.00646026077083661
"17921",1999-01-24,0.00502771160870452
"17922",1999-01-25,0.0134527215768685
"17923",1999-01-26,0.00261802009845269
"17924",1999-01-27,0.000162429144040743
"17925",1999-01-28,1.31701010559482e-05
"17926",1999-01-29,3.90876812161878e-06
"17927",1999-01-30,0.00186937926997643
"17928",1999-01-31,0.000596103249563384
"17929",1999-02-01,4.52435750730729e-05
"17930",1999-02-02,0.00023262653871825
"17931",1999-02-03,0.000731170472136
"17932",1999-02-04,9.55336063270806e-05
"17933",1999-02-05,0.000195969021547171
"17934",1999-02-06,0.000170580225756112
"17935",1999-02-07,0.000129081783200036
"17936",1999-02-08,0
"17937",1999-02-09,0.00034671074945436
"17938",1999-02-10,0.000907090814280309
"17939",1999-02-11,0
"17940",1999-02-12,0.00150491940712527
"17941",1999-02-13,8.33459890827726e-05
"17942",1999-02-14,0.00357684334062469
"17943",1999-02-15,0.00146187292182276
"17944",1999-02-16,0.000262315837971983
"17945",1999-02-17,0.00046090240545027
"17946",1999-02-18,0
"17947",1999-02-19,0.00727448004204234
"17948",1999-02-20,0
"17949",1999-02-21,0.00261736684319658
"17950",1999-02-22,0.00364177053614867
"17951",1999-02-23,2.32911154398607e-05
"17952",1999-02-24,0
"17953",1999-02-25,0.000612350355368108
"17954",1999-02-26,0.00189115599641809
"17955",1999-02-27,0.0061650542062921
"17956",1999-02-28,0.0125731719878672
"17957",1999-03-01,0.00398444474120652
"17958",1999-03-02,0
"17959",1999-03-03,0.0162101665724208
"17960",1999-03-04,0.011611378949965
"17961",1999-03-05,0.00458086297658156
"17962",1999-03-06,0.00652240403906035
"17963",1999-03-07,0.0125579708110308
"17964",1999-03-08,0.002522006382776
"17965",1999-03-09,0.00122374710917939
"17966",1999-03-10,0.00082269348030195
"17967",1999-03-11,1.24268746048983e-06
"17968",1999-03-12,0.000105981242764841
"17969",1999-03-13,5.43375307415772e-06
"17970",1999-03-14,0.00631914169292713
"17971",1999-03-15,0.000130903761373702
"17972",1999-03-16,0.00472873446688027
"17973",1999-03-17,0.0089593204384073
"17974",1999-03-18,0.00172101485713938
"17975",1999-03-19,0.00179370144178392
"17976",1999-03-20,0.000125953258248046
"17977",1999-03-21,0.00511133319531609
"17978",1999-03-22,0.00632359419410022
"17979",1999-03-23,0.00083511734754893
"17980",1999-03-24,0.0043931426436643
"17981",1999-03-25,0.000144286085856038
"17982",1999-03-26,0.00251562811718031
"17983",1999-03-27,0.00103346834839613
"17984",1999-03-28,0
"17985",1999-03-29,0.000354553630131704
"17986",1999-03-30,0.00445822804249474
"17987",1999-03-31,2.50514675599334e-05
"17988",1999-04-01,4.96956619144839e-06
"17989",1999-04-02,1.2465631584746e-06
"17990",1999-04-03,2.29620724212509e-06
"17991",1999-04-04,0
"17992",1999-04-05,0.00164079902441472
"17993",1999-04-06,0.00526943056320306
"17994",1999-04-07,0.00150763986221136
"17995",1999-04-08,0
"17996",1999-04-09,8.40346768882227e-06
"17997",1999-04-10,0.000353206230386149
"17998",1999-04-11,0.00396755151894013
"17999",1999-04-12,0.00801535778737161
"18000",1999-04-13,0.0145707397459773
"18001",1999-04-14,0.00301474637035426
"18002",1999-04-15,0.00721934303510352
"18003",1999-04-16,0.00452221768006211
"18004",1999-04-17,0.000182931336610181
"18005",1999-04-18,0.0210736604376507
"18006",1999-04-19,0.00613523640640778
"18007",1999-04-20,0.000765506720085796
"18008",1999-04-21,6.93160155833539e-05
"18009",1999-04-22,0.00285442296461724
"18010",1999-04-23,0.001401284973781
"18011",1999-04-24,0.000381014699939897
"18012",1999-04-25,1.76648258616297e-05
"18013",1999-04-26,0.000464824347432113
"18014",1999-04-27,3.8102774624349e-07
"18015",1999-04-28,0
"18016",1999-04-29,0
"18017",1999-04-30,0.000254613039601281
"18018",1999-05-01,0.000374346257615343
"18019",1999-05-02,1.97654946987313e-05
"18020",1999-05-03,0.000192955562113184
"18021",1999-05-04,0
"18022",1999-05-05,0.000267787909251638
"18023",1999-05-06,0
"18024",1999-05-07,0
"18025",1999-05-08,0.000301515349008241
"18026",1999-05-09,0.0171721981687369
"18027",1999-05-10,0.00232692776899057
"18028",1999-05-11,0.00781512823596131
"18029",1999-05-12,0.0048535270307184
"18030",1999-05-13,0.0124492605682462
"18031",1999-05-14,0.0059401969940609
"18032",1999-05-15,1.4002769603394e-05
"18033",1999-05-16,0.00472394798293863
"18034",1999-05-17,0.000110283535150302
"18035",1999-05-18,0
"18036",1999-05-19,0
"18037",1999-05-20,0
"18038",1999-05-21,0.000502790300288325
"18039",1999-05-22,0.00535412736400076
"18040",1999-05-23,0.00335917477968906
"18041",1999-05-24,0.00597699013115971
"18042",1999-05-25,0.000483215874112375
"18043",1999-05-26,0.000909002167645667
"18044",1999-05-27,0.00029907906889548
"18045",1999-05-28,0.00212666409788653
"18046",1999-05-29,0.00110234448260371
"18047",1999-05-30,0.000216877649393155
"18048",1999-05-31,0
"18049",1999-06-01,0
"18050",1999-06-02,1.05082875734297e-06
"18051",1999-06-03,0.00491642383985891
"18052",1999-06-04,0.0146406397198007
"18053",1999-06-05,0.0121932900121919
"18054",1999-06-06,0.00269736320746006
"18055",1999-06-07,0.00271424429956824
"18056",1999-06-08,0.000359987312549492
"18057",1999-06-09,0.00883623610428685
"18058",1999-06-10,0.00789890880241728
"18059",1999-06-11,0.00174991834165894
"18060",1999-06-12,0.0019711988754807
"18061",1999-06-13,0.00739892954970855
"18062",1999-06-14,0
"18063",1999-06-15,1.04885100427055e-06
"18064",1999-06-16,0
"18065",1999-06-17,0.00398326703384555
"18066",1999-06-18,7.16671303280236e-06
"18067",1999-06-19,0.0009321157440354
"18068",1999-06-20,0.0110534040431958
"18069",1999-06-21,0.000281898826074212
"18070",1999-06-22,0.00287759629145512
"18071",1999-06-23,0.0118359085860789
"18072",1999-06-24,0.00582202512964614
"18073",1999-06-25,0.000918511493978258
"18074",1999-06-26,0.00564270994436811
"18075",1999-06-27,0.00684595167058433
"18076",1999-06-28,0.0169307826472505
"18077",1999-06-29,0.00637263489261386
"18078",1999-06-30,0.00587494767569297
"18079",1999-07-01,0.000696886547189024
"18080",1999-07-02,0.00372817649895296
"18081",1999-07-03,0
"18082",1999-07-04,0.00304197980364052
"18083",1999-07-05,0.00730373393565742
"18084",1999-07-06,0
"18085",1999-07-07,0.000895873422450677
"18086",1999-07-08,1.90513844700035e-07
"18087",1999-07-09,0
"18088",1999-07-10,0
"18089",1999-07-11,0
"18090",1999-07-12,0
"18091",1999-07-13,5.37098555355442e-05
"18092",1999-07-14,0.0158495773603136
"18093",1999-07-15,2.85690703094588e-07
"18094",1999-07-16,0.00029511591588971
"18095",1999-07-17,0.000415653958782514
"18096",1999-07-18,0.00145322179315599
"18097",1999-07-19,0.000209347976522167
"18098",1999-07-20,0.014618260844145
"18099",1999-07-21,0.00869762287766207
"18100",1999-07-22,0.0026624609135979
"18101",1999-07-23,8.31829183880473e-05
"18102",1999-07-24,4.20134668388528e-05
"18103",1999-07-25,0.000110124843104131
"18104",1999-07-26,0
"18105",1999-07-27,9.1446654550964e-06
"18106",1999-07-28,0
"18107",1999-07-29,0
"18108",1999-07-30,0
"18109",1999-07-31,0
"18110",1999-08-01,1.33525452383765e-06
"18111",1999-08-02,0
"18112",1999-08-03,0.000291971172373451
"18113",1999-08-04,0
"18114",1999-08-05,0
"18115",1999-08-06,7.29429604007237e-05
"18116",1999-08-07,0.000431104066421995
"18117",1999-08-08,0.00470671211860463
"18118",1999-08-09,0.00629498680041252
"18119",1999-08-10,0.0057917191131196
"18120",1999-08-11,0.0114877570595127
"18121",1999-08-12,0.000330697725701157
"18122",1999-08-13,0.000193619169294834
"18123",1999-08-14,0.000870902652877703
"18124",1999-08-15,0.00887216614660247
"18125",1999-08-16,0.000470825560455523
"18126",1999-08-17,0.00888142527151103
"18127",1999-08-18,0.00102521245554499
"18128",1999-08-19,0.00108815499908133
"18129",1999-08-20,0.000267360007342177
"18130",1999-08-21,0.00803135405385547
"18131",1999-08-22,0.000590436116908677
"18132",1999-08-23,1.25739147733839e-05
"18133",1999-08-24,0.000184649561674632
"18134",1999-08-25,8.26289530664326e-05
"18135",1999-08-26,0.00872658060615095
"18136",1999-08-27,0.00467244293554359
"18137",1999-08-28,0
"18138",1999-08-29,2.86505843405394e-06
"18139",1999-08-30,0.0133926322487241
"18140",1999-08-31,0.000224255125829131
"18141",1999-09-01,0.000317228730636998
"18142",1999-09-02,0.000591225489188218
"18143",1999-09-03,8.00058573986462e-05
"18144",1999-09-04,3.14703368076152e-06
"18145",1999-09-05,0
"18146",1999-09-06,0
"18147",1999-09-07,0.000182133765804338
"18148",1999-09-08,7.19108475664143e-05
"18149",1999-09-09,0.00287217023009134
"18150",1999-09-10,0
"18151",1999-09-11,5.71541647786944e-07
"18152",1999-09-12,2.85770795471763e-07
"18153",1999-09-13,0
"18154",1999-09-14,1.05415176676615e-06
"18155",1999-09-15,0.0015068666448883
"18156",1999-09-16,0.00394904690438125
"18157",1999-09-17,0.0124680899643863
"18158",1999-09-18,0.00720210951118361
"18159",1999-09-19,0.00868562055347866
"18160",1999-09-20,0.000557316321646795
"18161",1999-09-21,0.0108997843940983
"18162",1999-09-22,0.0188961697615468
"18163",1999-09-23,0.0131564886190745
"18164",1999-09-24,0.00564201132056041
"18165",1999-09-25,0.0112736843102539
"18166",1999-09-26,0.0106569526963654
"18167",1999-09-27,0.00521386960463133
"18168",1999-09-28,0.00516951261670329
"18169",1999-09-29,0.00874760337609359
"18170",1999-09-30,0.00921701316474355
"18171",1999-10-01,0.00756010333446966
"18172",1999-10-02,0.0291914259269106
"18173",1999-10-03,0.0141574691733695
"18174",1999-10-04,0.0108730176107201
"18175",1999-10-05,0.00260805220227667
"18176",1999-10-06,0.000592785086553249
"18177",1999-10-07,0.00482334318712674
"18178",1999-10-08,0.00328738292751041
"18179",1999-10-09,1.12111580392593e-05
"18180",1999-10-10,0.000753224256186513
"18181",1999-10-11,0.00265247208790242
"18182",1999-10-12,0
"18183",1999-10-13,0.000104734308877141
"18184",1999-10-14,0
"18185",1999-10-15,0
"18186",1999-10-16,5.46570100823374e-06
"18187",1999-10-17,3.81580207431398e-07
"18188",1999-10-18,0.000191754521495113
"18189",1999-10-19,7.76711476646597e-05
"18190",1999-10-20,1.82101464929474e-05
"18191",1999-10-21,3.2239387962818e-05
"18192",1999-10-22,0.000137055334960223
"18193",1999-10-23,0.00306142071440263
"18194",1999-10-24,0.00649869725202734
"18195",1999-10-25,0.00652032338530262
"18196",1999-10-26,0.00393460697074488
"18197",1999-10-27,0.000146053074843167
"18198",1999-10-28,0.00208799632855516
"18199",1999-10-29,2.57651669244296e-06
"18200",1999-10-30,0.00038416351367232
"18201",1999-10-31,0.00417259059685193
"18202",1999-11-01,0.00289675359596231
"18203",1999-11-02,0.00540100814760081
"18204",1999-11-03,8.92222196853254e-05
"18205",1999-11-04,0.00187883772815667
"18206",1999-11-05,0.000686349185627932
"18207",1999-11-06,0.000986604298304883
"18208",1999-11-07,0.000305440642932808
"18209",1999-11-08,0.00114660234498842
"18210",1999-11-09,0.00144282370746396
"18211",1999-11-10,9.58894474933913e-08
"18212",1999-11-11,0
"18213",1999-11-12,9.52568939283083e-08
"18214",1999-11-13,4.39153825482208e-06
"18215",1999-11-14,7.76704774807513e-06
"18216",1999-11-15,0.000634626893770474
"18217",1999-11-16,0.0138394019886618
"18218",1999-11-17,0.00431230285903439
"18219",1999-11-18,0.000710822865585214
"18220",1999-11-19,0.000210258296760912
"18221",1999-11-20,1.43961020171446e-05
"18222",1999-11-21,0.00140510200344579
"18223",1999-11-22,0.00203687314751733
"18224",1999-11-23,0.00052946804498788
"18225",1999-11-24,0.00131096893619542
"18226",1999-11-25,0.00356360261866939
"18227",1999-11-26,0.00354557747505169
"18228",1999-11-27,0.00423070478683485
"18229",1999-11-28,0.00513748905905231
"18230",1999-11-29,0.00577938710921444
"18231",1999-11-30,0.00810437458846991
"18232",1999-12-01,0
"18233",1999-12-02,1.43834171240087e-06
"18234",1999-12-03,0.0140054152070661
"18235",1999-12-04,0.00122497540723998
"18236",1999-12-05,0.000275201993645169
"18237",1999-12-06,0.0149418831369985
"18238",1999-12-07,6.67270910525986e-07
"18239",1999-12-08,0.00227847533682279
"18240",1999-12-09,0.0167959801765392
"18241",1999-12-10,0.00665436060978664
"18242",1999-12-11,0.00171854436678132
"18243",1999-12-12,0.00701609140378423
"18244",1999-12-13,0.000437249727042399
"18245",1999-12-14,2.48133989089183e-06
"18246",1999-12-15,6.11850516634149e-05
"18247",1999-12-16,0.00254924251976263
"18248",1999-12-17,0.0178608113492373
"18249",1999-12-18,0.000136541602500984
"18250",1999-12-19,3.82292853373656e-07
"18251",1999-12-20,0
"18252",1999-12-21,0.000101134114572687
"18253",1999-12-22,0.00252212865831325
"18254",1999-12-23,0.0152469779795865
"18255",1999-12-24,0.0112200281082551
"18256",1999-12-25,0.0221445885354115
"18257",1999-12-26,0.00356591417221352
"18258",1999-12-27,0.00435841715079732
"18259",1999-12-28,0.000859085346746724
"18260",1999-12-29,5.59650201807926e-05
"18261",1999-12-30,0.000216236282255977
"18262",1999-12-31,0.00193569585081832
"18263",2000-01-01,0.00807351418484359
"18264",2000-01-02,0.000998227110471817
"18265",2000-01-03,0.00178433496785146
"18266",2000-01-04,8.60395118706947e-07
"18267",2000-01-05,0.000669644696074556
"18268",2000-01-06,0.00616291309597727
"18269",2000-01-07,0.000727160628173351
"18270",2000-01-08,0.00314365877079581
"18271",2000-01-09,5.31663970377849e-05
"18272",2000-01-10,0.000614482894889079
"18273",2000-01-11,0.00101645358427049
"18274",2000-01-12,0.0122748918220168
"18275",2000-01-13,0.0125199742033146
"18276",2000-01-14,0.00245407967418032
"18277",2000-01-15,0
"18278",2000-01-16,0
"18279",2000-01-17,9.58894474933913e-08
"18280",2000-01-18,0
"18281",2000-01-19,0
"18282",2000-01-20,0.00221001845784485
"18283",2000-01-21,9.14551447976919e-05
"18284",2000-01-22,0.00206654161866027
"18285",2000-01-23,0.00115813956585953
"18286",2000-01-24,1.43957827276608e-05
"18287",2000-01-25,0
"18288",2000-01-26,0
"18289",2000-01-27,8.50054220791208e-06
"18290",2000-01-28,0.000537761805674108
"18291",2000-01-29,0.011581531106458
"18292",2000-01-30,8.12637427429763e-05
"18293",2000-01-31,0.00373638331711845
"18294",2000-02-01,0.0047006942257326
"18295",2000-02-02,5.73109337551614e-05
"18296",2000-02-03,0
"18297",2000-02-04,0.00045101106866241
"18298",2000-02-05,0.00092179628171607
"18299",2000-02-06,0.000267240099162791
"18300",2000-02-07,0.00519403252974371
"18301",2000-02-08,0.00189268572285073
"18302",2000-02-09,0.00350789474737212
"18303",2000-02-10,0.00685183616542417
"18304",2000-02-11,1.94484900930547e-05
"18305",2000-02-12,0.0106641841557575
"18306",2000-02-13,0.000197040243961055
"18307",2000-02-14,0.000983508740318939
"18308",2000-02-15,0.00366142732491426
"18309",2000-02-16,4.44655345859246e-05
"18310",2000-02-17,8.39124902540789e-06
"18311",2000-02-18,0.000574255050878492
"18312",2000-02-19,1.24806733765581e-05
"18313",2000-02-20,0
"18314",2000-02-21,3.5927974806782e-05
"18315",2000-02-22,0.00101969789653822
"18316",2000-02-23,0.00032150902200101
"18317",2000-02-24,0.013720363829691
"18318",2000-02-25,6.20259703509873e-06
"18319",2000-02-26,2.90849175712538e-05
"18320",2000-02-27,0.010936195278191
"18321",2000-02-28,0.00953508127440728
"18322",2000-02-29,0.0158676227511023
"18323",2000-03-01,0.00571734688918468
"18324",2000-03-02,0.00404517604147259
"18325",2000-03-03,0.00719908201386943
"18326",2000-03-04,0.000111279812585963
"18327",2000-03-05,0.000255245703556284
"18328",2000-03-06,0.00276780918028408
"18329",2000-03-07,0
"18330",2000-03-08,0.00532982615277433
"18331",2000-03-09,0.000467285659397021
"18332",2000-03-10,0.000352430443456342
"18333",2000-03-11,0.00256033736513928
"18334",2000-03-12,0.000264262665211845
"18335",2000-03-13,0.000177016277007169
"18336",2000-03-14,0.000385114371056261
"18337",2000-03-15,7.81982816988602e-06
"18338",2000-03-16,0.000122561045884595
"18339",2000-03-17,0.000130631629758682
"18340",2000-03-18,0.000284425606309924
"18341",2000-03-19,0
"18342",2000-03-20,2.87668342480174e-07
"18343",2000-03-21,5.52599016145905e-06
"18344",2000-03-22,2.85690703094588e-07
"18345",2000-03-23,0.000161031052812177
"18346",2000-03-24,0
"18347",2000-03-25,0.000290025678168604
"18348",2000-03-26,0.001418236761765
"18349",2000-03-27,0.00143333399955736
"18350",2000-03-28,0
"18351",2000-03-29,0
"18352",2000-03-30,0
"18353",2000-03-31,0.000192683016507544
"18354",2000-04-01,0.00138096351474815
"18355",2000-04-02,0.002350951283006
"18356",2000-04-03,0.00566608499866561
"18357",2000-04-04,0.00352660543478578
"18358",2000-04-05,0
"18359",2000-04-06,0
"18360",2000-04-07,0
"18361",2000-04-08,0
"18362",2000-04-09,0
"18363",2000-04-10,0
"18364",2000-04-11,0.00117031055322059
"18365",2000-04-12,0.00262438325171388
"18366",2000-04-13,0.00992524814500939
"18367",2000-04-14,0.00033397537674773
"18368",2000-04-15,0.00196033160915476
"18369",2000-04-16,0.00790068221886031
"18370",2000-04-17,0.00628671864706121
"18371",2000-04-18,0.00163999721195296
"18372",2000-04-19,0.00379544238847984
"18373",2000-04-20,6.67294858658352e-06
"18374",2000-04-21,0.00136466172176597
"18375",2000-04-22,6.81181631989602e-05
"18376",2000-04-23,0.0113000999563155
"18377",2000-04-24,0.0100270424172777
"18378",2000-04-25,0.000687544128197715
"18379",2000-04-26,0.000180991558636379
"18380",2000-04-27,0.00344759676465856
"18381",2000-04-28,1.0016527710377e-05
"18382",2000-04-29,5.2383215916052e-06
"18383",2000-04-30,0.00107678427320934
"18384",2000-05-01,0.00153142448380095
"18385",2000-05-02,0.00269348157911509
"18386",2000-05-03,0.00139037221606486
"18387",2000-05-04,0
"18388",2000-05-05,0
"18389",2000-05-06,0
"18390",2000-05-07,0
"18391",2000-05-08,0
"18392",2000-05-09,0
"18393",2000-05-10,0
"18394",2000-05-11,0
"18395",2000-05-12,0
"18396",2000-05-13,0
"18397",2000-05-14,0
"18398",2000-05-15,0
"18399",2000-05-16,0
"18400",2000-05-17,0.00673841546358744
"18401",2000-05-18,0.00108021298365202
"18402",2000-05-19,0.00139197026146576
"18403",2000-05-20,0.000377887433614887
"18404",2000-05-21,0.000503567262967408
"18405",2000-05-22,0.000150827779236806
"18406",2000-05-23,0.000876200888285439
"18407",2000-05-24,0.00996677880993957
"18408",2000-05-25,0.0114063233913839
"18409",2000-05-26,0.00852004243915871
"18410",2000-05-27,0.0158874400592026
"18411",2000-05-28,0.00751505923426521
"18412",2000-05-29,0.0157715427194489
"18413",2000-05-30,0.00127573380177637
"18414",2000-05-31,0.00204972573192208
"18415",2000-06-01,0.00369623270489683
"18416",2000-06-02,0.0038122524136952
"18417",2000-06-03,0
"18418",2000-06-04,0
"18419",2000-06-05,1.9261467969045e-05
"18420",2000-06-06,0.00140675234433729
"18421",2000-06-07,0.00320465519598656
"18422",2000-06-08,0.000571065625990741
"18423",2000-06-09,0
"18424",2000-06-10,0.0064834760852932
"18425",2000-06-11,1.29567614521875e-05
"18426",2000-06-12,0.000875407880869261
"18427",2000-06-13,0.0019834337851421
"18428",2000-06-14,0.000280966647551395
"18429",2000-06-15,0.000576710088466825
"18430",2000-06-16,0.000349380264310639
"18431",2000-06-17,1.81936979970487e-06
"18432",2000-06-18,0.000389208288993359
"18433",2000-06-19,3.66889267411352e-05
"18434",2000-06-20,0
"18435",2000-06-21,0.0140075966554605
"18436",2000-06-22,0.00684874102455524
"18437",2000-06-23,0.0152659188934194
"18438",2000-06-24,0.00361316991438798
"18439",2000-06-25,0.0118132281932048
"18440",2000-06-26,0.00770814256247832
"18441",2000-06-27,0.00163816582414711
"18442",2000-06-28,0.000993007898046017
"18443",2000-06-29,0.00280671580100034
"18444",2000-06-30,0.0150345132835241
"18445",2000-07-01,0.00022276070984617
"18446",2000-07-02,0.000626918039415614
"18447",2000-07-03,0
"18448",2000-07-04,0
"18449",2000-07-05,0.000242572891693271
"18450",2000-07-06,0.00027543809466124
"18451",2000-07-07,0.00986528514658858
"18452",2000-07-08,0.00044454699485641
"18453",2000-07-09,0.00026678882466058
"18454",2000-07-10,0.0154908096701547
"18455",2000-07-11,0.0175131215816577
"18456",2000-07-12,0.000127441845734211
"18457",2000-07-13,0.00283721281709859
"18458",2000-07-14,0.000719197405885552
"18459",2000-07-15,0.00032554485824221
"18460",2000-07-16,0.00829124539541226
"18461",2000-07-17,0.00220673245701164
"18462",2000-07-18,0.0085600848096874
"18463",2000-07-19,0.00816457330529374
"18464",2000-07-20,0.00105874034670705
"18465",2000-07-21,0.00147233271940195
"18466",2000-07-22,0.000159583711933919
"18467",2000-07-23,0.0016600478629698
"18468",2000-07-24,0.00484592608603407
"18469",2000-07-25,0.00296818067886306
"18470",2000-07-26,0.0109879259980517
"18471",2000-07-27,0.00876127212541178
"18472",2000-07-28,0.003618404516601
"18473",2000-07-29,5.43295942634359e-06
"18474",2000-07-30,0
"18475",2000-07-31,5.12099492766538e-05
"18476",2000-08-01,3.68914236901219e-05
"18477",2000-08-02,0.0047929351918583
"18478",2000-08-03,0.00148063474193805
"18479",2000-08-04,4.76587190973987e-05
"18480",2000-08-05,0
"18481",2000-08-06,0.000222311343861747
"18482",2000-08-07,2.73787902642653e-05
"18483",2000-08-08,0
"18484",2000-08-09,0
"18485",2000-08-10,0.00368735711867885
"18486",2000-08-11,0.00354611104773994
"18487",2000-08-12,0.000183711083764138
"18488",2000-08-13,5.52472556591965e-06
"18489",2000-08-14,0.00493377316212218
"18490",2000-08-15,0.0042463363618026
"18491",2000-08-16,0.00414257160144871
"18492",2000-08-17,0.00123040634923655
"18493",2000-08-18,0.00101098031336733
"18494",2000-08-19,0.00339688360435275
"18495",2000-08-20,0.0122897403271054
"18496",2000-08-21,0.000604669056599505
"18497",2000-08-22,0.000837943727674428
"18498",2000-08-23,0.000279348215372011
"18499",2000-08-24,0.00678134400232011
"18500",2000-08-25,0
"18501",2000-08-26,5.42964517080691e-06
"18502",2000-08-27,2.67008217633702e-05
"18503",2000-08-28,0.000580726293435418
"18504",2000-08-29,0.00884096672689338
"18505",2000-08-30,0.00674259751224326
"18506",2000-08-31,0.0005632773465436
"18507",2000-09-01,0.000745279981515523
"18508",2000-09-02,0.001677482443597
"18509",2000-09-03,0.000266402612624006
"18510",2000-09-04,0
"18511",2000-09-05,1.23557468896252e-05
"18512",2000-09-06,0.00589878035589209
"18513",2000-09-07,0.00401537187190115
"18514",2000-09-08,0.00241679518819637
"18515",2000-09-09,0.000130602106992228
"18516",2000-09-10,0
"18517",2000-09-11,0
"18518",2000-09-12,0
"18519",2000-09-13,1.71462437492664e-06
"18520",2000-09-14,8.05681545443804e-05
"18521",2000-09-15,3.15810070219413e-05
"18522",2000-09-16,6.89120593051484e-05
"18523",2000-09-17,0
"18524",2000-09-18,1.81937008392197e-06
"18525",2000-09-19,6.50783442779357e-06
"18526",2000-09-20,0
"18527",2000-09-21,1.71556945360862e-06
"18528",2000-09-22,0.000133172215555533
"18529",2000-09-23,3.05011070622641e-06
"18530",2000-09-24,0
"18531",2000-09-25,0
"18532",2000-09-26,0
"18533",2000-09-27,0.0182936342534958
"18534",2000-09-28,0.00474548566307931
"18535",2000-09-29,0.00109236575377736
"18536",2000-09-30,9.52568939283083e-08
"18537",2000-10-01,0.000634174840342894
"18538",2000-10-02,0.00411986597646319
"18539",2000-10-03,0.000153032047705892
"18540",2000-10-04,0.00188860616526654
"18541",2000-10-05,0.00423709867754951
"18542",2000-10-06,0.00295049105443468
"18543",2000-10-07,0.000152727177237466
"18544",2000-10-08,0.0111772145028226
"18545",2000-10-09,0.00747426830389486
"18546",2000-10-10,0.0126512331189588
"18547",2000-10-11,0.0078099886277414
"18548",2000-10-12,0.00445938245684374
"18549",2000-10-13,0.00199572641116674
"18550",2000-10-14,0.00237414839517669
"18551",2000-10-15,0.000717398154336024
"18552",2000-10-16,0.000440084906927041
"18553",2000-10-17,0.000515423930607994
"18554",2000-10-18,0.000669332916515941
"18555",2000-10-19,0.00537746675269091
"18556",2000-10-20,0.000659328657093283
"18557",2000-10-21,0.00187915796686866
"18558",2000-10-22,0.00233166318503208
"18559",2000-10-23,0.0111514221061952
"18560",2000-10-24,0.00931060558144736
"18561",2000-10-25,0.0121962662959731
"18562",2000-10-26,0.00607331841911218
"18563",2000-10-27,3.92371865700625e-05
"18564",2000-10-28,0.00256266550343298
"18565",2000-10-29,0.020266258623451
"18566",2000-10-30,0.0314823367953068
"18567",2000-10-31,0.020972430051188
"18568",2000-11-01,0.0123884923768856
"18569",2000-11-02,0.00400281355769039
"18570",2000-11-03,0.00695350389889882
"18571",2000-11-04,0.00290586137271021
"18572",2000-11-05,0.00397220996092074
"18573",2000-11-06,0.000427133640755528
"18574",2000-11-07,0.0181083040306476
"18575",2000-11-08,0.00151833060317585
"18576",2000-11-09,0.00381293824466411
"18577",2000-11-10,0.00379152649838943
"18578",2000-11-11,0.00187457381616696
"18579",2000-11-12,0.0147551070986083
"18580",2000-11-13,0.0161407270352356
"18581",2000-11-14,0.00327661695519055
"18582",2000-11-15,0.00211974712146912
"18583",2000-11-16,0.000626586815997143
"18584",2000-11-17,0.0119248457931462
"18585",2000-11-18,0.00791227293666452
"18586",2000-11-19,0.0269209678372135
"18587",2000-11-20,0.00616123107647581
"18588",2000-11-21,0.00835273684879212
"18589",2000-11-22,0.00810570451176318
"18590",2000-11-23,0.00554852356214042
"18591",2000-11-24,0.00680302857517745
"18592",2000-11-25,0.00127325537687284
"18593",2000-11-26,0.00209410076200811
"18594",2000-11-27,0.000439762583482661
"18595",2000-11-28,0.00145656473159761
"18596",2000-11-29,0.00531269859857275
"18597",2000-11-30,0.00510967591714007
"18598",2000-12-01,0.00143333796040679
"18599",2000-12-02,0.00335809035459533
"18600",2000-12-03,0.00399275953805045
"18601",2000-12-04,0.000842582054247032
"18602",2000-12-05,0.00282425338446046
"18603",2000-12-06,0.00088749675580857
"18604",2000-12-07,0.0146223158953944
"18605",2000-12-08,0.00616405122218566
"18606",2000-12-09,0.00398118312295992
"18607",2000-12-10,0.00752799840120133
"18608",2000-12-11,0.00366209030198661
"18609",2000-12-12,0.00251142020846373
"18610",2000-12-13,0.0189887106607785
"18611",2000-12-14,0.00949944545573089
"18612",2000-12-15,0.00425579854345415
"18613",2000-12-16,0.00228771001184214
"18614",2000-12-17,0.000178914035473099
"18615",2000-12-18,0.000493170820050182
"18616",2000-12-19,4.51246527859439e-05
"18617",2000-12-20,0.000105197296704773
"18618",2000-12-21,0.000204292151465779
"18619",2000-12-22,9.5799127848295e-05
"18620",2000-12-23,9.92402186739128e-06
"18621",2000-12-24,0
"18622",2000-12-25,0
"18623",2000-12-26,0.000446066231233999
"18624",2000-12-27,2.96575815355027e-05
"18625",2000-12-28,0.00500078395452874
"18626",2000-12-29,0.0203226520097815
"18627",2000-12-30,0.00235709811568086
"18628",2000-12-31,2.4984226001834e-05
"18629",2001-01-01,0.00568556063706183
"18630",2001-01-02,0.00526264856489433
"18631",2001-01-03,0.0067664024682017
"18632",2001-01-04,0.00242391306312584
"18633",2001-01-05,0.00548998292197211
"18634",2001-01-06,0.0110872298037066
"18635",2001-01-07,0.0112837708002189
"18636",2001-01-08,0.0101090451926211
"18637",2001-01-09,4.20402659528918e-06
"18638",2001-01-10,0
"18639",2001-01-11,3.81580207431398e-07
"18640",2001-01-12,1.71683473126905e-06
"18641",2001-01-13,0
"18642",2001-01-14,1.039927428792e-05
"18643",2001-01-15,2.07954490178963e-05
"18644",2001-01-16,7.83183249950525e-05
"18645",2001-01-17,0.000146938508805761
"18646",2001-01-18,0.000180671480961792
"18647",2001-01-19,8.38572694306094e-05
"18648",2001-01-20,0.000275735339528183
"18649",2001-01-21,0.000322326499201608
"18650",2001-01-22,0.00184310080567229
"18651",2001-01-23,0.00695766204444226
"18652",2001-01-24,0.0148665288870689
"18653",2001-01-25,0.00182487950542054
"18654",2001-01-26,0.00461531937526161
"18655",2001-01-27,0.00244988875692798
"18656",2001-01-28,2.2598773171012e-05
"18657",2001-01-29,0.000133627584602891
"18658",2001-01-30,1.12830829266386e-05
"18659",2001-01-31,7.5540107445704e-05
"18660",2001-02-01,0.000190197047743368
"18661",2001-02-02,0.000188117585253167
"18662",2001-02-03,0.000293148358650797
"18663",2001-02-04,8.70119163209893e-05
"18664",2001-02-05,0.00063269681663769
"18665",2001-02-06,0.00673828893559403
"18666",2001-02-07,0.00621745867556456
"18667",2001-02-08,0.007351023543265
"18668",2001-02-09,4.10030759212532e-06
"18669",2001-02-10,6.86634649582629e-05
"18670",2001-02-11,0.0118034017373816
"18671",2001-02-12,2.85505687429577e-05
"18672",2001-02-13,0
"18673",2001-02-14,0
"18674",2001-02-15,0
"18675",2001-02-16,0
"18676",2001-02-17,0
"18677",2001-02-18,0
"18678",2001-02-19,0.000240842342179803
"18679",2001-02-20,3.01281822885358e-05
"18680",2001-02-21,8.3902641563327e-06
"18681",2001-02-22,1.90639069046483e-05
"18682",2001-02-23,4.29541739777051e-06
"18683",2001-02-24,0.00195642556201392
"18684",2001-02-25,0.000190130499390762
"18685",2001-02-26,0.000491253389554913
"18686",2001-02-27,0.00239369873361284
"18687",2001-02-28,0.000238567901760689
"18688",2001-03-01,0.000268606087900025
"18689",2001-03-02,0.00149783802248749
"18690",2001-03-03,0.000617397640780837
"18691",2001-03-04,0.000251211876786783
"18692",2001-03-05,5.72204515947305e-06
"18693",2001-03-06,1.09848916167721e-05
"18694",2001-03-07,0
"18695",2001-03-08,6.90044012685576e-05
"18696",2001-03-09,0.00596018081404281
"18697",2001-03-10,0.00155895893203706
"18698",2001-03-11,0.00202120428184571
"18699",2001-03-12,0.0124007961967436
"18700",2001-03-13,0.00115264296528039
"18701",2001-03-14,0.000856415325188209
"18702",2001-03-15,0.000658529864665525
"18703",2001-03-16,0.00672261952422559
"18704",2001-03-17,0.000183476474717281
"18705",2001-03-18,1.43051147460938e-06
"18706",2001-03-19,0
"18707",2001-03-20,0
"18708",2001-03-21,5.71381406189175e-07
"18709",2001-03-22,0
"18710",2001-03-23,4.96718854492428e-06
"18711",2001-03-24,0
"18712",2001-03-25,1.71414421856753e-06
"18713",2001-03-26,0.000220800047827652
"18714",2001-03-27,4.89876258598088e-05
"18715",2001-03-28,4.89884214402991e-05
"18716",2001-03-29,0.00534889534810645
"18717",2001-03-30,0.0047842767144175
"18718",2001-03-31,0.00517940068584721
"18719",2001-04-01,0.000125740953592413
"18720",2001-04-02,5.50239507219885e-05
"18721",2001-04-03,0.00387929936584896
"18722",2001-04-04,0.00211704764126353
"18723",2001-04-05,0.00648905058915261
"18724",2001-04-06,0.00993701134939329
"18725",2001-04-07,0.00146707683296654
"18726",2001-04-08,0.0110039595739408
"18727",2001-04-09,5.3392004701891e-06
"18728",2001-04-10,3.37209477834222e-05
"18729",2001-04-11,0.00376730297233507
"18730",2001-04-12,0.000999671541535463
"18731",2001-04-13,6.66798428028414e-07
"18732",2001-04-14,0.000156682449130585
"18733",2001-04-15,0.000460899110180435
"18734",2001-04-16,3.2025838379468e-05
"18735",2001-04-17,0.00185650599803466
"18736",2001-04-18,0.0160924688534578
"18737",2001-04-19,0.00561917567392811
"18738",2001-04-20,0.000705493067471252
"18739",2001-04-21,7.99564722910873e-05
"18740",2001-04-22,1.73367634488386e-05
"18741",2001-04-23,0.0134323110632977
"18742",2001-04-24,0.00430214232187609
"18743",2001-04-25,0.00950819408194548
"18744",2001-04-26,0.00809347381311909
"18745",2001-04-27,0.00298789527317922
"18746",2001-04-28,0.00683538579141896
"18747",2001-04-29,0.00554166348706531
"18748",2001-04-30,0.00211673433659598
"18749",2001-05-01,0.00118594427073049
"18750",2001-05-02,0
"18751",2001-05-03,0.0102574505726807
"18752",2001-05-04,0.00823882027179934
"18753",2001-05-05,0.000360019304025627
"18754",2001-05-06,0
"18755",2001-05-07,0.00035828362160828
"18756",2001-05-08,0
"18757",2001-05-09,0
"18758",2001-05-10,0
"18759",2001-05-11,0
"18760",2001-05-12,0
"18761",2001-05-13,5.24229460552306e-06
"18762",2001-05-14,0.000149051191783656
"18763",2001-05-15,4.58420221889355e-05
"18764",2001-05-16,0.00573103844726575
"18765",2001-05-17,0.00624842858900365
"18766",2001-05-18,0.00984187144877069
"18767",2001-05-19,2.00150054752157e-06
"18768",2001-05-20,8.30940084028953e-05
"18769",2001-05-21,0
"18770",2001-05-22,0
"18771",2001-05-23,0
"18772",2001-05-24,0
"18773",2001-05-25,0
"18774",2001-05-26,0
"18775",2001-05-27,8.47786731128508e-06
"18776",2001-05-28,0.00128398271721153
"18777",2001-05-29,0.00574993234124577
"18778",2001-05-30,0.000998720299094202
"18779",2001-05-31,0.00293978943773254
"18780",2001-06-01,0.000172194975277762
"18781",2001-06-02,0.000612711259236676
"18782",2001-06-03,0.00384904859856761
"18783",2001-06-04,0.000249916584721177
"18784",2001-06-05,5.71381406189175e-07
"18785",2001-06-06,0.00160211013513845
"18786",2001-06-07,0.020196625857352
"18787",2001-06-08,0.00575090193888173
"18788",2001-06-09,0.000623694144451292
"18789",2001-06-10,0.000372078639884421
"18790",2001-06-11,0.00129899114068621
"18791",2001-06-12,0.000405430775060722
"18792",2001-06-13,5.71381406189175e-07
"18793",2001-06-14,0
"18794",2001-06-15,6.68516227051441e-05
"18795",2001-06-16,0.00157128897535586
"18796",2001-06-17,0.0010182161040575
"18797",2001-06-18,0.000144717166222108
"18798",2001-06-19,0.000130704459479603
"18799",2001-06-20,0.00678671168486744
"18800",2001-06-21,0.00233321475843695
"18801",2001-06-22,0.00285747845998685
"18802",2001-06-23,0.000177910064167008
"18803",2001-06-24,9.57705015025567e-05
"18804",2001-06-25,0.000264806196355494
"18805",2001-06-26,0.0002075873198919
"18806",2001-06-27,3.81580207431398e-07
"18807",2001-06-28,0.00258601033726791
"18808",2001-06-29,0.000735217397675569
"18809",2001-06-30,0.00261381139330297
"18810",2001-07-01,0.00073903136944864
"18811",2001-07-02,0
"18812",2001-07-03,0
"18813",2001-07-04,0
"18814",2001-07-05,0
"18815",2001-07-06,0
"18816",2001-07-07,0
"18817",2001-07-08,0.000543688480377114
"18818",2001-07-09,0.0027315575287048
"18819",2001-07-10,7.53108643039013e-05
"18820",2001-07-11,0.0119970936904679
"18821",2001-07-12,0.0146998705895385
"18822",2001-07-13,0.0150382652936969
"18823",2001-07-14,0.000588396406953962
"18824",2001-07-15,0.0028753908317185
"18825",2001-07-16,0
"18826",2001-07-17,0.000797170237206046
"18827",2001-07-18,0.000634497320959326
"18828",2001-07-19,0.000473235423726237
"18829",2001-07-20,0.00541941814208258
"18830",2001-07-21,0.00276090340486235
"18831",2001-07-22,0.00340621947276532
"18832",2001-07-23,0.000420894145008788
"18833",2001-07-24,2.86785672187762e-05
"18834",2001-07-25,9.64431474130834e-05
"18835",2001-07-26,1.61936759468517e-06
"18836",2001-07-27,3.71397891285596e-06
"18837",2001-07-28,2.28616596587017e-06
"18838",2001-07-29,0.000341801668298558
"18839",2001-07-30,0.000258998293247714
"18840",2001-07-31,0
"18841",2001-08-01,0
"18842",2001-08-02,0
"18843",2001-08-03,0.0116642864747405
"18844",2001-08-04,0.00134995997814258
"18845",2001-08-05,1.04793680293369e-05
"18846",2001-08-06,0.00210418337428564
"18847",2001-08-07,0.000230612560869758
"18848",2001-08-08,0.0143675953595448
"18849",2001-08-09,0.0178275490034139
"18850",2001-08-10,0.00314893724498688
"18851",2001-08-11,0.000502877886901842
"18852",2001-08-12,0.00974220759098898
"18853",2001-08-13,5.49405876881792e-05
"18854",2001-08-14,0.000785617245014691
"18855",2001-08-15,0.000258354855759535
"18856",2001-08-16,0.00526147229896878
"18857",2001-08-17,0.00071667791416985
"18858",2001-08-18,0
"18859",2001-08-19,0.000715636899769834
"18860",2001-08-20,0.00934993084229063
"18861",2001-08-21,1.05154140328523e-06
"18862",2001-08-22,0
"18863",2001-08-23,1.81016532110334e-05
"18864",2001-08-24,0.00132641850410664
"18865",2001-08-25,0.0010673660365228
"18866",2001-08-26,0.00899287879292388
"18867",2001-08-27,0.00143911170766842
"18868",2001-08-28,0.000702728727333124
"18869",2001-08-29,7.41004099040765e-05
"18870",2001-08-30,6.65666038912605e-05
"18871",2001-08-31,0.000136843450889046
"18872",2001-09-01,0.0118164367468125
"18873",2001-09-02,0.00393413981419144
"18874",2001-09-03,0.00139753804904785
"18875",2001-09-04,0.010678253864171
"18876",2001-09-05,0.000251246216350864
"18877",2001-09-06,8.74078312449456e-05
"18878",2001-09-07,3.77385636625149e-05
"18879",2001-09-08,0.0108820058112542
"18880",2001-09-09,0.0145765047454915
"18881",2001-09-10,0.00778512499982753
"18882",2001-09-11,0.00121591042494629
"18883",2001-09-12,0.000810388771583348
"18884",2001-09-13,0.00150802699380392
"18885",2001-09-14,0.000909020065591903
"18886",2001-09-15,0.00510590078192763
"18887",2001-09-16,0.00431445390131557
"18888",2001-09-17,0.00444170821720036
"18889",2001-09-18,0.000835278961403674
"18890",2001-09-19,0.0169826220044342
"18891",2001-09-20,5.17761959031304e-05
"18892",2001-09-21,0.00358753389218691
"18893",2001-09-22,0.00243459091069553
"18894",2001-09-23,0.00162500665828702
"18895",2001-09-24,7.67115864164225e-07
"18896",2001-09-25,2.10703848324556e-06
"18897",2001-09-26,0.000730202212935183
"18898",2001-09-27,0.00267052896180076
"18899",2001-09-28,5.72174087665189e-07
"18900",2001-09-29,6.79028291870054e-05
"18901",2001-09-30,0.00270646575114597
"18902",2001-10-01,0.0152660939120324
"18903",2001-10-02,0.0035667439296958
"18904",2001-10-03,0.00261679403183734
"18905",2001-10-04,0.000260838282883924
"18906",2001-10-05,1.4733848445303e-05
"18907",2001-10-06,0.000461255142852224
"18908",2001-10-07,0.00971012379289959
"18909",2001-10-08,0.0106116584374831
"18910",2001-10-09,0.0109188029309735
"18911",2001-10-10,0.0102215336373774
"18912",2001-10-11,0.0018663467199076
"18913",2001-10-12,0.00148498231919802
"18914",2001-10-13,0.000563858084206004
"18915",2001-10-14,3.04130866197738e-05
"18916",2001-10-15,0.00514737463538495
"18917",2001-10-16,0.00171561129792508
"18918",2001-10-17,0.000147438309625159
"18919",2001-10-18,0.000133755621618548
"18920",2001-10-19,0.00010842283927559
"18921",2001-10-20,7.49668870980713e-05
"18922",2001-10-21,2.99981849707365e-05
"18923",2001-10-22,7.85054729135481e-05
"18924",2001-10-23,3.83557903660403e-07
"18925",2001-10-24,1.75864074094534e-05
"18926",2001-10-25,0.00146937089812127
"18927",2001-10-26,0.00987165569677018
"18928",2001-10-27,0.00696659695404378
"18929",2001-10-28,0.0014330934109239
"18930",2001-10-29,0.00416285029149321
"18931",2001-10-30,0.0046411156908448
"18932",2001-10-31,0.00748454227203865
"18933",2001-11-01,0
"18934",2001-11-02,0.000339548912450027
"18935",2001-11-03,0
"18936",2001-11-04,0.000595405643707636
"18937",2001-11-05,9.56087055214994e-05
"18938",2001-11-06,0.00560416011200005
"18939",2001-11-07,0.00195193534551663
"18940",2001-11-08,0.000935705530025643
"18941",2001-11-09,0
"18942",2001-11-10,0.00102912854833903
"18943",2001-11-11,9.63714765020995e-05
"18944",2001-11-12,2.58806736042061e-05
"18945",2001-11-13,2.64814243564615e-05
"18946",2001-11-14,0
"18947",2001-11-15,8.82578011101032e-05
"18948",2001-11-16,0
"18949",2001-11-17,0
"18950",2001-11-18,0
"18951",2001-11-19,0
"18952",2001-11-20,0.000102765665246807
"18953",2001-11-21,0.00142711190540012
"18954",2001-11-22,2.34313021678645e-05
"18955",2001-11-23,0
"18956",2001-11-24,0.000362301278983068
"18957",2001-11-25,0.00102233717461786
"18958",2001-11-26,0.00391996981034026
"18959",2001-11-27,0.000269100363993857
"18960",2001-11-28,0.00361124442588334
"18961",2001-11-29,0.000374533259446252
"18962",2001-11-30,0.000335143939082627
"18963",2001-12-01,0.0181309833133128
"18964",2001-12-02,0.00261853493350372
"18965",2001-12-03,0.00319948901869793
"18966",2001-12-04,0.00139052538725082
"18967",2001-12-05,0.00644327514197585
"18968",2001-12-06,4.85273930053154e-05
"18969",2001-12-07,4.287418335025e-06
"18970",2001-12-08,0.00125712168068048
"18971",2001-12-09,0.000317696369677378
"18972",2001-12-10,7.54331335883762e-06
"18973",2001-12-11,0
"18974",2001-12-12,4.27472778028459e-05
"18975",2001-12-13,0.000152909982716665
"18976",2001-12-14,3.06717450371252e-05
"18977",2001-12-15,9.21902137065445e-05
"18978",2001-12-16,0
"18979",2001-12-17,3.81580207431398e-07
"18980",2001-12-18,0
"18981",2001-12-19,0.000307105002036678
"18982",2001-12-20,0.00238978799285405
"18983",2001-12-21,0.00045111470763004
"18984",2001-12-22,0.000117203682009404
"18985",2001-12-23,0.00136253163452693
"18986",2001-12-24,0.00323042250238359
"18987",2001-12-25,0.00013856575679938
"18988",2001-12-26,0.000259570498315043
"18989",2001-12-27,0.000307223526988309
"18990",2001-12-28,0.000111391581356202
"18991",2001-12-29,0.000313940036903659
"18992",2001-12-30,1.58224095230253e-05
"18993",2001-12-31,0
"18994",2002-01-01,4.57595916714126e-06
"18995",2002-01-02,9.52568939283083e-08
"18996",2002-01-03,7.05603440565028e-06
"18997",2002-01-04,0
"18998",2002-01-05,1.17625303346358e-05
"18999",2002-01-06,1.43051147460938e-06
"19000",2002-01-07,1.90798095900391e-06
"19001",2002-01-08,8.41691922914833e-06
"19002",2002-01-09,0.000129835831785385
"19003",2002-01-10,3.15154187546796e-06
"19004",2002-01-11,0.000130596425037766
"19005",2002-01-12,0.000330163442413323
"19006",2002-01-13,0.000576926989197091
"19007",2002-01-14,0.00137046320378431
"19008",2002-01-15,0.00685021933168173
"19009",2002-01-16,0.00110634226257389
"19010",2002-01-17,0.00571575605954422
"19011",2002-01-18,0.00518114784273394
"19012",2002-01-19,0.00445685339860802
"19013",2002-01-20,0.00779656905211823
"19014",2002-01-21,0.000353472279584821
"19015",2002-01-22,0.00679688221043762
"19016",2002-01-23,0.00892046578297823
"19017",2002-01-24,0.0155035909774597
"19018",2002-01-25,5.53406141534651e-06
"19019",2002-01-26,0.00601905998991015
"19020",2002-01-27,0.00347029555791778
"19021",2002-01-28,0.0112467305373229
"19022",2002-01-29,0.000871717081281531
"19023",2002-01-30,0.0122563046019195
"19024",2002-01-31,0.000504594622896093
"19025",2002-02-01,0.00791759627384181
"19026",2002-02-02,0.00816464597301092
"19027",2002-02-03,0.00296064490100889
"19028",2002-02-04,0.00633284000599588
"19029",2002-02-05,0.00669946422220846
"19030",2002-02-06,0.00393461047497112
"19031",2002-02-07,0.00280911065783584
"19032",2002-02-08,0.00116898169744672
"19033",2002-02-09,0.00657286728488771
"19034",2002-02-10,1.69715785887092e-05
"19035",2002-02-11,0.007867979630646
"19036",2002-02-12,9.08680530642414e-05
"19037",2002-02-13,0
"19038",2002-02-14,0
"19039",2002-02-15,3.71753234844618e-05
"19040",2002-02-16,0.000352126710254197
"19041",2002-02-17,0.00371842031563574
"19042",2002-02-18,0.00204310943263408
"19043",2002-02-19,2.34266371990088e-05
"19044",2002-02-20,0
"19045",2002-02-21,0.000262617254520592
"19046",2002-02-22,0.0162912341913284
"19047",2002-02-23,0.00114682782668751
"19048",2002-02-24,0.000129345979985374
"19049",2002-02-25,1.42471935760113e-05
"19050",2002-02-26,0.00416482753735181
"19051",2002-02-27,0.00294161996862385
"19052",2002-02-28,0.00522534155152243
"19053",2002-03-01,1.90790103715699e-06
"19054",2002-03-02,0.00167144748320425
"19055",2002-03-03,0.00104336240201519
"19056",2002-03-04,7.03017494174674e-05
"19057",2002-03-05,0.00100492869353275
"19058",2002-03-06,0.00703128636814654
"19059",2002-03-07,4.41527206476167e-05
"19060",2002-03-08,0.00132442825662338
"19061",2002-03-09,0.00235781850824424
"19062",2002-03-10,0.00649379129117733
"19063",2002-03-11,0.000246309123212995
"19064",2002-03-12,0.000542074021723238
"19065",2002-03-13,0.00030513758071038
"19066",2002-03-14,0
"19067",2002-03-15,0
"19068",2002-03-16,0.000377592124266357
"19069",2002-03-17,0.000183123898182203
"19070",2002-03-18,0.00357768655521795
"19071",2002-03-19,0.00638436380540952
"19072",2002-03-20,0.00335597261437215
"19073",2002-03-21,7.57783100766574e-05
"19074",2002-03-22,1.04872489679053e-05
"19075",2002-03-23,5.91042089581606e-06
"19076",2002-03-24,3.81580207431398e-07
"19077",2002-03-25,2.28766339205322e-06
"19078",2002-03-26,0.00178635596233789
"19079",2002-03-27,6.87659382947459e-06
"19080",2002-03-28,2.29747223556842e-06
"19081",2002-03-29,0
"19082",2002-03-30,0
"19083",2002-03-31,3.03158070664722e-05
"19084",2002-04-01,0.000846119880577589
"19085",2002-04-02,0.000151875913672939
"19086",2002-04-03,0
"19087",2002-04-04,2.47872958425432e-06
"19088",2002-04-05,9.9260734600648e-06
"19089",2002-04-06,2.93383666303271e-05
"19090",2002-04-07,0.000238728297574653
"19091",2002-04-08,0.000754284482354706
"19092",2002-04-09,0.00152782607983681
"19093",2002-04-10,0
"19094",2002-04-11,0
"19095",2002-04-12,0.0055549663558736
"19096",2002-04-13,0.000935438548253842
"19097",2002-04-14,0.000152446555887309
"19098",2002-04-15,0.000166402504305552
"19099",2002-04-16,3.83557960503822e-07
"19100",2002-04-17,2.87668370901883e-06
"19101",2002-04-18,6.44738358346331e-05
"19102",2002-04-19,0.000202338290591797
"19103",2002-04-20,6.70459252205546e-06
"19104",2002-04-21,9.52568939283083e-08
"19105",2002-04-22,0.00269520213942087
"19106",2002-04-23,0.00020896267074022
"19107",2002-04-24,0
"19108",2002-04-25,4.78213633527957e-05
"19109",2002-04-26,0.00103413373278727
"19110",2002-04-27,0.005577476513281
"19111",2002-04-28,0.00160442857799126
"19112",2002-04-29,0.00971526833109237
"19113",2002-04-30,0.0048478430517207
"19114",2002-05-01,0.0143333872529183
"19115",2002-05-02,0.00141083020844235
"19116",2002-05-03,0.00312040795688517
"19117",2002-05-04,0.000631243805401027
"19118",2002-05-05,3.52813287918252e-06
"19119",2002-05-06,2.63853671640391e-05
"19120",2002-05-07,0
"19121",2002-05-08,0.000119280271974276
"19122",2002-05-09,0.000320454504162626
"19123",2002-05-10,0
"19124",2002-05-11,2.14267956835101e-05
"19125",2002-05-12,0.00567115990452294
"19126",2002-05-13,3.8102774624349e-07
"19127",2002-05-14,0.00260290605365299
"19128",2002-05-15,0.00135008431146844
"19129",2002-05-16,0.000362963072291222
"19130",2002-05-17,0.000114649284114421
"19131",2002-05-18,0
"19132",2002-05-19,0
"19133",2002-05-20,0.000741695360375161
"19134",2002-05-21,3.20614808515529e-05
"19135",2002-05-22,7.51366542317555e-05
"19136",2002-05-23,0.00107911510076519
"19137",2002-05-24,0.0110785864805507
"19138",2002-05-25,0.00696102280716104
"19139",2002-05-26,0.000213846482211011
"19140",2002-05-27,0.0104700724768918
"19141",2002-05-28,0.00803517083477345
"19142",2002-05-29,0.00897561805322766
"19143",2002-05-30,0.00314320677534852
"19144",2002-05-31,0.00653707070506471
"19145",2002-06-01,0.000256185843909407
"19146",2002-06-02,0
"19147",2002-06-03,0
"19148",2002-06-04,1.46859820233658e-05
"19149",2002-06-05,0
"19150",2002-06-06,5.71381406189175e-07
"19151",2002-06-07,0
"19152",2002-06-08,0
"19153",2002-06-09,0.000149372534963277
"19154",2002-06-10,0.0080402150279042
"19155",2002-06-11,0.0127889009856972
"19156",2002-06-12,0.00349140413800342
"19157",2002-06-13,0.0030735466891656
"19158",2002-06-14,6.25501750164403e-05
"19159",2002-06-15,0.00646759049777756
"19160",2002-06-16,5.58461672994781e-05
"19161",2002-06-17,0.000328433299614517
"19162",2002-06-18,0.0188427523159476
"19163",2002-06-19,4.0407117921859e-05
"19164",2002-06-20,0.00354487914592028
"19165",2002-06-21,0.00454296244737407
"19166",2002-06-22,0.0019495517908581
"19167",2002-06-23,0.00618374730584037
"19168",2002-06-24,0.000740940406444679
"19169",2002-06-25,7.27803160316398e-05
"19170",2002-06-26,0.00648656449175178
"19171",2002-06-27,0.00137454401891546
"19172",2002-06-28,0.00544723276840386
"19173",2002-06-29,0.000630804561410514
"19174",2002-06-30,0.0118153473331404
"19175",2002-07-01,0.00099485565493751
"19176",2002-07-02,0.0183215654542437
"19177",2002-07-03,0.00744220800879702
"19178",2002-07-04,0.00909979212156031
"19179",2002-07-05,0.000458133492429624
"19180",2002-07-06,0.000275944029510811
"19181",2002-07-07,9.98786861146073e-05
"19182",2002-07-08,0.00741717640903516
"19183",2002-07-09,0.00225561719383904
"19184",2002-07-10,0.00417016299149964
"19185",2002-07-11,0.0038272889523796
"19186",2002-07-12,0.00116714605519519
"19187",2002-07-13,5.52844696244392e-05
"19188",2002-07-14,0.000303382873653391
"19189",2002-07-15,0
"19190",2002-07-16,0
"19191",2002-07-17,0.00028629428561544
"19192",2002-07-18,0.00416085107775643
"19193",2002-07-19,0.00274193912810006
"19194",2002-07-20,0.000234520675519434
"19195",2002-07-21,0.00538302923183664
"19196",2002-07-22,0.0134052182538653
"19197",2002-07-23,0.00718610129843
"19198",2002-07-24,0.0170189453201601
"19199",2002-07-25,0.00305972155001655
"19200",2002-07-26,0.000253621825549999
"19201",2002-07-27,2.87035788915091e-07
"19202",2002-07-28,6.70199322030385e-05
"19203",2002-07-29,0
"19204",2002-07-30,0.000290260129986564
"19205",2002-07-31,0.00589156423910708
"19206",2002-08-01,0.00187775260587841
"19207",2002-08-02,6.50896970455506e-05
"19208",2002-08-03,0.00120774351393038
"19209",2002-08-04,0.000376178532349059
"19210",2002-08-05,0
"19211",2002-08-06,0.000206253379474219
"19212",2002-08-07,3.70822508557467e-05
"19213",2002-08-08,4.30809932367993e-05
"19214",2002-08-09,6.13616394957717e-05
"19215",2002-08-10,0.000100821111175264
"19216",2002-08-11,0.00254190893065243
"19217",2002-08-12,0.0124392599391285
"19218",2002-08-13,0.000416895417288288
"19219",2002-08-14,1.71462448861348e-06
"19220",2002-08-15,0
"19221",2002-08-16,1.91517938219476e-06
"19222",2002-08-17,0.000570002641211431
"19223",2002-08-18,0.000360377269885248
"19224",2002-08-19,0
"19225",2002-08-20,0.000113095272354258
"19226",2002-08-21,0
"19227",2002-08-22,0
"19228",2002-08-23,3.2386464567935e-06
"19229",2002-08-24,0.000108183136035223
"19230",2002-08-25,0.000292359632112493
"19231",2002-08-26,0.000120173602795148
"19232",2002-08-27,0.00659093660306098
"19233",2002-08-28,0.000144089873117537
"19234",2002-08-29,0.00144203483210958
"19235",2002-08-30,0.000676808133789564
"19236",2002-08-31,0.00673492798523512
"19237",2002-09-01,0
"19238",2002-09-02,0
"19239",2002-09-03,0
"19240",2002-09-04,0.0166730909677426
"19241",2002-09-05,0.00258838051291832
"19242",2002-09-06,0.00996508401385654
"19243",2002-09-07,0.0195637462165905
"19244",2002-09-08,0.0035461488096189
"19245",2002-09-09,1.97298587067962e-05
"19246",2002-09-10,1.71414421856753e-06
"19247",2002-09-11,0
"19248",2002-09-12,1.81209088623291e-06
"19249",2002-09-13,1.35417931232951e-05
"19250",2002-09-14,4.28535986429779e-06
"19251",2002-09-15,0
"19252",2002-09-16,0.000558544454463572
"19253",2002-09-17,0.00104198716223891
"19254",2002-09-18,0.000377652422741903
"19255",2002-09-19,0.0029884084015066
"19256",2002-09-20,0.000730579651644803
"19257",2002-09-21,0.000456453826927827
"19258",2002-09-22,0.00116300562507377
"19259",2002-09-23,3.74888239207394e-05
"19260",2002-09-24,0
"19261",2002-09-25,4.30490541702966e-06
"19262",2002-09-26,5.95360817214896e-05
"19263",2002-09-27,0.00142995694722003
"19264",2002-09-28,1.02115229196897e-05
"19265",2002-09-29,0
"19266",2002-09-30,0.00037885471442678
"19267",2002-10-01,3.52417788462844e-06
"19268",2002-10-02,1.96797422518102e-05
"19269",2002-10-03,0.000151114689003862
"19270",2002-10-04,0.00462067144599132
"19271",2002-10-05,0.000235238475056576
"19272",2002-10-06,5.08536579673091e-05
"19273",2002-10-07,1.69398520597497e-05
"19274",2002-10-08,1.07929540149598e-05
"19275",2002-10-09,0.000174187685445304
"19276",2002-10-10,1.61959997058148e-06
"19277",2002-10-11,9.31616597199536e-05
"19278",2002-10-12,1.30704164007511e-05
"19279",2002-10-13,0.00210792248253711
"19280",2002-10-14,0.00713740132050589
"19281",2002-10-15,0.00242936494760215
"19282",2002-10-16,0.000236967025614376
"19283",2002-10-17,0.00126446874764952
"19284",2002-10-18,0.00142903735553546
"19285",2002-10-19,4.53143551908397e-05
"19286",2002-10-20,0.00589612538340134
"19287",2002-10-21,0.00121106065722643
"19288",2002-10-22,0.00571857061004266
"19289",2002-10-23,0.01947032796852
"19290",2002-10-24,5.31624455106794e-05
"19291",2002-10-25,0.0204243518828662
"19292",2002-10-26,0.004798327701792
"19293",2002-10-27,0.00430221327184199
"19294",2002-10-28,6.00084990765026e-06
"19295",2002-10-29,8.95957867896868e-06
"19296",2002-10-30,0
"19297",2002-10-31,0.000264406232645342
"19298",2002-11-01,0
"19299",2002-11-02,0
"19300",2002-11-03,9.05998552980236e-06
"19301",2002-11-04,5.54574763214077e-05
"19302",2002-11-05,0.000249538098842095
"19303",2002-11-06,0.00367801130869339
"19304",2002-11-07,0.0049492744537929
"19305",2002-11-08,0.000895990534445446
"19306",2002-11-09,0.000222724609443503
"19307",2002-11-10,5.05444821747858e-05
"19308",2002-11-11,6.39044564536562e-05
"19309",2002-11-12,0.00779942404824396
"19310",2002-11-13,0.00960058274040421
"19311",2002-11-14,0.00384194422053952
"19312",2002-11-15,0.00636161875496555
"19313",2002-11-16,0.000136785712072651
"19314",2002-11-17,3.23950123402028e-05
"19315",2002-11-18,0.00292624117810192
"19316",2002-11-19,0
"19317",2002-11-20,8.39065631907943e-06
"19318",2002-11-21,0.000347795054835842
"19319",2002-11-22,0.000112736410528669
"19320",2002-11-23,0.00402295774256345
"19321",2002-11-24,0.00969496704055928
"19322",2002-11-25,0.000775036496634129
"19323",2002-11-26,0.0132209136941128
"19324",2002-11-27,2.91708358304277e-05
"19325",2002-11-28,0.000414251398069609
"19326",2002-11-29,0.0070256528997561
"19327",2002-11-30,0.00234804509091191
"19328",2002-12-01,0.00170953552333231
"19329",2002-12-02,0.00039263544925916
"19330",2002-12-03,0.000204545779524778
"19331",2002-12-04,0.000890351558155089
"19332",2002-12-05,0.0034004162034762
"19333",2002-12-06,0.00025069841012737
"19334",2002-12-07,6.25735028734198e-05
"19335",2002-12-08,3.35448854684728e-05
"19336",2002-12-09,2.30070809266181e-05
"19337",2002-12-10,2.34863687751385e-05
"19338",2002-12-11,8.82011559042439e-05
"19339",2002-12-12,4.49261603421292e-05
"19340",2002-12-13,1.11755657030699e-05
"19341",2002-12-14,3.54778275095669e-05
"19342",2002-12-15,6.56968136354408e-05
"19343",2002-12-16,0.00024992652470246
"19344",2002-12-17,0.000305222698671059
"19345",2002-12-18,9.52568939283083e-08
"19346",2002-12-19,0
"19347",2002-12-20,0
"19348",2002-12-21,2.92685882072874e-05
"19349",2002-12-22,6.4852063133003e-06
"19350",2002-12-23,0
"19351",2002-12-24,7.63952982651972e-07
"19352",2002-12-25,0.00029942204020017
"19353",2002-12-26,0.000465799111168508
"19354",2002-12-27,0.00564693576598074
"19355",2002-12-28,0.014279626775533
"19356",2002-12-29,0.00529540004481532
"19357",2002-12-30,1.95513446215045e-05
"19358",2002-12-31,8.46718031084492e-05
"19359",2003-01-01,0.000407350747082091
"19360",2003-01-02,0.000417016266510473
"19361",2003-01-03,0.000118083836696314
"19362",2003-01-04,0.000326163881368302
"19363",2003-01-05,0.0039440235457846
"19364",2003-01-06,0.000332348930385251
"19365",2003-01-07,0.00104001718864311
"19366",2003-01-08,0
"19367",2003-01-09,4.67105655843625e-06
"19368",2003-01-10,8.06675357694076e-05
"19369",2003-01-11,0.000278084939338896
"19370",2003-01-12,0.000621348372987995
"19371",2003-01-13,2.85690703094588e-07
"19372",2003-01-14,0.000793129814951499
"19373",2003-01-15,0.000465603105624268
"19374",2003-01-16,0.000450185258387137
"19375",2003-01-17,0.00132957134479739
"19376",2003-01-18,0.00292349018491223
"19377",2003-01-19,0.00302409378326729
"19378",2003-01-20,0.0105002072823481
"19379",2003-01-21,0.00976858953890769
"19380",2003-01-22,0.00478922038928431
"19381",2003-01-23,0.000339749420163571
"19382",2003-01-24,0.00074620146011739
"19383",2003-01-25,0.00612330074363854
"19384",2003-01-26,8.51038029736628e-05
"19385",2003-01-27,1.57346715354834e-05
"19386",2003-01-28,0.00130190558638787
"19387",2003-01-29,0.000233468500425715
"19388",2003-01-30,0
"19389",2003-01-31,7.24875803825853e-06
"19390",2003-02-01,0.0068968391569797
"19391",2003-02-02,0.0147789082111558
"19392",2003-02-03,0.00617599833003624
"19393",2003-02-04,0.000486522058054106
"19394",2003-02-05,0.000378462601815954
"19395",2003-02-06,8.63237860357913e-05
"19396",2003-02-07,0.00415417051954137
"19397",2003-02-08,0.000459963267530838
"19398",2003-02-09,0.00101628460288339
"19399",2003-02-10,0.00031645657873014
"19400",2003-02-11,0.000470851570753439
"19401",2003-02-12,0.00013355171722651
"19402",2003-02-13,0.000143117008519766
"19403",2003-02-14,4.14056261774931e-05
"19404",2003-02-15,1.32620339172718e-05
"19405",2003-02-16,0.000123262095655718
"19406",2003-02-17,1.51677989492782e-05
"19407",2003-02-18,0
"19408",2003-02-19,0
"19409",2003-02-20,0
"19410",2003-02-21,0.000127587639099147
"19411",2003-02-22,0.000451773194981797
"19412",2003-02-23,8.93016988356976e-05
"19413",2003-02-24,2.23502686935717e-05
"19414",2003-02-25,6.01960277890612e-06
"19415",2003-02-26,9.58894474933913e-08
"19416",2003-02-27,2.05208404508994e-05
"19417",2003-02-28,3.03406613397783e-05
"19418",2003-03-01,0.000139057401838727
"19419",2003-03-02,0.000160414801996467
"19420",2003-03-03,0.00012834719990451
"19421",2003-03-04,0.00012597021094507
"19422",2003-03-05,0.00465899876689946
"19423",2003-03-06,0.0103405663890044
"19424",2003-03-07,0.000918218421873007
"19425",2003-03-08,0.00441878046603961
"19426",2003-03-09,0.00139116905393166
"19427",2003-03-10,0.00100175751970255
"19428",2003-03-11,0.00217523403199493
"19429",2003-03-12,3.34561076442697e-06
"19430",2003-03-13,0
"19431",2003-03-14,0
"19432",2003-03-15,0
"19433",2003-03-16,0
"19434",2003-03-17,0
"19435",2003-03-18,0
"19436",2003-03-19,1.91778951830202e-07
"19437",2003-03-20,0
"19438",2003-03-21,0.000135319660500954
"19439",2003-03-22,4.76837158203125e-07
"19440",2003-03-23,0
"19441",2003-03-24,2.87668342480174e-07
"19442",2003-03-25,5.73929207803303e-06
"19443",2003-03-26,2.51754390205861e-05
"19444",2003-03-27,0
"19445",2003-03-28,0
"19446",2003-03-29,9.5367431640625e-07
"19447",2003-03-30,0.000434212597099304
"19448",2003-03-31,0
"19449",2003-04-01,0.00846785238815073
"19450",2003-04-02,0.000719756527587379
"19451",2003-04-03,0
"19452",2003-04-04,7.47769441318269e-05
"19453",2003-04-05,8.24198832560796e-06
"19454",2003-04-06,0
"19455",2003-04-07,0
"19456",2003-04-08,0
"19457",2003-04-09,4.73639702249784e-05
"19458",2003-04-10,0.00284791056492395
"19459",2003-04-11,0.00536901756942143
"19460",2003-04-12,0.00371480420744774
"19461",2003-04-13,4.88593559566652e-06
"19462",2003-04-14,1.20706884558786e-05
"19463",2003-04-15,0
"19464",2003-04-16,0
"19465",2003-04-17,0
"19466",2003-04-18,0
"19467",2003-04-19,0
"19468",2003-04-20,0
"19469",2003-04-21,0
"19470",2003-04-22,0
"19471",2003-04-23,0
"19472",2003-04-24,0.000297627920872401
"19473",2003-04-25,9.86592275467046e-05
"19474",2003-04-26,0.00651697146804509
"19475",2003-04-27,0.0302259644959122
"19476",2003-04-28,0.00207033657278544
"19477",2003-04-29,0.00996940323420858
"19478",2003-04-30,0.00229917782240818
"19479",2003-05-01,0.0159128108480218
"19480",2003-05-02,1.11450618192066e-05
"19481",2003-05-03,0.0124468357593628
"19482",2003-05-04,0.000606777626046551
"19483",2003-05-05,0.00821248219835979
"19484",2003-05-06,6.78907084648017e-05
"19485",2003-05-07,0.000166343237140154
"19486",2003-05-08,0.000646475128974089
"19487",2003-05-09,0
"19488",2003-05-10,0.00156661427899962
"19489",2003-05-11,0.00103716188459657
"19490",2003-05-12,0.0166996421109502
"19491",2003-05-13,0.0083512251733282
"19492",2003-05-14,0.00204716004458305
"19493",2003-05-15,0.00671863094976288
"19494",2003-05-16,0.0022359576415738
"19495",2003-05-17,0
"19496",2003-05-18,0.00514839553397906
"19497",2003-05-19,0.00938051815899144
"19498",2003-05-20,0.00631048590480532
"19499",2003-05-21,0.00316222774404196
"19500",2003-05-22,5.70607491567898e-05
"19501",2003-05-23,0.00889170412574458
"19502",2003-05-24,0.00584956726441987
"19503",2003-05-25,0.00390757241757456
"19504",2003-05-26,8.12870412119082e-05
"19505",2003-05-27,6.317593613403e-05
"19506",2003-05-28,0
"19507",2003-05-29,0.000245951045030779
"19508",2003-05-30,3.62339011417134e-06
"19509",2003-05-31,0
"19510",2003-06-01,0
"19511",2003-06-02,0
"19512",2003-06-03,7.02346069374471e-05
"19513",2003-06-04,0.00196003746532369
"19514",2003-06-05,0.00569851234104135
"19515",2003-06-06,1.00089912393742e-05
"19516",2003-06-07,6.51507174893595e-05
"19517",2003-06-08,0.0178114482239948
"19518",2003-06-09,0.0116277303823153
"19519",2003-06-10,0.000399709399061976
"19520",2003-06-11,0.0058934977497529
"19521",2003-06-12,2.11617161767208e-05
"19522",2003-06-13,4.44321798909186e-05
"19523",2003-06-14,0.000335688849190774
"19524",2003-06-15,0.00709192778657552
"19525",2003-06-16,0.000692338456758534
"19526",2003-06-17,2.29552601922478e-05
"19527",2003-06-18,0.000299891080828729
"19528",2003-06-19,0.00510975132056046
"19529",2003-06-20,0.000107264987661893
"19530",2003-06-21,0.000614800236064639
"19531",2003-06-22,0.00248483149334788
"19532",2003-06-23,0.0225117050495101
"19533",2003-06-24,0.0110769670976083
"19534",2003-06-25,0.000709838521004258
"19535",2003-06-26,0.00032614149586152
"19536",2003-06-27,0.000121617824333953
"19537",2003-06-28,0.00309743517209426
"19538",2003-06-29,0.000679402871753609
"19539",2003-06-30,0.00147321463464323
"19540",2003-07-01,0.00916531902203133
"19541",2003-07-02,0.00732373607752379
"19542",2003-07-03,0.0113666719353205
"19543",2003-07-04,0.00210587775200111
"19544",2003-07-05,0.00580041700777656
"19545",2003-07-06,0.00473901464380333
"19546",2003-07-07,0.000164007890191442
"19547",2003-07-08,0.00326704176950443
"19548",2003-07-09,0.00016913707349886
"19549",2003-07-10,0
"19550",2003-07-11,0.00203963249180106
"19551",2003-07-12,4.8220072130789e-05
"19552",2003-07-13,0.000171355583006516
"19553",2003-07-14,5.71381406189175e-07
"19554",2003-07-15,0
"19555",2003-07-16,0.000224933047320519
"19556",2003-07-17,0.00514400715445618
"19557",2003-07-18,0.0125612972570366
"19558",2003-07-19,0.00490142752278189
"19559",2003-07-20,0
"19560",2003-07-21,0.00658572610018382
"19561",2003-07-22,0.00239928720321814
"19562",2003-07-23,0.00104445625208882
"19563",2003-07-24,0.00383391044039172
"19564",2003-07-25,0.0127463590035291
"19565",2003-07-26,0.00792976574217619
"19566",2003-07-27,0.0122774903129539
"19567",2003-07-28,0.000346375657784392
"19568",2003-07-29,0
"19569",2003-07-30,0
"19570",2003-07-31,4.76837158203125e-07
"19571",2003-08-01,0.00308933586279636
"19572",2003-08-02,0.000933602202394468
"19573",2003-08-03,0
"19574",2003-08-04,1.33359714027392e-06
"19575",2003-08-05,0
"19576",2003-08-06,0
"19577",2003-08-07,8.15438105519206e-05
"19578",2003-08-08,4.16718612541445e-05
"19579",2003-08-09,0
"19580",2003-08-10,0
"19581",2003-08-11,0
"19582",2003-08-12,0.000110808925910533
"19583",2003-08-13,0.000579836252256882
"19584",2003-08-14,0.00662435631426206
"19585",2003-08-15,0.000223157877258018
"19586",2003-08-16,1.16331793833524e-05
"19587",2003-08-17,8.8423621491529e-05
"19588",2003-08-18,3.02171847579302e-05
"19589",2003-08-19,0.00105803577935148
"19590",2003-08-20,0.000287761667095765
"19591",2003-08-21,0.00285662972845557
"19592",2003-08-22,0.0115583438746398
"19593",2003-08-23,0.000301719418530411
"19594",2003-08-24,8.58981629789923e-05
"19595",2003-08-25,2.01051642534367e-06
"19596",2003-08-26,0.0043368155211283
"19597",2003-08-27,0.000324662772527518
"19598",2003-08-28,0.000313697455169404
"19599",2003-08-29,0.000266599945064172
"19600",2003-08-30,0.000184663425102372
"19601",2003-08-31,0.0031422352810182
"19602",2003-09-01,8.35148321129964e-05
"19603",2003-09-02,2.23268125409959e-05
"19604",2003-09-03,0
"19605",2003-09-04,0
"19606",2003-09-05,1.34432139020646e-05
"19607",2003-09-06,9.52568939283083e-08
"19608",2003-09-07,0.0080972620198736
"19609",2003-09-08,0.000713149112414158
"19610",2003-09-09,0.000705017389009299
"19611",2003-09-10,3.82387270292384e-06
"19612",2003-09-11,1.99378418415108e-05
"19613",2003-09-12,0.00109437025093939
"19614",2003-09-13,0.000118475013948682
"19615",2003-09-14,0.000118391907733439
"19616",2003-09-15,0.000166084602710725
"19617",2003-09-16,4.78785792665803e-05
"19618",2003-09-17,0.000122243511782472
"19619",2003-09-18,0.000404427463877255
"19620",2003-09-19,0.00693585992962653
"19621",2003-09-20,3.95708814835416e-05
"19622",2003-09-21,0.000755043879053119
"19623",2003-09-22,0.0114769671736212
"19624",2003-09-23,0.00443962070477255
"19625",2003-09-24,0.000191194952606111
"19626",2003-09-25,0.000428220583785333
"19627",2003-09-26,0.00640503821523453
"19628",2003-09-27,0.00321939914283575
"19629",2003-09-28,0
"19630",2003-09-29,0
"19631",2003-09-30,0.0040101382697344
"19632",2003-10-01,0.00796348634594324
"19633",2003-10-02,1.48675501350226e-05
"19634",2003-10-03,0.0040431271688135
"19635",2003-10-04,3.15357687554751e-05
"19636",2003-10-05,2.37805943470448e-05
"19637",2003-10-06,0.00330312691085055
"19638",2003-10-07,0.00274518550349967
"19639",2003-10-08,0.00125524368831975
"19640",2003-10-09,0.000128146261829443
"19641",2003-10-10,0.0032918124469461
"19642",2003-10-11,3.69406735671873e-05
"19643",2003-10-12,0
"19644",2003-10-13,0
"19645",2003-10-14,0
"19646",2003-10-15,0
"19647",2003-10-16,0
"19648",2003-10-17,2.57944725490233e-06
"19649",2003-10-18,0.000283485206523437
"19650",2003-10-19,0
"19651",2003-10-20,9.56364544890675e-07
"19652",2003-10-21,0.000516605478082965
"19653",2003-10-22,4.76417551453778e-06
"19654",2003-10-23,5.6489353141842e-06
"19655",2003-10-24,0
"19656",2003-10-25,0
"19657",2003-10-26,0
"19658",2003-10-27,0.000352820611283278
"19659",2003-10-28,0.000154617044017868
"19660",2003-10-29,0.00660305732924371
"19661",2003-10-30,0.0022490494522458
"19662",2003-10-31,0.00315009384848963
"19663",2003-11-01,0.0155533744409695
"19664",2003-11-02,0.00409685196478904
"19665",2003-11-03,0.0126898826274555
"19666",2003-11-04,4.05861181889122e-05
"19667",2003-11-05,0.000152092598909803
"19668",2003-11-06,5.53222075154736e-05
"19669",2003-11-07,3.40800311278144e-05
"19670",2003-11-08,7.16814186034753e-05
"19671",2003-11-09,0.000211934731851215
"19672",2003-11-10,0.000353378729414544
"19673",2003-11-11,0.000294773041559893
"19674",2003-11-12,2.29059378398233e-06
"19675",2003-11-13,0.00158065534122898
"19676",2003-11-14,0.000390556373531581
"19677",2003-11-15,0.010863642586628
"19678",2003-11-16,0.00568457427198155
"19679",2003-11-17,9.2735908197028e-06
"19680",2003-11-18,0.00897837813585056
"19681",2003-11-19,9.05753591950997e-06
"19682",2003-11-20,0.000279376143737409
"19683",2003-11-21,0.00194188956555763
"19684",2003-11-22,0.000392752516631845
"19685",2003-11-23,0.0149384625931361
"19686",2003-11-24,7.15580620180845e-06
"19687",2003-11-25,0.000600021559648667
"19688",2003-11-26,0.00153989047498726
"19689",2003-11-27,0.00136939261665248
"19690",2003-11-28,6.89292422748622e-05
"19691",2003-11-29,0.00030852806457915
"19692",2003-11-30,0.00572570858366817
"19693",2003-12-01,0.000699620578416216
"19694",2003-12-02,0.000234253227290537
"19695",2003-12-03,4.02013044435989e-05
"19696",2003-12-04,4.24343033955665e-05
"19697",2003-12-05,0.00019077556044067
"19698",2003-12-06,6.99866745890176e-06
"19699",2003-12-07,0
"19700",2003-12-08,7.05595471117704e-06
"19701",2003-12-09,0.000105110011702436
"19702",2003-12-10,0.000242399979413221
"19703",2003-12-11,0.00531902054797229
"19704",2003-12-12,0.000303957946016453
"19705",2003-12-13,0.00998463577525399
"19706",2003-12-14,0.000347674303100121
"19707",2003-12-15,0.000171466470419546
"19708",2003-12-16,0.00129113597085961
"19709",2003-12-17,0.000827921257041453
"19710",2003-12-18,1.42066044759304e-05
"19711",2003-12-19,9.08059677158235e-05
"19712",2003-12-20,0.00335723213243
"19713",2003-12-21,0.0218849836974186
"19714",2003-12-22,1.73495234321308e-05
"19715",2003-12-23,0.000126088982312922
"19716",2003-12-24,0.00634149215056823
"19717",2003-12-25,0.00543735265659961
"19718",2003-12-26,0.00742289338131741
"19719",2003-12-27,0.0204018347285455
"19720",2003-12-28,0.00448674431754625
"19721",2003-12-29,0.00376684415437012
"19722",2003-12-30,2.18594116176973e-05
"19723",2003-12-31,0
"19724",2004-01-01,0.000143459489265751
"19725",2004-01-02,4.07478617603374e-05
"19726",2004-01-03,0.00119608916531888
"19727",2004-01-04,0.0027953294074905
"19728",2004-01-05,0.00127373668692599
"19729",2004-01-06,0.00918092958454508
"19730",2004-01-07,0.00273324067159564
"19731",2004-01-08,0.000278077659459086
"19732",2004-01-09,0.000329866407810187
"19733",2004-01-10,0.000151556678247289
"19734",2004-01-11,0.0155680514872074
"19735",2004-01-12,0.00222014536757342
"19736",2004-01-13,0.0028287917812122
"19737",2004-01-14,0.000554887348300781
"19738",2004-01-15,4.76806874871727e-05
"19739",2004-01-16,2.36545991469939e-05
"19740",2004-01-17,3.41533841492492e-05
"19741",2004-01-18,0.00464239331904537
"19742",2004-01-19,0.000193153473617258
"19743",2004-01-20,1.5255304447237e-05
"19744",2004-01-21,0
"19745",2004-01-22,0.00129425882215628
"19746",2004-01-23,0.0054801667429274
"19747",2004-01-24,0.00236836380372552
"19748",2004-01-25,0.00458075386995915
"19749",2004-01-26,0.0010153599523619
"19750",2004-01-27,0.00368556421017274
"19751",2004-01-28,0.00370002606632625
"19752",2004-01-29,0.00567613611929119
"19753",2004-01-30,0.00529718872348894
"19754",2004-01-31,0.00513777949311134
"19755",2004-02-01,9.56574606902905e-05
"19756",2004-02-02,0.00191297779861088
"19757",2004-02-03,0.00680062510832613
"19758",2004-02-04,7.62250795105501e-06
"19759",2004-02-05,0.000766200097075398
"19760",2004-02-06,0.00108115930015629
"19761",2004-02-07,0.012216717024728
"19762",2004-02-08,0.00537811407593836
"19763",2004-02-09,0
"19764",2004-02-10,2.4600666790775e-05
"19765",2004-02-11,0.000299425652144691
"19766",2004-02-12,0.00311899143088112
"19767",2004-02-13,2.17879758110939e-05
"19768",2004-02-14,6.98375782803851e-06
"19769",2004-02-15,0
"19770",2004-02-16,2.98104972102919e-05
"19771",2004-02-17,0.00083141605517767
"19772",2004-02-18,0
"19773",2004-02-19,0
"19774",2004-02-20,2.51908684845148e-05
"19775",2004-02-21,1.43059145329971e-06
"19776",2004-02-22,0.00484544231483142
"19777",2004-02-23,2.32551963108563e-05
"19778",2004-02-24,0.003903369429338
"19779",2004-02-25,3.61943421012256e-06
"19780",2004-02-26,1.50470623339061e-05
"19781",2004-02-27,0.000965182007121257
"19782",2004-02-28,0.00285118497157555
"19783",2004-02-29,4.57516671303893e-06
"19784",2004-03-01,0
"19785",2004-03-02,0
"19786",2004-03-03,0
"19787",2004-03-04,9.72631096374243e-06
"19788",2004-03-05,0.000254370516699964
"19789",2004-03-06,1.90513844700035e-07
"19790",2004-03-07,3.82292739686818e-07
"19791",2004-03-08,0
"19792",2004-03-09,0
"19793",2004-03-10,2.85690703094588e-07
"19794",2004-03-11,1.33849721350998e-06
"19795",2004-03-12,7.62402987675159e-06
"19796",2004-03-13,0.00841000988128826
"19797",2004-03-14,0.00760653452016413
"19798",2004-03-15,0.00858402637118161
"19799",2004-03-16,0.00153061470768989
"19800",2004-03-17,1.77430543431001e-05
"19801",2004-03-18,0.000131206135847606
"19802",2004-03-19,0.0151268725594491
"19803",2004-03-20,0.00434616054496928
"19804",2004-03-21,0.000115542257844936
"19805",2004-03-22,0.00029497868041517
"19806",2004-03-23,8.52181132131591e-05
"19807",2004-03-24,5.10955543973068e-05
"19808",2004-03-25,0.000248780175581942
"19809",2004-03-26,0
"19810",2004-03-27,0.000153489009846908
"19811",2004-03-28,8.58417365634523e-07
"19812",2004-03-29,7.08095188883817e-06
"19813",2004-03-30,0
"19814",2004-03-31,3.06846357034374e-06
"19815",2004-04-01,0
"19816",2004-04-02,0
"19817",2004-04-03,0.000654226706387817
"19818",2004-04-04,0.00774741920605493
"19819",2004-04-05,0.00521430750444551
"19820",2004-04-06,0.000476909572512341
"19821",2004-04-07,0.00507178527095675
"19822",2004-04-08,3.26168569699803e-05
"19823",2004-04-09,6.66748792355065e-06
"19824",2004-04-10,0
"19825",2004-04-11,0
"19826",2004-04-12,0
"19827",2004-04-13,2.01018341385861e-05
"19828",2004-04-14,0.000300896471344458
"19829",2004-04-15,2.72674491839098e-05
"19830",2004-04-16,0
"19831",2004-04-17,4.20164788579314e-05
"19832",2004-04-18,0.000375425137463026
"19833",2004-04-19,0.000351373804051036
"19834",2004-04-20,0.00304029585731769
"19835",2004-04-21,0.00023560135224443
"19836",2004-04-22,0.000381583924536244
"19837",2004-04-23,0.00459809691801638
"19838",2004-04-24,8.69162556682568e-06
"19839",2004-04-25,0.00497981483755439
"19840",2004-04-26,0.00982175895478576
"19841",2004-04-27,0.0073389846701275
"19842",2004-04-28,0.000512182848922293
"19843",2004-04-29,0
"19844",2004-04-30,0
"19845",2004-05-01,2.96070720651187e-06
"19846",2004-05-02,0.000785107294575482
"19847",2004-05-03,2.31716421694728e-05
"19848",2004-05-04,0.00877990914187876
"19849",2004-05-05,0.00688556166369381
"19850",2004-05-06,0.00283820527783973
"19851",2004-05-07,2.11498850717362e-05
"19852",2004-05-08,0.000241574235928965
"19853",2004-05-09,0.000186607810974238
"19854",2004-05-10,0.00249470628972404
"19855",2004-05-11,0.00257270512065588
"19856",2004-05-12,0.00133155084807868
"19857",2004-05-13,0.000241441789682995
"19858",2004-05-14,0.0015102252818906
"19859",2004-05-15,0.000761879246056196
"19860",2004-05-16,0
"19861",2004-05-17,3.81580207431398e-07
"19862",2004-05-18,6.37268785794731e-05
"19863",2004-05-19,0.000514602229884531
"19864",2004-05-20,5.27943861925451e-05
"19865",2004-05-21,0.000524166242428237
"19866",2004-05-22,0.000340198562810201
"19867",2004-05-23,0
"19868",2004-05-24,0
"19869",2004-05-25,0.00730666478739295
"19870",2004-05-26,0.00180038519374648
"19871",2004-05-27,0.000260353533121815
"19872",2004-05-28,0.000511460635038929
"19873",2004-05-29,0.00133251820443547
"19874",2004-05-30,0.000959203833929223
"19875",2004-05-31,0
"19876",2004-06-01,0
"19877",2004-06-02,6.94845666657784e-05
"19878",2004-06-03,0
"19879",2004-06-04,0.000803303755844809
"19880",2004-06-05,0.000316341194775305
"19881",2004-06-06,1.91778894986783e-07
"19882",2004-06-07,0.000806542406735389
"19883",2004-06-08,8.37754163853788e-05
"19884",2004-06-09,0.00159021779563773
"19885",2004-06-10,0.00142094480924015
"19886",2004-06-11,0.00434938434926835
"19887",2004-06-12,0.000637683007084888
"19888",2004-06-13,0
"19889",2004-06-14,0.00031970581068208
"19890",2004-06-15,0.00255119793519043
"19891",2004-06-16,0.000124900642731518
"19892",2004-06-17,1.32383738673525e-05
"19893",2004-06-18,0.0103610033161203
"19894",2004-06-19,0.00702685872477105
"19895",2004-06-20,0.0080966099340003
"19896",2004-06-21,0.00274213759206532
"19897",2004-06-22,0.00638097675914651
"19898",2004-06-23,0.00208563144133223
"19899",2004-06-24,0.0172451315884246
"19900",2004-06-25,0.0109099008788576
"19901",2004-06-26,0.00909868496631816
"19902",2004-06-27,0.00115912784764305
"19903",2004-06-28,9.00308790505733e-05
"19904",2004-06-29,0.00121255142107657
"19905",2004-06-30,0.000389906266718754
"19906",2004-07-01,0.0130593015683189
"19907",2004-07-02,0.000400772564205454
"19908",2004-07-03,0.000399015430957661
"19909",2004-07-04,0.00375173569761955
"19910",2004-07-05,0.00464282151830275
"19911",2004-07-06,0.00311718346165435
"19912",2004-07-07,0.00153161109119537
"19913",2004-07-08,0.000249888155224198
"19914",2004-07-09,0.0226183483027853
"19915",2004-07-10,0.0124065939644424
"19916",2004-07-11,0.00129999670116376
"19917",2004-07-12,0.00122154442487954
"19918",2004-07-13,0.00661057970489765
"19919",2004-07-14,0.00130737062744402
"19920",2004-07-15,0.000285097878247598
"19921",2004-07-16,0.000254779827628226
"19922",2004-07-17,0
"19923",2004-07-18,0.00564030129032744
"19924",2004-07-19,0.00068209572879141
"19925",2004-07-20,0
"19926",2004-07-21,0.000469160390821344
"19927",2004-07-22,0.00900480747804977
"19928",2004-07-23,0.00129924050543195
"19929",2004-07-24,0.000658626108247518
"19930",2004-07-25,0.00116613670098786
"19931",2004-07-26,0.00631769540541427
"19932",2004-07-27,0.000280596833079017
"19933",2004-07-28,0
"19934",2004-07-29,1.9125691892441e-06
"19935",2004-07-30,1.81098675966496e-06
"19936",2004-07-31,0.000318587385663704
"19937",2004-08-01,0.00201708953744628
"19938",2004-08-02,0.000494999596185153
"19939",2004-08-03,0.00483448001938314
"19940",2004-08-04,0.00724018213441013
"19941",2004-08-05,0.00150216299243766
"19942",2004-08-06,0.000995954738357341
"19943",2004-08-07,0
"19944",2004-08-08,9.33967817218218e-06
"19945",2004-08-09,0
"19946",2004-08-10,0.000329658574628411
"19947",2004-08-11,1.95263276623336e-05
"19948",2004-08-12,0.00028578433648363
"19949",2004-08-13,0.00284413838534192
"19950",2004-08-14,1.22881444326595e-05
"19951",2004-08-15,0
"19952",2004-08-16,0.000349475516486564
"19953",2004-08-17,0.00518182857922511
"19954",2004-08-18,0.0040613344472149
"19955",2004-08-19,0.0291269709996413
"19956",2004-08-20,0.017031179915648
"19957",2004-08-21,0.000163931345525725
"19958",2004-08-22,0.00285107180985733
"19959",2004-08-23,0.000189360394870164
"19960",2004-08-24,0.00068592397201428
"19961",2004-08-25,0.0158535845548613
"19962",2004-08-26,0.00122347495795339
"19963",2004-08-27,0.00499906103101466
"19964",2004-08-28,0.00266580816423811
"19965",2004-08-29,0.00152390653965995
"19966",2004-08-30,0.0123280645348132
"19967",2004-08-31,0.00767164678745758
"19968",2004-09-01,0.00195262907021743
"19969",2004-09-02,1.33604714847024e-06
"19970",2004-09-03,3.24592605238649e-06
"19971",2004-09-04,3.81580207431398e-07
"19972",2004-09-05,0
"19973",2004-09-06,3.81580207431398e-07
"19974",2004-09-07,0
"19975",2004-09-08,0
"19976",2004-09-09,1.52600870251263e-06
"19977",2004-09-10,0
"19978",2004-09-11,0.00343536210817774
"19979",2004-09-12,0.0114435824361863
"19980",2004-09-13,0.0159738939480008
"19981",2004-09-14,0.0145756821293617
"19982",2004-09-15,0.0191435362503398
"19983",2004-09-16,1.36125136123155e-05
"19984",2004-09-17,0.015772462887071
"19985",2004-09-18,0.0124150885676499
"19986",2004-09-19,0.00360175283185526
"19987",2004-09-20,0.0228537595830858
"19988",2004-09-21,0.00243384830991999
"19989",2004-09-22,0.000666287492094852
"19990",2004-09-23,0
"19991",2004-09-24,0.000475349362375255
"19992",2004-09-25,1.23936501950084e-06
"19993",2004-09-26,0.000770014166050714
"19994",2004-09-27,0.00132948563248192
"19995",2004-09-28,0
"19996",2004-09-29,2.32654019214351e-05
"19997",2004-09-30,9.52568939283083e-08
"19998",2004-10-01,0
"19999",2004-10-02,0.00569026355685764
"20000",2004-10-03,0.00578239405950853
"20001",2004-10-04,0.0153107640956591
"20002",2004-10-05,0.00354081773230064
"20003",2004-10-06,0.0196537457668455
"20004",2004-10-07,0.00817428999289405
"20005",2004-10-08,0.000458428244314746
"20006",2004-10-09,0
"20007",2004-10-10,0
"20008",2004-10-11,0
"20009",2004-10-12,2.4551084493396e-05
"20010",2004-10-13,1.53106896050303e-06
"20011",2004-10-14,4.55915266002194e-05
"20012",2004-10-15,0.00315969379971648
"20013",2004-10-16,0.00406707221554825
"20014",2004-10-17,0.00453782916247292
"20015",2004-10-18,0.00505005130361269
"20016",2004-10-19,0.000315094234451863
"20017",2004-10-20,0.000957740415799435
"20018",2004-10-21,0.0124959941322231
"20019",2004-10-22,0.011731155194866
"20020",2004-10-23,0.00180659922898485
"20021",2004-10-24,0.000240616185635645
"20022",2004-10-25,0.0170314587880398
"20023",2004-10-26,0.00206726977654625
"20024",2004-10-27,0
"20025",2004-10-28,0.000593417972140742
"20026",2004-10-29,0.000180566670508142
"20027",2004-10-30,0.00214681672332517
"20028",2004-10-31,2.54717384109426e-05
"20029",2004-11-01,2.31541462198948e-05
"20030",2004-11-02,0.000114329195696428
"20031",2004-11-03,0.00199456629854922
"20032",2004-11-04,0.00785809852823149
"20033",2004-11-05,0.000192163084989261
"20034",2004-11-06,9.40383470151573e-05
"20035",2004-11-07,0.00266062871418171
"20036",2004-11-08,0.00154150695016142
"20037",2004-11-09,0.000111706888958452
"20038",2004-11-10,0.00393479577269318
"20039",2004-11-11,0.00204623788158642
"20040",2004-11-12,0.00368537584472506
"20041",2004-11-13,0
"20042",2004-11-14,9.13636631594272e-05
"20043",2004-11-15,0.000139334275104375
"20044",2004-11-16,0
"20045",2004-11-17,0.00768593159591546
"20046",2004-11-18,0.000172931042072832
"20047",2004-11-19,0
"20048",2004-11-20,0
"20049",2004-11-21,0.000113712858365034
"20050",2004-11-22,0.00779279868129379
"20051",2004-11-23,0.000544352645931667
"20052",2004-11-24,0.0037877623333884
"20053",2004-11-25,0.00155033460316645
"20054",2004-11-26,0.0117649345775135
"20055",2004-11-27,0.00311705643389359
"20056",2004-11-28,0.000140928237215121
"20057",2004-11-29,0.000144442573400738
"20058",2004-11-30,0.000210265941575472
"20059",2004-12-01,8.10194542850695e-05
"20060",2004-12-02,0.000806153385838115
"20061",2004-12-03,0.0010883695499615
"20062",2004-12-04,0.000708092677086825
"20063",2004-12-05,0.00180933096027047
"20064",2004-12-06,6.85694560047523e-05
"20065",2004-12-07,0.00053629657941201
"20066",2004-12-08,0
"20067",2004-12-09,1.48275177025425e-05
"20068",2004-12-10,6.75353628025732e-05
"20069",2004-12-11,3.43303531167294e-05
"20070",2004-12-12,0
"20071",2004-12-13,0.000117303142076253
"20072",2004-12-14,0.00265488657987589
"20073",2004-12-15,0.00529780128999846
"20074",2004-12-16,0.0059935918679912
"20075",2004-12-17,0.00375822591854558
"20076",2004-12-18,0.000425862230827079
"20077",2004-12-19,0.000289032624721131
"20078",2004-12-20,3.91628708484859e-06
"20079",2004-12-21,0.00113642130315839
"20080",2004-12-22,0.0119390963955084
"20081",2004-12-23,0.00530609158977313
"20082",2004-12-24,0.000246214405706269
"20083",2004-12-25,0.0110638085606638
"20084",2004-12-26,0.00169541101473669
"20085",2004-12-27,0.000301378113647388
"20086",2004-12-28,0.00688839779468253
"20087",2004-12-29,0.00196431787645679
"20088",2004-12-30,0.0019559642432796
"20089",2004-12-31,0
"20090",2005-01-01,0.00109980483352956
"20091",2005-01-02,0.00469746018279693
"20092",2005-01-03,0
"20093",2005-01-04,0.00128956128537538
"20094",2005-01-05,0.000664620206350719
"20095",2005-01-06,0.00510607469175284
"20096",2005-01-07,0.00191095731861424
"20097",2005-01-08,0.0210537439833161
"20098",2005-01-09,0.000925019494388835
"20099",2005-01-10,0.00923066028008179
"20100",2005-01-11,0.000295723428394012
"20101",2005-01-12,0.00781511613786279
"20102",2005-01-13,0.000160204850544687
"20103",2005-01-14,0
"20104",2005-01-15,0.000400325907719434
"20105",2005-01-16,0.00265567289898172
"20106",2005-01-17,0.00577366106153931
"20107",2005-01-18,0.0151171585494012
"20108",2005-01-19,0.00315441221755464
"20109",2005-01-20,0.00440029880064685
"20110",2005-01-21,6.04283405323258e-05
"20111",2005-01-22,0
"20112",2005-01-23,0.000160491913504757
"20113",2005-01-24,1.90734834859541e-06
"20114",2005-01-25,3.14457474814844e-06
"20115",2005-01-26,3.49876762584245e-05
"20116",2005-01-27,0.000474041154120641
"20117",2005-01-28,0.00132075340661686
"20118",2005-01-29,0.000517383501005497
"20119",2005-01-30,3.81580207431398e-07
"20120",2005-01-31,0
"20121",2005-02-01,0.000178563644112728
"20122",2005-02-02,0.00013575708726421
"20123",2005-02-03,7.25105655874358e-06
"20124",2005-02-04,0.00128936261882018
"20125",2005-02-05,0.00255947414984803
"20126",2005-02-06,4.25669326205025e-05
"20127",2005-02-07,9.81192260383068e-05
"20128",2005-02-08,0.000154639263200806
"20129",2005-02-09,0.00239294966195303
"20130",2005-02-10,0.0108877376115402
"20131",2005-02-11,0
"20132",2005-02-12,0.00206214195753773
"20133",2005-02-13,0.0020564213380112
"20134",2005-02-14,0.000182607123861089
"20135",2005-02-15,2.46917992399176e-05
"20136",2005-02-16,3.66978547390318e-05
"20137",2005-02-17,0.000354702454387734
"20138",2005-02-18,0.00500234697295809
"20139",2005-02-19,3.99533130348573e-05
"20140",2005-02-20,0.00034480297472328
"20141",2005-02-21,0.000262511761377482
"20142",2005-02-22,0.0004734689318866
"20143",2005-02-23,0.000202279037694097
"20144",2005-02-24,0.000237977717119975
"20145",2005-02-25,2.48023530957653e-06
"20146",2005-02-26,0.000399851675808804
"20147",2005-02-27,3.65025937298924e-05
"20148",2005-02-28,0.00239632432038661
"20149",2005-03-01,0.00128117998093558
"20150",2005-03-02,4.15767734693873e-05
"20151",2005-03-03,3.4296333524253e-06
"20152",2005-03-04,5.6038341938347e-05
"20153",2005-03-05,1.96526335685121e-05
"20154",2005-03-06,0
"20155",2005-03-07,0
"20156",2005-03-08,0.000483287558324719
"20157",2005-03-09,0.00017498658257864
"20158",2005-03-10,0.000347494699781237
"20159",2005-03-11,0.0103609574143775
"20160",2005-03-12,0.000456992886995522
"20161",2005-03-13,0.000819486496197896
"20162",2005-03-14,0.0040747687851308
"20163",2005-03-15,0.000225552165261433
"20164",2005-03-16,0.00675193751521874
"20165",2005-03-17,0.00135209653137736
"20166",2005-03-18,0.000102938317468215
"20167",2005-03-19,0
"20168",2005-03-20,7.81911489866616e-06
"20169",2005-03-21,0
"20170",2005-03-22,0
"20171",2005-03-23,0.000217052254015471
"20172",2005-03-24,3.91914405213356e-05
"20173",2005-03-25,8.61314787243828e-05
"20174",2005-03-26,0
"20175",2005-03-27,0
"20176",2005-03-28,0.000106682906334754
"20177",2005-03-29,0.0018099394062574
"20178",2005-03-30,3.33399210461494e-07
"20179",2005-03-31,0
"20180",2005-04-01,0
"20181",2005-04-02,0
"20182",2005-04-03,0
"20183",2005-04-04,0.000889560230177722
"20184",2005-04-05,0.00231053867446462
"20185",2005-04-06,0.0061863658315815
"20186",2005-04-07,0.0079137991835978
"20187",2005-04-08,0.00164134250462666
"20188",2005-04-09,9.98745895799402e-05
"20189",2005-04-10,0.00113984041132653
"20190",2005-04-11,9.53629378273035e-05
"20191",2005-04-12,0.000420659268627332
"20192",2005-04-13,0.00120722673597129
"20193",2005-04-14,0.00122132448314005
"20194",2005-04-15,3.26058228665715e-05
"20195",2005-04-16,2.29628716397201e-06
"20196",2005-04-17,0
"20197",2005-04-18,0
"20198",2005-04-19,0
"20199",2005-04-20,7.62654258323892e-06
"20200",2005-04-21,0
"20201",2005-04-22,2.85770829577814e-05
"20202",2005-04-23,4.02250973365881e-05
"20203",2005-04-24,0
"20204",2005-04-25,1.14276281237835e-06
"20205",2005-04-26,5.6201584811788e-05
"20206",2005-04-27,0
"20207",2005-04-28,0
"20208",2005-04-29,0.00970054314984736
"20209",2005-04-30,0.000309861850439574
"20210",2005-05-01,1.57322215841305e-05
"20211",2005-05-02,0.00733626161490974
"20212",2005-05-03,0.000264960094000344
"20213",2005-05-04,0.000130779975108908
"20214",2005-05-05,9.62305534812913e-06
"20215",2005-05-06,2.32498950936133e-05
"20216",2005-05-07,0.000878355823488164
"20217",2005-05-08,0.00119155599713849
"20218",2005-05-09,0.00497448428399139
"20219",2005-05-10,0.00163468739918926
"20220",2005-05-11,0.000752551352888986
"20221",2005-05-12,0
"20222",2005-05-13,0.0005696158060573
"20223",2005-05-14,0.00148103970167313
"20224",2005-05-15,0.000980970697185057
"20225",2005-05-16,0.003515291439669
"20226",2005-05-17,0.000496176210106114
"20227",2005-05-18,0.00110091016358638
"20228",2005-05-19,0.000701518414814473
"20229",2005-05-20,0.00840307500038762
"20230",2005-05-21,0.0179756865544505
"20231",2005-05-22,0.00487160151624266
"20232",2005-05-23,0.00389933739461412
"20233",2005-05-24,0.000661524346583064
"20234",2005-05-25,0.00366020078212159
"20235",2005-05-26,0.00116728691682511
"20236",2005-05-27,0
"20237",2005-05-28,0.0084774728558159
"20238",2005-05-29,0.000317631673169672
"20239",2005-05-30,0.000487278159710058
"20240",2005-05-31,0.00793826678540199
"20241",2005-06-01,0.000196285010133579
"20242",2005-06-02,0.00350262440406368
"20243",2005-06-03,0.00385603794279632
"20244",2005-06-04,0.0109154184592626
"20245",2005-06-05,0.00176031918999797
"20246",2005-06-06,0.00308352156400815
"20247",2005-06-07,7.63160414862796e-07
"20248",2005-06-08,0
"20249",2005-06-09,0
"20250",2005-06-10,0.00187259040194476
"20251",2005-06-11,0.00384773023546359
"20252",2005-06-12,0.00850509889460227
"20253",2005-06-13,0.0129752008215291
"20254",2005-06-14,0.00243439780115295
"20255",2005-06-15,0.000137488482323533
"20256",2005-06-16,0.000522456920407421
"20257",2005-06-17,0.00214297833917954
"20258",2005-06-18,0
"20259",2005-06-19,0
"20260",2005-06-20,0.00030812292243354
"20261",2005-06-21,0.00202555247545888
"20262",2005-06-22,2.85770795471763e-07
"20263",2005-06-23,5.74704245082103e-07
"20264",2005-06-24,0
"20265",2005-06-25,0.000197961859385032
"20266",2005-06-26,0.000607605659752153
"20267",2005-06-27,0.00157874286287552
"20268",2005-06-28,0
"20269",2005-06-29,0
"20270",2005-06-30,0.000378127943804429
"20271",2005-07-01,0.00107264847395072
"20272",2005-07-02,5.46343699738827e-05
"20273",2005-07-03,0.000908419734798827
"20274",2005-07-04,0.00244818064402352
"20275",2005-07-05,6.60413215882727e-05
"20276",2005-07-06,0.000373301873992204
"20277",2005-07-07,0.00255810208744833
"20278",2005-07-08,7.3402197813266e-06
"20279",2005-07-09,0.0012052583251716
"20280",2005-07-10,0
"20281",2005-07-11,0
"20282",2005-07-12,3.06332270838539e-06
"20283",2005-07-13,9.72883248095968e-06
"20284",2005-07-14,3.09185201672335e-05
"20285",2005-07-15,0.0134144117573669
"20286",2005-07-16,0.0135146621960303
"20287",2005-07-17,0.00019494178388868
"20288",2005-07-18,0.000442848890088499
"20289",2005-07-19,0.0178510095493039
"20290",2005-07-20,0.00019156451969593
"20291",2005-07-21,0.00352366501920187
"20292",2005-07-22,0.000504400003592309
"20293",2005-07-23,0.00283110526578412
"20294",2005-07-24,0.00199692129342566
"20295",2005-07-25,0.00137277197984531
"20296",2005-07-26,0.00022547233743353
"20297",2005-07-27,9.73366177277057e-05
"20298",2005-07-28,3.90711136333266e-06
"20299",2005-07-29,1.30565259155446e-05
"20300",2005-07-30,0.0127710330243076
"20301",2005-07-31,0.00859583973851841
"20302",2005-08-01,0.000423354116151131
"20303",2005-08-02,0.000112675924640371
"20304",2005-08-03,0.0041691554154113
"20305",2005-08-04,0.00014933313588017
"20306",2005-08-05,0.00413985807699646
"20307",2005-08-06,0.00595148981119564
"20308",2005-08-07,0.00559589566091745
"20309",2005-08-08,0.00978638703736578
"20310",2005-08-09,0.00140720647533499
"20311",2005-08-10,0.00500091797005098
"20312",2005-08-11,0.00656696268362111
"20313",2005-08-12,0.00305466468307714
"20314",2005-08-13,0.00273231115505723
"20315",2005-08-14,0.0067766554359423
"20316",2005-08-15,0
"20317",2005-08-16,0
"20318",2005-08-17,0
"20319",2005-08-18,6.00156380414774e-05
"20320",2005-08-19,4.00244891807233e-06
"20321",2005-08-20,3.4282879823877e-06
"20322",2005-08-21,7.27257365724654e-05
"20323",2005-08-22,0.000336864897121814
"20324",2005-08-23,0.000545926999564017
"20325",2005-08-24,0.000104765976061572
"20326",2005-08-25,0.0200642925876195
"20327",2005-08-26,0.000207536904326844
"20328",2005-08-27,0.003338567691344
"20329",2005-08-28,0.00287863440735237
"20330",2005-08-29,0.00240830020902649
"20331",2005-08-30,0
"20332",2005-08-31,3.81580207431398e-07
"20333",2005-09-01,2.48933076818503e-06
"20334",2005-09-02,0.00506138190962702
"20335",2005-09-03,4.86892832896046e-06
"20336",2005-09-04,6.86472833422158e-06
"20337",2005-09-05,0
"20338",2005-09-06,0
"20339",2005-09-07,0.00453116552051824
"20340",2005-09-08,0.00223405838187318
"20341",2005-09-09,0
"20342",2005-09-10,0
"20343",2005-09-11,5.72094052131433e-07
"20344",2005-09-12,1.9178950310561e-05
"20345",2005-09-13,0.000839376547446591
"20346",2005-09-14,0.00830035457329359
"20347",2005-09-15,0.00027266576682905
"20348",2005-09-16,0.000169098804917667
"20349",2005-09-17,5.27968559254077e-05
"20350",2005-09-18,0.00441428524936782
"20351",2005-09-19,0.000639204799938398
"20352",2005-09-20,0.00305802242701247
"20353",2005-09-21,0
"20354",2005-09-22,9.02913511140468e-05
"20355",2005-09-23,6.1696318198301e-05
"20356",2005-09-24,0.000331858630659099
"20357",2005-09-25,0.00380384947249013
"20358",2005-09-26,0.000529351779391618
"20359",2005-09-27,0.00519493912497637
"20360",2005-09-28,0.00173340886755113
"20361",2005-09-29,0.00112880250378566
"20362",2005-09-30,0.000630833385969254
"20363",2005-10-01,0.0146292436238582
"20364",2005-10-02,0.000497689809890289
"20365",2005-10-03,8.57072109283763e-07
"20366",2005-10-04,0
"20367",2005-10-05,1.45948394560946e-05
"20368",2005-10-06,2.152965470259e-05
"20369",2005-10-07,3.70132920011201e-05
"20370",2005-10-08,2.23479066789878e-05
"20371",2005-10-09,0.00372454206404882
"20372",2005-10-10,0.0009794401214549
"20373",2005-10-11,8.48395194452678e-06
"20374",2005-10-12,6.66798371184996e-07
"20375",2005-10-13,1.13518608486629e-05
"20376",2005-10-14,0.000475029731205723
"20377",2005-10-15,0
"20378",2005-10-16,0
"20379",2005-10-17,1.72221535876815e-06
"20380",2005-10-18,1.28970699506681e-05
"20381",2005-10-19,1.68893880641008e-05
"20382",2005-10-20,0.00879957406749554
"20383",2005-10-21,0.00176581559043143
"20384",2005-10-22,0.0117985919487182
"20385",2005-10-23,0.000435977100096352
"20386",2005-10-24,6.31349999480335e-05
"20387",2005-10-25,0.0213003504741209
"20388",2005-10-26,0.000205840646231081
"20389",2005-10-27,0.000299199170115116
"20390",2005-10-28,0.000115890842891986
"20391",2005-10-29,0.00544408144099862
"20392",2005-10-30,0.000845870479395217
"20393",2005-10-31,3.2085758903122e-05
"20394",2005-11-01,0.00752964444814097
"20395",2005-11-02,0.00123051405006436
"20396",2005-11-03,0.025997418825682
"20397",2005-11-04,0.00531379081076011
"20398",2005-11-05,0.00353648174314003
"20399",2005-11-06,0.00627240456833533
"20400",2005-11-07,0.00906819637657463
"20401",2005-11-08,0.000686597793446708
"20402",2005-11-09,0.000641412547622622
"20403",2005-11-10,0.00343315675024769
"20404",2005-11-11,0.00267344880285236
"20405",2005-11-12,0.00492852119151621
"20406",2005-11-13,0.00093829426737102
"20407",2005-11-14,0.00182829283039609
"20408",2005-11-15,0.000147953457826588
"20409",2005-11-16,0
"20410",2005-11-17,6.99993211128458e-06
"20411",2005-11-18,0
"20412",2005-11-19,0
"20413",2005-11-20,2.19367188947217e-06
"20414",2005-11-21,0.000811888085479495
"20415",2005-11-22,7.44980550848595e-05
"20416",2005-11-23,0.00014300963448477
"20417",2005-11-24,0.015524788184905
"20418",2005-11-25,0.00274954253018223
"20419",2005-11-26,0.00175352233185322
"20420",2005-11-27,0.000127855312598513
"20421",2005-11-28,6.65306326936843e-05
"20422",2005-11-29,3.16078628657124e-05
"20423",2005-11-30,2.29936995310709e-06
"20424",2005-12-01,0.0056038735428956
"20425",2005-12-02,0.000234168680435687
"20426",2005-12-03,0.00042440107154107
"20427",2005-12-04,0.00391100760316476
"20428",2005-12-05,0.00455905919079669
"20429",2005-12-06,0.00711133834556676
"20430",2005-12-07,0.00188735608116986
"20431",2005-12-08,0.00217573813813488
"20432",2005-12-09,7.07818213641076e-06
"20433",2005-12-10,0.00413936555895589
"20434",2005-12-11,4.49114327238931e-06
"20435",2005-12-12,0
"20436",2005-12-13,1.8098817236023e-06
"20437",2005-12-14,5.63715821044752e-06
"20438",2005-12-15,0.000288949215757839
"20439",2005-12-16,9.54306813127914e-07
"20440",2005-12-17,8.07597225502832e-05
"20441",2005-12-18,0.000144215604223064
"20442",2005-12-19,0.00466230088284192
"20443",2005-12-20,4.5061720470585e-06
"20444",2005-12-21,0.00350280566209449
"20445",2005-12-22,0.00012937214358999
"20446",2005-12-23,0.00190302199939651
"20447",2005-12-24,3.74314828945899e-05
"20448",2005-12-25,2.37518124777125e-05
"20449",2005-12-26,0.000172064068578948
"20450",2005-12-27,0.000245502976213174
"20451",2005-12-28,0.000672701560688438
"20452",2005-12-29,0.00801894736650866
"20453",2005-12-30,0.00156659265030612
"20454",2005-12-31,0.000545910801520222
"20455",2006-01-01,0.00102139027495696
"20456",2006-01-02,9.93983746866434e-06
"20457",2006-01-03,6.50201069447576e-05
"20458",2006-01-04,7.00428616937643e-05
"20459",2006-01-05,0.000218049180148228
"20460",2006-01-06,0.000400837565393886
"20461",2006-01-07,0.000138164719828637
"20462",2006-01-08,3.93132274894015e-05
"20463",2006-01-09,0.000400574686580057
"20464",2006-01-10,0.00691241625827388
"20465",2006-01-11,0.00991690310456761
"20466",2006-01-12,8.60482151665565e-06
"20467",2006-01-13,0.000363905875019555
"20468",2006-01-14,0.00109257620715653
"20469",2006-01-15,0.000133102401377982
"20470",2006-01-16,0.000933511169932899
"20471",2006-01-17,0.000439948752443797
"20472",2006-01-18,0.00044624219481193
"20473",2006-01-19,0.0050549978914205
"20474",2006-01-20,0.016026075463742
"20475",2006-01-21,0.00313702298353746
"20476",2006-01-22,0.000561163699160261
"20477",2006-01-23,0.00233658123761415
"20478",2006-01-24,0.00369282022893458
"20479",2006-01-25,0.00108835360424564
"20480",2006-01-26,0
"20481",2006-01-27,0
"20482",2006-01-28,0
"20483",2006-01-29,0
"20484",2006-01-30,0
"20485",2006-01-31,0
"20486",2006-02-01,1.53423189885871e-06
"20487",2006-02-02,8.60521606682596e-06
"20488",2006-02-03,0.000139899778275776
"20489",2006-02-04,0.00184282469450636
"20490",2006-02-05,0.00783759403566364
"20491",2006-02-06,0.0101747372738714
"20492",2006-02-07,0.000228524710905731
"20493",2006-02-08,0.0109607789781876
"20494",2006-02-09,0.00403655398986302
"20495",2006-02-10,7.15105124982074e-06
"20496",2006-02-11,0
"20497",2006-02-12,8.49755635954352e-05
"20498",2006-02-13,0.000148233410243392
"20499",2006-02-14,1.19344593372261e-05
"20500",2006-02-15,0.00237344894230773
"20501",2006-02-16,0.00577121665992308
"20502",2006-02-17,0.00135243422118947
"20503",2006-02-18,0.0013113910526954
"20504",2006-02-19,0.000729258315914194
"20505",2006-02-20,4.6238152776823e-05
"20506",2006-02-21,9.54939366692997e-07
"20507",2006-02-22,0.001068892603314
"20508",2006-02-23,0.00159087848896888
"20509",2006-02-24,2.09620486657514e-06
"20510",2006-02-25,1.81604701765536e-06
"20511",2006-02-26,0.00010439869856782
"20512",2006-02-27,0.000724648161849473
"20513",2006-02-28,0.0119676684553269
"20514",2006-03-01,0.00177812616584561
"20515",2006-03-02,0.00124644591414835
"20516",2006-03-03,0.000527629465977952
"20517",2006-03-04,9.90720430422698e-05
"20518",2006-03-05,9.1278599825273e-05
"20519",2006-03-06,6.90950450348282e-05
"20520",2006-03-07,2.21159970124063e-05
"20521",2006-03-08,0.000386046333005652
"20522",2006-03-09,0.000327162158669125
"20523",2006-03-10,2.87089583821398e-05
"20524",2006-03-11,4.22551979681884e-05
"20525",2006-03-12,2.298034667092e-05
"20526",2006-03-13,1.03996675875351e-05
"20527",2006-03-14,8.01991689058923e-05
"20528",2006-03-15,0.000413589955087446
"20529",2006-03-16,2.1463995551585e-05
"20530",2006-03-17,0
"20531",2006-03-18,3.83557846816984e-07
"20532",2006-03-19,0
"20533",2006-03-20,0.000417081008947662
"20534",2006-03-21,2.43967751885066e-05
"20535",2006-03-22,0.000708609361026902
"20536",2006-03-23,0.0015378993710442
"20537",2006-03-24,0.00295943608568905
"20538",2006-03-25,0
"20539",2006-03-26,0.00354049650906063
"20540",2006-03-27,0.00887720257924229
"20541",2006-03-28,0.00473688988131471
"20542",2006-03-29,0.00197230112735269
"20543",2006-03-30,0.00231863397476673
"20544",2006-03-31,0.00130495955522747
"20545",2006-04-01,0.00345500467687998
"20546",2006-04-02,0.00327798144644476
"20547",2006-04-03,0.00264034654628631
"20548",2006-04-04,0.000960795319656427
"20549",2006-04-05,0.0020324005108705
"20550",2006-04-06,0.00564437806468732
"20551",2006-04-07,0.00159067590266204
"20552",2006-04-08,0.00594772765998641
"20553",2006-04-09,0.00763359624551185
"20554",2006-04-10,4.27214254727915e-05
"20555",2006-04-11,0.00141947005380416
"20556",2006-04-12,0.00613593313573801
"20557",2006-04-13,0.00878166663460433
"20558",2006-04-14,0.00027459428201837
"20559",2006-04-15,9.58894474933913e-08
"20560",2006-04-16,0.00113519389202565
"20561",2006-04-17,0.000818917069466352
"20562",2006-04-18,0.00143564380636008
"20563",2006-04-19,0.00171964868331997
"20564",2006-04-20,0.00304939598959209
"20565",2006-04-21,0.000344041294738417
"20566",2006-04-22,0
"20567",2006-04-23,8.86039965735108e-05
"20568",2006-04-24,0.00615337057598708
"20569",2006-04-25,0.000352296105063488
"20570",2006-04-26,0.000687007234489556
"20571",2006-04-27,3.83557960503822e-07
"20572",2006-04-28,0.00138634235622703
"20573",2006-04-29,0.00251901760424289
"20574",2006-04-30,0.0128888907711371
"20575",2006-05-01,0.00324359572005051
"20576",2006-05-02,0.000834335721833668
"20577",2006-05-03,2.85770681784925e-07
"20578",2006-05-04,5.97093517171743e-05
"20579",2006-05-05,0
"20580",2006-05-06,0
"20581",2006-05-07,0
"20582",2006-05-08,0
"20583",2006-05-09,0
"20584",2006-05-10,0
"20585",2006-05-11,0
"20586",2006-05-12,0.00091823940778113
"20587",2006-05-13,0.000373353293980472
"20588",2006-05-14,0.000136316413318127
"20589",2006-05-15,0.000422965679149456
"20590",2006-05-16,0.000546202050088596
"20591",2006-05-17,0.0104189759440487
"20592",2006-05-18,0.014102122312579
"20593",2006-05-19,0.011629416836513
"20594",2006-05-20,0.00640083881444298
"20595",2006-05-21,0.0106811723569535
"20596",2006-05-22,0.00746374281294493
"20597",2006-05-23,0.0137500143804914
"20598",2006-05-24,0.00286496322314633
"20599",2006-05-25,0.0039775801216706
"20600",2006-05-26,0.00128666592490845
"20601",2006-05-27,0.00158246529946382
"20602",2006-05-28,0.0106272214079581
"20603",2006-05-29,0.00373142679103466
"20604",2006-05-30,0.00356159587681759
"20605",2006-05-31,0.000662855858422517
"20606",2006-06-01,0.000828271426144056
"20607",2006-06-02,2.65246140997988e-05
"20608",2006-06-03,9.71620642076232e-06
"20609",2006-06-04,9.17041481898195e-05
"20610",2006-06-05,0.000293484848100434
"20611",2006-06-06,2.57121610047761e-06
"20612",2006-06-07,4.29090158604595e-06
"20613",2006-06-08,0
"20614",2006-06-09,0
"20615",2006-06-10,1.53423178517187e-06
"20616",2006-06-11,0
"20617",2006-06-12,0
"20618",2006-06-13,0
"20619",2006-06-14,1.71414376382018e-06
"20620",2006-06-15,0
"20621",2006-06-16,1.43051147460938e-06
"20622",2006-06-17,4.19065764845072e-05
"20623",2006-06-18,6.31067918561712e-05
"20624",2006-06-19,0.00698372886466814
"20625",2006-06-20,0.00857276313126931
"20626",2006-06-21,0.00745460679218013
"20627",2006-06-22,0.0143582166783744
"20628",2006-06-23,0.00399926821955887
"20629",2006-06-24,0.00104364405683555
"20630",2006-06-25,0.00152435421728114
"20631",2006-06-26,0.0141339320821885
"20632",2006-06-27,0.0186823695112253
"20633",2006-06-28,0.00158575149544049
"20634",2006-06-29,2.57121632785129e-06
"20635",2006-06-30,3.47741261066403e-05
"20636",2006-07-01,3.18468848945486e-05
"20637",2006-07-02,0
"20638",2006-07-03,0
"20639",2006-07-04,0
"20640",2006-07-05,0
"20641",2006-07-06,8.37073682760092e-05
"20642",2006-07-07,9.62214397759453e-05
"20643",2006-07-08,5.1398707341832e-05
"20644",2006-07-09,0.0127149106074285
"20645",2006-07-10,0.00562139935067307
"20646",2006-07-11,0.00849720854785119
"20647",2006-07-12,1.90600297855781e-06
"20648",2006-07-13,0.00124287024863179
"20649",2006-07-14,0
"20650",2006-07-15,0
"20651",2006-07-16,0
"20652",2006-07-17,0.000112403184175491
"20653",2006-07-18,1.75237341863976e-05
"20654",2006-07-19,2.66908318735659e-06
"20655",2006-07-20,0
"20656",2006-07-21,0.00115737823398376
"20657",2006-07-22,0.00028446032803231
"20658",2006-07-23,0.000461579015279767
"20659",2006-07-24,0.000371260796271144
"20660",2006-07-25,0.00015098195825658
"20661",2006-07-26,0.000357897364779092
"20662",2006-07-27,0.000469073908107021
"20663",2006-07-28,0.000689546432113275
"20664",2006-07-29,0.00459083415449868
"20665",2006-07-30,0.00225365596895699
"20666",2006-07-31,0.0204169517710397
"20667",2006-08-01,0.000492053588288854
"20668",2006-08-02,0.00321758123078553
"20669",2006-08-03,0.000396680841731722
"20670",2006-08-04,0.000119804624546305
"20671",2006-08-05,0
"20672",2006-08-06,0
"20673",2006-08-07,0.000514541612972153
"20674",2006-08-08,0.00128579820881214
"20675",2006-08-09,0.00909447962021659
"20676",2006-08-10,0.00724046398318023
"20677",2006-08-11,0.00123436010795785
"20678",2006-08-12,0.00200636690874489
"20679",2006-08-13,0.00850220143911429
"20680",2006-08-14,0.0179863374630145
"20681",2006-08-15,0.00454783332349962
"20682",2006-08-16,0.00416821795079159
"20683",2006-08-17,0.000177457624147337
"20684",2006-08-18,4.09715255500487e-06
"20685",2006-08-19,0.0137572541070767
"20686",2006-08-20,0.0020047169236932
"20687",2006-08-21,0.00851711725408677
"20688",2006-08-22,0.00538011441039998
"20689",2006-08-23,0.000846348438756195
"20690",2006-08-24,0.0129635634511942
"20691",2006-08-25,0.00120790468645282
"20692",2006-08-26,0.00312114261851093
"20693",2006-08-27,0.00777074624772922
"20694",2006-08-28,0.00774207613721956
"20695",2006-08-29,0.00154076018105798
"20696",2006-08-30,0.000421021522299725
"20697",2006-08-31,0.000201527339413587
"20698",2006-09-01,0.00152887462104445
"20699",2006-09-02,0.00722182975550822
"20700",2006-09-03,0.0164517457897091
"20701",2006-09-04,7.22266529464832e-05
"20702",2006-09-05,0
"20703",2006-09-06,0.00498721413259773
"20704",2006-09-07,0.00522828139764897
"20705",2006-09-08,0
"20706",2006-09-09,0
"20707",2006-09-10,0
"20708",2006-09-11,3.53501923200383e-06
"20709",2006-09-12,3.15676152240485e-06
"20710",2006-09-13,4.76284697015217e-07
"20711",2006-09-14,1.90513787856617e-07
"20712",2006-09-15,6.66053978193304e-05
"20713",2006-09-16,3.97314447582175e-05
"20714",2006-09-17,8.11391141155582e-05
"20715",2006-09-18,0.00044732530238889
"20716",2006-09-19,0.00307753437732572
"20717",2006-09-20,0.000466861661152507
"20718",2006-09-21,0.000984742883701983
"20719",2006-09-22,9.52568939283083e-08
"20720",2006-09-23,0
"20721",2006-09-24,0.000538111856258183
"20722",2006-09-25,3.33351192693954e-06
"20723",2006-09-26,0.0031826858041768
"20724",2006-09-27,0.00506191457060368
"20725",2006-09-28,0.00380480207991241
"20726",2006-09-29,0.00351995943327665
"20727",2006-09-30,0.00998923473525792
"20728",2006-10-01,0.000773868510236753
"20729",2006-10-02,0.0184178768686252
"20730",2006-10-03,0.00615950743667781
"20731",2006-10-04,0.000949767285419512
"20732",2006-10-05,0.00185947990274826
"20733",2006-10-06,0.0143031120096566
"20734",2006-10-07,0.0199496016948615
"20735",2006-10-08,0
"20736",2006-10-09,0.00077884899133096
"20737",2006-10-10,0.00318143638440915
"20738",2006-10-11,0.000437977374986076
"20739",2006-10-12,1.88900071975695e-05
"20740",2006-10-13,6.10576302051413e-06
"20741",2006-10-14,4.74596210437994e-05
"20742",2006-10-15,8.79013235248749e-05
"20743",2006-10-16,0.000140818098770978
"20744",2006-10-17,0.000465908293335815
"20745",2006-10-18,0.00100768646279903
"20746",2006-10-19,0.000124096337117408
"20747",2006-10-20,0.00343154295438808
"20748",2006-10-21,0.00894007345777936
"20749",2006-10-22,0.0158499225217383
"20750",2006-10-23,0.0095597928020652
"20751",2006-10-24,0.000553521185508998
"20752",2006-10-25,0.000491949539707548
"20753",2006-10-26,0.0238958802656271
"20754",2006-10-27,0.00595031925109879
"20755",2006-10-28,0.00585883981239022
"20756",2006-10-29,0.000172119595902132
"20757",2006-10-30,0.00882715695809111
"20758",2006-10-31,0.0202057755814167
"20759",2006-11-01,0.000765376245453808
"20760",2006-11-02,1.27533012914682e-05
"20761",2006-11-03,0
"20762",2006-11-04,0.00130280537911176
"20763",2006-11-05,1.88623994858972e-05
"20764",2006-11-06,0
"20765",2006-11-07,0
"20766",2006-11-08,0.000912966220312228
"20767",2006-11-09,2.40174802570436e-05
"20768",2006-11-10,0.00308995548340363
"20769",2006-11-11,0.0106242566901642
"20770",2006-11-12,6.41676422219462e-06
"20771",2006-11-13,0.00880702598146854
"20772",2006-11-14,0.000281306718704855
"20773",2006-11-15,0.00108703018986489
"20774",2006-11-16,0.0158878137008287
"20775",2006-11-17,0.00498707234925178
"20776",2006-11-18,0.00599257057569957
"20777",2006-11-19,0.0098948945014854
"20778",2006-11-20,0.0127852612131392
"20779",2006-11-21,0.020805110107176
"20780",2006-11-22,0.00450301702949218
"20781",2006-11-23,0.00811587624866661
"20782",2006-11-24,0.00567741021131951
"20783",2006-11-25,0.0133401005368796
"20784",2006-11-26,0.00879307606464863
"20785",2006-11-27,0.000324781375297789
"20786",2006-11-28,0.00168200901595128
"20787",2006-11-29,0.00363998171854973
"20788",2006-11-30,0.00107532084894046
"20789",2006-12-01,0.00147571455823936
"20790",2006-12-02,0.00769095035207101
"20791",2006-12-03,0.00928048820696858
"20792",2006-12-04,0.00735343199630734
"20793",2006-12-05,0.0179402458452387
"20794",2006-12-06,0.00706647150127537
"20795",2006-12-07,0.0182382999669244
"20796",2006-12-08,0.0149196895799832
"20797",2006-12-09,0.00603976391761307
"20798",2006-12-10,0.000777758132585404
"20799",2006-12-11,0.0172361309715257
"20800",2006-12-12,0.00832519507167717
"20801",2006-12-13,0.00527413599417059
"20802",2006-12-14,0.00511520876841587
"20803",2006-12-15,1.68677661349648e-05
"20804",2006-12-16,4.78374766998968e-05
"20805",2006-12-17,0.00128058789505303
"20806",2006-12-18,4.20689402744756e-05
"20807",2006-12-19,2.19239755097078e-05
"20808",2006-12-20,0
"20809",2006-12-21,9.44386965784361e-06
"20810",2006-12-22,0
"20811",2006-12-23,9.58894474933913e-08
"20812",2006-12-24,0
"20813",2006-12-25,9.02710635273252e-05
"20814",2006-12-26,5.06323794979835e-06
"20815",2006-12-27,0
"20816",2006-12-28,0
"20817",2006-12-29,0.000218187204552578
"20818",2006-12-30,0.017749504989979
"20819",2006-12-31,0.000620265546615428
"20820",2007-01-01,0.0135902040674409
"20821",2007-01-02,9.58894474933913e-08
"20822",2007-01-03,0.00237103460767685
"20823",2007-01-04,0.00784535638581474
"20824",2007-01-05,0.00232413011553945
"20825",2007-01-06,6.67290105980101e-05
"20826",2007-01-07,0.00486529393253932
"20827",2007-01-08,0.00711634659091942
"20828",2007-01-09,0.00987014177326273
"20829",2007-01-10,0.00714131468430423
"20830",2007-01-11,0.00776236954874321
"20831",2007-01-12,0.0079273956337147
"20832",2007-01-13,0.00324621090658184
"20833",2007-01-14,0.00740251030953232
"20834",2007-01-15,0.00309335284418921
"20835",2007-01-16,0.000777546782046556
"20836",2007-01-17,0.00993949732145438
"20837",2007-01-18,0.000950830380759271
"20838",2007-01-19,0
"20839",2007-01-20,0.0132109949256005
"20840",2007-01-21,0.00288861664921569
"20841",2007-01-22,3.47679452943339e-05
"20842",2007-01-23,0.000119427542188077
"20843",2007-01-24,1.52579222572058e-05
"20844",2007-01-25,0.000114713487164408
"20845",2007-01-26,0.000581150425659871
"20846",2007-01-27,1.62027930628028e-05
"20847",2007-01-28,0.00229126378883393
"20848",2007-01-29,5.75228413026707e-05
"20849",2007-01-30,2.00260546989739e-06
"20850",2007-01-31,0.00427053997486837
"20851",2007-02-01,5.71381406189175e-07
"20852",2007-02-02,0.000491218226727597
"20853",2007-02-03,0
"20854",2007-02-04,0
"20855",2007-02-05,0.000186113869744986
"20856",2007-02-06,0.000631593132311536
"20857",2007-02-07,0.000558851545065409
"20858",2007-02-08,0.000343045670831543
"20859",2007-02-09,1.40194303526187e-05
"20860",2007-02-10,7.34037968186385e-06
"20861",2007-02-11,3.24149772268356e-06
"20862",2007-02-12,0.00187584389459516
"20863",2007-02-13,0.00148891503431514
"20864",2007-02-14,0.00110651626528124
"20865",2007-02-15,0.000139823939775852
"20866",2007-02-16,0.000310251542941842
"20867",2007-02-17,0.000385052027922939
"20868",2007-02-18,4.93975425115423e-05
"20869",2007-02-19,0.000404609203144446
"20870",2007-02-20,0.000989811579017896
"20871",2007-02-21,0.00571035055327229
"20872",2007-02-22,0.002263312143441
"20873",2007-02-23,0.00263944084781542
"20874",2007-02-24,0.00461194138915744
"20875",2007-02-25,0.00978566058620345
"20876",2007-02-26,0.00476009782869369
"20877",2007-02-27,0.00117167845382937
"20878",2007-02-28,0.00596405710530235
"20879",2007-03-01,0.000995156238786876
"20880",2007-03-02,0.00028608635807359
"20881",2007-03-03,0.000615842967818025
"20882",2007-03-04,0.000267896305501836
"20883",2007-03-05,0.00459887485345689
"20884",2007-03-06,0.0098371708754712
"20885",2007-03-07,0.00390220786721329
"20886",2007-03-08,0.00193010247477332
"20887",2007-03-09,0.00230562777920795
"20888",2007-03-10,0.0010681564508559
"20889",2007-03-11,3.25228465953842e-05
"20890",2007-03-12,1.64407924785337e-05
"20891",2007-03-13,4.76837158203125e-07
"20892",2007-03-14,3.6519771924759e-05
"20893",2007-03-15,3.17174603878811e-05
"20894",2007-03-16,0.00369470181976794
"20895",2007-03-17,0.000483581302432867
"20896",2007-03-18,0.0142257852658076
"20897",2007-03-19,0.000238097848978214
"20898",2007-03-20,0.000297622985442558
"20899",2007-03-21,0
"20900",2007-03-22,2.23000979531207e-05
"20901",2007-03-23,0.00422011409841616
"20902",2007-03-24,0.00206121534000658
"20903",2007-03-25,9.58894474933913e-08
"20904",2007-03-26,0
"20905",2007-03-27,0
"20906",2007-03-28,0
"20907",2007-03-29,1.12419419338039e-05
"20908",2007-03-30,0
"20909",2007-03-31,0
"20910",2007-04-01,0
"20911",2007-04-02,1.05415165307932e-06
"20912",2007-04-03,2.87075090454891e-06
"20913",2007-04-04,0
"20914",2007-04-05,0
"20915",2007-04-06,0
"20916",2007-04-07,0.000186706425665761
"20917",2007-04-08,0.00761070006768705
"20918",2007-04-09,0.000986522184177829
"20919",2007-04-10,0.00152386084664613
"20920",2007-04-11,0
"20921",2007-04-12,0
"20922",2007-04-13,0
"20923",2007-04-14,0
"20924",2007-04-15,0
"20925",2007-04-16,0
"20926",2007-04-17,0.000219708785948569
"20927",2007-04-18,9.18736770358919e-05
"20928",2007-04-19,0.00562997007091326
"20929",2007-04-20,0.000157819900778122
"20930",2007-04-21,0
"20931",2007-04-22,0.00897653469218085
"20932",2007-04-23,0.000370826861001206
"20933",2007-04-24,0.000427675144919704
"20934",2007-04-25,0.000511948245332405
"20935",2007-04-26,7.66483140068885e-07
"20936",2007-04-27,9.58894474933913e-08
"20937",2007-04-28,0
"20938",2007-04-29,0
"20939",2007-04-30,5.7138136071444e-06
"20940",2007-05-01,0
"20941",2007-05-02,0
"20942",2007-05-03,0
"20943",2007-05-04,1.37131537485402e-05
"20944",2007-05-05,4.55222060509186e-05
"20945",2007-05-06,0.00615505354102197
"20946",2007-05-07,0.00125995837697701
"20947",2007-05-08,0.00169331224225289
"20948",2007-05-09,0.000202720670017698
"20949",2007-05-10,0.000522227685564758
"20950",2007-05-11,0.00852854938420933
"20951",2007-05-12,0.000755046886638411
"20952",2007-05-13,0.00823986929748344
"20953",2007-05-14,0.0140670454857172
"20954",2007-05-15,0.000129177553731097
"20955",2007-05-16,1.23833979159826e-06
"20956",2007-05-17,0.000605787416816383
"20957",2007-05-18,0.0038192195822262
"20958",2007-05-19,0.00659648904638743
"20959",2007-05-20,0.0010638928117146
"20960",2007-05-21,0.00218103590577812
"20961",2007-05-22,0.000564283799803889
"20962",2007-05-23,3.05430648950278e-06
"20963",2007-05-24,0.000218572314281573
"20964",2007-05-25,0.00537319302372907
"20965",2007-05-26,0
"20966",2007-05-27,0.00545335192782659
"20967",2007-05-28,0.0110960646932767
"20968",2007-05-29,0.000178080776038314
"20969",2007-05-30,0.00452180673710245
"20970",2007-05-31,0.00122846359863615
"20971",2007-06-01,0.0131883423018735
"20972",2007-06-02,0.00401246202363836
"20973",2007-06-03,0
"20974",2007-06-04,7.42795782571193e-06
"20975",2007-06-05,0.000483472313703714
"20976",2007-06-06,2.8569068035722e-06
"20977",2007-06-07,0
"20978",2007-06-08,0
"20979",2007-06-09,0
"20980",2007-06-10,0
"20981",2007-06-11,3.05153599811092e-06
"20982",2007-06-12,9.5367431640625e-07
"20983",2007-06-13,8.28503016236937e-06
"20984",2007-06-14,0.000351486486295016
"20985",2007-06-15,0
"20986",2007-06-16,0.0019425227151828
"20987",2007-06-17,0.00979745120821462
"20988",2007-06-18,0.00033052653679988
"20989",2007-06-19,0.000113447497312791
"20990",2007-06-20,0
"20991",2007-06-21,0.00188625803133391
"20992",2007-06-22,0.0269876420315995
"20993",2007-06-23,0.0101547432424809
"20994",2007-06-24,0.000157457219700063
"20995",2007-06-25,0.000254601328379067
"20996",2007-06-26,0.0193868127498718
"20997",2007-06-27,0.00468439614905947
"20998",2007-06-28,0.000293799829023556
"20999",2007-06-29,0.00136691449074533
"21000",2007-06-30,0.0115300961770117
"21001",2007-07-01,0.00237411316192038
"21002",2007-07-02,0.00631509314592904
"21003",2007-07-03,0.0258002197369933
"21004",2007-07-04,0.0130056416346633
"21005",2007-07-05,0.00375252062008258
"21006",2007-07-06,0.00451191543646701
"21007",2007-07-07,0.00429977820016347
"21008",2007-07-08,0.010288820383721
"21009",2007-07-09,0.0107554721416818
"21010",2007-07-10,0.00265105086327821
"21011",2007-07-11,0.0115681992501777
"21012",2007-07-12,0.00496253966639415
"21013",2007-07-13,0.000155683013190355
"21014",2007-07-14,0.007518460953861
"21015",2007-07-15,0.000175338356029897
"21016",2007-07-16,0.000137676717713475
"21017",2007-07-17,0.0158791335343835
"21018",2007-07-18,0.00153856539509434
"21019",2007-07-19,0.00134415397224075
"21020",2007-07-20,0.00315361371576728
"21021",2007-07-21,0.000410345277487068
"21022",2007-07-22,0.00325775782221172
"21023",2007-07-23,0.0066432902813176
"21024",2007-07-24,0.0081556810218899
"21025",2007-07-25,0.00330831801056775
"21026",2007-07-26,0.00273914515491924
"21027",2007-07-27,0.0210471121309865
"21028",2007-07-28,0.00234843895941594
"21029",2007-07-29,0.000175948988044183
"21030",2007-07-30,0.00055222218088602
"21031",2007-07-31,7.93103781688842e-05
"21032",2007-08-01,2.67031900875736e-05
"21033",2007-08-02,0.00132814068905418
"21034",2007-08-03,0.000390968057445207
"21035",2007-08-04,0.000147772689103931
"21036",2007-08-05,0.000272226146080357
"21037",2007-08-06,0.000723650577242552
"21038",2007-08-07,0
"21039",2007-08-08,0.00769870435033226
"21040",2007-08-09,0.000457337752607145
"21041",2007-08-10,0.0182189624174498
"21042",2007-08-11,0.00778762287518475
"21043",2007-08-12,0.00440626083673124
"21044",2007-08-13,0.00152124476079507
"21045",2007-08-14,0.000761512660517383
"21046",2007-08-15,0.023733517540677
"21047",2007-08-16,0.00736199807954563
"21048",2007-08-17,0.00136948129380698
"21049",2007-08-18,0.000169754129274224
"21050",2007-08-19,0.00107584408038974
"21051",2007-08-20,0.000581465043865137
"21052",2007-08-21,4.35661831375e-05
"21053",2007-08-22,0
"21054",2007-08-23,0.000362519317206988
"21055",2007-08-24,0
"21056",2007-08-25,8.57072109283763e-07
"21057",2007-08-26,9.50055633097691e-05
"21058",2007-08-27,0.000748627206917263
"21059",2007-08-28,2.67162187128633e-06
"21060",2007-08-29,0.000137930793130181
"21061",2007-08-30,2.48427113547223e-06
"21062",2007-08-31,0.00240201347861557
"21063",2007-09-01,0.00153911582674482
"21064",2007-09-02,0.000250406233135436
"21065",2007-09-03,0.000117930286762657
"21066",2007-09-04,0.000637862165035585
"21067",2007-09-05,0.000203210305301127
"21068",2007-09-06,3.620067218435e-06
"21069",2007-09-07,0
"21070",2007-09-08,0.000263901603545946
"21071",2007-09-09,0.00108427697887237
"21072",2007-09-10,0.0134661211695857
"21073",2007-09-11,7.25240147403383e-06
"21074",2007-09-12,0
"21075",2007-09-13,1.99870187316264e-05
"21076",2007-09-14,0.00652135934615217
"21077",2007-09-15,0
"21078",2007-09-16,0.00964336252803832
"21079",2007-09-17,0.00282530243629253
"21080",2007-09-18,0.000154528808536725
"21081",2007-09-19,0.00507944732339638
"21082",2007-09-20,0.00200922575533014
"21083",2007-09-21,0.00375933270242967
"21084",2007-09-22,0.000159331389454564
"21085",2007-09-23,0.00145768515398004
"21086",2007-09-24,0.00408371883804648
"21087",2007-09-25,0.00420697911704337
"21088",2007-09-26,0.00143223882992061
"21089",2007-09-27,0.000317201869620476
"21090",2007-09-28,8.98284025652174e-06
"21091",2007-09-29,0.0128961195350712
"21092",2007-09-30,0.0117744453746127
"21093",2007-10-01,0.000451564146487726
"21094",2007-10-02,1.74950902760429e-05
"21095",2007-10-03,2.37267317970691e-05
"21096",2007-10-04,0.000183663408165557
"21097",2007-10-05,9.58894474933913e-08
"21098",2007-10-06,2.85770738628344e-07
"21099",2007-10-07,8.68556759883177e-05
"21100",2007-10-08,0
"21101",2007-10-09,0
"21102",2007-10-10,2.1983398141856e-06
"21103",2007-10-11,0.00630200234974154
"21104",2007-10-12,2.59270452147575e-05
"21105",2007-10-13,0.000214709955059789
"21106",2007-10-14,0.00253832028647594
"21107",2007-10-15,0.000535389570359257
"21108",2007-10-16,0.00323807970926282
"21109",2007-10-17,3.14259705191944e-06
"21110",2007-10-18,1.53423189885871e-06
"21111",2007-10-19,0
"21112",2007-10-20,0
"21113",2007-10-21,0.00199380886260769
"21114",2007-10-22,0.00087051544011274
"21115",2007-10-23,5.36016182195453e-06
"21116",2007-10-24,0
"21117",2007-10-25,1.33454176420855e-06
"21118",2007-10-26,0.000110290026611892
"21119",2007-10-27,0.000992002362181665
"21120",2007-10-28,0.0125909416674403
"21121",2007-10-29,0.00331587282965984
"21122",2007-10-30,7.67115977851063e-07
"21123",2007-10-31,0.000258904600741516
"21124",2007-11-01,0.000128769770412873
"21125",2007-11-02,0.00107630343791243
"21126",2007-11-03,0.00135317982420702
"21127",2007-11-04,0
"21128",2007-11-05,0.00970808906498632
"21129",2007-11-06,0.000214040985156316
"21130",2007-11-07,0.000525940959050786
"21131",2007-11-08,0.00613923918086812
"21132",2007-11-09,0.00212002568599701
"21133",2007-11-10,0
"21134",2007-11-11,0.000174030248672352
"21135",2007-11-12,0
"21136",2007-11-13,0.000443738236640456
"21137",2007-11-14,0.000114181022695448
"21138",2007-11-15,0
"21139",2007-11-16,0
"21140",2007-11-17,2.57928763858217e-06
"21141",2007-11-18,0.000223582937906031
"21142",2007-11-19,0.000403748885219102
"21143",2007-11-20,0.000721576003343216
"21144",2007-11-21,0.00198777873447398
"21145",2007-11-22,0.00615742043009959
"21146",2007-11-23,0.00631995713274591
"21147",2007-11-24,0.00730280309267073
"21148",2007-11-25,0.000324320637844266
"21149",2007-11-26,0.000364941776638261
"21150",2007-11-27,0
"21151",2007-11-28,0.00618272223982785
"21152",2007-11-29,0.0112984283331343
"21153",2007-11-30,0.00270057438865479
"21154",2007-12-01,0.0179329405564204
"21155",2007-12-02,0.00465251699318969
"21156",2007-12-03,0.000838606778415851
"21157",2007-12-04,0.000165980969541124
"21158",2007-12-05,0.0156821590062464
"21159",2007-12-06,0.00243470824477754
"21160",2007-12-07,0.00530861318094367
"21161",2007-12-08,0.0004812164962118
"21162",2007-12-09,0.00107325660042079
"21163",2007-12-10,0.00156650833014282
"21164",2007-12-11,2.4332154964668e-05
"21165",2007-12-12,1.81227323992061e-05
"21166",2007-12-13,3.52081572714269e-05
"21167",2007-12-14,1.97663762833145e-05
"21168",2007-12-15,7.90044474001661e-05
"21169",2007-12-16,6.4878955754466e-06
"21170",2007-12-17,1.85945092994189e-05
"21171",2007-12-18,6.67270910525986e-07
"21172",2007-12-19,1.71556951045204e-06
"21173",2007-12-20,2.58173120641914e-05
"21174",2007-12-21,8.9017712639361e-05
"21175",2007-12-22,0.000801201931608375
"21176",2007-12-23,0.00157513428098355
"21177",2007-12-24,0.00285378835752681
"21178",2007-12-25,0.0153968727893243
"21179",2007-12-26,0.00336317706114642
"21180",2007-12-27,0.00549937949290324
"21181",2007-12-28,0.00867730347016504
"21182",2007-12-29,0.0142606954737516
"21183",2007-12-30,0.000292799886608464
"21184",2007-12-31,1.00107281468809e-05
"21185",2008-01-01,0.000311031052888211
"21186",2008-01-02,0.000352716580891865
"21187",2008-01-03,0.000871645746883587
"21188",2008-01-04,0.000197080546968209
"21189",2008-01-05,0.00846318081312347
"21190",2008-01-06,0.00806583321991639
"21191",2008-01-07,0.00331671913863829
"21192",2008-01-08,0.000999495357405067
"21193",2008-01-09,0.0093995046356099
"21194",2008-01-10,0.0133954202283348
"21195",2008-01-11,0.00192402255032675
"21196",2008-01-12,0.0154020287811818
"21197",2008-01-13,0.00511941089501988
"21198",2008-01-14,0.00278417457019486
"21199",2008-01-15,0.0131239372858545
"21200",2008-01-16,0.0201948477770202
"21201",2008-01-17,0.000433388630881382
"21202",2008-01-18,0.00824357091642014
"21203",2008-01-19,0.00337414789828472
"21204",2008-01-20,3.74754159793156e-05
"21205",2008-01-21,2.71641218887453e-05
"21206",2008-01-22,0
"21207",2008-01-23,0.00329270102389501
"21208",2008-01-24,0.00236751659679157
"21209",2008-01-25,0.00164688376338518
"21210",2008-01-26,0.0023380386255667
"21211",2008-01-27,0.000260365802091655
"21212",2008-01-28,1.46135388945368e-05
"21213",2008-01-29,0.00103448317003085
"21214",2008-01-30,0.00956861377278528
"21215",2008-01-31,0.0145182080814834
"21216",2008-02-01,0.0137206366925966
"21217",2008-02-02,0.0042711580069863
"21218",2008-02-03,0.0125848574543852
"21219",2008-02-04,0.000197266125837814
"21220",2008-02-05,0.0063200527583831
"21221",2008-02-06,0.00882351674954407
"21222",2008-02-07,0.000815511835071447
"21223",2008-02-08,0.000592343634195913
"21224",2008-02-09,0.000101379902616827
"21225",2008-02-10,5.56195762442258e-05
"21226",2008-02-11,3.83566029995563e-05
"21227",2008-02-12,0.000203622912522405
"21228",2008-02-13,3.82925406938739e-07
"21229",2008-02-14,0
"21230",2008-02-15,0
"21231",2008-02-16,2.63461282088429e-05
"21232",2008-02-17,9.72234693108476e-06
"21233",2008-02-18,0
"21234",2008-02-19,1.93169163935636e-05
"21235",2008-02-20,0.00190293214137682
"21236",2008-02-21,0.00282316347875167
"21237",2008-02-22,0.00921335000214185
"21238",2008-02-23,0.000134179604174278
"21239",2008-02-24,0.000331190190649977
"21240",2008-02-25,0.000419301993815679
"21241",2008-02-26,0.00867923473549581
"21242",2008-02-27,0.00185829747351818
"21243",2008-02-28,0.000857571875712893
"21244",2008-02-29,0.00405682961161347
"21245",2008-03-01,0.00895689435856184
"21246",2008-03-02,0.000315792641458756
"21247",2008-03-03,0.000112987044758484
"21248",2008-03-04,0.000186065565685567
"21249",2008-03-05,0.00565950545569649
"21250",2008-03-06,0.000331816555444675
"21251",2008-03-07,0.00348214602854569
"21252",2008-03-08,0.00705151224974543
"21253",2008-03-09,0.0101123376025498
"21254",2008-03-10,0.0091430650785469
"21255",2008-03-11,0.00631997383243288
"21256",2008-03-12,0.00449449877760344
"21257",2008-03-13,0.0017354586771603
"21258",2008-03-14,0.00241141146756263
"21259",2008-03-15,3.02324245922136e-05
"21260",2008-03-16,0.000895356352884846
"21261",2008-03-17,0.000976173791968904
"21262",2008-03-18,0.00021090759770459
"21263",2008-03-19,9.27079469761338e-05
"21264",2008-03-20,0.0023655432505052
"21265",2008-03-21,0.0076487558953886
"21266",2008-03-22,0.000293458802730129
"21267",2008-03-23,2.21246122009688e-05
"21268",2008-03-24,0.0020063979071665
"21269",2008-03-25,0.00306032438766124
"21270",2008-03-26,0.00057574819771844
"21271",2008-03-27,0
"21272",2008-03-28,0.00187704023528568
"21273",2008-03-29,0.00448328983566171
"21274",2008-03-30,0.00963999250296865
"21275",2008-03-31,0.00238330719696478
"21276",2008-04-01,0.000144903218711079
"21277",2008-04-02,0.00965245979023166
"21278",2008-04-03,0.000680360262720114
"21279",2008-04-04,0.000756571443389475
"21280",2008-04-05,0.00164650386875564
"21281",2008-04-06,0.008377360311556
"21282",2008-04-07,0.00921792035205726
"21283",2008-04-08,0
"21284",2008-04-09,0.00272061505700094
"21285",2008-04-10,0.00100454113174919
"21286",2008-04-11,0.0007957831031149
"21287",2008-04-12,0.00744233093598723
"21288",2008-04-13,0.00188445509866142
"21289",2008-04-14,0.00230559729686775
"21290",2008-04-15,0.000796703566152246
"21291",2008-04-16,0.000637456771869438
"21292",2008-04-17,0
"21293",2008-04-18,0
"21294",2008-04-19,0
"21295",2008-04-20,0
"21296",2008-04-21,0
"21297",2008-04-22,4.43897342847777e-05
"21298",2008-04-23,0
"21299",2008-04-24,0
"21300",2008-04-25,0.0014327846279798
"21301",2008-04-26,0.000611267298438634
"21302",2008-04-27,0.00230031376395345
"21303",2008-04-28,0.00038405703440958
"21304",2008-04-29,7.01815404795525e-05
"21305",2008-04-30,0.000770953315395673
"21306",2008-05-01,0.0108469357255672
"21307",2008-05-02,0.00165025297519605
"21308",2008-05-03,1.84949129788947e-05
"21309",2008-05-04,6.13922723573523e-05
"21310",2008-05-05,0
"21311",2008-05-06,0
"21312",2008-05-07,0
"21313",2008-05-08,0
"21314",2008-05-09,0
"21315",2008-05-10,0
"21316",2008-05-11,0
"21317",2008-05-12,0
"21318",2008-05-13,3.91396215491113e-05
"21319",2008-05-14,9.67068044701591e-05
"21320",2008-05-15,0.00209368557807466
"21321",2008-05-16,0.00123682169549966
"21322",2008-05-17,0.000609553794333806
"21323",2008-05-18,0.000670527946056154
"21324",2008-05-19,0.00275884440361551
"21325",2008-05-20,0.000918078142376544
"21326",2008-05-21,0.000422216258812114
"21327",2008-05-22,0.000132191887189492
"21328",2008-05-23,5.12063134578966e-05
"21329",2008-05-24,0.000504205391735013
"21330",2008-05-25,3.72456092350149e-05
"21331",2008-05-26,0.000126946020259311
"21332",2008-05-27,0
"21333",2008-05-28,0
"21334",2008-05-29,0.000346910921507515
"21335",2008-05-30,0
"21336",2008-05-31,0
"21337",2008-06-01,0
"21338",2008-06-02,0
"21339",2008-06-03,0
"21340",2008-06-04,0
"21341",2008-06-05,0
"21342",2008-06-06,0
"21343",2008-06-07,0.00010165324783884
"21344",2008-06-08,0
"21345",2008-06-09,0
"21346",2008-06-10,8.86074276422733e-05
"21347",2008-06-11,0.00034662384564399
"21348",2008-06-12,0.000193936939240302
"21349",2008-06-13,0.00373372221082491
"21350",2008-06-14,0.00138976583821204
"21351",2008-06-15,0.00359170369847561
"21352",2008-06-16,0.00763399424050704
"21353",2008-06-17,0.00123043115866039
"21354",2008-06-18,0.00847679628947162
"21355",2008-06-19,0.0141844335075803
"21356",2008-06-20,0.00563846809382085
"21357",2008-06-21,0.000544086894649354
"21358",2008-06-22,0.0109419775170068
"21359",2008-06-23,0.00748398546875251
"21360",2008-06-24,0.00748333368665044
"21361",2008-06-25,0.000341002691357062
"21362",2008-06-26,0.000457119503153081
"21363",2008-06-27,0.00826909853509505
"21364",2008-06-28,1.58126516112134e-05
"21365",2008-06-29,0.000523107080994123
"21366",2008-06-30,0.00214452922318742
"21367",2008-07-01,0
"21368",2008-07-02,0
"21369",2008-07-03,0
"21370",2008-07-04,8.53022165756556e-05
"21371",2008-07-05,0.0030279731599876
"21372",2008-07-06,0.0160342914023204
"21373",2008-07-07,0.00161975662382474
"21374",2008-07-08,0.000723225109197756
"21375",2008-07-09,5.55485398763267e-05
"21376",2008-07-10,3.15470142027152e-05
"21377",2008-07-11,0.00206844880722201
"21378",2008-07-12,0.00763591780560091
"21379",2008-07-13,0.00561300621666305
"21380",2008-07-14,8.56760897818276e-05
"21381",2008-07-15,0.00166374319292117
"21382",2008-07-16,0.0011019840857216
"21383",2008-07-17,3.88773614758975e-05
"21384",2008-07-18,0.000275911547760188
"21385",2008-07-19,0.012109687502516
"21386",2008-07-20,0.0130481661544763
"21387",2008-07-21,0.000914203972058658
"21388",2008-07-22,5.02815603340423e-05
"21389",2008-07-23,0
"21390",2008-07-24,7.63160414862796e-07
"21391",2008-07-25,0
"21392",2008-07-26,0
"21393",2008-07-27,0
"21394",2008-07-28,0
"21395",2008-07-29,0.000630339842928151
"21396",2008-07-30,0.000389843249877231
"21397",2008-07-31,0
"21398",2008-08-01,0
"21399",2008-08-02,0.00193517576190061
"21400",2008-08-03,0.00602576178886238
"21401",2008-08-04,0.016404845314355
"21402",2008-08-05,0.00552328434469018
"21403",2008-08-06,0.00459340085365056
"21404",2008-08-07,0.0116288025747053
"21405",2008-08-08,0.0109196995035745
"21406",2008-08-09,0.00375887528406338
"21407",2008-08-10,0.00726495012628448
"21408",2008-08-11,0.00909632051076414
"21409",2008-08-12,0.00855131138865772
"21410",2008-08-13,0.0206087763508549
"21411",2008-08-14,0.00852778280750499
"21412",2008-08-15,0.000364099597504719
"21413",2008-08-16,4.84106349745161e-05
"21414",2008-08-17,3.69006471601097e-05
"21415",2008-08-18,1.70619512687153e-05
"21416",2008-08-19,0.00650052709039528
"21417",2008-08-20,0.0156379202817334
"21418",2008-08-21,0.00509177217554679
"21419",2008-08-22,0.00038949855456849
"21420",2008-08-23,0.000359771307444134
"21421",2008-08-24,0.000244410590312327
"21422",2008-08-25,0.000291354160253832
"21423",2008-08-26,0.00295449050554453
"21424",2008-08-27,0.0075536141201269
"21425",2008-08-28,5.71381406189175e-07
"21426",2008-08-29,0
"21427",2008-08-30,0
"21428",2008-08-31,3.14631334390469e-05
"21429",2008-09-01,0.00473929234613024
"21430",2008-09-02,0.00685789671621251
"21431",2008-09-03,0.0105401484615868
"21432",2008-09-04,0.0126796426920919
"21433",2008-09-05,0.00414729484367626
"21434",2008-09-06,0.0105882136678588
"21435",2008-09-07,0.0056731303531592
"21436",2008-09-08,0.00484641872770908
"21437",2008-09-09,0.00101594713140685
"21438",2008-09-10,0.00632198193329714
"21439",2008-09-11,0.000481756831504754
"21440",2008-09-12,0.000395602879962098
"21441",2008-09-13,3.83557903660403e-07
"21442",2008-09-14,4.87587153088498e-05
"21443",2008-09-15,0.000512588244077961
"21444",2008-09-16,0.000402551795048112
"21445",2008-09-17,0.000380028363451856
"21446",2008-09-18,0.000599235548008892
"21447",2008-09-19,0.00427033502563745
"21448",2008-09-20,7.43477215792154e-06
"21449",2008-09-21,1.48626033364962e-05
"21450",2008-09-22,6.57824415384312e-06
"21451",2008-09-23,9.58894474933913e-08
"21452",2008-09-24,1.91778951830202e-07
"21453",2008-09-25,9.58894474933913e-08
"21454",2008-09-26,3.9092410588637e-06
"21455",2008-09-27,1.91732409575707e-05
"21456",2008-09-28,2.30134719458874e-06
"21457",2008-09-29,3.83088083708572e-05
"21458",2008-09-30,0.00808758323546499
"21459",2008-10-01,0.00574706408679049
"21460",2008-10-02,0.000266976639522909
"21461",2008-10-03,0.0126354504409392
"21462",2008-10-04,0.00507352972363151
"21463",2008-10-05,0.0142222326150545
"21464",2008-10-06,0
"21465",2008-10-07,4.34103048974066e-05
"21466",2008-10-08,0.00789366834305838
"21467",2008-10-09,0.00054706521495973
"21468",2008-10-10,0.00443743915298
"21469",2008-10-11,0.00146277969270159
"21470",2008-10-12,0
"21471",2008-10-13,0.00147106561973942
"21472",2008-10-14,2.85690703094588e-07
"21473",2008-10-15,0.00539075461892935
"21474",2008-10-16,0.000426521947360925
"21475",2008-10-17,0
"21476",2008-10-18,0.00557750394273171
"21477",2008-10-19,0.000357071423536581
"21478",2008-10-20,0.00984416280698497
"21479",2008-10-21,0.00714860393685512
"21480",2008-10-22,0.00248281057957911
"21481",2008-10-23,0.00326382256116631
"21482",2008-10-24,0.00471724707193744
"21483",2008-10-25,0.00910010206501966
"21484",2008-10-26,0.0153437915514587
"21485",2008-10-27,0.00369853191114089
"21486",2008-10-28,0.00103935430155389
"21487",2008-10-29,0.00458296532423219
"21488",2008-10-30,0.00233241099431325
"21489",2008-10-31,0.000596088056681765
"21490",2008-11-01,2.28495764531544e-05
"21491",2008-11-02,0
"21492",2008-11-03,6.68616053189908e-07
"21493",2008-11-04,7.75910966694937e-05
"21494",2008-11-05,0.000117153633027556
"21495",2008-11-06,1.11155878812497e-05
"21496",2008-11-07,0.00858839676459411
"21497",2008-11-08,0.000761394861910958
"21498",2008-11-09,0.00989054447563831
"21499",2008-11-10,0.0166277348325821
"21500",2008-11-11,0.0077981410358916
"21501",2008-11-12,0.00268586869344745
"21502",2008-11-13,4.55813132020921e-05
"21503",2008-11-14,0.00953696196597775
"21504",2008-11-15,0.000166396497434107
"21505",2008-11-16,0.000271787815393054
"21506",2008-11-17,0.000135203935315076
"21507",2008-11-18,0.0130168330651941
"21508",2008-11-19,6.86566879721795e-05
"21509",2008-11-20,4.43968365289038e-05
"21510",2008-11-21,9.5180209711998e-05
"21511",2008-11-22,7.76145399186134e-05
"21512",2008-11-23,0
"21513",2008-11-24,0.000458541347370556
"21514",2008-11-25,9.58894474933913e-08
"21515",2008-11-26,1.65079527505441e-05
"21516",2008-11-27,0.00313567805864068
"21517",2008-11-28,0.000979625293268782
"21518",2008-11-29,0.0118405012472067
"21519",2008-11-30,0.00132848566369148
"21520",2008-12-01,0.00234019271010766
"21521",2008-12-02,0.00401218399019854
"21522",2008-12-03,0.00224473069829401
"21523",2008-12-04,0.00032818422124592
"21524",2008-12-05,0.00683213176216668
"21525",2008-12-06,0.000188764162487587
"21526",2008-12-07,2.19240672549859e-06
"21527",2008-12-08,0.00171247205838654
"21528",2008-12-09,1.02292503356693e-05
"21529",2008-12-10,0.000154928942720289
"21530",2008-12-11,0.00187711222679354
"21531",2008-12-12,0.000143843365549401
"21532",2008-12-13,0.000442402749570192
"21533",2008-12-14,0.000316270159601117
"21534",2008-12-15,0.000245398259721696
"21535",2008-12-16,0.000748204576666467
"21536",2008-12-17,0.00351357735888769
"21537",2008-12-18,0.00182556600884709
"21538",2008-12-19,0.00327095204556827
"21539",2008-12-20,0.00475958716015157
"21540",2008-12-21,0.00130567595078901
"21541",2008-12-22,0
"21542",2008-12-23,7.85700501637621e-06
"21543",2008-12-24,8.49543915819595e-05
"21544",2008-12-25,0
"21545",2008-12-26,1.13531804117883e-05
"21546",2008-12-27,9.58894474933913e-08
"21547",2008-12-28,0
"21548",2008-12-29,0.000193879919265783
"21549",2008-12-30,0.000259000458754599
"21550",2008-12-31,1.3345895808925e-05
"21551",2009-01-01,2.79488176602172e-05
"21552",2009-01-02,1.82189978659153e-06
"21553",2009-01-03,4.05980629807345e-05
"21554",2009-01-04,1.7773357740225e-05
"21555",2009-01-05,0
"21556",2009-01-06,1.89838483493077e-05
"21557",2009-01-07,0
"21558",2009-01-08,0.00128718636824487
"21559",2009-01-09,3.83557903660403e-07
"21560",2009-01-10,0.000320128028761246
"21561",2009-01-11,0.00284269721305463
"21562",2009-01-12,0.00885282059607562
"21563",2009-01-13,0.000460066101254597
"21564",2009-01-14,0
"21565",2009-01-15,0
"21566",2009-01-16,5.3907072185666e-05
"21567",2009-01-17,7.34230625312193e-05
"21568",2009-01-18,0.00620807965424319
"21569",2009-01-19,0.00474527083844123
"21570",2009-01-20,0.0110919440194266
"21571",2009-01-21,0.00126170385919977
"21572",2009-01-22,0.000466386072048408
"21573",2009-01-23,0.00488287397098475
"21574",2009-01-24,0.011752511272789
"21575",2009-01-25,0.00047424409967789
"21576",2009-01-26,6.63491584873555e-05
"21577",2009-01-27,0.000190276033208647
"21578",2009-01-28,0.0013152845640434
"21579",2009-01-29,0.000307808025127088
"21580",2009-01-30,0.000214954539842438
"21581",2009-01-31,0.00031417081845575
"21582",2009-02-01,5.86516947009841e-05
"21583",2009-02-02,9.15501010467779e-06
"21584",2009-02-03,0.00156580677321472
"21585",2009-02-04,0.0035602122079581
"21586",2009-02-05,0.000747206423966418
"21587",2009-02-06,0.00405246888021793
"21588",2009-02-07,0.0100870430760551
"21589",2009-02-08,0.00113242314000672
"21590",2009-02-09,2.67661512225459e-05
"21591",2009-02-10,0.00133669559403415
"21592",2009-02-11,2.02100712272113e-05
"21593",2009-02-12,0
"21594",2009-02-13,0
"21595",2009-02-14,0
"21596",2009-02-15,0.000509120539504693
"21597",2009-02-16,0.00102156073154447
"21598",2009-02-17,0.000272701453639002
"21599",2009-02-18,0.000574338648220873
"21600",2009-02-19,0.0030632856360171
"21601",2009-02-20,0.000666179316795024
"21602",2009-02-21,0.0116621768629557
"21603",2009-02-22,8.90054014917041e-05
"21604",2009-02-23,1.04893115349114e-06
"21605",2009-02-24,3.31652910858793e-05
"21606",2009-02-25,0.000151241896105603
"21607",2009-02-26,0.0026234038600137
"21608",2009-02-27,2.86102294921875e-06
"21609",2009-02-28,5.87360864869879e-05
"21610",2009-03-01,0.000565825764169858
"21611",2009-03-02,0.00938499738782639
"21612",2009-03-03,0.00196310111550702
"21613",2009-03-04,0.000547562571853177
"21614",2009-03-05,0.000935976734183441
"21615",2009-03-06,0.00153553172731336
"21616",2009-03-07,0.00379195218556561
"21617",2009-03-08,0.011341214463755
"21618",2009-03-09,0.000618207511649871
"21619",2009-03-10,0.000202394084453772
"21620",2009-03-11,3.05145658785477e-06
"21621",2009-03-12,0.00820141029191745
"21622",2009-03-13,5.64593440230965e-05
"21623",2009-03-14,0.000394029265123663
"21624",2009-03-15,0.000395579780786193
"21625",2009-03-16,0.00092131629907044
"21626",2009-03-17,0.000209059768167208
"21627",2009-03-18,0
"21628",2009-03-19,0
"21629",2009-03-20,0
"21630",2009-03-21,0
"21631",2009-03-22,0.000752365138851019
"21632",2009-03-23,0.000320433950719234
"21633",2009-03-24,0.000144225334565817
"21634",2009-03-25,0
"21635",2009-03-26,0.00037239500790065
"21636",2009-03-27,0.00965580163756385
"21637",2009-03-28,0.00290177905083056
"21638",2009-03-29,8.61125682831698e-05
"21639",2009-03-30,0.000333037994039387
"21640",2009-03-31,4.28535986429779e-06
"21641",2009-04-01,0
"21642",2009-04-02,2.91944953687562e-05
"21643",2009-04-03,2.53889664918461e-05
"21644",2009-04-04,3.18824031069198e-05
"21645",2009-04-05,8.91659098556374e-05
"21646",2009-04-06,0
"21647",2009-04-07,0.00146202123505645
"21648",2009-04-08,0.0103484988580362
"21649",2009-04-09,0.00267653337562024
"21650",2009-04-10,0.000460611117887311
"21651",2009-04-11,0
"21652",2009-04-12,0
"21653",2009-04-13,0.000153421763059214
"21654",2009-04-14,0.000254553075819786
"21655",2009-04-15,6.72208544187924e-05
"21656",2009-04-16,0
"21657",2009-04-17,0
"21658",2009-04-18,0
"21659",2009-04-19,2.87668399323593e-07
"21660",2009-04-20,9.5375264663744e-06
"21661",2009-04-21,0.000145567101753841
"21662",2009-04-22,2.66829869133289e-06
"21663",2009-04-23,0
"21664",2009-04-24,0
"21665",2009-04-25,0
"21666",2009-04-26,0.000829935685942473
"21667",2009-04-27,0.00253188324768416
"21668",2009-04-28,0.000279399004341485
"21669",2009-04-29,0.000108971380541334
"21670",2009-04-30,1.25870137708262e-05
"21671",2009-05-01,0
"21672",2009-05-02,0
"21673",2009-05-03,2.00576778297545e-06
"21674",2009-05-04,0.000169310009141554
"21675",2009-05-05,0.00648295585506276
"21676",2009-05-06,0.000679343994988812
"21677",2009-05-07,0.00597285662553304
"21678",2009-05-08,0.00664850335937217
"21679",2009-05-09,0.00100182840509433
"21680",2009-05-10,0.00191430595288011
"21681",2009-05-11,9.50272024056176e-05
"21682",2009-05-12,0
"21683",2009-05-13,0.000236706132341169
"21684",2009-05-14,0.00188240759894143
"21685",2009-05-15,0
"21686",2009-05-16,0
"21687",2009-05-17,0.000867339515423282
"21688",2009-05-18,0.0075707624800998
"21689",2009-05-19,0.00137404545421305
"21690",2009-05-20,0.00446282693155808
"21691",2009-05-21,0.00105589905973602
"21692",2009-05-22,0.0163388242508518
"21693",2009-05-23,0.000146599988283924
"21694",2009-05-24,0.000416585824837057
"21695",2009-05-25,0
"21696",2009-05-26,0.00847477502236416
"21697",2009-05-27,0.00299515914093718
"21698",2009-05-28,0.00157530729836708
"21699",2009-05-29,0
"21700",2009-05-30,0
"21701",2009-05-31,0
"21702",2009-06-01,0
"21703",2009-06-02,0.000471705305244541
"21704",2009-06-03,0.000644226326699027
"21705",2009-06-04,0.00147865859707963
"21706",2009-06-05,0.00222700392077968
"21707",2009-06-06,0.00261908347420103
"21708",2009-06-07,0.00600892587590351
"21709",2009-06-08,0.000767400030099452
"21710",2009-06-09,0.000861961891132523
"21711",2009-06-10,0.00569775318598431
"21712",2009-06-11,0.00821202404273436
"21713",2009-06-12,0.0148960685473867
"21714",2009-06-13,0.00274916990838392
"21715",2009-06-14,0.000158160659339046
"21716",2009-06-15,2.03849858166905e-05
"21717",2009-06-16,0.000239331425291311
"21718",2009-06-17,0.000807659265774419
"21719",2009-06-18,0.0108399835789328
"21720",2009-06-19,0.00408933723520022
"21721",2009-06-20,0.00449360458333103
"21722",2009-06-21,0.00347797072208778
"21723",2009-06-22,1.911463414217e-07
"21724",2009-06-23,0
"21725",2009-06-24,0
"21726",2009-06-25,0
"21727",2009-06-26,0
"21728",2009-06-27,0
"21729",2009-06-28,0
"21730",2009-06-29,0
"21731",2009-06-30,0.000296271716251795
"21732",2009-07-01,5.1294123977641e-05
"21733",2009-07-02,0.000281741250205414
"21734",2009-07-03,0.000577940106268215
"21735",2009-07-04,2.68668763965252e-05
"21736",2009-07-05,0.00264237188713423
"21737",2009-07-06,0.0078844155295883
"21738",2009-07-07,0.00993562061103148
"21739",2009-07-08,0.00813205902886693
"21740",2009-07-09,0.0138853395474143
"21741",2009-07-10,0.0171773708279943
"21742",2009-07-11,0.0191876306998893
"21743",2009-07-12,0.00238645402879456
"21744",2009-07-13,0.0088526297135445
"21745",2009-07-14,0.000577168795643956
"21746",2009-07-15,0.0141147598572502
"21747",2009-07-16,0.00331501821619895
"21748",2009-07-17,3.33399304963677e-06
"21749",2009-07-18,0.0113626030315572
"21750",2009-07-19,0.00335409291074029
"21751",2009-07-20,0.000282216535367752
"21752",2009-07-21,0.000120015343497926
"21753",2009-07-22,0.0038449435687653
"21754",2009-07-23,0.0121799896232915
"21755",2009-07-24,0.000750212575894693
"21756",2009-07-25,0.00189104177093213
"21757",2009-07-26,0.00109203110332601
"21758",2009-07-27,0.0087729637780285
"21759",2009-07-28,0.00349525880301371
"21760",2009-07-29,0.00125421007800242
"21761",2009-07-30,0.0168978458905258
"21762",2009-07-31,0.0126198200995304
"21763",2009-08-01,0
"21764",2009-08-02,0.00115539866703784
"21765",2009-08-03,0.014889030077029
"21766",2009-08-04,0.0017884429530568
"21767",2009-08-05,9.58894474933913e-08
"21768",2009-08-06,0
"21769",2009-08-07,0.000317453422212566
"21770",2009-08-08,0.000739061007152486
"21771",2009-08-09,0.00199278351414023
"21772",2009-08-10,0.0174760661730033
"21773",2009-08-11,0.000180723553569351
"21774",2009-08-12,0.000239804151533463
"21775",2009-08-13,0.00916736604102653
"21776",2009-08-14,9.58894872837845e-07
"21777",2009-08-15,0.0115334652318779
"21778",2009-08-16,0.00284759204492957
"21779",2009-08-17,0.000416121162743366
"21780",2009-08-18,0
"21781",2009-08-19,0
"21782",2009-08-20,0.00125793660214413
"21783",2009-08-21,0.00885486719852224
"21784",2009-08-22,0.00037643888333605
"21785",2009-08-23,0.000239500626605604
"21786",2009-08-24,0.00116697981292191
"21787",2009-08-25,0.00950641746999281
"21788",2009-08-26,0.011740521068532
"21789",2009-08-27,0.0022517272972209
"21790",2009-08-28,0.0176244273316115
"21791",2009-08-29,0.00247676621893334
"21792",2009-08-30,0.00158888389341882
"21793",2009-08-31,0.00379833085725068
"21794",2009-09-01,0.00267277450166148
"21795",2009-09-02,0.00701221319599199
"21796",2009-09-03,0.0121499865190344
"21797",2009-09-04,0.0086358345579356
"21798",2009-09-05,0.0086909656977241
"21799",2009-09-06,2.01983594934063e-05
"21800",2009-09-07,0.00110039684841468
"21801",2009-09-08,0.000503515046830216
"21802",2009-09-09,0.000291015763650648
"21803",2009-09-10,0
"21804",2009-09-11,8.63005368501035e-07
"21805",2009-09-12,0
"21806",2009-09-13,1.61936793574569e-06
"21807",2009-09-14,0.000250795479644239
"21808",2009-09-15,4.48196715296945e-06
"21809",2009-09-16,0
"21810",2009-09-17,0
"21811",2009-09-18,0
"21812",2009-09-19,0
"21813",2009-09-20,0.00368757963980215
"21814",2009-09-21,0.000666737558276509
"21815",2009-09-22,0.00487462721463316
"21816",2009-09-23,2.77352672810594e-05
"21817",2009-09-24,0.000591982814512448
"21818",2009-09-25,1.61912760177074e-06
"21819",2009-09-26,2.54498919503021e-05
"21820",2009-09-27,0.000199153455241685
"21821",2009-09-28,0.000834737623904402
"21822",2009-09-29,9.52568939283083e-08
"21823",2009-09-30,0.000168067377785519
"21824",2009-10-01,0.00125428198538202
"21825",2009-10-02,0.000103317942716785
"21826",2009-10-03,0.0123257696814107
"21827",2009-10-04,0.00344938093803648
"21828",2009-10-05,0.00112805246317293
"21829",2009-10-06,0.0114168226336915
"21830",2009-10-07,0.000303524067021499
"21831",2009-10-08,0.00213208524093034
"21832",2009-10-09,8.10370056569809e-06
"21833",2009-10-10,0.000428196900315925
"21834",2009-10-11,0.000611526729699108
"21835",2009-10-12,6.24787284095873e-05
"21836",2009-10-13,0
"21837",2009-10-14,0
"21838",2009-10-15,0
"21839",2009-10-16,0.00951452813569631
"21840",2009-10-17,0
"21841",2009-10-18,0
"21842",2009-10-19,2.38734838831078e-06
"21843",2009-10-20,0.00061255139394234
"21844",2009-10-21,0.000133387323103307
"21845",2009-10-22,0.000201886213289981
"21846",2009-10-23,0.000419038010477379
"21847",2009-10-24,0.00181485338544007
"21848",2009-10-25,0.0120632348789513
"21849",2009-10-26,0.0047623698170014
"21850",2009-10-27,1.15067376782463e-06
"21851",2009-10-28,3.24196986412062e-06
"21852",2009-10-29,3.73446903267904e-06
"21853",2009-10-30,1.33487473590321e-05
"21854",2009-10-31,0.000125456511000266
"21855",2009-11-01,0.00044853797550104
"21856",2009-11-02,0.0179669603685397
"21857",2009-11-03,0.00214401819994237
"21858",2009-11-04,0.000495859266266052
"21859",2009-11-05,0.000571173735806951
"21860",2009-11-06,0.00157651679893434
"21861",2009-11-07,0.00047109428675185
"21862",2009-11-08,0.000430340365710435
"21863",2009-11-09,9.89875642289917e-05
"21864",2009-11-10,0.000245123695094662
"21865",2009-11-11,0.000233888158618356
"21866",2009-11-12,0.00011783107612473
"21867",2009-11-13,0.00597315936522591
"21868",2009-11-14,0.00762921341083711
"21869",2009-11-15,0.000391176494815682
"21870",2009-11-16,0.000131666424238119
"21871",2009-11-17,0.011674052782837
"21872",2009-11-18,0.0128005748048849
"21873",2009-11-19,0.00934536050607448
"21874",2009-11-20,0.00395143503101281
"21875",2009-11-21,5.73968458184027e-06
"21876",2009-11-22,0.0107196425642542
"21877",2009-11-23,0.00830649453564547
"21878",2009-11-24,0.000137072937604898
"21879",2009-11-25,0.012154646318379
"21880",2009-11-26,0.0116146464870326
"21881",2009-11-27,0.00612378602181707
"21882",2009-11-28,0.00300333036284428
"21883",2009-11-29,0.00392579819435923
"21884",2009-11-30,0.00913915365708817
"21885",2009-12-01,7.62527861297713e-07
"21886",2009-12-02,3.81580207431398e-07
"21887",2009-12-03,0.00171502052597816
"21888",2009-12-04,0.00780643067264464
"21889",2009-12-05,0.00365984707423195
"21890",2009-12-06,0.00086269148869178
"21891",2009-12-07,0.00748793826278416
"21892",2009-12-08,0.000130365799066112
"21893",2009-12-09,0.000268497689091873
"21894",2009-12-10,0.000705001044480014
"21895",2009-12-11,0.000101297363357844
"21896",2009-12-12,7.65071174555487e-05
"21897",2009-12-13,1.14474062229419e-06
"21898",2009-12-14,0.00153604733259272
"21899",2009-12-15,0.00406586328472258
"21900",2009-12-16,0.00146221613226771
"21901",2009-12-17,0.000260516043454118
"21902",2009-12-18,9.80949484983284e-05
"21903",2009-12-19,0.000208309184017708
"21904",2009-12-20,5.84415406592598e-05
"21905",2009-12-21,9.18773027365205e-05
"21906",2009-12-22,0.000842954225220183
"21907",2009-12-23,0.00231905827439505
"21908",2009-12-24,0.00248621857554099
"21909",2009-12-25,0.0158823793644842
"21910",2009-12-26,0.00722562278792793
"21911",2009-12-27,0.00331055199694674
"21912",2009-12-28,0.000684916032582805
"21913",2009-12-29,1.34672566218796e-05
"21914",2009-12-30,1.38364188728701e-05
"21915",2009-12-31,9.87810702781644e-05
"21916",2010-01-01,0.000624952714133542
"21917",2010-01-02,0.00017463882386437
"21918",2010-01-03,1.33533444568457e-06
"21919",2010-01-04,0
"21920",2010-01-05,1.80380760070875e-05
"21921",2010-01-06,0.00112022081248142
"21922",2010-01-07,0.00080552028572356
"21923",2010-01-08,1.58834155854493e-05
"21924",2010-01-09,5.54126046381498e-06
"21925",2010-01-10,9.52961613620573e-07
"21926",2010-01-11,4.77343127158747e-06
"21927",2010-01-12,8.88976709347844e-05
"21928",2010-01-13,0.000157632540947361
"21929",2010-01-14,0.000118551936793665
"21930",2010-01-15,0.000174403647179133
"21931",2010-01-16,0.000505934329339652
"21932",2010-01-17,0.000885013258084655
"21933",2010-01-18,0.000639590990431316
"21934",2010-01-19,4.63305682387727e-05
"21935",2010-01-20,0.000967400389527029
"21936",2010-01-21,0.000613501970178731
"21937",2010-01-22,0.000371917111806397
"21938",2010-01-23,5.70325759667867e-05
"21939",2010-01-24,3.58700765445974e-05
"21940",2010-01-25,1.73585630136586e-05
"21941",2010-01-26,4.48054220214544e-06
"21942",2010-01-27,0.00530083174271567
"21943",2010-01-28,0.000178185266349828
"21944",2010-01-29,0.000597524253862503
"21945",2010-01-30,0.000227655813034744
"21946",2010-01-31,0.00133942375578044
"21947",2010-02-01,0.000256231109858618
"21948",2010-02-02,0.00632699475681875
"21949",2010-02-03,0.00778115095454268
"21950",2010-02-04,0.000106409254271966
"21951",2010-02-05,2.86260797111026e-06
"21952",2010-02-06,2.90796514264002e-05
"21953",2010-02-07,3.10091132291745e-05
"21954",2010-02-08,8.570746155101e-05
"21955",2010-02-09,0.000493906039991998
"21956",2010-02-10,4.29158860697498e-05
"21957",2010-02-11,1.23101860367569e-05
"21958",2010-02-12,2.04161672741066e-05
"21959",2010-02-13,6.29864587153861e-06
"21960",2010-02-14,3.72229010281444e-06
"21961",2010-02-15,0.00030012243382771
"21962",2010-02-16,0.00157510102962988
"21963",2010-02-17,0.000727064949160194
"21964",2010-02-18,0.00458782202076691
"21965",2010-02-19,0.00510525694699027
"21966",2010-02-20,0.0131355597259244
"21967",2010-02-21,0.000608060206502614
"21968",2010-02-22,9.29012545043406e-05
"21969",2010-02-23,0.000407338343677566
"21970",2010-02-24,4.96545033001894e-06
"21971",2010-02-25,0.00420683169318181
"21972",2010-02-26,0.00654669452160306
"21973",2010-02-27,0.00595787016209215
"21974",2010-02-28,0.00238087280376931
"21975",2010-03-01,0.00202989025456191
"21976",2010-03-02,0
"21977",2010-03-03,0
"21978",2010-03-04,9.52568939283083e-08
"21979",2010-03-05,0
"21980",2010-03-06,0
"21981",2010-03-07,0
"21982",2010-03-08,8.99660409459102e-06
"21983",2010-03-09,1.34047513711266e-06
"21984",2010-03-10,8.59049748669349e-07
"21985",2010-03-11,7.67115921007644e-07
"21986",2010-03-12,1.4879584909977e-05
"21987",2010-03-13,1.27951671515802e-05
"21988",2010-03-14,0.000163353443952019
"21989",2010-03-15,1.99273144971812e-05
"21990",2010-03-16,5.8541229009279e-05
"21991",2010-03-17,1.258518858549e-05
"21992",2010-03-18,8.72716125854822e-05
"21993",2010-03-19,0.000560537157980434
"21994",2010-03-20,0
"21995",2010-03-21,0.00163201123177714
"21996",2010-03-22,0.00372092123160428
"21997",2010-03-23,0.00720596857746614
"21998",2010-03-24,2.38142308717215e-06
"21999",2010-03-25,0
"22000",2010-03-26,0.00190500017862405
"22001",2010-03-27,0.00786409769267493
"22002",2010-03-28,0.000287046273115266
"22003",2010-03-29,0.00180315708257694
"22004",2010-03-30,0.00113474856095763
"22005",2010-03-31,0.0114089967837572
"22006",2010-04-01,0.00440938811277647
"22007",2010-04-02,0.00759032605856191
"22008",2010-04-03,0.000684864344634661
"22009",2010-04-04,0.00114604371032101
"22010",2010-04-05,0.00168274691077386
"22011",2010-04-06,0.000942607835895615
"22012",2010-04-07,2.10761693892891e-05
"22013",2010-04-08,0.00291095086703308
"22014",2010-04-09,4.58648037238163e-06
"22015",2010-04-10,0
"22016",2010-04-11,0
"22017",2010-04-12,0
"22018",2010-04-13,0
"22019",2010-04-14,0
"22020",2010-04-15,3.25778673868626e-05
"22021",2010-04-16,2.52476602327079e-05
"22022",2010-04-17,3.81580207431398e-07
"22023",2010-04-18,0.000705790880601853
"22024",2010-04-19,0.000177597608342239
"22025",2010-04-20,0.00170427301600284
"22026",2010-04-21,0.0037740422426964
"22027",2010-04-22,6.67429412715137e-06
"22028",2010-04-23,0.00014701568665032
"22029",2010-04-24,0
"22030",2010-04-25,7.81390190240927e-06
"22031",2010-04-26,0.000142112912328685
"22032",2010-04-27,0
"22033",2010-04-28,0.00715805970213523
"22034",2010-04-29,0.000331156450386061
"22035",2010-04-30,0.000394413494461787
"22036",2010-05-01,0.00065537187828113
"22037",2010-05-02,5.7280675491711e-07
"22038",2010-05-03,0
"22039",2010-05-04,0.00755416426085276
"22040",2010-05-05,0.00103759309575935
"22041",2010-05-06,0.000375564985915844
"22042",2010-05-07,0
"22043",2010-05-08,0
"22044",2010-05-09,0
"22045",2010-05-10,0.000507986044794961
"22046",2010-05-11,0.000211429902265081
"22047",2010-05-12,0.00563894992274072
"22048",2010-05-13,0.000288601305328484
"22049",2010-05-14,8.42785684653791e-05
"22050",2010-05-15,0.0083761945058427
"22051",2010-05-16,0.00769881165160768
"22052",2010-05-17,0.000276297495133804
"22053",2010-05-18,1.41142785992088e-05
"22054",2010-05-19,0.000100994239801366
"22055",2010-05-20,0.00758888984364603
"22056",2010-05-21,0.00106739261434541
"22057",2010-05-22,0.00141566439964436
"22058",2010-05-23,0.000285627517030207
"22059",2010-05-24,0.00416854209225903
"22060",2010-05-25,0.00576447223647847
"22061",2010-05-26,0.0034380694434617
"22062",2010-05-27,0.000539632138611523
"22063",2010-05-28,0.00795522278349381
"22064",2010-05-29,0.000233776222444249
"22065",2010-05-30,0.000940328376657362
"22066",2010-05-31,0.000201243383344263
"22067",2010-06-01,1.02921683264867e-05
"22068",2010-06-02,0
"22069",2010-06-03,0
"22070",2010-06-04,0
"22071",2010-06-05,0
"22072",2010-06-06,0
"22073",2010-06-07,0.000688956933117879
"22074",2010-06-08,0.00620674192066417
"22075",2010-06-09,0.00121043886662164
"22076",2010-06-10,0.00388862549255009
"22077",2010-06-11,0.0178012673422927
"22078",2010-06-12,0.00667778770730365
"22079",2010-06-13,0.00215914720320143
"22080",2010-06-14,0.00156078780401003
"22081",2010-06-15,1.11219160316978e-05
"22082",2010-06-16,0
"22083",2010-06-17,9.58894474933913e-08
"22084",2010-06-18,0.00289800597198564
"22085",2010-06-19,0.00510792578552355
"22086",2010-06-20,3.30557855932057e-05
"22087",2010-06-21,7.42014844945516e-05
"22088",2010-06-22,0
"22089",2010-06-23,0
"22090",2010-06-24,4.65304840986391e-05
"22091",2010-06-25,6.71156556677488e-05
"22092",2010-06-26,1.87857367563993e-05
"22093",2010-06-27,3.83557903660403e-07
"22094",2010-06-28,0
"22095",2010-06-29,0.00240023146034218
"22096",2010-06-30,0.00190597755408817
"22097",2010-07-01,0
"22098",2010-07-02,8.62942124513211e-06
"22099",2010-07-03,0.000681701729433826
"22100",2010-07-04,0.0115367489161144
"22101",2010-07-05,0.000666002838329405
"22102",2010-07-06,8.09739088936112e-06
"22103",2010-07-07,1.94735213767672e-05
"22104",2010-07-08,0.00590657040902443
"22105",2010-07-09,5.0351579375274e-05
"22106",2010-07-10,1.73501730387216e-05
"22107",2010-07-11,0.00624258607166439
"22108",2010-07-12,0.000141315118526109
"22109",2010-07-13,0.00345471832434896
"22110",2010-07-14,0.000365037443486926
"22111",2010-07-15,0.0125920917891449
"22112",2010-07-16,0.000289958483449482
"22113",2010-07-17,0.00647857281597908
"22114",2010-07-18,0.00067894799866508
"22115",2010-07-19,0.000959777861680777
"22116",2010-07-20,0.000293674919703335
"22117",2010-07-21,0.000215406134373097
"22118",2010-07-22,0.00395939955342328
"22119",2010-07-23,0.000193751940116726
"22120",2010-07-24,0.000133887988340575
"22121",2010-07-25,0.0103718080499675
"22122",2010-07-26,0.00170925755833196
"22123",2010-07-27,1.28338501212966e-05
"22124",2010-07-28,0.00297622910238715
"22125",2010-07-29,0.0241863425089832
"22126",2010-07-30,0.00935578328699194
"22127",2010-07-31,0.00231405853901379
"22128",2010-08-01,0.00270836503148075
"22129",2010-08-02,0.00030130474476664
"22130",2010-08-03,0.000303710803791546
"22131",2010-08-04,0.00101397684335325
"22132",2010-08-05,0.0133678924088372
"22133",2010-08-06,0.0107308067108534
"22134",2010-08-07,0.00042230915522623
"22135",2010-08-08,0.00172864859428046
"22136",2010-08-09,0.00415687277927645
"22137",2010-08-10,0.00137287320472979
"22138",2010-08-11,0.0175936172116167
"22139",2010-08-12,0.000385929674223462
"22140",2010-08-13,0.0143001986579634
"22141",2010-08-14,5.72419162381266e-06
"22142",2010-08-15,0.00115483465742727
"22143",2010-08-16,0.00256023277688655
"22144",2010-08-17,0.00937764048285317
"22145",2010-08-18,0.000448192924409341
"22146",2010-08-19,0.00173049211662146
"22147",2010-08-20,0.00471229553318153
"22148",2010-08-21,0.00404015691356108
"22149",2010-08-22,0.000518439436746121
"22150",2010-08-23,0.0078257192599267
"22151",2010-08-24,0.0221813344396651
"22152",2010-08-25,0.00513455587940825
"22153",2010-08-26,0.0124846849428195
"22154",2010-08-27,0.00629231228197114
"22155",2010-08-28,0.00637186346648377
"22156",2010-08-29,0.00445251729234997
"22157",2010-08-30,7.26070356904529e-06
"22158",2010-08-31,0.000711907763161435
"22159",2010-09-01,0.00171815407065878
"22160",2010-09-02,5.07898039359134e-06
"22161",2010-09-03,0.000821027709150712
"22162",2010-09-04,4.10742541134823e-06
"22163",2010-09-05,0
"22164",2010-09-06,0.000366615671282489
"22165",2010-09-07,8.96347154366595e-06
"22166",2010-09-08,0.000107727959573367
"22167",2010-09-09,0.000117917284455871
"22168",2010-09-10,0.000673808406816079
"22169",2010-09-11,0.00912976678318955
"22170",2010-09-12,0.0020920311785062
"22171",2010-09-13,4.50313384021683e-05
"22172",2010-09-14,0.00854291175306798
"22173",2010-09-15,0.00824115073334042
"22174",2010-09-16,0.000823974889158308
"22175",2010-09-17,0.00491463579282936
"22176",2010-09-18,0.00239353000961273
"22177",2010-09-19,0.000286663757322003
"22178",2010-09-20,0.0132539229816757
"22179",2010-09-21,0.00032266554171656
"22180",2010-09-22,0.000394893371606031
"22181",2010-09-23,0.00144661505208887
"22182",2010-09-24,0.00567283907730598
"22183",2010-09-25,0.00703351096308324
"22184",2010-09-26,0.00143211246404462
"22185",2010-09-27,6.25806756033853e-05
"22186",2010-09-28,0
"22187",2010-09-29,0
"22188",2010-09-30,1.23873240909234e-06
"22189",2010-10-01,0.000404336191309085
"22190",2010-10-02,3.53220175952629e-05
"22191",2010-10-03,0.00865235259470865
"22192",2010-10-04,0.00583149243459502
"22193",2010-10-05,0.000189767094127546
"22194",2010-10-06,0.00825610106676322
"22195",2010-10-07,0.00383034839626362
"22196",2010-10-08,0.000152092061171061
"22197",2010-10-09,4.20169173480645e-05
"22198",2010-10-10,1.89740993050691e-05
"22199",2010-10-11,0
"22200",2010-10-12,1.62569330086626e-06
"22201",2010-10-13,0.000153254232259314
"22202",2010-10-14,4.77153349720538e-06
"22203",2010-10-15,0
"22204",2010-10-16,0
"22205",2010-10-17,1.7154889064841e-06
"22206",2010-10-18,0.00828896682651248
"22207",2010-10-19,0.00239675170291775
"22208",2010-10-20,1.14474062229419e-06
"22209",2010-10-21,0.00905810056434575
"22210",2010-10-22,0.000117779949221131
"22211",2010-10-23,0.0025816622946877
"22212",2010-10-24,0.00503422750557547
"22213",2010-10-25,0
"22214",2010-10-26,0.000167982899256458
"22215",2010-10-27,0.00870935543724727
"22216",2010-10-28,0.00500635659795989
"22217",2010-10-29,0.00147283275924792
"22218",2010-10-30,0.00210773841916989
"22219",2010-10-31,0.00121945950490954
"22220",2010-11-01,4.36492905464547e-05
"22221",2010-11-02,0.0161987568322388
"22222",2010-11-03,0.0093958916459087
"22223",2010-11-04,0
"22224",2010-11-05,4.75126989840646e-05
"22225",2010-11-06,3.73969004385799e-06
"22226",2010-11-07,0
"22227",2010-11-08,1.62475816409824e-05
"22228",2010-11-09,0.00522233199626498
"22229",2010-11-10,0.00238753764824651
"22230",2010-11-11,0.00192639338638401
"22231",2010-11-12,0.00745111166907009
"22232",2010-11-13,0.00432303893103381
"22233",2010-11-14,0.000888879522619845
"22234",2010-11-15,0.00377526198030864
"22235",2010-11-16,0
"22236",2010-11-17,0.000188874813375151
"22237",2010-11-18,0.000159749549311528
"22238",2010-11-19,0.000240985010350414
"22239",2010-11-20,0.00302994540834334
"22240",2010-11-21,0.00104113039196818
"22241",2010-11-22,0.00102091439566721
"22242",2010-11-23,0.00119638203068462
"22243",2010-11-24,0.000852280540129868
"22244",2010-11-25,0.000236247028055914
"22245",2010-11-26,0.000314665976247852
"22246",2010-11-27,0.000569653045204177
"22247",2010-11-28,0.00346441871079151
"22248",2010-11-29,0.00012232049158456
"22249",2010-11-30,1.71894673712814e-05
"22250",2010-12-01,2.37576652466487e-05
"22251",2010-12-02,0.000102807151847628
"22252",2010-12-03,0.000157637367692587
"22253",2010-12-04,0.0036538838847946
"22254",2010-12-05,0.00632745701295789
"22255",2010-12-06,0.000616096699729951
"22256",2010-12-07,3.24315533362096e-06
"22257",2010-12-08,0.00118678741313261
"22258",2010-12-09,9.07657977222698e-05
"22259",2010-12-10,0.00024390653430828
"22260",2010-12-11,0.00166760946456179
"22261",2010-12-12,8.38566700167576e-06
"22262",2010-12-13,9.82948911314452e-05
"22263",2010-12-14,1.4022743471287e-05
"22264",2010-12-15,0.000132560604868104
"22265",2010-12-16,0.00676926969333635
"22266",2010-12-17,0.00128849270231512
"22267",2010-12-18,0.00162716807972174
"22268",2010-12-19,0.00507060237578116
"22269",2010-12-20,0.00109740684274584
"22270",2010-12-21,0.00113563492374169
"22271",2010-12-22,0.000236316015389093
"22272",2010-12-23,8.91361117396627e-05
"22273",2010-12-24,2.4072473479464e-05
"22274",2010-12-25,3.93817741723979e-05
"22275",2010-12-26,0.000890445014192665
"22276",2010-12-27,0.000136551827381481
"22277",2010-12-28,6.82228483697145e-05
"22278",2010-12-29,4.92119550585812e-05
"22279",2010-12-30,4.91900138968049e-05
"22280",2010-12-31,7.1129820639726e-05
"22281",2011-01-01,4.38671099800558e-06
"22282",2011-01-02,0
"22283",2011-01-03,1.59251837317242e-05
"22284",2011-01-04,0.00477774132127706
"22285",2011-01-05,0.0105219759861939
"22286",2011-01-06,0.00865482226072345
"22287",2011-01-07,9.60777097134269e-05
"22288",2011-01-08,0.0114820583799542
"22289",2011-01-09,0.00352201030636934
"22290",2011-01-10,0.00038039593727035
"22291",2011-01-11,0.00312151902346613
"22292",2011-01-12,0.00111595854184543
"22293",2011-01-13,0.000305175908692945
"22294",2011-01-14,0.000700589937196128
"22295",2011-01-15,0.0122853609500453
"22296",2011-01-16,0.00404736766540736
"22297",2011-01-17,7.25888708075217e-06
"22298",2011-01-18,2.60162131553443e-05
"22299",2011-01-19,0
"22300",2011-01-20,7.63160414862796e-07
"22301",2011-01-21,0
"22302",2011-01-22,0
"22303",2011-01-23,0
"22304",2011-01-24,6.72593923809472e-05
"22305",2011-01-25,0.000377241529065486
"22306",2011-01-26,1.43043132538878e-06
"22307",2011-01-27,8.58417365634523e-07
"22308",2011-01-28,8.00685779722698e-06
"22309",2011-01-29,0
"22310",2011-01-30,0
"22311",2011-01-31,1.29662149674914e-05
"22312",2011-02-01,0.000825450697618635
"22313",2011-02-02,0.00192852374135555
"22314",2011-02-03,0.000915340900064621
"22315",2011-02-04,0.00510139197962189
"22316",2011-02-05,0.0015344249927125
"22317",2011-02-06,1.28112205857178e-05
"22318",2011-02-07,0.0124117608664847
"22319",2011-02-08,0.00314632047320629
"22320",2011-02-09,4.94441483169794e-05
"22321",2011-02-10,0.0135998139467119
"22322",2011-02-11,0.00160926457783717
"22323",2011-02-12,0
"22324",2011-02-13,1.23975332826376e-05
"22325",2011-02-14,0.000106814915852738
"22326",2011-02-15,0.000163199375492695
"22327",2011-02-16,0.00160827206764225
"22328",2011-02-17,0.00135856398628675
"22329",2011-02-18,8.4811183455713e-05
"22330",2011-02-19,1.46096363664583e-05
"22331",2011-02-20,4.79447351153794e-07
"22332",2011-02-21,0.000119740707532401
"22333",2011-02-22,0.000338923593517393
"22334",2011-02-23,5.6031699500636e-05
"22335",2011-02-24,0.000748344947055557
"22336",2011-02-25,0.00192291492567165
"22337",2011-02-26,0.00693265168638391
"22338",2011-02-27,6.90085350925074e-05
"22339",2011-02-28,8.85465099713656e-05
"22340",2011-03-01,0.000104279497350035
"22341",2011-03-02,2.68247964640977e-05
"22342",2011-03-03,3.76040634364472e-05
"22343",2011-03-04,9.55366783728095e-06
"22344",2011-03-05,0.000120038340355677
"22345",2011-03-06,0
"22346",2011-03-07,1.75331493323938e-05
"22347",2011-03-08,9.64884704899305e-05
"22348",2011-03-09,0.00700036430708906
"22349",2011-03-10,0.0109422445082146
"22350",2011-03-11,0.000206651566259097
"22351",2011-03-12,0.000181916310168617
"22352",2011-03-13,0.00174537208204129
"22353",2011-03-14,0.000321835841020857
"22354",2011-03-15,0
"22355",2011-03-16,1.23936501950084e-06
"22356",2011-03-17,1.75573894694026e-05
"22357",2011-03-18,0.00123471130791586
"22358",2011-03-19,0
"22359",2011-03-20,6.70387942136585e-06
"22360",2011-03-21,4.16969202206019e-05
"22361",2011-03-22,0
"22362",2011-03-23,0
"22363",2011-03-24,0
"22364",2011-03-25,0
"22365",2011-03-26,0
"22366",2011-03-27,0.001612093867152
"22367",2011-03-28,1.81940758920973e-05
"22368",2011-03-29,0.000167234500338509
"22369",2011-03-30,0
"22370",2011-03-31,0.00774625524479688
"22371",2011-04-01,0.000507345517007707
"22372",2011-04-02,0.000268196477520632
"22373",2011-04-03,0.00257244154886394
"22374",2011-04-04,1.6060236703197e-05
"22375",2011-04-05,0.00383158884505974
"22376",2011-04-06,0.00215618596348577
"22377",2011-04-07,0.001367309086163
"22378",2011-04-08,1.90513844700035e-07
"22379",2011-04-09,0
"22380",2011-04-10,1.65700475918129e-05
"22381",2011-04-11,0.000447426821665431
"22382",2011-04-12,0.0183355465717341
"22383",2011-04-13,0.00268144768415368
"22384",2011-04-14,3.00975626714717e-05
"22385",2011-04-15,3.79031222905724e-05
"22386",2011-04-16,4.87786400071855e-06
"22387",2011-04-17,0
"22388",2011-04-18,0
"22389",2011-04-19,0
"22390",2011-04-20,0
"22391",2011-04-21,0
"22392",2011-04-22,0
"22393",2011-04-23,0
"22394",2011-04-24,0
"22395",2011-04-25,0
"22396",2011-04-26,0.00038043559277412
"22397",2011-04-27,0.0015691212282718
"22398",2011-04-28,0.000178133390534185
"22399",2011-04-29,7.62055549330398e-07
"22400",2011-04-30,0.000181188207534433
"22401",2011-05-01,0.000730659803537037
"22402",2011-05-02,0.000353789969210538
"22403",2011-05-03,0.00393357186385401
"22404",2011-05-04,0.000271161896307603
"22405",2011-05-05,0.000295563639951979
"22406",2011-05-06,1.33549445990866e-06
"22407",2011-05-07,0
"22408",2011-05-08,0
"22409",2011-05-09,0
"22410",2011-05-10,0
"22411",2011-05-11,0.010236139058577
"22412",2011-05-12,0.000741205637211806
"22413",2011-05-13,0.00358936989050562
"22414",2011-05-14,0.010130009985005
"22415",2011-05-15,0.00992298647156531
"22416",2011-05-16,0.000151572735603622
"22417",2011-05-17,0.000699542004838349
"22418",2011-05-18,0.00546445778491034
"22419",2011-05-19,0.000700669325453873
"22420",2011-05-20,6.02329920411648e-05
"22421",2011-05-21,0.000159244829831096
"22422",2011-05-22,0.0082081328437198
"22423",2011-05-23,0.00219517623020238
"22424",2011-05-24,0.00861729502139497
"22425",2011-05-25,2.08627574806997e-05
"22426",2011-05-26,0.00772292181136436
"22427",2011-05-27,0.00825808421978991
"22428",2011-05-28,0.0094750088182991
"22429",2011-05-29,0.00495347252672218
"22430",2011-05-30,0.000892617124918615
"22431",2011-05-31,0.00199602125832143
"22432",2011-06-01,9.52568939283083e-08
"22433",2011-06-02,2.92188723847175e-05
"22434",2011-06-03,0
"22435",2011-06-04,0
"22436",2011-06-05,0
"22437",2011-06-06,0.0123383301965987
"22438",2011-06-07,0.000446809712173035
"22439",2011-06-08,0.00132535153443314
"22440",2011-06-09,0.0115044947124261
"22441",2011-06-10,0.00788104924868094
"22442",2011-06-11,0.00542635175315809
"22443",2011-06-12,6.10085515972969e-06
"22444",2011-06-13,0.00266997557685045
"22445",2011-06-14,0.00189941752688583
"22446",2011-06-15,4.66758962147651e-06
"22447",2011-06-16,0.000800916111984407
"22448",2011-06-17,0.0236105647782097
"22449",2011-06-18,0.00283042230256569
"22450",2011-06-19,0.0160609862223282
"22451",2011-06-20,0.0001920552649608
"22452",2011-06-21,0.0028209666930934
"22453",2011-06-22,0.0019754476324465
"22454",2011-06-23,0.00202434425318643
"22455",2011-06-24,0.0046437169974638
"22456",2011-06-25,0.00155232734687161
"22457",2011-06-26,0
"22458",2011-06-27,0.00181373404888063
"22459",2011-06-28,0
"22460",2011-06-29,0
"22461",2011-06-30,0.00270551588801027
"22462",2011-07-01,0.000344667151978229
"22463",2011-07-02,0.00439713164649902
"22464",2011-07-03,0.000342887196097763
"22465",2011-07-04,8.13614703361054e-05
"22466",2011-07-05,0.0101741303714107
"22467",2011-07-06,0.00101638407426208
"22468",2011-07-07,0.00496108621416624
"22469",2011-07-08,0.00599242484622664
"22470",2011-07-09,0.00226146597833576
"22471",2011-07-10,0.00188478826333949
"22472",2011-07-11,0.0005004337587593
"22473",2011-07-12,0.00154324660564953
"22474",2011-07-13,3.35613185598049e-06
"22475",2011-07-14,0.00227885358617641
"22476",2011-07-15,0.015087193146428
"22477",2011-07-16,5.08376233483432e-05
"22478",2011-07-17,0.0131355374392683
"22479",2011-07-18,0.00418511019506695
"22480",2011-07-19,0.00834750056037592
"22481",2011-07-20,0.000709348399141163
"22482",2011-07-21,0.00110943999266055
"22483",2011-07-22,0.0294803444412537
"22484",2011-07-23,0.0115380584475133
"22485",2011-07-24,0.00765873798991379
"22486",2011-07-25,0.00114653792491026
"22487",2011-07-26,0.00370203398051672
"22488",2011-07-27,0.000101169834124448
"22489",2011-07-28,0.000471477157930167
"22490",2011-07-29,0.000407032292969234
"22491",2011-07-30,0.000196553733474047
"22492",2011-07-31,0.00650763424346223
"22493",2011-08-01,0.000852252364836659
"22494",2011-08-02,0.00279581178557464
"22495",2011-08-03,3.23984045280667e-06
"22496",2011-08-04,0.000308465945636271
"22497",2011-08-05,0.01141895542969
"22498",2011-08-06,0.00132128138744747
"22499",2011-08-07,0.0110185579172253
"22500",2011-08-08,0.00890234687540215
"22501",2011-08-09,0.001001815518066
"22502",2011-08-10,0.00332447110395151
"22503",2011-08-11,1.72601085068891e-06
"22504",2011-08-12,0
"22505",2011-08-13,4.76204547794623e-07
"22506",2011-08-14,0.00289390804977074
"22507",2011-08-15,0.0116991114382472
"22508",2011-08-16,1.45788573036043e-05
"22509",2011-08-17,0.00788424981845992
"22510",2011-08-18,0.000541563949809643
"22511",2011-08-19,0.0216452343876199
"22512",2011-08-20,0.000332281918531407
"22513",2011-08-21,0.0020537615429248
"22514",2011-08-22,0.00103936693898277
"22515",2011-08-23,1.14276281237835e-06
"22516",2011-08-24,0.00660865446479875
"22517",2011-08-25,0.0032966969329209
"22518",2011-08-26,0.00195392269841932
"22519",2011-08-27,0.00856001183888111
"22520",2011-08-28,0.00933051000174601
"22521",2011-08-29,0.017205772572197
"22522",2011-08-30,0.00115674289605749
"22523",2011-08-31,0.00687592964220585
"22524",2011-09-01,0.00182828933498058
"22525",2011-09-02,0.00194261667263618
"22526",2011-09-03,0.000997945212930063
"22527",2011-09-04,0.0055286353590418
"22528",2011-09-05,0.0190434601681773
"22529",2011-09-06,0.0178410492953844
"22530",2011-09-07,0.0188353658966207
"22531",2011-09-08,0.000173388803261787
"22532",2011-09-09,0
"22533",2011-09-10,0.00182901120507495
"22534",2011-09-11,0.0123088141451717
"22535",2011-09-12,0.0154199203034295
"22536",2011-09-13,0.00993385297897476
"22537",2011-09-14,0.000394699515936736
"22538",2011-09-15,0.00428623815440687
"22539",2011-09-16,0
"22540",2011-09-17,0.00166129648539481
"22541",2011-09-18,0.0125171028921613
"22542",2011-09-19,0.0170682024618145
"22543",2011-09-20,0.00275257935936679
"22544",2011-09-21,0.00276142035772864
"22545",2011-09-22,0.00250192679260408
"22546",2011-09-23,3.7711165532528e-05
"22547",2011-09-24,3.33716089357949e-05
"22548",2011-09-25,0.000724501373213116
"22549",2011-09-26,0.00439636527539733
"22550",2011-09-27,4.77240701002302e-06
"22551",2011-09-28,0.000231284774031337
"22552",2011-09-29,1.75939888436005e-05
"22553",2011-09-30,4.517727052189e-05
"22554",2011-10-01,3.44762500503748e-05
"22555",2011-10-02,0.00256225924783848
"22556",2011-10-03,0.00158105650734797
"22557",2011-10-04,0.000610328041148023
"22558",2011-10-05,0.00168759873122326
"22559",2011-10-06,0.00457381646464228
"22560",2011-10-07,0.000448399201559369
"22561",2011-10-08,0.000186422511433193
"22562",2011-10-09,0.00667948741642022
"22563",2011-10-10,0.000535446932190098
"22564",2011-10-11,0
"22565",2011-10-12,0
"22566",2011-10-13,0
"22567",2011-10-14,0
"22568",2011-10-15,0.000102401227024984
"22569",2011-10-16,1.63176072760507e-05
"22570",2011-10-17,0.00349652146996959
"22571",2011-10-18,0.00764377556697582
"22572",2011-10-19,0.00149120610967657
"22573",2011-10-20,2.2120105313661e-05
"22574",2011-10-21,0.00185525660384656
"22575",2011-10-22,0.001206972282489
"22576",2011-10-23,5.21333777783184e-05
"22577",2011-10-24,8.92781789616492e-05
"22578",2011-10-25,9.53525267846089e-05
"22579",2011-10-26,0.00379788691890326
"22580",2011-10-27,0.00111047865067349
"22581",2011-10-28,0.00212493552317028
"22582",2011-10-29,0.000528668008939803
"22583",2011-10-30,0.00481312219017127
"22584",2011-10-31,0.000221675489513018
"22585",2011-11-01,0.000678242857247824
"22586",2011-11-02,0.000425486823587562
"22587",2011-11-03,0.0018922710478364
"22588",2011-11-04,0.00212458256970649
"22589",2011-11-05,2.93434903788636e-05
"22590",2011-11-06,0.000110065892840794
"22591",2011-11-07,3.7386721828625e-05
"22592",2011-11-08,4.42063395666992e-05
"22593",2011-11-09,0.000125295177838325
"22594",2011-11-10,0.000299106627608126
"22595",2011-11-11,1.50856078562356e-05
"22596",2011-11-12,0.000105763789463253
"22597",2011-11-13,0.000197068317788762
"22598",2011-11-14,2.09984000321128e-06
"22599",2011-11-15,0
"22600",2011-11-16,2.43998517248656e-05
"22601",2011-11-17,0.000155839872604702
"22602",2011-11-18,0.000704226076209125
"22603",2011-11-19,0.00374521082540014
"22604",2011-11-20,0.00037723609494833
"22605",2011-11-21,2.87514362184993e-05
"22606",2011-11-22,0.000131766110769149
"22607",2011-11-23,0.000938600374865928
"22608",2011-11-24,0.00596222565036442
"22609",2011-11-25,0.00357123964971606
"22610",2011-11-26,0.00149413460411552
"22611",2011-11-27,0.00495895126732648
"22612",2011-11-28,3.0963936524131e-05
"22613",2011-11-29,0.00220977027220215
"22614",2011-11-30,0.00314750471420666
"22615",2011-12-01,0.00697828884034379
"22616",2011-12-02,0
"22617",2011-12-03,0.0111818347031658
"22618",2011-12-04,9.06963367697244e-06
"22619",2011-12-05,0.000705693547558894
"22620",2011-12-06,0.00422455137959332
"22621",2011-12-07,0.0011550612487099
"22622",2011-12-08,0.0100586282642325
"22623",2011-12-09,0.00765120332562219
"22624",2011-12-10,0.000238015570232619
"22625",2011-12-11,0.00458042817444948
"22626",2011-12-12,0.0102351709783761
"22627",2011-12-13,0.0158071027835831
"22628",2011-12-14,0.00789000940858386
"22629",2011-12-15,0.00437402824684341
"22630",2011-12-16,0.00242691674338857
"22631",2011-12-17,0.000804591924463693
"22632",2011-12-18,0.000210962740197829
"22633",2011-12-19,0
"22634",2011-12-20,0.000144804739306892
"22635",2011-12-21,0.000225561844672484
"22636",2011-12-22,0.00102854548913456
"22637",2011-12-23,0.000659805124996637
"22638",2011-12-24,9.0790587819356e-05
"22639",2011-12-25,0.00228388274081226
"22640",2011-12-26,0.000326903172037873
"22641",2011-12-27,0.000183385443278894
"22642",2011-12-28,0.00665734727834888
"22643",2011-12-29,0.00499360231060564
"22644",2011-12-30,3.86118222195364e-05
"22645",2011-12-31,5.24521150282453e-05
"22646",2012-01-01,0.010354607278714
"22647",2012-01-02,0.0123414766148926
"22648",2012-01-03,0.0188756959614693
"22649",2012-01-04,0.00399829660454998
"22650",2012-01-05,0.0018151069501755
"22651",2012-01-06,0
"22652",2012-01-07,0.00171111430353221
"22653",2012-01-08,1.02056780519888e-05
"22654",2012-01-09,0.00549551866703268
"22655",2012-01-10,4.49581044676961e-05
"22656",2012-01-11,7.52553920051469e-05
"22657",2012-01-12,0.00533114983227279
"22658",2012-01-13,0
"22659",2012-01-14,0
"22660",2012-01-15,7.63160414862796e-07
"22661",2012-01-16,1.23144458825664e-05
"22662",2012-01-17,7.35200609369713e-06
"22663",2012-01-18,0.00409053695472039
"22664",2012-01-19,8.81043854406016e-05
"22665",2012-01-20,1.91778951830202e-07
"22666",2012-01-21,0.0102557854615952
"22667",2012-01-22,0.00130065811561053
"22668",2012-01-23,2.85527053165424e-05
"22669",2012-01-24,1.82119047735796e-05
"22670",2012-01-25,4.35744804008209e-05
"22671",2012-01-26,7.63279723514643e-06
"22672",2012-01-27,0.000462771662569139
"22673",2012-01-28,0.000210579574741132
"22674",2012-01-29,0.000457795626232382
"22675",2012-01-30,4.28964472121152e-06
"22676",2012-01-31,6.20959014554501e-05
"22677",2012-02-01,0.000186278271939955
"22678",2012-02-02,0.000242323098973429
"22679",2012-02-03,3.17706955570429e-05
"22680",2012-02-04,6.21271620389052e-05
"22681",2012-02-05,0.000808906530437525
"22682",2012-02-06,0.000348514651705045
"22683",2012-02-07,6.59977538930434e-05
"22684",2012-02-08,4.47286873281882e-05
"22685",2012-02-09,1.5068985533162e-05
"22686",2012-02-10,0.000121031849175779
"22687",2012-02-11,6.91081338572985e-05
"22688",2012-02-12,0
"22689",2012-02-13,0.00107162450990472
"22690",2012-02-14,0.000543684125659638
"22691",2012-02-15,0
"22692",2012-02-16,0.00067804007670702
"22693",2012-02-17,0
"22694",2012-02-18,0.0071330462824335
"22695",2012-02-19,0.000125896525617009
"22696",2012-02-20,0.0063580206404481
"22697",2012-02-21,5.28219330249158e-05
"22698",2012-02-22,0.00766463360923808
"22699",2012-02-23,0.000252001747696795
"22700",2012-02-24,1.13452703658368e-05
"22701",2012-02-25,0.00023966282907395
"22702",2012-02-26,0
"22703",2012-02-27,0.00314076466730739
"22704",2012-02-28,7.819426059541e-06
"22705",2012-02-29,6.89573977297187e-06
"22706",2012-03-01,2.38339225688833e-06
"22707",2012-03-02,0
"22708",2012-03-03,0
"22709",2012-03-04,0
"22710",2012-03-05,0
"22711",2012-03-06,1.53603955368453e-05
"22712",2012-03-07,0.0069511090464971
"22713",2012-03-08,0.00531263670706039
"22714",2012-03-09,0.000101644883102381
"22715",2012-03-10,2.19232595100038e-06
"22716",2012-03-11,0
"22717",2012-03-12,1.91778894986783e-07
"22718",2012-03-13,3.83557960503822e-07
"22719",2012-03-14,7.64505557526718e-07
"22720",2012-03-15,5.38813890216261e-05
"22721",2012-03-16,0.000120373433674104
"22722",2012-03-17,0.000330133780380493
"22723",2012-03-18,1.7220551740138e-06
"22724",2012-03-19,0.000291727606793302
"22725",2012-03-20,0.0015308949088535
"22726",2012-03-21,0
"22727",2012-03-22,0
"22728",2012-03-23,0
"22729",2012-03-24,0
"22730",2012-03-25,0
"22731",2012-03-26,0
"22732",2012-03-27,0
"22733",2012-03-28,0.000107901545561617
"22734",2012-03-29,4.31939133704873e-05
"22735",2012-03-30,0.00018762875788525
"22736",2012-03-31,0.000144931648776492
"22737",2012-04-01,0.000202756025089457
"22738",2012-04-02,5.15350213277088e-05
"22739",2012-04-03,1.72483269125223e-05
"22740",2012-04-04,0
"22741",2012-04-05,0.000281521549823083
"22742",2012-04-06,0.00233911662365927
"22743",2012-04-07,2.85136150068865e-05
"22744",2012-04-08,1.02308299574361e-05
"22745",2012-04-09,0.00959438546851743
"22746",2012-04-10,0.0160931737264036
"22747",2012-04-11,0.00473742155008949
"22748",2012-04-12,0.000348269730409356
"22749",2012-04-13,0.00140095406436558
"22750",2012-04-14,0.00255744018318182
"22751",2012-04-15,0.00277699690377631
"22752",2012-04-16,0.00261787119518431
"22753",2012-04-17,0.00040144448320234
"22754",2012-04-18,0.00195906412682234
"22755",2012-04-19,0.00138954315741557
"22756",2012-04-20,0.00517289955809019
"22757",2012-04-21,0.000747167293411621
"22758",2012-04-22,0.0149820116203045
"22759",2012-04-23,0.00507033155440695
"22760",2012-04-24,0.00253826251628197
"22761",2012-04-25,0.00532137977643288
"22762",2012-04-26,0.0121309057376493
"22763",2012-04-27,0.00692359883396421
"22764",2012-04-28,7.62116269470425e-06
"22765",2012-04-29,0
"22766",2012-04-30,0
"22767",2012-05-01,0
"22768",2012-05-02,0
"22769",2012-05-03,0.000570228876313195
"22770",2012-05-04,0.000344579285410873
"22771",2012-05-05,0.00223206567858369
"22772",2012-05-06,0
"22773",2012-05-07,1.21096245493391e-05
"22774",2012-05-08,0.00979289285623963
"22775",2012-05-09,0.0083149269257774
"22776",2012-05-10,0.0146580822043347
"22777",2012-05-11,0.00269077437343412
"22778",2012-05-12,0.000858741042065958
"22779",2012-05-13,0.000147838108262022
"22780",2012-05-14,0.00749831447086535
"22781",2012-05-15,0.00439497897968977
"22782",2012-05-16,0.00330185708213548
"22783",2012-05-17,0.00354992073789617
"22784",2012-05-18,3.0482216288874e-06
"22785",2012-05-19,0.00379731488737889
"22786",2012-05-20,0.000355342136174386
"22787",2012-05-21,0.000255543069101805
"22788",2012-05-22,1.04782611742849e-06
"22789",2012-05-23,0
"22790",2012-05-24,0
"22791",2012-05-25,6.28519501333358e-06
"22792",2012-05-26,0
"22793",2012-05-27,0
"22794",2012-05-28,0.00204665152631378
"22795",2012-05-29,0.00211967801266155
"22796",2012-05-30,0.00162066867869726
"22797",2012-05-31,0.00141388109852869
"22798",2012-06-01,0.00678326721299527
"22799",2012-06-02,0.000320637008371705
"22800",2012-06-03,0.000785576384885189
"22801",2012-06-04,0.00035242605804342
"22802",2012-06-05,0.00484896740732665
"22803",2012-06-06,1.19071170843199e-05
"22804",2012-06-07,0.000123522923558994
"22805",2012-06-08,0.00674579665826514
"22806",2012-06-09,0.0120659675631032
"22807",2012-06-10,0.00981573506487621
"22808",2012-06-11,0.00278715703143462
"22809",2012-06-12,0.000149303481578045
"22810",2012-06-13,0.000203796278867685
"22811",2012-06-14,0.000383800493182207
"22812",2012-06-15,0.000764227720310373
"22813",2012-06-16,0.0242528337848853
"22814",2012-06-17,0.00804523832630366
"22815",2012-06-18,0.0049292622691155
"22816",2012-06-19,1.52576831169426e-06
"22817",2012-06-20,2.00039505671157e-06
"22818",2012-06-21,6.66798541715252e-07
"22819",2012-06-22,0.00299326881048501
"22820",2012-06-23,0.0120651674224064
"22821",2012-06-24,0.0168435269151814
"22822",2012-06-25,0.00941321712343779
"22823",2012-06-26,0.000156586824743954
"22824",2012-06-27,0.000360712156236787
"22825",2012-06-28,6.08148993705981e-05
"22826",2012-06-29,0.0108176545800234
"22827",2012-06-30,0.00361747268561885
"22828",2012-07-01,0.015538672583034
"22829",2012-07-02,0.00259745018411195
"22830",2012-07-03,8.22055272919897e-06
"22831",2012-07-04,0.0011149926705798
"22832",2012-07-05,0
"22833",2012-07-06,0.00884568665952656
"22834",2012-07-07,0.00235825043728255
"22835",2012-07-08,0.000493942552054705
"22836",2012-07-09,0.00147526656223818
"22837",2012-07-10,0.00961991357144143
"22838",2012-07-11,0.00178631245034921
"22839",2012-07-12,0.0126119247579481
"22840",2012-07-13,0.000855086438320996
"22841",2012-07-14,0.00595146844352712
"22842",2012-07-15,0.000648649350182495
"22843",2012-07-16,0.000303352837363491
"22844",2012-07-17,4.39202213442513e-05
"22845",2012-07-18,0.000837505958543261
"22846",2012-07-19,0.000230314730856662
"22847",2012-07-20,0.00234633471336565
"22848",2012-07-21,5.71541590943525e-07
"22849",2012-07-22,0.00190050221954152
"22850",2012-07-23,0.00354577036432602
"22851",2012-07-24,0.00041840537767257
"22852",2012-07-25,9.04940952750621e-06
"22853",2012-07-26,0.000275494453489955
"22854",2012-07-27,5.13990307808854e-05
"22855",2012-07-28,0.0143757031246423
"22856",2012-07-29,7.91009540535015e-06
"22857",2012-07-30,0.00100848228163386
"22858",2012-07-31,0.0141047232618803
"22859",2012-08-01,0.000606960847278515
"22860",2012-08-02,0.00792955875203916
"22861",2012-08-03,0.000871477418513678
"22862",2012-08-04,0.000443761807446208
"22863",2012-08-05,0.00218010575412109
"22864",2012-08-06,0.0166412365606448
"22865",2012-08-07,0.00994806493599754
"22866",2012-08-08,0.00271660829457687
"22867",2012-08-09,9.79673371830359e-05
"22868",2012-08-10,0.00291108405781415
"22869",2012-08-11,0
"22870",2012-08-12,1.911463414217e-07
"22871",2012-08-13,0.00379281463409598
"22872",2012-08-14,0.000184562787580944
"22873",2012-08-15,3.86947305628382e-05
"22874",2012-08-16,0.000244929110522207
"22875",2012-08-17,0.000624379848488843
"22876",2012-08-18,0.0117342471596089
"22877",2012-08-19,0.000146556869367487
"22878",2012-08-20,0.000619498634989668
"22879",2012-08-21,5.93827435864114e-05
"22880",2012-08-22,0.00478525388001572
"22881",2012-08-23,0.00059122096399733
"22882",2012-08-24,0.000595887579265764
"22883",2012-08-25,0.00945634566988929
"22884",2012-08-26,0.0088766645776559
"22885",2012-08-27,0
"22886",2012-08-28,0.00704788085494101
"22887",2012-08-29,2.28613658350696e-05
"22888",2012-08-30,0.00506393832802132
"22889",2012-08-31,1.70531998264778e-05
"22890",2012-09-01,0.000617175095101175
"22891",2012-09-02,0.00326068976482929
"22892",2012-09-03,8.96078108780785e-06
"22893",2012-09-04,0.00230826109873306
"22894",2012-09-05,0
"22895",2012-09-06,0.00486830346602574
"22896",2012-09-07,1.3365195741244e-06
"22897",2012-09-08,3.82292796530237e-07
"22898",2012-09-09,0.000772983248680248
"22899",2012-09-10,0.000608710344408792
"22900",2012-09-11,0.00587003754441184
"22901",2012-09-12,0.00356284535223494
"22902",2012-09-13,0.000336011627950938
"22903",2012-09-14,0.0134048589188751
"22904",2012-09-15,0
"22905",2012-09-16,0.00297100986421128
"22906",2012-09-17,0.0142167629101664
"22907",2012-09-18,0.00833272198150325
"22908",2012-09-19,0.00375512969458214
"22909",2012-09-20,0.000285846989470429
"22910",2012-09-21,0.000727219299733406
"22911",2012-09-22,0.0070847361757842
"22912",2012-09-23,0.00479433717583788
"22913",2012-09-24,1.05415165307932e-06
"22914",2012-09-25,0.0257825825392501
"22915",2012-09-26,0.0192390018391961
"22916",2012-09-27,0.00716193608241156
"22917",2012-09-28,0.00239013068858185
"22918",2012-09-29,0.00969024802634522
"22919",2012-09-30,0.00443194657538015
"22920",2012-10-01,0.00618424547883478
"22921",2012-10-02,0.00456457617474371
"22922",2012-10-03,0.0154829161037924
"22923",2012-10-04,0.00988328790305104
"22924",2012-10-05,3.31698749391762e-05
"22925",2012-10-06,7.45913848732016e-06
"22926",2012-10-07,0
"22927",2012-10-08,0.00325138903281186
"22928",2012-10-09,0.00387392820084642
"22929",2012-10-10,0
"22930",2012-10-11,9.58894474933913e-08
"22931",2012-10-12,4.92120041144517e-05
"22932",2012-10-13,0.0007827731924408
"22933",2012-10-14,0.00944717659149319
"22934",2012-10-15,0.00448344752658159
"22935",2012-10-16,0.00969408029050101
"22936",2012-10-17,0.0071230509038287
"22937",2012-10-18,0.010537910401581
"22938",2012-10-19,0.00106893010530484
"22939",2012-10-20,0.0150856853410914
"22940",2012-10-21,0.00127141512899698
"22941",2012-10-22,0.000242245419940446
"22942",2012-10-23,3.64760853699408e-05
"22943",2012-10-24,0.00154487373441725
"22944",2012-10-25,0.000290057303402591
"22945",2012-10-26,5.36601595513275e-06
"22946",2012-10-27,0
"22947",2012-10-28,7.46153109503211e-05
"22948",2012-10-29,0.0251730700547341
"22949",2012-10-30,0.000443110359015009
"22950",2012-10-31,0.0112897724757204
"22951",2012-11-01,0.00829970636186772
"22952",2012-11-02,0.013099395626341
"22953",2012-11-03,0.00549239180691075
"22954",2012-11-04,0.000575277525911133
"22955",2012-11-05,0.000337763204754538
"22956",2012-11-06,0.000540583324038835
"22957",2012-11-07,0.000674742907676773
"22958",2012-11-08,5.37278341994352e-05
"22959",2012-11-09,0.00080081865377224
"22960",2012-11-10,0.00285240267112385
"22961",2012-11-11,0.00364448918367088
"22962",2012-11-12,0
"22963",2012-11-13,0.000532102877230045
"22964",2012-11-14,0.0019939910780522
"22965",2012-11-15,0.00020148445776158
"22966",2012-11-16,0.0010629327616698
"22967",2012-11-17,0.00360031989112031
"22968",2012-11-18,0.00333198746585595
"22969",2012-11-19,0.00126148540948634
"22970",2012-11-20,0.00335104095574934
"22971",2012-11-21,0.00196563347890333
"22972",2012-11-22,0.00207392174070264
"22973",2012-11-23,0.00477456424931688
"22974",2012-11-24,0.00046937988662421
"22975",2012-11-25,0.00631861551636348
"22976",2012-11-26,0.00849185850529466
"22977",2012-11-27,0.0111187797301682
"22978",2012-11-28,0.00130291127788951
"22979",2012-11-29,6.0250928527239e-05
"22980",2012-11-30,5.27839538904118e-05
"22981",2012-12-01,0.000108766902371826
"22982",2012-12-02,1.97057755713104e-05
"22983",2012-12-03,6.74774191793404e-05
"22984",2012-12-04,0.000123649404599746
"22985",2012-12-05,0.00402101391227916
"22986",2012-12-06,8.07361491297343e-05
"22987",2012-12-07,2.75841629218121e-05
"22988",2012-12-08,0.000100532326939629
"22989",2012-12-09,0.00113987233180524
"22990",2012-12-10,3.74758212728921e-05
"22991",2012-12-11,7.53793256080826e-06
"22992",2012-12-12,0.000169228502841179
"22993",2012-12-13,0.000251672673186931
"22994",2012-12-14,6.25621906351626e-05
"22995",2012-12-15,0.0123019042594024
"22996",2012-12-16,0.00588328431422269
"22997",2012-12-17,0.00120537375369167
"22998",2012-12-18,0.00034687929132815
"22999",2012-12-19,1.55455794583759e-05
"23000",2012-12-20,2.68982187208167e-05
"23001",2012-12-21,0.000193562236290745
"23002",2012-12-22,0.000499334170854127
"23003",2012-12-23,0.00679829032924317
"23004",2012-12-24,0.00387373379362543
"23005",2012-12-25,0.0127030120847849
"23006",2012-12-26,0.00290381441482168
"23007",2012-12-27,2.86038994090632e-06
"23008",2012-12-28,0.000899202850632719
"23009",2012-12-29,0.00795752869998978
"23010",2012-12-30,0.00703789324325044
"23011",2012-12-31,0.00910191293951357
"23012",2013-01-01,0.000371853561091484
"23013",2013-01-02,5.86447933983436e-05
"23014",2013-01-03,0.0043561793236222
"23015",2013-01-04,0.000157219808897935
"23016",2013-01-05,2.90152887032491e-05
"23017",2013-01-06,0.000253258498560172
"23018",2013-01-07,0.000194544439182209
"23019",2013-01-08,0.000302171410396568
"23020",2013-01-09,0.000817714698087002
"23021",2013-01-10,1.00496506547643e-05
"23022",2013-01-11,8.55011317639764e-05
"23023",2013-01-12,9.95411319308914e-05
"23024",2013-01-13,0.000137555264700495
"23025",2013-01-14,5.03681920918098e-05
"23026",2013-01-15,0.00204746140570933
"23027",2013-01-16,0.000253421906450058
"23028",2013-01-17,0.000432718793490494
"23029",2013-01-18,1.46089229815516e-05
"23030",2013-01-19,4.2094087575606e-06
"23031",2013-01-20,6.95315331995516e-05
"23032",2013-01-21,4.56354371749512e-05
"23033",2013-01-22,7.54987883055946e-06
"23034",2013-01-23,0
"23035",2013-01-24,0
"23036",2013-01-25,0.00113083773453582
"23037",2013-01-26,0.00363843304512557
"23038",2013-01-27,0.0111555220901209
"23039",2013-01-28,0.000611321314352153
"23040",2013-01-29,0.00558700477444063
"23041",2013-01-30,0.00361785536472325
"23042",2013-01-31,0.000551042022607362
"23043",2013-02-01,1.58544458486176e-05
"23044",2013-02-02,1.96651249666502e-05
"23045",2013-02-03,0.0004052781986843
"23046",2013-02-04,0.00512753162661284
"23047",2013-02-05,0.00165359988932323
"23048",2013-02-06,0.000608486947271558
"23049",2013-02-07,0.000518020156164312
"23050",2013-02-08,6.53509775929706e-05
"23051",2013-02-09,0.00121504284925322
"23052",2013-02-10,0.00134728981538501
"23053",2013-02-11,7.53484852111796e-06
"23054",2013-02-12,0.00047233327916274
"23055",2013-02-13,0.00033212629659829
"23056",2013-02-14,0.000300617399261682
"23057",2013-02-15,0.000876341060575214
"23058",2013-02-16,0.000756602161345654
"23059",2013-02-17,0.00138107879274685
"23060",2013-02-18,0.00281118738035957
"23061",2013-02-19,1.62165781603107e-06
"23062",2013-02-20,6.3907409071362e-06
"23063",2013-02-21,2.09655539720188e-05
"23064",2013-02-22,0.000342428490682778
"23065",2013-02-23,0.000324990373030687
"23066",2013-02-24,1.74599686033616e-05
"23067",2013-02-25,0
"23068",2013-02-26,0
"23069",2013-02-27,1.3224285112301e-05
"23070",2013-02-28,8.63005425344454e-07
"23071",2013-03-01,0
"23072",2013-03-02,0
"23073",2013-03-03,0
"23074",2013-03-04,4.47990998964087e-06
"23075",2013-03-05,5.24877083307729e-06
"23076",2013-03-06,1.91517955272502e-06
"23077",2013-03-07,0
"23078",2013-03-08,0
"23079",2013-03-09,0
"23080",2013-03-10,4.95501677733046e-06
"23081",2013-03-11,0
"23082",2013-03-12,5.20319938459579e-05
"23083",2013-03-13,0.000591445450254469
"23084",2013-03-14,0
"23085",2013-03-15,0.000256138460144939
"23086",2013-03-16,0.000481845521164814
"23087",2013-03-17,0.0019161204056104
"23088",2013-03-18,2.90786721279801e-05
"23089",2013-03-19,0.000434167173807509
"23090",2013-03-20,0.00156236922521202
"23091",2013-03-21,0.000160104954488816
"23092",2013-03-22,0.00010745409105084
"23093",2013-03-23,0
"23094",2013-03-24,7.53358472138643e-06
"23095",2013-03-25,0
"23096",2013-03-26,2.6599390366755e-05
"23097",2013-03-27,2.54483152275498e-05
"23098",2013-03-28,5.05398190853157e-06
"23099",2013-03-29,1.14276281237835e-06
"23100",2013-03-30,0
"23101",2013-03-31,0
"23102",2013-04-01,0
"23103",2013-04-02,0
"23104",2013-04-03,0
"23105",2013-04-04,0
"23106",2013-04-05,0.000120904923960552
"23107",2013-04-06,8.28575127798103e-06
"23108",2013-04-07,2.38252778217429e-06
"23109",2013-04-08,7.81230841084835e-06
"23110",2013-04-09,4.87975055420975e-05
"23111",2013-04-10,4.60457520148339e-05
"23112",2013-04-11,0.00258417702849556
"23113",2013-04-12,0.00782968368730508
"23114",2013-04-13,0.000548326340492622
"23115",2013-04-14,0.00354721506136002
"23116",2013-04-15,0.0019413248555793
"23117",2013-04-16,0.00248507719828694
"23118",2013-04-17,0.00041846330992712
"23119",2013-04-18,0.0153933865003637
"23120",2013-04-19,0.000645282293589844
"23121",2013-04-20,0
"23122",2013-04-21,0
"23123",2013-04-22,0.000680694705863516
"23124",2013-04-23,0.00333469650945517
"23125",2013-04-24,0.00161373391620145
"23126",2013-04-25,0.00123933753548044
"23127",2013-04-26,0.000252812262203861
"23128",2013-04-27,0.00147923236136194
"23129",2013-04-28,0.0014892468222456
"23130",2013-04-29,0.0117080314955729
"23131",2013-04-30,2.53573523423256e-05
"23132",2013-05-01,6.68379146873121e-06
"23133",2013-05-02,2.85689957308932e-05
"23134",2013-05-03,2.25035275320806e-05
"23135",2013-05-04,0.00263365151386097
"23136",2013-05-05,2.0078260831724e-06
"23137",2013-05-06,1.54867188939534e-05
"23138",2013-05-07,0
"23139",2013-05-08,0.00800076249288395
"23140",2013-05-09,0.00495431379505362
"23141",2013-05-10,0.00231956094796715
"23142",2013-05-11,0.00261124684584502
"23143",2013-05-12,0.0020615003857074
"23144",2013-05-13,0.00799416738078662
"23145",2013-05-14,0.00196786549076933
"23146",2013-05-15,0.000639569391239547
"23147",2013-05-16,0.000437259273894597
"23148",2013-05-17,0
"23149",2013-05-18,2.21948680518835e-05
"23150",2013-05-19,0.00290845591871403
"23151",2013-05-20,0.00117436904838542
"23152",2013-05-21,0.00255689370442269
"23153",2013-05-22,0.00465934585372452
"23154",2013-05-23,0.000725496169252438
"23155",2013-05-24,4.48196715296945e-06
"23156",2013-05-25,0.000170160920276885
"23157",2013-05-26,0.00123676331713796
"23158",2013-05-27,0.00349633535478233
"23159",2013-05-28,0.00228998331056118
"23160",2013-05-29,0.0140243739375023
"23161",2013-05-30,0.0065172101594726
"23162",2013-05-31,4.77530124953773e-05
"23163",2013-06-01,0.000147187977233898
"23164",2013-06-02,0.000686948048439717
"23165",2013-06-03,3.42828843713505e-06
"23166",2013-06-04,0.00110063855061071
"23167",2013-06-05,0.000597386770721187
"23168",2013-06-06,0.00129786162870005
"23169",2013-06-07,1.84948658557005e-05
"23170",2013-06-08,0.000101745870779268
"23171",2013-06-09,0.000990832297247835
"23172",2013-06-10,2.85690703094588e-07
"23173",2013-06-11,9.371275501735e-05
"23174",2013-06-12,0.00478733516285956
"23175",2013-06-13,0.0143469959002687
"23176",2013-06-14,0.00321015896997778
"23177",2013-06-15,0.00803490847243893
"23178",2013-06-16,0.0102914901253826
"23179",2013-06-17,2.10527409763017e-05
"23180",2013-06-18,1.71414376382018e-06
"23181",2013-06-19,0.0119937384406512
"23182",2013-06-20,5.6142949858895e-05
"23183",2013-06-21,0.00950060211823711
"23184",2013-06-22,0.00301465013944835
"23185",2013-06-23,0.00747846413378284
"23186",2013-06-24,0.0091698557803852
"23187",2013-06-25,0.000308666510420608
"23188",2013-06-26,0.0197503827657783
"23189",2013-06-27,0.0011016247622706
"23190",2013-06-28,0.00109740799308611
"23191",2013-06-29,0.0126294994098544
"23192",2013-06-30,0.00025240468926313
"23193",2013-07-01,0.000737600398338145
"23194",2013-07-02,0.000481988957290014
"23195",2013-07-03,0.00208637846935744
"23196",2013-07-04,0.000250479587180052
"23197",2013-07-05,0.000756201526201039
"23198",2013-07-06,0
"23199",2013-07-07,0
"23200",2013-07-08,2.85690703094588e-07
"23201",2013-07-09,0.000475507397140973
"23202",2013-07-10,2.03956788027426e-05
"23203",2013-07-11,0
"23204",2013-07-12,0
"23205",2013-07-13,4.76837158203125e-07
"23206",2013-07-14,2.14556926607656e-05
"23207",2013-07-15,2.79401792795397e-05
"23208",2013-07-16,1.81209168204077e-06
"23209",2013-07-17,0
"23210",2013-07-18,2.56518833339214e-05
"23211",2013-07-19,0
"23212",2013-07-20,1.91778951830202e-07
"23213",2013-07-21,0
"23214",2013-07-22,5.71381406189175e-07
"23215",2013-07-23,3.47104505635798e-05
"23216",2013-07-24,0.00601844147240627
"23217",2013-07-25,0.00708162624141551
"23218",2013-07-26,0.000140086532212536
"23219",2013-07-27,0.000558450707217162
"23220",2013-07-28,0.012427452493398
"23221",2013-07-29,0.000194172236376744
"23222",2013-07-30,0.00583332136102399
"23223",2013-07-31,0.000936241682438776
"23224",2013-08-01,0
"23225",2013-08-02,0.000146471645280144
"23226",2013-08-03,0.00565539534267145
"23227",2013-08-04,0.00102708834037912
"23228",2013-08-05,0.00038971421969336
"23229",2013-08-06,0.011912072762243
"23230",2013-08-07,0.000421085373091046
"23231",2013-08-08,0.00546834256266493
"23232",2013-08-09,0.000754761780115132
"23233",2013-08-10,0.0137999485878026
"23234",2013-08-11,0.00459770208419741
"23235",2013-08-12,0.000229059838886769
"23236",2013-08-13,0.00568938254383511
"23237",2013-08-14,0.000334211997994771
"23238",2013-08-15,1.40517068984991e-05
"23239",2013-08-16,0.0171010774574825
"23240",2013-08-17,0.00103718126138119
"23241",2013-08-18,0.0105037699889294
"23242",2013-08-19,8.10527768635438e-06
"23243",2013-08-20,0
"23244",2013-08-21,0.000231322491345054
"23245",2013-08-22,8.21572857603314e-05
"23246",2013-08-23,0.000130266741507512
"23247",2013-08-24,1.54316240355001e-05
"23248",2013-08-25,3.07023977370591e-05
"23249",2013-08-26,0
"23250",2013-08-27,0
"23251",2013-08-28,0
"23252",2013-08-29,0.000190002976466985
"23253",2013-08-30,0.000444226115121182
"23254",2013-08-31,0.00238711076161735
"23255",2013-09-01,0.00019085643998551
"23256",2013-09-02,2.07823082405412e-05
"23257",2013-09-03,1.33929006551625e-06
"23258",2013-09-04,4.814494616312e-05
"23259",2013-09-05,0.000972276668107952
"23260",2013-09-06,3.59045890832022e-05
"23261",2013-09-07,0
"23262",2013-09-08,0
"23263",2013-09-09,0.000132309899527172
"23264",2013-09-10,0.00422613938189897
"23265",2013-09-11,0.0010247099680214
"23266",2013-09-12,6.29358692094684e-06
"23267",2013-09-13,0.000861289644717544
"23268",2013-09-14,0.00111154982329253
"23269",2013-09-15,0.00456255665631033
"23270",2013-09-16,0.012426443368895
"23271",2013-09-17,0.00574438522744458
"23272",2013-09-18,0.00691582764557097
"23273",2013-09-19,0.00118605024766794
"23274",2013-09-20,0.000790587158462586
"23275",2013-09-21,1.52503243953106e-05
"23276",2013-09-22,0.00376321710791672
"23277",2013-09-23,4.46382441054993e-05
"23278",2013-09-24,2.5729507797223e-05
"23279",2013-09-25,0.00602599455669406
"23280",2013-09-26,5.38422148679274e-05
"23281",2013-09-27,0
"23282",2013-09-28,2.11112872534613e-05
"23283",2013-09-29,2.87027785361715e-06
"23284",2013-09-30,9.34473888491993e-06
"23285",2013-10-01,0
"23286",2013-10-02,0
"23287",2013-10-03,6.13324509686208e-05
"23288",2013-10-04,0.0068552087924445
"23289",2013-10-05,0.00621600705107994
"23290",2013-10-06,3.33483565100323e-05
"23291",2013-10-07,0.000313344038659125
"23292",2013-10-08,0.00215088244021899
"23293",2013-10-09,0.0054509322380909
"23294",2013-10-10,0.0102168006044394
"23295",2013-10-11,0
"23296",2013-10-12,0
"23297",2013-10-13,0
"23298",2013-10-14,0.000162716287377407
"23299",2013-10-15,0.000268211813533981
"23300",2013-10-16,0.000466259457539309
"23301",2013-10-17,0.00157158240108402
"23302",2013-10-18,4.58165231975727e-06
"23303",2013-10-19,0.000307740346215724
"23304",2013-10-20,0.00648653414100409
"23305",2013-10-21,0.00917505359393544
"23306",2013-10-22,0.0111515873450116
"23307",2013-10-23,0.0195853616214663
"23308",2013-10-24,0.00291701021114932
"23309",2013-10-25,0.00569541245727123
"23310",2013-10-26,0.00900186268518155
"23311",2013-10-27,0.013163539886591
"23312",2013-10-28,0.0196031028754078
"23313",2013-10-29,0.00140289584317088
"23314",2013-10-30,1.62751035759356e-06
"23315",2013-10-31,0.00425295592742714
"23316",2013-11-01,0.00627657575677176
"23317",2013-11-02,0.000454801123851212
"23318",2013-11-03,0.0169903047851108
"23319",2013-11-04,0.0148586600726048
"23320",2013-11-05,0.000128784141224969
"23321",2013-11-06,3.32266930627156e-05
"23322",2013-11-07,0.00316184209566472
"23323",2013-11-08,0.00342888544219022
"23324",2013-11-09,0.00815738711389713
"23325",2013-11-10,0.0010905226235991
"23326",2013-11-11,0.000723466890633517
"23327",2013-11-12,0.00153985021461267
"23328",2013-11-13,0
"23329",2013-11-14,0.00465803249244345
"23330",2013-11-15,0.000411719233227359
"23331",2013-11-16,0
"23332",2013-11-17,0
"23333",2013-11-18,0.00226825948305986
"23334",2013-11-19,0.00105740115486697
"23335",2013-11-20,6.48114491923479e-05
"23336",2013-11-21,0.00066566486418651
"23337",2013-11-22,0
"23338",2013-11-23,0
"23339",2013-11-24,0
"23340",2013-11-25,0
"23341",2013-11-26,3.14828839691472e-05
"23342",2013-11-27,9.57629652020842e-07
"23343",2013-11-28,0
"23344",2013-11-29,0.00191043772429111
"23345",2013-11-30,1.25918328990338e-05
"23346",2013-12-01,0
"23347",2013-12-02,4.77469711768208e-07
"23348",2013-12-03,0.000129675442906318
"23349",2013-12-04,0.000265008335190942
"23350",2013-12-05,0.0149770096122097
"23351",2013-12-06,0.000830430470500687
"23352",2013-12-07,4.69942637550957e-05
"23353",2013-12-08,0.0108969248681205
"23354",2013-12-09,0.00179527197798279
"23355",2013-12-10,0.000313608824399125
"23356",2013-12-11,6.9451333786219e-05
"23357",2013-12-12,6.03218867922806e-05
"23358",2013-12-13,0.00270332241012738
"23359",2013-12-14,0.00462505516537703
"23360",2013-12-15,0.00543129120291042
"23361",2013-12-16,0.00766603218835371
"23362",2013-12-17,4.70760735424847e-05
"23363",2013-12-18,0.00176057952012343
"23364",2013-12-19,0.00687462734754263
"23365",2013-12-20,0.00545051994868118
"23366",2013-12-21,0.00787407266852824
"23367",2013-12-22,0.0128487909601631
"23368",2013-12-23,0.00719940810063235
"23369",2013-12-24,0.0347410859540105
"23370",2013-12-25,0.00456832776552574
"23371",2013-12-26,0.000361220346633218
"23372",2013-12-27,0.0120403049432412
"23373",2013-12-28,0.0104812071076594
"23374",2013-12-29,0.00271287894793204
"23375",2013-12-30,0.00528688694430457
"23376",2013-12-31,0.00424507265233842
"23377",2014-01-01,0.00209712185380795
"23378",2014-01-02,0.0102158107175114
"23379",2014-01-03,0.00562715764044697
"23380",2014-01-04,0.00470542619495973
"23381",2014-01-05,0.0015466166147462
"23382",2014-01-06,0.0103404716008981
"23383",2014-01-07,0.0147125226794742
"23384",2014-01-08,0.00413616498462943
"23385",2014-01-09,0.00815715876058221
"23386",2014-01-10,0.00112185300810097
"23387",2014-01-11,0.000404880262067309
"23388",2014-01-12,0.0014839162527096
"23389",2014-01-13,0.00267626224308515
"23390",2014-01-14,0.00242980290204287
"23391",2014-01-15,0.00385400278901216
"23392",2014-01-16,0.00355539056181442
"23393",2014-01-17,0.00250038549347664
"23394",2014-01-18,0.00084369586147659
"23395",2014-01-19,0.000490290734887822
"23396",2014-01-20,6.59894078580692e-05
"23397",2014-01-21,0.000148870271004853
"23398",2014-01-22,0.000337443651915237
"23399",2014-01-23,0.00021185525929468
"23400",2014-01-24,7.85325064498466e-05
"23401",2014-01-25,0.000105080374396493
"23402",2014-01-26,0.000576619161620329
"23403",2014-01-27,0.00348798328195699
"23404",2014-01-28,0.00404964698282129
"23405",2014-01-29,0.00447171284304204
"23406",2014-01-30,0.00412057920766529
"23407",2014-01-31,0.000999306945232092
"23408",2014-02-01,0.00551555582842411
"23409",2014-02-02,0.000360423846188951
"23410",2014-02-03,0.000268349465557094
"23411",2014-02-04,0.000943916147775781
"23412",2014-02-05,0.000616327777606784
"23413",2014-02-06,0.00551548770181398
"23414",2014-02-07,0.0131522939718707
"23415",2014-02-08,0.00493874809836825
"23416",2014-02-09,0.00525698393721541
"23417",2014-02-10,0.00426038215027802
"23418",2014-02-11,0.0015937510142976
"23419",2014-02-12,0.00218722095632984
"23420",2014-02-13,0.00962586305104196
"23421",2014-02-14,0.00349754310951766
"23422",2014-02-15,0.0149916377349655
"23423",2014-02-16,0.00790004394366406
"23424",2014-02-17,3.32345148876811e-05
"23425",2014-02-18,0.00505568507793441
"23426",2014-02-19,0.00427100599335972
"23427",2014-02-20,0.00397346359864059
"23428",2014-02-21,0.00842047241530963
"23429",2014-02-22,0.00500316855050187
"23430",2014-02-23,0.00189375821355497
"23431",2014-02-24,0.000789077798970084
"23432",2014-02-25,6.3164186940412e-05
"23433",2014-02-26,0.00482602263218723
"23434",2014-02-27,0.000425040034315316
"23435",2014-02-28,0.00489041631709597
"23436",2014-03-01,0.00477968819541275
"23437",2014-03-02,0.00593980925714277
"23438",2014-03-03,0.00130375302472885
"23439",2014-03-04,0.00108498135432455
"23440",2014-03-05,0.00307136422088661
"23441",2014-03-06,0.000884050204149389
"23442",2014-03-07,0.0104677972703939
"23443",2014-03-08,9.52568939283083e-08
"23444",2014-03-09,8.59209990267118e-07
"23445",2014-03-10,0.00402643787947454
"23446",2014-03-11,0
"23447",2014-03-12,0
"23448",2014-03-13,0
"23449",2014-03-14,0.00610025901374911
"23450",2014-03-15,0.000194014159205835
"23451",2014-03-16,0.000125921781830129
"23452",2014-03-17,1.43051147460938e-06
"23453",2014-03-18,0.000115858601930086
"23454",2014-03-19,0.0020973451674422
"23455",2014-03-20,0.000311986425515443
"23456",2014-03-21,0.00185813854568551
"23457",2014-03-22,0.00485272571131645
"23458",2014-03-23,0.00218915052226976
"23459",2014-03-24,0.000443377219653485
"23460",2014-03-25,0.00014519713295158
"23461",2014-03-26,0.00390664446189248
"23462",2014-03-27,0.00181013787391748
"23463",2014-03-28,0
"23464",2014-03-29,0
"23465",2014-03-30,0
"23466",2014-03-31,3.81580207431398e-07
"23467",2014-04-01,0
"23468",2014-04-02,0
"23469",2014-04-03,0
"23470",2014-04-04,0
"23471",2014-04-05,0.00285261074128584
"23472",2014-04-06,0.00237438456133532
"23473",2014-04-07,0.00216355860209205
"23474",2014-04-08,0.0180169996592667
"23475",2014-04-09,0.0114676565070795
"23476",2014-04-10,0.00136708731292856
"23477",2014-04-11,0.000287152677685754
"23478",2014-04-12,0.00635964594647476
"23479",2014-04-13,4.71720714472212e-05
"23480",2014-04-14,9.22861227650174e-05
"23481",2014-04-15,6.38768315184279e-05
"23482",2014-04-16,0
"23483",2014-04-17,0.00856092481950554
"23484",2014-04-18,0.00059091449384141
"23485",2014-04-19,0
"23486",2014-04-20,4.85810397776731e-06
"23487",2014-04-21,0
"23488",2014-04-22,0
"23489",2014-04-23,0
"23490",2014-04-24,5.16759155289037e-06
"23491",2014-04-25,0.000143208505505754
"23492",2014-04-26,0
"23493",2014-04-27,0
"23494",2014-04-28,0
"23495",2014-04-29,2.26935530918126e-05
"23496",2014-04-30,0.000389187437576766
"23497",2014-05-01,2.85690703094588e-07
"23498",2014-05-02,3.75220770365559e-05
"23499",2014-05-03,0
"23500",2014-05-04,0
"23501",2014-05-05,0.00128896172952864
"23502",2014-05-06,0.0125284379319055
"23503",2014-05-07,0.00905163319202984
"23504",2014-05-08,0.00607122060046095
"23505",2014-05-09,0.00273888372839792
"23506",2014-05-10,0.00052583146333518
"23507",2014-05-11,0.00499968588337651
"23508",2014-05-12,0.00640259154897649
"23509",2014-05-13,0.00620418786365917
"23510",2014-05-14,0.000646781147224829
"23511",2014-05-15,7.33801772412335e-06
"23512",2014-05-16,5.52535720999003e-06
"23513",2014-05-17,0
"23514",2014-05-18,0.00123112462460995
"23515",2014-05-19,0.00654331285301168
"23516",2014-05-20,0.0037941880622725
"23517",2014-05-21,0.000579978195446529
"23518",2014-05-22,5.58803731109947e-05
"23519",2014-05-23,0.00706533504398976
"23520",2014-05-24,0.00411983948305306
"23521",2014-05-25,0.00269714200425142
"23522",2014-05-26,4.76284697015217e-07
"23523",2014-05-27,5.7146149856635e-07
"23524",2014-05-28,0
"23525",2014-05-29,0
"23526",2014-05-30,1.24529833556153e-06
"23527",2014-05-31,0.000161654258363342
"23528",2014-06-01,0.000127925722154032
"23529",2014-06-02,5.52858982700855e-05
"23530",2014-06-03,0.00103939637705253
"23531",2014-06-04,0.00601037321757758
"23532",2014-06-05,0.0114817381690955
"23533",2014-06-06,0.00875145931513543
"23534",2014-06-07,0.000449420697918868
"23535",2014-06-08,1.91778951830202e-07
"23536",2014-06-09,0
"23537",2014-06-10,5.90972524605604e-06
"23538",2014-06-11,7.14384355546827e-05
"23539",2014-06-12,4.19130537920864e-06
"23540",2014-06-13,4.59283681948364e-05
"23541",2014-06-14,0
"23542",2014-06-15,0.000420039800701488
"23543",2014-06-16,0.00269360783659067
"23544",2014-06-17,0
"23545",2014-06-18,6.66798598558671e-07
"23546",2014-06-19,0.007667767365092
"23547",2014-06-20,0.00130756989346992
"23548",2014-06-21,0.000859493996358651
"23549",2014-06-22,0.000235643160920063
"23550",2014-06-23,0.000544086044101277
"23551",2014-06-24,0.000675676181344897
"23552",2014-06-25,0.000954036914663448
"23553",2014-06-26,0.00224690637463709
"23554",2014-06-27,0.00167807433695089
"23555",2014-06-28,0.0177090528331973
"23556",2014-06-29,0.00125050448087904
"23557",2014-06-30,0.00769439944230044
"23558",2014-07-01,0.00953381707512335
"23559",2014-07-02,0.000495850256413632
"23560",2014-07-03,0.00252103486400301
"23561",2014-07-04,0.000394842880325541
"23562",2014-07-05,0.000212717419969977
"23563",2014-07-06,0.00812386816306798
"23564",2014-07-07,0.0252750568470219
"23565",2014-07-08,0.00326680911530275
"23566",2014-07-09,2.85770738628344e-07
"23567",2014-07-10,0
"23568",2014-07-11,3.45870912497048e-05
"23569",2014-07-12,0
"23570",2014-07-13,0.00470295189415992
"23571",2014-07-14,0.00231718794475455
"23572",2014-07-15,0.00168057716018666
"23573",2014-07-16,3.43097849508922e-06
"23574",2014-07-17,4.70039609581363e-05
"23575",2014-07-18,8.43621307922149e-05
"23576",2014-07-19,0.000362701869562443
"23577",2014-07-20,8.37775296531618e-05
"23578",2014-07-21,5.30720153619768e-05
"23579",2014-07-22,0.000735228700250445
"23580",2014-07-23,2.55354152614018e-05
"23581",2014-07-24,0.000371658335780012
"23582",2014-07-25,6.2438110489893e-05
"23583",2014-07-26,0.00190899616200113
"23584",2014-07-27,0.0168816739605973
"23585",2014-07-28,0.00064353589550592
"23586",2014-07-29,0
"23587",2014-07-30,6.20860959088532e-06
"23588",2014-07-31,0.000362394293631496
"23589",2014-08-01,0.00198170599469449
"23590",2014-08-02,9.53876225366912e-05
"23591",2014-08-03,0.0100095915319685
"23592",2014-08-04,0.0069393994807001
"23593",2014-08-05,0
"23594",2014-08-06,0.00015735271028916
"23595",2014-08-07,0.000616046926324998
"23596",2014-08-08,0.00436959502985701
"23597",2014-08-09,0.00794067784045183
"23598",2014-08-10,0.000632104003670975
"23599",2014-08-11,0.0255902960052481
"23600",2014-08-12,0.0139884928939864
"23601",2014-08-13,0.0150545377546223
"23602",2014-08-14,0.0121523305197115
"23603",2014-08-15,0.00726378718718479
"23604",2014-08-16,0.00358454180815215
"23605",2014-08-17,0.00702149571134214
"23606",2014-08-18,0.00949652551207691
"23607",2014-08-19,0.00360858023856281
"23608",2014-08-20,0.00136765665524763
"23609",2014-08-21,0.0184331425012374
"23610",2014-08-22,0.00922716292097903
"23611",2014-08-23,0.00511061051383876
"23612",2014-08-24,0.00455899053758912
"23613",2014-08-25,0.00849020624809782
"23614",2014-08-26,0.000326838313412736
"23615",2014-08-27,0
"23616",2014-08-28,1.71414376382018e-06
"23617",2014-08-29,9.19815042834671e-05
"23618",2014-08-30,0.00556364430491385
"23619",2014-08-31,0.00565268413447484
"23620",2014-09-01,8.19317648392826e-06
"23621",2014-09-02,0.00101165410296744
"23622",2014-09-03,9.52568939283083e-08
"23623",2014-09-04,4.19081607105909e-06
"23624",2014-09-05,0.000106434624399299
"23625",2014-09-06,0.000103569873715514
"23626",2014-09-07,0.00889496108544563
"23627",2014-09-08,0.00836769734092968
"23628",2014-09-09,0.00102212081617381
"23629",2014-09-10,0.000196982116960953
"23630",2014-09-11,3.44083641152793e-05
"23631",2014-09-12,0.00162866758449454
"23632",2014-09-13,0.000804807874715152
"23633",2014-09-14,0
"23634",2014-09-15,1.53098881128244e-06
"23635",2014-09-16,1.91778894986783e-07
"23636",2014-09-17,3.42367654297959e-05
"23637",2014-09-18,5.41698724987327e-05
"23638",2014-09-19,0.000110135996635563
"23639",2014-09-20,1.14474062229419e-06
"23640",2014-09-21,0.0060550019993002
"23641",2014-09-22,0.000193927929103666
"23642",2014-09-23,0.000263406589851911
"23643",2014-09-24,0.00115928487207384
"23644",2014-09-25,0.00346483772960937
"23645",2014-09-26,0.00102663670196534
"23646",2014-09-27,5.71381406189175e-07
"23647",2014-09-28,8.24205829985658e-05
"23648",2014-09-29,3.524177145664e-06
"23649",2014-09-30,0
"23650",2014-10-01,0.00011941858241471
"23651",2014-10-02,0.00232342356957815
"23652",2014-10-03,5.06160047848425e-05
"23653",2014-10-04,0.000298727882523053
"23654",2014-10-05,0
"23655",2014-10-06,7.06779916868072e-05
"23656",2014-10-07,0.0134227643948179
"23657",2014-10-08,0.00447179960673338
"23658",2014-10-09,0.020111982114031
"23659",2014-10-10,0.00521631639065845
"23660",2014-10-11,0.00674850285577122
"23661",2014-10-12,0.013941485702162
"23662",2014-10-13,9.56364658577513e-07
"23663",2014-10-14,0.000322101148299225
"23664",2014-10-15,0.00977022498682345
"23665",2014-10-16,0.0434710248373449
"23666",2014-10-17,0.0139551045576809
"23667",2014-10-18,0.0135250157163682
"23668",2014-10-19,0.00537637618799636
"23669",2014-10-20,0.00123991203150808
"23670",2014-10-21,0.00140094461465878
"23671",2014-10-22,0.00875219286535867
"23672",2014-10-23,0.0142089468718041
"23673",2014-10-24,0.0184551121201366
"23674",2014-10-25,0.013003830598791
"23675",2014-10-26,0.00377290388860274
"23676",2014-10-27,0.00306824064318789
"23677",2014-10-28,0.000953422171733109
"23678",2014-10-29,0.00427972704346757
"23679",2014-10-30,0.000168236651404641
"23680",2014-10-31,0.00196440907217266
"23681",2014-11-01,0.0062166393172447
"23682",2014-11-02,0.00764072360470891
"23683",2014-11-03,0.0151853452989599
"23684",2014-11-04,0.0128810787159068
"23685",2014-11-05,0.000451153868084475
"23686",2014-11-06,0.000428893303251243
"23687",2014-11-07,0.000142932064193246
"23688",2014-11-08,0.00433201965716989
"23689",2014-11-09,0.000381045564040505
"23690",2014-11-10,0.00814956787326082
"23691",2014-11-11,0.00239472410703456
"23692",2014-11-12,0.000347637244885846
"23693",2014-11-13,0.00432650707080029
"23694",2014-11-14,0.0022510189382956
"23695",2014-11-15,0.000840007973238244
"23696",2014-11-16,0.000537454517143487
"23697",2014-11-17,0.0033931145680981
"23698",2014-11-18,0.00132307689636946
"23699",2014-11-19,0.00285012782842387
"23700",2014-11-20,0.00281901152629871
"23701",2014-11-21,0.0010696251401896
"23702",2014-11-22,0.000618688053350525
"23703",2014-11-23,0.012207116740683
"23704",2014-11-24,0.00829930797954148
"23705",2014-11-25,0
"23706",2014-11-26,7.91734481140338e-05
"23707",2014-11-27,0.000501298381095694
"23708",2014-11-28,0.000151367559794835
"23709",2014-11-29,0.000165480068972101
"23710",2014-11-30,0.000834796651361103
"23711",2014-12-01,6.44288423927719e-05
"23712",2014-12-02,0.000873670525834314
"23713",2014-12-03,0
"23714",2014-12-04,0.000222117313342096
"23715",2014-12-05,0.00773042759010423
"23716",2014-12-06,0.000198662497439273
"23717",2014-12-07,0.00976562670427938
"23718",2014-12-08,1.35387011255261e-05
"23719",2014-12-09,0.00116965260986035
"23720",2014-12-10,0.0180247061643968
"23721",2014-12-11,0.0034378615237074
"23722",2014-12-12,0.00254652603780414
"23723",2014-12-13,0.000118508427476627
"23724",2014-12-14,0.00516796877673187
"23725",2014-12-15,0.00849928948719025
"23726",2014-12-16,0.00246427552633577
"23727",2014-12-17,0.000835313700349616
"23728",2014-12-18,0.00251675002181173
"23729",2014-12-19,3.45118550626466e-05
"23730",2014-12-20,0
"23731",2014-12-21,0.00331822039328245
"23732",2014-12-22,2.08723566288427e-05
"23733",2014-12-23,0
"23734",2014-12-24,0.000689319202251681
"23735",2014-12-25,1.23865231671516e-06
"23736",2014-12-26,0.00119758779601398
"23737",2014-12-27,6.67270910525986e-07
"23738",2014-12-28,0.000305763370249679
"23739",2014-12-29,0.00011754404107478
"23740",2014-12-30,1.9073486328125e-06
"23741",2014-12-31,5.75336912334024e-07
"23742",2015-01-01,0.00334230391234769
"23743",2015-01-02,0.00416743581769197
"23744",2015-01-03,0
"23745",2015-01-04,0
"23746",2015-01-05,7.17037482900196e-05
"23747",2015-01-06,0.00811891372723039
"23748",2015-01-07,0.00495947678234643
"23749",2015-01-08,0.00571797841985244
"23750",2015-01-09,0.000636133292289287
"23751",2015-01-10,0.0116396827052085
"23752",2015-01-11,0.000196114199127351
"23753",2015-01-12,0.00568484950753145
"23754",2015-01-13,0.00264077582454547
"23755",2015-01-14,0.00109964932522644
"23756",2015-01-15,0.0158024138781343
"23757",2015-01-16,0.00706102915791007
"23758",2015-01-17,0.00163165328336845
"23759",2015-01-18,0.000331929538106124
"23760",2015-01-19,0.00241995981195942
"23761",2015-01-20,0.00243036347637826
"23762",2015-01-21,0.00218084633524995
"23763",2015-01-22,0.000727839365936234
"23764",2015-01-23,0.00159887243239609
"23765",2015-01-24,0.0079795071544595
"23766",2015-01-25,9.82829465101531e-06
"23767",2015-01-26,0.00798811652538234
"23768",2015-01-27,5.75336912334024e-07
"23769",2015-01-28,0.0161331371054985
"23770",2015-01-29,0.0032289482487613
"23771",2015-01-30,0.000883669979316437
"23772",2015-01-31,0.000751202363062475
"23773",2015-02-01,0.00497803489270154
"23774",2015-02-02,0.00164312781453191
"23775",2015-02-03,0.000288454185067621
"23776",2015-02-04,2.39341815131411e-05
"23777",2015-02-05,2.11749004961348e-05
"23778",2015-02-06,7.67115864164225e-07
"23779",2015-02-07,2.85762802150202e-05
"23780",2015-02-08,1.20820759548224e-05
"23781",2015-02-09,0
"23782",2015-02-10,0
"23783",2015-02-11,9.12267292392244e-05
"23784",2015-02-12,0.000122131725106556
"23785",2015-02-13,0.0014442805058934
"23786",2015-02-14,0.000122910098411921
"23787",2015-02-15,0.000191978231896428
"23788",2015-02-16,0.000544246596291487
"23789",2015-02-17,0.00238699794863351
"23790",2015-02-18,0.000549643871636363
"23791",2015-02-19,0.00189314303952415
"23792",2015-02-20,0.00301742107239988
"23793",2015-02-21,0.000732070190224476
"23794",2015-02-22,0.000313812912509093
"23795",2015-02-23,0.0114706419553841
"23796",2015-02-24,0.00628417986445129
"23797",2015-02-25,0.00223910880731637
"23798",2015-02-26,0.00154942623987608
"23799",2015-02-27,0.00700944049259533
"23800",2015-02-28,0.00306170889490431
"23801",2015-03-01,0.015932779351715
"23802",2015-03-02,0.00291190736220415
"23803",2015-03-03,1.59110207960111e-05
"23804",2015-03-04,0
"23805",2015-03-05,0.000395009045462302
"23806",2015-03-06,0.000378098377439073
"23807",2015-03-07,0.000381747284336598
"23808",2015-03-08,0.000684562880451267
"23809",2015-03-09,0.000324532099511998
"23810",2015-03-10,0.0036496330478144
"23811",2015-03-11,0.000312277448756504
"23812",2015-03-12,0
"23813",2015-03-13,0
"23814",2015-03-14,0
"23815",2015-03-15,0
"23816",2015-03-16,8.10870273539877e-05
"23817",2015-03-17,1.14371511017453e-06
"23818",2015-03-18,0.000566132835103872
"23819",2015-03-19,0.000275018128149895
"23820",2015-03-20,0.0021026153106618
"23821",2015-03-21,0.000239324097265126
"23822",2015-03-22,0.00150543202471454
"23823",2015-03-23,0.00405544640511835
"23824",2015-03-24,9.04940850432467e-06
"23825",2015-03-25,0.00499350363588746
"23826",2015-03-26,0.0186030466149987
"23827",2015-03-27,0.000106580736826345
"23828",2015-03-28,0.00365480133041274
"23829",2015-03-29,0.00635518044339278
"23830",2015-03-30,0.00657856053385331
"23831",2015-03-31,0.000576151671339176
"23832",2015-04-01,3.27903361494464e-05
"23833",2015-04-02,0.000516114035633564
"23834",2015-04-03,3.57281060132664e-05
"23835",2015-04-04,5.33438833372202e-06
"23836",2015-04-05,0
"23837",2015-04-06,8.62372871779371e-07
"23838",2015-04-07,0
"23839",2015-04-08,0
"23840",2015-04-09,2.87668342480174e-07
"23841",2015-04-10,8.94862339464453e-05
"23842",2015-04-11,0.00131607927835375
"23843",2015-04-12,0.00054196819110075
"23844",2015-04-13,1.53432015395083e-05
"23845",2015-04-14,0.002922869928625
"23846",2015-04-15,0.00372167020304914
"23847",2015-04-16,0.000177320172213058
"23848",2015-04-17,0.0011605132067416
"23849",2015-04-18,0
"23850",2015-04-19,0
"23851",2015-04-20,0
"23852",2015-04-21,0
"23853",2015-04-22,0
"23854",2015-04-23,0
"23855",2015-04-24,0.000161632944468693
"23856",2015-04-25,0.00280933197427657
"23857",2015-04-26,0.00017190503973552
"23858",2015-04-27,0.00145602596171557
"23859",2015-04-28,0.00106419983058004
"23860",2015-04-29,0.00152996377437375
"23861",2015-04-30,0.00899743921598883
"23862",2015-05-01,0.00243750636280993
"23863",2015-05-02,0.00063945897272788
"23864",2015-05-03,0.000970104549423922
"23865",2015-05-04,0.00844209816023067
"23866",2015-05-05,0.0170822914835185
"23867",2015-05-06,0.00372934235076627
"23868",2015-05-07,0.0091820589505005
"23869",2015-05-08,0.000381468729983681
"23870",2015-05-09,0.00410452819659213
"23871",2015-05-10,0.0021577211746262
"23872",2015-05-11,0.00580866927185753
"23873",2015-05-12,0.00912290808537364
"23874",2015-05-13,0.000407354963499529
"23875",2015-05-14,0
"23876",2015-05-15,0
"23877",2015-05-16,0.00587932126825308
"23878",2015-05-17,0.00109057507205534
"23879",2015-05-18,0.000551003984583076
"23880",2015-05-19,0.0105917843466159
"23881",2015-05-20,0.00187119741531205
"23882",2015-05-21,0.000122280239338579
"23883",2015-05-22,0.00401627040582753
"23884",2015-05-23,0
"23885",2015-05-24,0.00242585460273403
"23886",2015-05-25,0.00042943628386638
"23887",2015-05-26,0.00278330012696415
"23888",2015-05-27,0.000271590087322693
"23889",2015-05-28,0.00950820525486051
"23890",2015-05-29,0.00277182141218191
"23891",2015-05-30,0.0184836849302883
"23892",2015-05-31,0.00242880593418704
"23893",2015-06-01,0.0106174795978973
"23894",2015-06-02,0.0128403173552556
"23895",2015-06-03,0.00316900508914841
"23896",2015-06-04,0
"23897",2015-06-05,0
"23898",2015-06-06,0.00650967645924538
"23899",2015-06-07,0.00218584915273823
"23900",2015-06-08,0.000351946039700124
"23901",2015-06-09,1.21011516966973e-05
"23902",2015-06-10,0
"23903",2015-06-11,0
"23904",2015-06-12,0
"23905",2015-06-13,0.000199210500966274
"23906",2015-06-14,9.83212343612649e-05
"23907",2015-06-15,8.00863818994912e-05
"23908",2015-06-16,0
"23909",2015-06-17,0.0105882637899413
"23910",2015-06-18,0.0107597849282683
"23911",2015-06-19,0.00156911038811813
"23912",2015-06-20,0.000131097686789872
"23913",2015-06-21,0.00231194130174117
"23914",2015-06-22,0.00139989524149087
"23915",2015-06-23,0.00538303446779764
"23916",2015-06-24,0.00056499933697296
"23917",2015-06-25,6.36432357623562e-05
"23918",2015-06-26,7.63160414862796e-07
"23919",2015-06-27,5.43762001825598e-06
"23920",2015-06-28,0.000551347949453884
"23921",2015-06-29,0.00258991861500135
"23922",2015-06-30,0.000587232021700856
"23923",2015-07-01,0
"23924",2015-07-02,0
"23925",2015-07-03,1.69104368978878e-05
"23926",2015-07-04,4.7157148514998e-05
"23927",2015-07-05,9.63285701800487e-05
"23928",2015-07-06,0.0149336280258012
"23929",2015-07-07,0.003045789208727
"23930",2015-07-08,0.0112577994150342
"23931",2015-07-09,0.000467371088404889
"23932",2015-07-10,3.16435216518585e-06
"23933",2015-07-11,0.00147577877214644
"23934",2015-07-12,0.000329841142956866
"23935",2015-07-13,0.000620570155660971
"23936",2015-07-14,0.00348916481732431
"23937",2015-07-15,0.00347588251293018
"23938",2015-07-16,0.000217951228478341
"23939",2015-07-17,5.21297188242897e-05
"23940",2015-07-18,0.0044615169381359
"23941",2015-07-19,0.00133246747469684
"23942",2015-07-20,0.000100601953818114
"23943",2015-07-21,0.00911196956479898
"23944",2015-07-22,0.000295928775756238
"23945",2015-07-23,8.73080411452065e-05
"23946",2015-07-24,0.000614578349996009
"23947",2015-07-25,0.00990958308119616
"23948",2015-07-26,0.00810157418879953
"23949",2015-07-27,0.000900345299100991
"23950",2015-07-28,0.00378343405412807
"23951",2015-07-29,0.0115258750302019
"23952",2015-07-30,0.0050473467563279
"23953",2015-07-31,0.00480080224247104
"23954",2015-08-01,0.000181450764387137
"23955",2015-08-02,0.00320626933716994
"23956",2015-08-03,4.00205516370988e-06
"23957",2015-08-04,0.00523195840833068
"23958",2015-08-05,0.0098377565265082
"23959",2015-08-06,0.000848747509735404
"23960",2015-08-07,0.000648889110436812
"23961",2015-08-08,5.44758825071767e-06
"23962",2015-08-09,0
"23963",2015-08-10,4.1062062337005e-05
"23964",2015-08-11,0.000934682064837489
"23965",2015-08-12,0
"23966",2015-08-13,0
"23967",2015-08-14,0
"23968",2015-08-15,1.74316382413053e-05
"23969",2015-08-16,0.000139304642857496
"23970",2015-08-17,2.85690703094588e-07
"23971",2015-08-18,1.21437963684912e-05
"23972",2015-08-19,0
"23973",2015-08-20,0
"23974",2015-08-21,0
"23975",2015-08-22,0
"23976",2015-08-23,0
"23977",2015-08-24,0.00588580435959329
"23978",2015-08-25,0.0182557642128813
"23979",2015-08-26,0.00950147831463255
"23980",2015-08-27,0.0251596497118953
"23981",2015-08-28,0.00109372953556885
"23982",2015-08-29,0.00047061972065876
"23983",2015-08-30,0.000378896139352491
"23984",2015-08-31,0.000354092686848162
"23985",2015-09-01,0.0231611835915828
"23986",2015-09-02,0.0141064933413872
"23987",2015-09-03,0.00827123170711275
"23988",2015-09-04,0.00278423305405795
"23989",2015-09-05,0.0128646707114513
"23990",2015-09-06,0.000614760139569626
"23991",2015-09-07,0
"23992",2015-09-08,5.05309599247994e-05
"23993",2015-09-09,2.85690703094588e-07
"23994",2015-09-10,0
"23995",2015-09-11,2.66701080136045e-05
"23996",2015-09-12,0.000702557338229326
"23997",2015-09-13,0.000608451203902405
"23998",2015-09-14,0.00845320881580847
"23999",2015-09-15,0.0310270544432569
"24000",2015-09-16,0.0130870060675079
"24001",2015-09-17,0.0195104279264342
"24002",2015-09-18,0.00252169469240471
"24003",2015-09-19,3.14891904054093e-05
"24004",2015-09-20,0.00010506684242273
"24005",2015-09-21,0.00116948456746968
"24006",2015-09-22,0.0101616785250371
"24007",2015-09-23,0.0015984566601901
"24008",2015-09-24,0.00975367228841151
"24009",2015-09-25,0.00325335987253084
"24010",2015-09-26,0
"24011",2015-09-27,0
"24012",2015-09-28,0
"24013",2015-09-29,0
"24014",2015-09-30,0
"24015",2015-10-01,0
"24016",2015-10-02,0
"24017",2015-10-03,2.77502169865329e-06
"24018",2015-10-04,8.25963758188664e-05
"24019",2015-10-05,0.000151711398018506
"24020",2015-10-06,2.63219195062447e-05
"24021",2015-10-07,0
"24022",2015-10-08,0.000488481390163997
"24023",2015-10-09,0.000467049829239841
"24024",2015-10-10,0.000105243289965529
"24025",2015-10-11,0.000831411808576377
"24026",2015-10-12,0.000227441240269854
"24027",2015-10-13,2.38126250451387e-06
"24028",2015-10-14,0
"24029",2015-10-15,0
"24030",2015-10-16,3.83557846816984e-07
"24031",2015-10-17,2.00774599079523e-06
"24032",2015-10-18,3.2404649914497e-06
"24033",2015-10-19,8.11936195077578e-06
"24034",2015-10-20,0.00031228646537329
"24035",2015-10-21,0.00313659032434543
"24036",2015-10-22,0.000996733883539491
"24037",2015-10-23,0
"24038",2015-10-24,0.00224289756260987
"24039",2015-10-25,0.00116817857633578
"24040",2015-10-26,0.000170186589514287
"24041",2015-10-27,7.88286807278382e-05
"24042",2015-10-28,3.00621867950213e-05
"24043",2015-10-29,2.87377581571491e-05
"24044",2015-10-30,5.26963838183292e-05
"24045",2015-10-31,0.000141680972774338
"24046",2015-11-01,6.17946827219384e-05
"24047",2015-11-02,0
"24048",2015-11-03,0.000249268297864091
"24049",2015-11-04,0.000564104289594525
"24050",2015-11-05,0.00137569959952089
"24051",2015-11-06,0.00032477179865964
"24052",2015-11-07,0.0172257126770319
"24053",2015-11-08,0.00635802968002963
"24054",2015-11-09,0.0128751305546757
"24055",2015-11-10,1.82430599693362e-05
"24056",2015-11-11,6.9901179642784e-05
"24057",2015-11-12,0.00261196096096228
"24058",2015-11-13,0.0093240141184765
"24059",2015-11-14,4.6626450966869e-05
"24060",2015-11-15,4.76837158203125e-07
"24061",2015-11-16,0.00442707940084119
"24062",2015-11-17,0.00285088684648827
"24063",2015-11-18,0.000864721856430606
"24064",2015-11-19,0.0103069877332018
"24065",2015-11-20,6.8626693519036e-06
"24066",2015-11-21,1.25051272448218e-05
"24067",2015-11-22,0
"24068",2015-11-23,0.000336051913905067
"24069",2015-11-24,0.0117810503870714
"24070",2015-11-25,0.00191550469776303
"24071",2015-11-26,2.47463866571707e-05
"24072",2015-11-27,0.00221736802723171
"24073",2015-11-28,0.00291884049556757
"24074",2015-11-29,0.0128191602829588
"24075",2015-11-30,3.93568052459159e-05
"24076",2015-12-01,0
"24077",2015-12-02,0.00128498266320776
"24078",2015-12-03,0.00111008826661418
"24079",2015-12-04,0.00994865677785128
"24080",2015-12-05,0.00885699017089792
"24081",2015-12-06,0.00690694975492079
"24082",2015-12-07,0
"24083",2015-12-08,0.00268723764605738
"24084",2015-12-09,0.00340473781830042
"24085",2015-12-10,0.00543597944493968
"24086",2015-12-11,0.00020057583515154
"24087",2015-12-12,0
"24088",2015-12-13,9.77060608420288e-06
"24089",2015-12-14,0.000289529758163098
"24090",2015-12-15,0.000121359853778813
"24091",2015-12-16,0.00246390127995255
"24092",2015-12-17,0.00244399518123828
"24093",2015-12-18,0.000251893887764254
"24094",2015-12-19,0.00130605782214843
"24095",2015-12-20,0.00273117264623579
"24096",2015-12-21,0.00377231828133517
"24097",2015-12-22,0.00609400078519684
"24098",2015-12-23,0.00115946620462637
"24099",2015-12-24,0.0048822934331838
"24100",2015-12-25,0.00103880078813745
"24101",2015-12-26,0
"24102",2015-12-27,0.00825647638646387
"24103",2015-12-28,4.56676580142812e-05
"24104",2015-12-29,0.000189253275891588
"24105",2015-12-30,0.000714091583176923
"24106",2015-12-31,0.00234683835532223
"24107",2016-01-01,0.000474134519663494
"24108",2016-01-02,0.000230459550948581
"24109",2016-01-03,0.000180887739588798
"24110",2016-01-04,0.000328992922732141
"24111",2016-01-05,0.000110708745239663
"24112",2016-01-06,7.33772683361167e-05
"24113",2016-01-07,0.000849244949677086
"24114",2016-01-08,0.00134621529196011
"24115",2016-01-09,0.00248563542845659
"24116",2016-01-10,0.0129632748576114
"24117",2016-01-11,0.00386180415625859
"24118",2016-01-12,0.000449773290426947
"24119",2016-01-13,1.16360286028794e-05
"24120",2016-01-14,4.67826305339258e-06
"24121",2016-01-15,7.02837663766331e-05
"24122",2016-01-16,0.00163299891391944
"24123",2016-01-17,0
"24124",2016-01-18,3.2675536658644e-05
"24125",2016-01-19,0.000798759865801912
"24126",2016-01-20,5.65912910133193e-05
"24127",2016-01-21,1.23999757306592e-06
"24128",2016-01-22,0.000299854094009788
"24129",2016-01-23,0.00242023700258187
"24130",2016-01-24,0.000656731020796997
"24131",2016-01-25,0.000329812916788796
"24132",2016-01-26,0.00726750120156794
"24133",2016-01-27,0.00726307243388646
"24134",2016-01-28,0.000459424884184045
"24135",2016-01-29,0.00559981567494106
"24136",2016-01-30,0.000714802809511639
"24137",2016-01-31,0.000166142072032471
"24138",2016-02-01,0.00569091219722395
"24139",2016-02-02,0.00382039035679327
"24140",2016-02-03,4.01516253987211e-05
"24141",2016-02-04,0
"24142",2016-02-05,0.00171010858178988
"24143",2016-02-06,0.00711426370617119
"24144",2016-02-07,0.00531297056323865
"24145",2016-02-08,0.0110595416044816
"24146",2016-02-09,0.00604428611404728
"24147",2016-02-10,0.00129011110857391
"24148",2016-02-11,7.49218031614873e-05
"24149",2016-02-12,0.000741780427915728
"24150",2016-02-13,0.00106204270292665
"24151",2016-02-14,1.28737278828339e-05
"24152",2016-02-15,0
"24153",2016-02-16,8.1043326076724e-06
"24154",2016-02-17,4.11996049933805e-05
"24155",2016-02-18,0.000541201204953268
"24156",2016-02-19,0.0010518807630433
"24157",2016-02-20,0.00960373501800404
"24158",2016-02-21,0.00012203627704821
"24159",2016-02-22,1.72673972542725e-05
"24160",2016-02-23,0
"24161",2016-02-24,6.66798496240517e-06
"24162",2016-02-25,0
"24163",2016-02-26,0
"24164",2016-02-27,0
"24165",2016-02-28,0
"24166",2016-02-29,9.83749892498054e-05
"24167",2016-03-01,0.0013092991792405
"24168",2016-03-02,0.0149018145602895
"24169",2016-03-03,0.00390505910900174
"24170",2016-03-04,0.00314806497902964
"24171",2016-03-05,0.00431949857443215
"24172",2016-03-06,0.00829517691454384
"24173",2016-03-07,0.00657237600535154
"24174",2016-03-08,0.000216945277827563
"24175",2016-03-09,0.00145602682050594
"24176",2016-03-10,5.24624175568533e-06
"24177",2016-03-11,1.63009031552974e-05
"24178",2016-03-12,0.000143321928590012
"24179",2016-03-13,3.36701327228184e-05
"24180",2016-03-14,7.64585706747312e-07
"24181",2016-03-15,2.01178175984751e-06
"24182",2016-03-16,5.75336798647186e-07
"24183",2016-03-17,5.09169404381282e-05
"24184",2016-03-18,5.65185991945327e-05
"24185",2016-03-19,0
"24186",2016-03-20,0
"24187",2016-03-21,0
"24188",2016-03-22,0.000129264179406618
"24189",2016-03-23,7.0658127299339e-05
"24190",2016-03-24,0.00141019958226707
"24191",2016-03-25,0.00140980907974608
"24192",2016-03-26,3.52814168991245e-06
"24193",2016-03-27,0.00978756793847424
"24194",2016-03-28,0.00262488851075204
"24195",2016-03-29,0.00274610239324602
"24196",2016-03-30,2.18234791304894e-05
"24197",2016-03-31,0.000692005248993155
"24198",2016-04-01,1.18240141091519e-05
"24199",2016-04-02,0.00248747693387941
"24200",2016-04-03,0.00033357453833105
"24201",2016-04-04,0.00434725541157377
"24202",2016-04-05,0.00356030494049264
"24203",2016-04-06,0.00650577226588211
"24204",2016-04-07,0.0031476420999752
"24205",2016-04-08,0.000462657972889247
"24206",2016-04-09,0.000733995934240284
"24207",2016-04-10,4.40118686242386e-05
"24208",2016-04-11,0.000261328387750837
"24209",2016-04-12,0
"24210",2016-04-13,5.47764097404979e-05
"24211",2016-04-14,0.00194157386493998
"24212",2016-04-15,0.00538711694713356
"24213",2016-04-16,0.0092617373829853
"24214",2016-04-17,0.00176905110106418
"24215",2016-04-18,0.00150508818296657
"24216",2016-04-19,0.000300192114082165
"24217",2016-04-20,1.22946139526903e-05
"24218",2016-04-21,0.000557499181411458
"24219",2016-04-22,0.00010087569614825
"24220",2016-04-23,0.000518418693900458
"24221",2016-04-24,0.00258035295348691
"24222",2016-04-25,0.00213264273816094
"24223",2016-04-26,0.000130550392896112
"24224",2016-04-27,0.000422997723035223
"24225",2016-04-28,0.00411206544799825
"24226",2016-04-29,0.00595785961650108
"24227",2016-04-30,0.0196260655648075
"24228",2016-05-01,0.000439253929016559
"24229",2016-05-02,1.90766894547778e-06
"24230",2016-05-03,0.00282624061219394
"24231",2016-05-04,0
"24232",2016-05-05,0
"24233",2016-05-06,0
"24234",2016-05-07,0
"24235",2016-05-08,0
"24236",2016-05-09,0
"24237",2016-05-10,0
"24238",2016-05-11,0
"24239",2016-05-12,0
"24240",2016-05-13,0.000133619977134458
"24241",2016-05-14,0.000818434319285188
"24242",2016-05-15,0.000388271793781314
"24243",2016-05-16,0
"24244",2016-05-17,1.90513804909642e-06
"24245",2016-05-18,2.92608732479493e-05
"24246",2016-05-19,0.000612326585894607
"24247",2016-05-20,0.00740392792289413
"24248",2016-05-21,0.00213717443256201
"24249",2016-05-22,0.00343334708577459
"24250",2016-05-23,0.00765893011714525
"24251",2016-05-24,0.0107876732701015
"24252",2016-05-25,0.0059369402606535
"24253",2016-05-26,0
"24254",2016-05-27,7.55531680169952e-05
"24255",2016-05-28,0.000825737703053164
"24256",2016-05-29,0.00400222016270391
"24257",2016-05-30,0.00042641036287705
"24258",2016-05-31,0.000150819756697729
"24259",2016-06-01,0
"24260",2016-06-02,1.32828376990801e-05
"24261",2016-06-03,2.19311914406717e-06
"24262",2016-06-04,0
"24263",2016-06-05,0
"24264",2016-06-06,0.000173626514879288
"24265",2016-06-07,0.00154503712815313
"24266",2016-06-08,4.63606763219104e-05
"24267",2016-06-09,0.00107505303367361
"24268",2016-06-10,0.000922666460326127
"24269",2016-06-11,0.000508604382730482
"24270",2016-06-12,0.00025696681404952
"24271",2016-06-13,0
"24272",2016-06-14,2.1261531401251e-05
"24273",2016-06-15,0.011117891807146
"24274",2016-06-16,0.000579826369460079
"24275",2016-06-17,0.00036979018227612
"24276",2016-06-18,0.000863507766325711
"24277",2016-06-19,0.000396343243664887
"24278",2016-06-20,0.0145823710332138
"24279",2016-06-21,0.00373297407884365
"24280",2016-06-22,1.17301812565529e-05
"24281",2016-06-23,0.0190079370960348
"24282",2016-06-24,0.0023482264855943
"24283",2016-06-25,0.000581758886539774
"24284",2016-06-26,0.00859328851942109
"24285",2016-06-27,0.00486465205727882
"24286",2016-06-28,0.000209300855374295
"24287",2016-06-29,0.00462278432968333
"24288",2016-06-30,0.00960062296388742
"24289",2016-07-01,0.00538363559098798
"24290",2016-07-02,0.0189856264714763
"24291",2016-07-03,0.00930875646986351
"24292",2016-07-04,0.000438169094934437
"24293",2016-07-05,0.000430507571763883
"24294",2016-07-06,0.00244707566071156
"24295",2016-07-07,0.000712362804733857
"24296",2016-07-08,0.000184364295137129
"24297",2016-07-09,0.000197645166451821
"24298",2016-07-10,0.00285360942143598
"24299",2016-07-11,0.00661865189613309
"24300",2016-07-12,0.00258095099979982
"24301",2016-07-13,0.00164100350428953
"24302",2016-07-14,0.00110161620233384
"24303",2016-07-15,0.00120280444133414
"24304",2016-07-16,0.00246502643858548
"24305",2016-07-17,0.00125409821180256
"24306",2016-07-18,4.95802981959059e-05
"24307",2016-07-19,0.000270723645371618
"24308",2016-07-20,0.00024977757425404
"24309",2016-07-21,0.0072438058921307
"24310",2016-07-22,0.000187581031980244
"24311",2016-07-23,0.000603849200672357
"24312",2016-07-24,0.000386774082642205
"24313",2016-07-25,0.00210259632603993
"24314",2016-07-26,0.00262024053250798
"24315",2016-07-27,0.00484129974836378
"24316",2016-07-28,0.00392226736170187
"24317",2016-07-29,0.00282971891755324
"24318",2016-07-30,0.00149118981448737
"24319",2016-07-31,0.000603350372443856
"24320",2016-08-01,0.00307542612694078
"24321",2016-08-02,0.000184769418410724
"24322",2016-08-03,0.011063785693409
"24323",2016-08-04,0.00874557695351541
"24324",2016-08-05,0.00511547344831342
"24325",2016-08-06,0.0042059360919211
"24326",2016-08-07,0.0010224488652284
"24327",2016-08-08,0.00719288862455869
"24328",2016-08-09,0.00251411207796082
"24329",2016-08-10,0.0104223635220251
"24330",2016-08-11,9.87274567592067e-05
"24331",2016-08-12,0.00814143343410478
"24332",2016-08-13,0.0030508614372593
"24333",2016-08-14,0.000118183820120521
"24334",2016-08-15,0
"24335",2016-08-16,0.000111449006908515
"24336",2016-08-17,1.73869493664824e-05
"24337",2016-08-18,0.000800730696084884
"24338",2016-08-19,0.000487065597667424
"24339",2016-08-20,0.00897765880023371
"24340",2016-08-21,0.00188767463168915
"24341",2016-08-22,0.00418826087133084
"24342",2016-08-23,2.48284499093643e-06
"24343",2016-08-24,9.54508353743222e-05
"24344",2016-08-25,0.0042332178416018
"24345",2016-08-26,0.00561750417176654
"24346",2016-08-27,0
"24347",2016-08-28,0.0101270564073275
"24348",2016-08-29,0.00585332829814433
"24349",2016-08-30,2.2002839614288e-05
"24350",2016-08-31,5.22602868500144e-05
"24351",2016-09-01,0.000606299922765174
"24352",2016-09-02,0.00142970510586338
"24353",2016-09-03,0.000911213687686541
"24354",2016-09-04,6.95998528499331e-06
"24355",2016-09-05,0
"24356",2016-09-06,0.000504674382170833
"24357",2016-09-07,0.000364539489964955
"24358",2016-09-08,0.000414959775071111
"24359",2016-09-09,0.000887080587460787
"24360",2016-09-10,0.00148196950516422
"24361",2016-09-11,0.00232845625487244
"24362",2016-09-12,9.54290726440377e-06
"24363",2016-09-13,3.63668158342989e-06
"24364",2016-09-14,5.72726605696516e-07
"24365",2016-09-15,2.48150024617644e-06
"24366",2016-09-16,0.000818274397033747
"24367",2016-09-17,0
"24368",2016-09-18,0.000246779727604007
"24369",2016-09-19,0.000826612111268332
"24370",2016-09-20,0.000169158173775941
"24371",2016-09-21,4.1709886204444e-05
"24372",2016-09-22,0.00149258805339514
"24373",2016-09-23,0.00651127199301982
"24374",2016-09-24,2.38695537291278e-06
"24375",2016-09-25,6.77027162510058e-06
"24376",2016-09-26,0.00161604361750278
"24377",2016-09-27,0.00959985338948854
"24378",2016-09-28,0.00260955583235045
"24379",2016-09-29,0.00514172855878314
"24380",2016-09-30,0.000113501821601858
"24381",2016-10-01,2.90756515255453e-05
"24382",2016-10-02,0.000135939469771529
"24383",2016-10-03,0
"24384",2016-10-04,7.63160414862796e-07
"24385",2016-10-05,0
"24386",2016-10-06,0
"24387",2016-10-07,0
"24388",2016-10-08,0.000108894521872571
"24389",2016-10-09,0.00283323628173093
"24390",2016-10-10,0.00177041307460968
"24391",2016-10-11,0.000191285483026604
"24392",2016-10-12,0.000331020676128446
"24393",2016-10-13,0.000403699473508823
"24394",2016-10-14,0.000218018768407546
"24395",2016-10-15,0.000107387942705373
"24396",2016-10-16,0.00222277906050294
"24397",2016-10-17,0.000357671137862781
"24398",2016-10-18,0.00128912474883691
"24399",2016-10-19,0.000939371048843896
"24400",2016-10-20,0.0026305094925192
"24401",2016-10-21,0.00138591446284408
"24402",2016-10-22,0.00427643665170763
"24403",2016-10-23,0.00674733194136934
"24404",2016-10-24,0.00607080975350982
"24405",2016-10-25,0.00281688661198132
"24406",2016-10-26,0.00211237364783301
"24407",2016-10-27,0.00171942105555445
"24408",2016-10-28,0.000443021091086848
"24409",2016-10-29,0
"24410",2016-10-30,0
"24411",2016-10-31,0.00526086587211694
"24412",2016-11-01,0.0023161462859207
"24413",2016-11-02,0.000552163007057516
"24414",2016-11-03,0.000140466275468043
"24415",2016-11-04,0.000677148608701827
"24416",2016-11-05,0.0163508625410032
"24417",2016-11-06,0.00212323928479918
"24418",2016-11-07,9.34010168975874e-05
"24419",2016-11-08,0.000770986224779335
"24420",2016-11-09,0.000289106680327222
"24421",2016-11-10,0.000144583918881835
"24422",2016-11-11,7.51528721139039e-05
"24423",2016-11-12,8.24691987872939e-05
"24424",2016-11-13,0.00013507603182461
"24425",2016-11-14,0.00575886663682468
"24426",2016-11-15,0.00589911958519451
"24427",2016-11-16,0.00571864332857785
"24428",2016-11-17,0.00197947726815073
"24429",2016-11-18,0.0106836337508867
"24430",2016-11-19,0.00609486224129796
"24431",2016-11-20,0.0102337051566792
"24432",2016-11-21,0.00398398990910209
"24433",2016-11-22,0.00480591221418081
"24434",2016-11-23,0.00124628546944905
"24435",2016-11-24,1.65897827173467e-05
"24436",2016-11-25,0.000881237439898541
"24437",2016-11-26,0
"24438",2016-11-27,0
"24439",2016-11-28,0
"24440",2016-11-29,0
"24441",2016-11-30,0
"24442",2016-12-01,0.000143896090150974
"24443",2016-12-02,0
"24444",2016-12-03,0
"24445",2016-12-04,0
"24446",2016-12-05,0
"24447",2016-12-06,2.76900794915491e-06
"24448",2016-12-07,0.00656014725154819
"24449",2016-12-08,1.09894806996635e-05
"24450",2016-12-09,0.00190553406628169
"24451",2016-12-10,0.0030324580902743
"24452",2016-12-11,0.000113274553541487
"24453",2016-12-12,3.45253871500972e-05
"24454",2016-12-13,0.000187948324537501
"24455",2016-12-14,0
"24456",2016-12-15,7.08672564542212e-06
"24457",2016-12-16,0.000327874657045868
"24458",2016-12-17,0.000353336386979208
"24459",2016-12-18,1.16317530682863e-05
"24460",2016-12-19,0.0001441852130597
"24461",2016-12-20,0.000329000032252225
"24462",2016-12-21,0.0027139720186824
"24463",2016-12-22,0.00239926377668098
"24464",2016-12-23,0.00380270527779203
"24465",2016-12-24,0.00454104678760814
"24466",2016-12-25,3.42556706982577e-05
"24467",2016-12-26,0.000452734280031564
"24468",2016-12-27,0
"24469",2016-12-28,9.58894474933913e-08
"24470",2016-12-29,7.08411494088068e-06
"24471",2016-12-30,0.000162625480982115
"24472",2016-12-31,0.000267222555237367
"24473",2017-01-01,1.23865174828097e-06
"24474",2017-01-02,0
"24475",2017-01-03,0.000991599596602555
"24476",2017-01-04,0.00202595504498504
"24477",2017-01-05,5.0821427066694e-06
"24478",2017-01-06,0.00322730726827558
"24479",2017-01-07,0.00188842796796962
"24480",2017-01-08,4.38394050661373e-06
"24481",2017-01-09,0.000797550193169627
"24482",2017-01-10,0.010969809256494
"24483",2017-01-11,0.0193082937776126
"24484",2017-01-12,5.65569295645219e-05
"24485",2017-01-13,0.000294142485813609
"24486",2017-01-14,0.00097292113923686
"24487",2017-01-15,0
"24488",2017-01-16,0
"24489",2017-01-17,0.00107226439416763
"24490",2017-01-18,5.50082496602045e-05
"24491",2017-01-19,6.12000008004543e-06
"24492",2017-01-20,4.77549633615126e-07
"24493",2017-01-21,4.77683443023125e-06
"24494",2017-01-22,6.54944655025247e-05
"24495",2017-01-23,2.28948107405813e-06
"24496",2017-01-24,2.58316299550643e-06
"24497",2017-01-25,0.000155888650624547
"24498",2017-01-26,0.00011658877622267
"24499",2017-01-27,3.98558873939692e-05
"24500",2017-01-28,2.30897831556831e-05
"24501",2017-01-29,0.00228428967250238
"24502",2017-01-30,0.000158299222107416
"24503",2017-01-31,0.000347992605895797
"24504",2017-02-01,0.000593384001149388
"24505",2017-02-02,0.00162368738892837
"24506",2017-02-03,0.000945322101870261
"24507",2017-02-04,0.00235541267284134
"24508",2017-02-05,0.00179621227380267
"24509",2017-02-06,0.000453360964456806
"24510",2017-02-07,0.000170446497577359
"24511",2017-02-08,0.000536163030119496
"24512",2017-02-09,0.00191892705333885
"24513",2017-02-10,0.00101158944886492
"24514",2017-02-11,7.1531897560817e-06
"24515",2017-02-12,0
"24516",2017-02-13,0
"24517",2017-02-14,0
"24518",2017-02-15,2.77312437901855e-06
"24519",2017-02-16,0.00362158113125588
"24520",2017-02-17,5.6755684113341e-05
"24521",2017-02-18,0.000967421154143722
"24522",2017-02-19,0.000237007841178638
"24523",2017-02-20,0.000765201867466203
"24524",2017-02-21,0.000134989825198772
"24525",2017-02-22,0.0120390004840374
"24526",2017-02-23,7.93517307329239e-06
"24527",2017-02-24,0
"24528",2017-02-25,0.00648899518961343
"24529",2017-02-26,0.00034889187651288
"24530",2017-02-27,0.00992732324812096
"24531",2017-02-28,0.008269908677903
"24532",2017-03-01,0.00684376169544976
"24533",2017-03-02,0.00394479158484273
"24534",2017-03-03,0.00263460725545883
"24535",2017-03-04,0.00189017096818134
"24536",2017-03-05,0.007345126447035
"24537",2017-03-06,0.00106872782873779
"24538",2017-03-07,0.00040694504741623
"24539",2017-03-08,0.00502595765550495
"24540",2017-03-09,0.00208528436621691
"24541",2017-03-10,7.91508500697091e-06
"24542",2017-03-11,2.89548841010401e-05
"24543",2017-03-12,0.000232228369156928
"24544",2017-03-13,0.00121103468319461
"24545",2017-03-14,0.00115791346530614
"24546",2017-03-15,0
"24547",2017-03-16,0.000912431900985666
"24548",2017-03-17,0.000715327023499412
"24549",2017-03-18,0.000148746468767058
"24550",2017-03-19,0.000743076639082574
"24551",2017-03-20,0.0056836223527057
"24552",2017-03-21,0.00150978942929214
"24553",2017-03-22,5.35989316290397e-05
"24554",2017-03-23,0
"24555",2017-03-24,9.9452985523385e-05
"24556",2017-03-25,0
"24557",2017-03-26,0
"24558",2017-03-27,1.90470490792904e-05
"24559",2017-03-28,2.34006106438756e-05
"24560",2017-03-29,8.36229469314276e-05
"24561",2017-03-30,0.00524982298679788
"24562",2017-03-31,0.00810037073279091
"24563",2017-04-01,0.00178042940876821
"24564",2017-04-02,0.000681441359176915
"24565",2017-04-03,9.47763714975736e-06
"24566",2017-04-04,0.000372140326362569
"24567",2017-04-05,9.36825454118662e-05
"24568",2017-04-06,0
"24569",2017-04-07,0
"24570",2017-04-08,0
"24571",2017-04-09,1.71050521089455e-05
"24572",2017-04-10,0.00104889817833964
"24573",2017-04-11,0.00113820504219575
"24574",2017-04-12,0.00348494774567598
"24575",2017-04-13,0.00375116025770694
"24576",2017-04-14,0.0011465532925854
"24577",2017-04-15,0.000131115322005826
"24578",2017-04-16,0.000678320940153299
"24579",2017-04-17,0.00154466621893334
"24580",2017-04-18,0.000215954460202283
"24581",2017-04-19,1.14276281237835e-06
"24582",2017-04-20,0.000271181312655244
"24583",2017-04-21,0.00125820220364403
"24584",2017-04-22,0.000215732538890734
"24585",2017-04-23,0.00014038304090036
"24586",2017-04-24,0.0144684904489054
"24587",2017-04-25,0.00306270515648066
"24588",2017-04-26,0.000247379707104756
"24589",2017-04-27,0.00121808723997674
"24590",2017-04-28,0.0230783782171784
"24591",2017-04-29,0.000640902005216049
"24592",2017-04-30,0
"24593",2017-05-01,0
"24594",2017-05-02,0
"24595",2017-05-03,0
"24596",2017-05-04,0
"24597",2017-05-05,0
"24598",2017-05-06,0
"24599",2017-05-07,0.00240228624221572
"24600",2017-05-08,0
"24601",2017-05-09,0.000234590848492644
"24602",2017-05-10,0.00434420854435302
"24603",2017-05-11,0.00824918711441569
"24604",2017-05-12,0.00166132689537335
"24605",2017-05-13,0.00134078454647124
"24606",2017-05-14,0.00334082279670156
"24607",2017-05-15,0.00027481239521876
"24608",2017-05-16,0.0030228502282057
"24609",2017-05-17,0.00173087837720232
"24610",2017-05-18,0.00218298513391346
"24611",2017-05-19,1.66107432733043e-05
"24612",2017-05-20,0.000412054328819522
"24613",2017-05-21,0.00016360158764428
"24614",2017-05-22,0
"24615",2017-05-23,0
"24616",2017-05-24,0
"24617",2017-05-25,0
"24618",2017-05-26,0
"24619",2017-05-27,9.5889464546417e-07
"24620",2017-05-28,0.000281453745344606
"24621",2017-05-29,0.00054308784854129
"24622",2017-05-30,0.00168865309933608
"24623",2017-05-31,0.0011704343807537
"24624",2017-06-01,0
"24625",2017-06-02,0.00165686843308777
"24626",2017-06-03,0.00259045786498291
"24627",2017-06-04,0.00354190344842209
"24628",2017-06-05,0.000186795686829555
"24629",2017-06-06,0.00123122599495673
"24630",2017-06-07,0.0266891038772883
"24631",2017-06-08,0.00599931232193285
"24632",2017-06-09,0.00820727519749198
"24633",2017-06-10,0.00178909569308416
"24634",2017-06-11,0.00121724118889688
"24635",2017-06-12,0.00164902325832372
"24636",2017-06-13,0.000252132158266249
"24637",2017-06-14,0.000322638880788872
"24638",2017-06-15,0.00105119618820027
"24639",2017-06-16,0.0137442063435174
"24640",2017-06-17,0
"24641",2017-06-18,4.28648240813345e-06
"24642",2017-06-19,0.000224671419175593
"24643",2017-06-20,9.54939423536416e-07
"24644",2017-06-21,0
"24645",2017-06-22,0.000775283708208008
"24646",2017-06-23,0.00270233904615225
"24647",2017-06-24,0.000212837489925732
"24648",2017-06-25,0.00189415709064633
"24649",2017-06-26,0.000224860206003541
"24650",2017-06-27,0
"24651",2017-06-28,3.81027689400071e-07
"24652",2017-06-29,0
"24653",2017-06-30,0
"24654",2017-07-01,0
"24655",2017-07-02,0
"24656",2017-07-03,0.000489478476538352
"24657",2017-07-04,0.000617726301243238
"24658",2017-07-05,0.00280105631100014
"24659",2017-07-06,0.000144051783024679
"24660",2017-07-07,0.000812111197205923
"24661",2017-07-08,0.00243204948674247
"24662",2017-07-09,7.75147354943329e-05
"24663",2017-07-10,0.00068093588396323
"24664",2017-07-11,0.00154837941926189
"24665",2017-07-12,0.000316070021085579
"24666",2017-07-13,0
"24667",2017-07-14,0.000100195787695156
"24668",2017-07-15,0.000452218069369792
"24669",2017-07-16,0.004096812527564
"24670",2017-07-17,0.00036629507849284
"24671",2017-07-18,0
"24672",2017-07-19,0.000197208006852634
"24673",2017-07-20,0
"24674",2017-07-21,0.00339631438055221
"24675",2017-07-22,3.08012095047161e-05
"24676",2017-07-23,2.00942331503029e-05
"24677",2017-07-24,0.000176315148564754
"24678",2017-07-25,0.00061167951025709
"24679",2017-07-26,0.000593201744379712
"24680",2017-07-27,0.00590034777661685
"24681",2017-07-28,0.000946575855380161
"24682",2017-07-29,0.00651901892069873
"24683",2017-07-30,0.00650402146584383
"24684",2017-07-31,0.00314274323318386
"24685",2017-08-01,0.00116857947386961
"24686",2017-08-02,0.00514575785291527
"24687",2017-08-03,0.00807151885527446
"24688",2017-08-04,0.00949307906557806
"24689",2017-08-05,0.00259461197072142
"24690",2017-08-06,0.000709552386297219
"24691",2017-08-07,0.00486151517634426
"24692",2017-08-08,0.0019158783588864
"24693",2017-08-09,0.0151436325686518
"24694",2017-08-10,0.000689514167106609
"24695",2017-08-11,6.68063535158581e-07
"24696",2017-08-12,0.00255086722563647
"24697",2017-08-13,0.000748504335433609
"24698",2017-08-14,3.55028114427114e-05
"24699",2017-08-15,0.00802939922056112
"24700",2017-08-16,0.00679015141696482
"24701",2017-08-17,0.0123149481807445
"24702",2017-08-18,0.00385014649782534
"24703",2017-08-19,0.0161614586932046
"24704",2017-08-20,0.00872040973212052
"24705",2017-08-21,0.000780461557440049
"24706",2017-08-22,9.11001997110361e-05
"24707",2017-08-23,0
"24708",2017-08-24,0.00620650061136985
"24709",2017-08-25,0.0019900898769265
"24710",2017-08-26,0.000405959599447669
"24711",2017-08-27,2.7092192794953e-05
"24712",2017-08-28,0.000885028790435172
"24713",2017-08-29,0.00373404228412255
"24714",2017-08-30,6.71767268727308e-05
"24715",2017-08-31,0.00482244094649786
"24716",2017-09-01,0.00026622982278468
"24717",2017-09-02,0.00113836817928359
"24718",2017-09-03,0.000147200500578037
"24719",2017-09-04,0.00283224579379748
"24720",2017-09-05,0.000980219743098587
"24721",2017-09-06,0.0216870842887147
"24722",2017-09-07,0.00324940028190213
"24723",2017-09-08,0.0147816251119366
"24724",2017-09-09,0.00819688779029093
"24725",2017-09-10,0.011004244385731
"24726",2017-09-11,0.0152023116679629
"24727",2017-09-12,0.0183318786439486
"24728",2017-09-13,0.00368716739103547
"24729",2017-09-14,0.00375445699205557
"24730",2017-09-15,0.00013847649370291
"24731",2017-09-16,0.000221666955894761
"24732",2017-09-17,0.00131723427324459
"24733",2017-09-18,0.000321835548675153
"24734",2017-09-19,0.00420658693764153
"24735",2017-09-20,0.000407360064059503
"24736",2017-09-21,0.000289713568349725
"24737",2017-09-22,0.00264688026487647
"24738",2017-09-23,0.000575600545005273
"24739",2017-09-24,0.000619254649166123
"24740",2017-09-25,0.000140264872015905
"24741",2017-09-26,0.00176106748591565
"24742",2017-09-27,0.000162821463788987
"24743",2017-09-28,8.55172086176026e-05
"24744",2017-09-29,0.000747133706568093
"24745",2017-09-30,1.04893115349114e-06
"24746",2017-10-01,0.005443413471653
"24747",2017-10-02,0.0215530670818112
"24748",2017-10-03,0.00109930326743779
"24749",2017-10-04,0.001818382582087
"24750",2017-10-05,0
"24751",2017-10-06,0.000271344790235162
"24752",2017-10-07,6.69551684495673e-05
"24753",2017-10-08,0
"24754",2017-10-09,0
"24755",2017-10-10,0.001610222814179
"24756",2017-10-11,0.00937090812578845
"24757",2017-10-12,0.00414394790277584
"24758",2017-10-13,0.00243263035918062
"24759",2017-10-14,0.000126895008691008
"24760",2017-10-15,0.000920660690781006
"24761",2017-10-16,0.0013315322202061
"24762",2017-10-17,0.00713795470346668
"24763",2017-10-18,0.000822648216114885
"24764",2017-10-19,0.000415564019249359
"24765",2017-10-20,0.00269643588853796
"24766",2017-10-21,0.00179716346156056
"24767",2017-10-22,0.00957053604361136
"24768",2017-10-23,0.00180463150394417
"24769",2017-10-24,0.0190689197634129
"24770",2017-10-25,0.00387760341584453
"24771",2017-10-26,0.000338832820830248
"24772",2017-10-27,0.000422721265067594
"24773",2017-10-28,0.000885936903614493
"24774",2017-10-29,0.000918792717470751
"24775",2017-10-30,0
"24776",2017-10-31,0
"24777",2017-11-01,0.000145838990363245
"24778",2017-11-02,1.18346075623776e-05
"24779",2017-11-03,0.000115146178586656
"24780",2017-11-04,0.00433319517469499
"24781",2017-11-05,0.00382612595575438
"24782",2017-11-06,0
"24783",2017-11-07,7.25737648394897e-05
"24784",2017-11-08,0.000808146774375018
"24785",2017-11-09,0.00526342804369051
"24786",2017-11-10,0.00769649412677609
"24787",2017-11-11,7.37829758463704e-05
"24788",2017-11-12,1.05735207398538e-05
"24789",2017-11-13,0
"24790",2017-11-14,0.00318794284794421
"24791",2017-11-15,0
"24792",2017-11-16,0.00381623869998293
"24793",2017-11-17,0.000470484648758429
"24794",2017-11-18,4.45623091422931e-05
"24795",2017-11-19,0.0020979468091582
"24796",2017-11-20,1.54561962517619e-05
"24797",2017-11-21,0.00189230842079269
"24798",2017-11-22,0.0137915871964651
"24799",2017-11-23,0.0118075031678018
"24800",2017-11-24,0.00190655259189043
"24801",2017-11-25,0.00476940877337029
"24802",2017-11-26,0.00574231249356671
"24803",2017-11-27,0.00668773298627912
"24804",2017-11-28,0.00529395655030385
"24805",2017-11-29,0.0015703231332509
"24806",2017-11-30,0.000299402230666601
"24807",2017-12-01,3.34055010853263e-06
"24808",2017-12-02,0.000123365618776461
"24809",2017-12-03,0.000111132883830578
"24810",2017-12-04,0
"24811",2017-12-05,3.38694325137112e-05
"24812",2017-12-06,0.00462000522799144
"24813",2017-12-07,0.00899929418028478
"24814",2017-12-08,0.000636935394140892
"24815",2017-12-09,1.14371505333111e-06
"24816",2017-12-10,0.00130089446338388
"24817",2017-12-11,0.000579728480602171
"24818",2017-12-12,0.000169481589637144
"24819",2017-12-13,0.00976483068734524
"24820",2017-12-14,0.00183191837277263
"24821",2017-12-15,0.00044286091383583
"24822",2017-12-16,0.00277975016888377
"24823",2017-12-17,0.000155441363858699
"24824",2017-12-18,0.00242958063790866
"24825",2017-12-19,6.30785994530925e-05
"24826",2017-12-20,0.000370127099699857
"24827",2017-12-21,4.10078831691862e-06
"24828",2017-12-22,0.00119052920490503
"24829",2017-12-23,5.19675851364809e-05
"24830",2017-12-24,0.000163243861607043
"24831",2017-12-25,0.00686594583868327
"24832",2017-12-26,0.012099046331457
"24833",2017-12-27,0.00356975454269559
"24834",2017-12-28,0.00580633118806873
"24835",2017-12-29,0.00165390077484062
"24836",2017-12-30,0.00186414508425514
"24837",2017-12-31,0.00699852118759736
"24838",2018-01-01,0.00355690977357881
"24839",2018-01-02,7.03293618471434e-05
"24840",2018-01-03,0.0113388921599835
"24841",2018-01-04,0.00623594154603779
"24842",2018-01-05,0.00185390305978217
"24843",2018-01-06,1.14418810426287e-06
"24844",2018-01-07,0
"24845",2018-01-08,9.52568939283083e-08
"24846",2018-01-09,2.21475694388573e-05
"24847",2018-01-10,0.00378871499668776
"24848",2018-01-11,0.00660468678051984
"24849",2018-01-12,0.000490206552058225
"24850",2018-01-13,0.000379537890694337
"24851",2018-01-14,0.0010103947852258
"24852",2018-01-15,0.0102483720111195
"24853",2018-01-16,0.0131616837024922
"24854",2018-01-17,0.000601696514195282
"24855",2018-01-18,8.3617378550116e-05
"24856",2018-01-19,4.77135978371734e-05
"24857",2018-01-20,0.000897233753676119
"24858",2018-01-21,0.000166246490152844
"24859",2018-01-22,6.10057400649566e-05
"24860",2018-01-23,0.00955393231470225
"24861",2018-01-24,0.0111561892854297
"24862",2018-01-25,0.00013078901957897
"24863",2018-01-26,9.6866537603546e-05
"24864",2018-01-27,0.00957397549166217
"24865",2018-01-28,0.00128815983862296
"24866",2018-01-29,0.00895728533487272
"24867",2018-01-30,0.000149274742284433
"24868",2018-01-31,0.0154948165727546
"24869",2018-02-01,0.00921850265876856
"24870",2018-02-02,0.000281924834325764
"24871",2018-02-03,2.9936455916868e-05
"24872",2018-02-04,1.02038532077131e-05
"24873",2018-02-05,4.48966548560747e-05
"24874",2018-02-06,0.000903842546904343
"24875",2018-02-07,0.000208795090429703
"24876",2018-02-08,0.00110718560608802
"24877",2018-02-09,0.00013351868767586
"24878",2018-02-10,0.00121711551582848
"24879",2018-02-11,0.00339506576256099
"24880",2018-02-12,0.00662925440701656
"24881",2018-02-13,0.000513130931835803
"24882",2018-02-14,8.44642312927135e-05
"24883",2018-02-15,0.00188420353714491
"24884",2018-02-16,0.0035208082117606
"24885",2018-02-17,4.9141360136673e-05
"24886",2018-02-18,0.00468315832767985
"24887",2018-02-19,0.00092970909554424
"24888",2018-02-20,0.000493329881464888
"24889",2018-02-21,0.000131562492185822
"24890",2018-02-22,4.19501225223939e-06
"24891",2018-02-23,4.16951922375119e-05
"24892",2018-02-24,0.000853711684953851
"24893",2018-02-25,0.000492623131435721
"24894",2018-02-26,2.86236706870113e-06
"24895",2018-02-27,0.000411321071908333
"24896",2018-02-28,5.65901971754101e-05
"24897",2018-03-01,1.66016295111149e-05
"24898",2018-03-02,0.00036654896211985
"24899",2018-03-03,7.58719220357307e-05
"24900",2018-03-04,0.000226864766887047
"24901",2018-03-05,0.00192685883848753
"24902",2018-03-06,0.000548656142200343
"24903",2018-03-07,0.000173419581017242
"24904",2018-03-08,0.00184522718427615
"24905",2018-03-09,0.000179821176914174
"24906",2018-03-10,9.75930136064562e-05
"24907",2018-03-11,0.00842940356875488
"24908",2018-03-12,0.00681625103243277
"24909",2018-03-13,0.000265573830290577
"24910",2018-03-14,0
"24911",2018-03-15,1.41241669098235e-05
"24912",2018-03-16,7.81627210244551e-06
"24913",2018-03-17,0
"24914",2018-03-18,0
"24915",2018-03-19,0.000107506108179223
"24916",2018-03-20,0
"24917",2018-03-21,0.000437022046753555
"24918",2018-03-22,6.50028295581251e-05
"24919",2018-03-23,0.000463211109604345
"24920",2018-03-24,0.00226340097833599
"24921",2018-03-25,5.24441514926366e-06
"24922",2018-03-26,9.03723770875331e-05
"24923",2018-03-27,2.38339293900935e-06
"24924",2018-03-28,0
"24925",2018-03-29,6.86480791500799e-06
"24926",2018-03-30,7.63160414862796e-07
"24927",2018-03-31,0
"24928",2018-04-01,0
"24929",2018-04-02,0
"24930",2018-04-03,0.00300799915476091
"24931",2018-04-04,0.00746979263476533
"24932",2018-04-05,0.00461660022210708
"24933",2018-04-06,3.33722819050308e-05
"24934",2018-04-07,3.44213276548544e-06
"24935",2018-04-08,0.00299813047058706
"24936",2018-04-09,0.000948228974777976
"24937",2018-04-10,1.61876847073472e-05
"24938",2018-04-11,0
"24939",2018-04-12,0
"24940",2018-04-13,0
"24941",2018-04-14,0
"24942",2018-04-15,0.00152809249175334
"24943",2018-04-16,0.000287823183725777
"24944",2018-04-17,0.000364942621843056
"24945",2018-04-18,0.000242853387987907
"24946",2018-04-19,8.52783750815433e-06
"24947",2018-04-20,1.26257750707737e-05
"24948",2018-04-21,0
"24949",2018-04-22,0
"24950",2018-04-23,0.00461027424415761
"24951",2018-04-24,0.00351333423600408
"24952",2018-04-25,0
"24953",2018-04-26,0.000454897553879618
"24954",2018-04-27,0.000409697635404882
"24955",2018-04-28,1.90592322724115e-06
"24956",2018-04-29,0
"24957",2018-04-30,0.0138468766654114
"24958",2018-05-01,0.0118228520537969
"24959",2018-05-02,0.000173980165982357
"24960",2018-05-03,0.0029933962624682
"24961",2018-05-04,2.56790974049181e-05
"24962",2018-05-05,1.24529799450102e-06
"24963",2018-05-06,0
"24964",2018-05-07,0
"24965",2018-05-08,0
"24966",2018-05-09,0
"24967",2018-05-10,0.000400844487558061
"24968",2018-05-11,1.57333344077415e-05
"24969",2018-05-12,0
"24970",2018-05-13,0.00142299423760051
"24971",2018-05-14,0
"24972",2018-05-15,0
"24973",2018-05-16,2.28908802455408e-05
"24974",2018-05-17,0.000591526750213234
"24975",2018-05-18,0
"24976",2018-05-19,0
"24977",2018-05-20,0
"24978",2018-05-21,0
"24979",2018-05-22,0
"24980",2018-05-23,0
"24981",2018-05-24,0
"24982",2018-05-25,0
"24983",2018-05-26,0
"24984",2018-05-27,0
"24985",2018-05-28,0.00388201973692048
"24986",2018-05-29,0.00137526819452205
"24987",2018-05-30,5.72094052131433e-07
"24988",2018-05-31,0
"24989",2018-06-01,0
"24990",2018-06-02,1.43051147460938e-06
"24991",2018-06-03,0.000584265655561467
"24992",2018-06-04,0
"24993",2018-06-05,0
"24994",2018-06-06,0
"24995",2018-06-07,0
"24996",2018-06-08,9.5367431640625e-07
"24997",2018-06-09,3.04805325868074e-06
"24998",2018-06-10,0.00229876276262075
"24999",2018-06-11,0.00374586670091048
"25000",2018-06-12,0
"25001",2018-06-13,0.00416552630451861
"25002",2018-06-14,0.00532224064215825
"25003",2018-06-15,0.00024564265254412
"25004",2018-06-16,0.00359237633529119
"25005",2018-06-17,0.017525994899529
"25006",2018-06-18,0.00136306036165479
"25007",2018-06-19,0.00020534103390446
"25008",2018-06-20,0.00866622854664456
"25009",2018-06-21,0.0100423529810882
"25010",2018-06-22,0.000496712437097813
"25011",2018-06-23,0
"25012",2018-06-24,6.210998253664e-05
"25013",2018-06-25,0
"25014",2018-06-26,0
"25015",2018-06-27,0
"25016",2018-06-28,0
"25017",2018-06-29,0
"25018",2018-06-30,0
"25019",2018-07-01,5.71381406189175e-07
"25020",2018-07-02,0
"25021",2018-07-03,0
"25022",2018-07-04,0
"25023",2018-07-05,2.1023698764111e-06
"25024",2018-07-06,0.000368807447898689
"25025",2018-07-07,0.000202722653114051
"25026",2018-07-08,0
"25027",2018-07-09,0.00547462630601103
"25028",2018-07-10,3.37459414936347e-05
"25029",2018-07-11,1.14276281237835e-06
"25030",2018-07-12,0.00136546497026302
"25031",2018-07-13,0.00158990760428424
"25032",2018-07-14,0
"25033",2018-07-15,2.87668456167012e-07
"25034",2018-07-16,1.91778894986783e-07
"25035",2018-07-17,0.000693358600983629
"25036",2018-07-18,0.00237779492061918
"25037",2018-07-19,0.000162869662972298
"25038",2018-07-20,0
"25039",2018-07-21,0
"25040",2018-07-22,3.06000015939389e-05
"25041",2018-07-23,4.09555855185317e-06
"25042",2018-07-24,1.82190024133888e-06
"25043",2018-07-25,9.58894474933913e-08
"25044",2018-07-26,0
"25045",2018-07-27,8.20203968032729e-06
"25046",2018-07-28,0.00717524711581063
"25047",2018-07-29,0.00397839421930257
"25048",2018-07-30,7.07917206455022e-05
"25049",2018-07-31,0.00347121293498276
"25050",2018-08-01,2.87945040895465e-05
"25051",2018-08-02,0
"25052",2018-08-03,0.00072365257022966
"25053",2018-08-04,0.000855576839228434
"25054",2018-08-05,0
"25055",2018-08-06,0.00235777090983902
"25056",2018-08-07,8.58598194781734e-05
"25057",2018-08-08,0.00324989018957922
"25058",2018-08-09,0.000501570086271386
"25059",2018-08-10,0.0111697132715562
"25060",2018-08-11,0.00935833436199118
"25061",2018-08-12,0.000976706213691614
"25062",2018-08-13,0
"25063",2018-08-14,0.000759303919551257
"25064",2018-08-15,0.000898161915245055
"25065",2018-08-16,0.00413246994139627
"25066",2018-08-17,0.00252689917914495
"25067",2018-08-18,0.0036889983285846
"25068",2018-08-19,1.23924537547282e-05
"25069",2018-08-20,2.29233171467058e-06
"25070",2018-08-21,0
"25071",2018-08-22,0.00267500478003058
"25072",2018-08-23,0.0158742797966624
"25073",2018-08-24,0.00423795136686067
"25074",2018-08-25,0.00227193250026403
"25075",2018-08-26,0.000444514580976829
"25076",2018-08-27,0.00606862657372176
"25077",2018-08-28,4.38566667071427e-05
"25078",2018-08-29,0.000476307361623185
"25079",2018-08-30,0.00560719593295289
"25080",2018-08-31,1.36280245328635e-05
"25081",2018-09-01,5.22181926498888e-05
"25082",2018-09-02,0
"25083",2018-09-03,5.23488981230003e-05
"25084",2018-09-04,3.81027689400071e-07
"25085",2018-09-05,0.00158263940647885
"25086",2018-09-06,0.00577372484258376
"25087",2018-09-07,0.00590403176192922
"25088",2018-09-08,0.00817447515339609
"25089",2018-09-09,0.0136081724049859
"25090",2018-09-10,0.0125870714027769
"25091",2018-09-11,0.0132699975947617
"25092",2018-09-12,0.000338194252435642
"25093",2018-09-13,0.00188207209703251
"25094",2018-09-14,0.0109920241928876
"25095",2018-09-15,0.000121966700817211
"25096",2018-09-16,0.00831586440381216
"25097",2018-09-17,0.000507192959958047
"25098",2018-09-18,0.00146548744925212
"25099",2018-09-19,0.00327760493343021
"25100",2018-09-20,0.00200906651349442
"25101",2018-09-21,0.0110977814474609
"25102",2018-09-22,0.0008291554686366
"25103",2018-09-23,2.52918875389696e-05
"25104",2018-09-24,0.000118794763750429
"25105",2018-09-25,5.38288468305836e-05
"25106",2018-09-26,0.00221505344546813
"25107",2018-09-27,0.00411291486307164
"25108",2018-09-28,7.1841213866719e-06
"25109",2018-09-29,0.000781990286554901
"25110",2018-09-30,0.000600880068304832
"25111",2018-10-01,0.000356453893743947
"25112",2018-10-02,0.00660693679128599
"25113",2018-10-03,1.4946972044072e-05
"25114",2018-10-04,0.00114122188011834
"25115",2018-10-05,0.00025764978818188
"25116",2018-10-06,2.77288421557387e-06
"25117",2018-10-07,0.000128327143102069
"25118",2018-10-08,0.00918118764820974
"25119",2018-10-09,0.00138328565753909
"25120",2018-10-10,1.03057635669757e-05
"25121",2018-10-11,3.90908843428406e-06
"25122",2018-10-12,0.000109287291024884
"25123",2018-10-13,5.33583213950806e-05
"25124",2018-10-14,1.04893121033456e-06
"25125",2018-10-15,0.0068120293674383
"25126",2018-10-16,0.000397693978698044
"25127",2018-10-17,0.000474309555102082
"25128",2018-10-18,3.81580207431398e-07
"25129",2018-10-19,7.67115921007644e-07
"25130",2018-10-20,2.5947289486794e-05
"25131",2018-10-21,0.00160246828363597
"25132",2018-10-22,0.000608275005106407
"25133",2018-10-23,0.00197959929181479
"25134",2018-10-24,1.81398883114525e-06
"25135",2018-10-25,0
"25136",2018-10-26,0.00155408088556896
"25137",2018-10-27,0.000269189206903775
"25138",2018-10-28,1.51018872429631e-05
"25139",2018-10-29,0.00128281624711235
"25140",2018-10-30,0.0108795997011839
"25141",2018-10-31,0.00895413229682163
"25142",2018-11-01,0.000132416464282414
"25143",2018-11-02,0.00323819864661345
"25144",2018-11-03,3.84158096267129e-05
"25145",2018-11-04,7.78448871301407e-05
"25146",2018-11-05,0.000387975648663996
"25147",2018-11-06,0.000279673733530217
"25148",2018-11-07,0.000449732430752192
"25149",2018-11-08,0.000924280780054687
"25150",2018-11-09,0.00329734864226339
"25151",2018-11-10,0.0085549025416185
"25152",2018-11-11,0.0164281283150558
"25153",2018-11-12,0.00250797074011189
"25154",2018-11-13,0.00238042957158768
"25155",2018-11-14,0.00085814297676734
"25156",2018-11-15,0.00119716075050746
"25157",2018-11-16,0.000136709507501109
"25158",2018-11-17,6.8881928200426e-05
"25159",2018-11-18,1.55528611003319e-05
"25160",2018-11-19,0.000171035115897666
"25161",2018-11-20,8.77329909485525e-05
"25162",2018-11-21,7.8922907107426e-05
"25163",2018-11-22,2.12011636904208e-05
"25164",2018-11-23,2.76479981380362e-05
"25165",2018-11-24,2.15667616885185e-05
"25166",2018-11-25,1.04926264725691e-05
"25167",2018-11-26,0
"25168",2018-11-27,0
"25169",2018-11-28,3.37390596314435e-05
"25170",2018-11-29,0.015884007603745
"25171",2018-11-30,0.00686451786896214
"25172",2018-12-01,0.007629510058905
"25173",2018-12-02,0.00731459556664049
"25174",2018-12-03,0.00704268022673205
"25175",2018-12-04,0.000902664251043461
"25176",2018-12-05,9.92682741411954e-05
"25177",2018-12-06,0.00755848032895301
"25178",2018-12-07,0.00642669645316118
"25179",2018-12-08,0.0055688151569484
"25180",2018-12-09,8.09815682032422e-05
"25181",2018-12-10,2.2020821006663e-05
"25182",2018-12-11,2.00260541305397e-06
"25183",2018-12-12,6.35915563975686e-05
"25184",2018-12-13,0.00021437726172735
"25185",2018-12-14,6.67328277472734e-05
"25186",2018-12-15,6.74982877626462e-05
"25187",2018-12-16,0.000525218854818377
"25188",2018-12-17,0.000482305046716647
"25189",2018-12-18,0.000552152945601847
"25190",2018-12-19,0.0031819640280446
"25191",2018-12-20,0.00173013827316026
"25192",2018-12-21,0.000950661361457605
"25193",2018-12-22,4.12100521316461e-05
"25194",2018-12-23,2.81899434639854e-05
"25195",2018-12-24,2.96502948913258e-05
"25196",2018-12-25,9.52568939283083e-08
"25197",2018-12-26,9.9362077889964e-05
"25198",2018-12-27,0.00038887843328439
"25199",2018-12-28,7.63160414862796e-07
"25200",2018-12-29,0.0019782104626529
"25201",2018-12-30,0.000914603907119727
"25202",2018-12-31,0.000842202915180223
