"","t","temp"
"1",1980-01-01,271.356079101562
"2",1980-01-02,269.109008789062
"3",1980-01-03,261.6455078125
"4",1980-01-04,266.773345947266
"5",1980-01-05,270.622436523438
"6",1980-01-06,272.032501220703
"7",1980-01-07,269.530883789062
"8",1980-01-08,269.121826171875
"9",1980-01-09,269.710754394531
"10",1980-01-10,269.949035644531
"11",1980-01-11,269.494140625
"12",1980-01-12,269.85791015625
"13",1980-01-13,275.830383300781
"14",1980-01-14,275.857940673828
"15",1980-01-15,272.699523925781
"16",1980-01-16,272.351989746094
"17",1980-01-17,274.192810058594
"18",1980-01-18,273.728149414062
"19",1980-01-19,273.532348632812
"20",1980-01-20,271.755340576172
"21",1980-01-21,271.7041015625
"22",1980-01-22,272.964630126953
"23",1980-01-23,273.979614257812
"24",1980-01-24,272.471374511719
"25",1980-01-25,262.902954101562
"26",1980-01-26,266.75634765625
"27",1980-01-27,266.288818359375
"28",1980-01-28,269.913330078125
"29",1980-01-29,269.057495117188
"30",1980-01-30,266.586608886719
"31",1980-01-31,266.116516113281
"32",1980-02-01,265.423583984375
"33",1980-02-02,268.3486328125
"34",1980-02-03,267.355102539062
"35",1980-02-04,263.27880859375
"36",1980-02-05,263.285888671875
"37",1980-02-06,263.244140625
"38",1980-02-07,264.945831298828
"39",1980-02-08,260.022094726562
"40",1980-02-09,264.167297363281
"41",1980-02-10,268.296325683594
"42",1980-02-11,268.861755371094
"43",1980-02-12,269.439727783203
"44",1980-02-13,272.307281494141
"45",1980-02-14,275.071395874023
"46",1980-02-15,275.163299560547
"47",1980-02-16,276.843627929688
"48",1980-02-17,273.918029785156
"49",1980-02-18,272.005218505859
"50",1980-02-19,272.200149536133
"51",1980-02-20,272.089111328125
"52",1980-02-21,271.364013671875
"53",1980-02-22,270.629211425781
"54",1980-02-23,270.211730957031
"55",1980-02-24,270.633972167969
"56",1980-02-25,270.768905639648
"57",1980-02-26,269.685668945312
"58",1980-02-27,274.93212890625
"59",1980-02-28,275.298355102539
"60",1980-02-29,276.00244140625
"61",1980-03-01,279.017150878906
"62",1980-03-02,272.627716064453
"63",1980-03-03,273.287628173828
"64",1980-03-04,273.219970703125
"65",1980-03-05,277.137878417969
"66",1980-03-06,276.434295654297
"67",1980-03-07,274.047012329102
"68",1980-03-08,273.446868896484
"69",1980-03-09,274.132568359375
"70",1980-03-10,273.509231567383
"71",1980-03-11,273.339538574219
"72",1980-03-12,273.338165283203
"73",1980-03-13,274.376251220703
"74",1980-03-14,272.777130126953
"75",1980-03-15,274.705780029297
"76",1980-03-16,274.76741027832
"77",1980-03-17,274.702667236328
"78",1980-03-18,270.180267333984
"79",1980-03-19,270.971435546875
"80",1980-03-20,272.779022216797
"81",1980-03-21,272.944305419922
"82",1980-03-22,272.108337402344
"83",1980-03-23,273.003784179688
"84",1980-03-24,274.739501953125
"85",1980-03-25,274.884094238281
"86",1980-03-26,275.13525390625
"87",1980-03-27,272.80078125
"88",1980-03-28,275.079956054688
"89",1980-03-29,276.229431152344
"90",1980-03-30,277.174575805664
"91",1980-03-31,278.936889648438
"92",1980-04-01,280.993286132812
"93",1980-04-02,276.671813964844
"94",1980-04-03,279.117614746094
"95",1980-04-04,280.906616210938
"96",1980-04-05,283.240356445312
"97",1980-04-06,284.562133789062
"98",1980-04-07,277.326599121094
"99",1980-04-08,282.450927734375
"100",1980-04-09,281.2685546875
"101",1980-04-10,282.596801757812
"102",1980-04-11,283.653442382812
"103",1980-04-12,288.258056640625
"104",1980-04-13,285.122924804688
"105",1980-04-14,288.158203125
"106",1980-04-15,289.779541015625
"107",1980-04-16,288.8037109375
"108",1980-04-17,284.525756835938
"109",1980-04-18,282.630615234375
"110",1980-04-19,278.586059570312
"111",1980-04-20,280.697875976562
"112",1980-04-21,285.52587890625
"113",1980-04-22,286.018920898438
"114",1980-04-23,286.6396484375
"115",1980-04-24,289.703369140625
"116",1980-04-25,282.972229003906
"117",1980-04-26,282.283996582031
"118",1980-04-27,283.047180175781
"119",1980-04-28,285.116088867188
"120",1980-04-29,288.27734375
"121",1980-04-30,288.81640625
"122",1980-05-01,287.986694335938
"123",1980-05-02,289.22119140625
"124",1980-05-03,288.256469726562
"125",1980-05-04,289.526733398438
"126",1980-05-05,292.688232421875
"127",1980-05-06,293.1025390625
"128",1980-05-07,290.24853515625
"129",1980-05-08,282.516021728516
"130",1980-05-09,285.023132324219
"131",1980-05-10,286.38720703125
"132",1980-05-11,286.410888671875
"133",1980-05-12,289.349243164062
"134",1980-05-13,291.27880859375
"135",1980-05-14,293.9716796875
"136",1980-05-15,296.4404296875
"137",1980-05-16,298.548828125
"138",1980-05-17,298.94482421875
"139",1980-05-18,298.994140625
"140",1980-05-19,291.003295898438
"141",1980-05-20,284.322662353516
"142",1980-05-21,283.125244140625
"143",1980-05-22,285.693359375
"144",1980-05-23,288.997680664062
"145",1980-05-24,287.897216796875
"146",1980-05-25,286.774841308594
"147",1980-05-26,284.136840820312
"148",1980-05-27,287.576965332031
"149",1980-05-28,286.069366455078
"150",1980-05-29,287.683319091797
"151",1980-05-30,287.849365234375
"152",1980-05-31,286.835815429688
"153",1980-06-01,291.657958984375
"154",1980-06-02,289.60205078125
"155",1980-06-03,296.493896484375
"156",1980-06-04,297.492919921875
"157",1980-06-05,301.23046875
"158",1980-06-06,300.377197265625
"159",1980-06-07,299.813720703125
"160",1980-06-08,297.407104492188
"161",1980-06-09,294.119750976562
"162",1980-06-10,299.069458007812
"163",1980-06-11,298.073120117188
"164",1980-06-12,290.665710449219
"165",1980-06-13,290.710083007812
"166",1980-06-14,294.439575195312
"167",1980-06-15,296.98095703125
"168",1980-06-16,295.04443359375
"169",1980-06-17,294.555908203125
"170",1980-06-18,292.39697265625
"171",1980-06-19,291.097717285156
"172",1980-06-20,289.719543457031
"173",1980-06-21,288.152587890625
"174",1980-06-22,288.773712158203
"175",1980-06-23,289.551574707031
"176",1980-06-24,289.773498535156
"177",1980-06-25,289.963623046875
"178",1980-06-26,288.401214599609
"179",1980-06-27,288.160583496094
"180",1980-06-28,290.98974609375
"181",1980-06-29,286.249542236328
"182",1980-06-30,291.3525390625
"183",1980-07-01,294.414184570312
"184",1980-07-02,295.486938476562
"185",1980-07-03,295.233764648438
"186",1980-07-04,295.165893554688
"187",1980-07-05,293.92626953125
"188",1980-07-06,293.223754882812
"189",1980-07-07,292.744323730469
"190",1980-07-08,295.141845703125
"191",1980-07-09,294.365783691406
"192",1980-07-10,294.773254394531
"193",1980-07-11,296.95361328125
"194",1980-07-12,289.698852539062
"195",1980-07-13,291.212036132812
"196",1980-07-14,292.180786132812
"197",1980-07-15,291.930297851562
"198",1980-07-16,290.757690429688
"199",1980-07-17,293.943725585938
"200",1980-07-18,288.847564697266
"201",1980-07-19,290.374145507812
"202",1980-07-20,289.170104980469
"203",1980-07-21,290.353271484375
"204",1980-07-22,293.771362304688
"205",1980-07-23,292.704711914062
"206",1980-07-24,293.962646484375
"207",1980-07-25,296.789428710938
"208",1980-07-26,299.315307617188
"209",1980-07-27,298.380859375
"210",1980-07-28,299.486450195312
"211",1980-07-29,298.753784179688
"212",1980-07-30,298.206970214844
"213",1980-07-31,298.575317382812
"214",1980-08-01,293.755310058594
"215",1980-08-02,293.521667480469
"216",1980-08-03,295.826232910156
"217",1980-08-04,295.74072265625
"218",1980-08-05,291.850433349609
"219",1980-08-06,294.525817871094
"220",1980-08-07,293.260559082031
"221",1980-08-08,289.537628173828
"222",1980-08-09,290.371337890625
"223",1980-08-10,291.668151855469
"224",1980-08-11,293.614135742188
"225",1980-08-12,291.965423583984
"226",1980-08-13,294.888061523438
"227",1980-08-14,295.846069335938
"228",1980-08-15,296.484985351562
"229",1980-08-16,296.400634765625
"230",1980-08-17,294.894653320312
"231",1980-08-18,292.832397460938
"232",1980-08-19,289.098281860352
"233",1980-08-20,290.008972167969
"234",1980-08-21,290.226684570312
"235",1980-08-22,291.477874755859
"236",1980-08-23,289.726013183594
"237",1980-08-24,288.585083007812
"238",1980-08-25,289.90966796875
"239",1980-08-26,289.717041015625
"240",1980-08-27,289.364074707031
"241",1980-08-28,287.654266357422
"242",1980-08-29,290.929260253906
"243",1980-08-30,289.446502685547
"244",1980-08-31,288.307830810547
"245",1980-09-01,291.754760742188
"246",1980-09-02,289.683319091797
"247",1980-09-03,290.716918945312
"248",1980-09-04,290.017761230469
"249",1980-09-05,288.371887207031
"250",1980-09-06,288.988784790039
"251",1980-09-07,290.259094238281
"252",1980-09-08,292.497863769531
"253",1980-09-09,288.256210327148
"254",1980-09-10,288.366882324219
"255",1980-09-11,284.046936035156
"256",1980-09-12,285.197875976562
"257",1980-09-13,287.679565429688
"258",1980-09-14,288.932861328125
"259",1980-09-15,289.356994628906
"260",1980-09-16,288.149108886719
"261",1980-09-17,285.368774414062
"262",1980-09-18,289.469848632812
"263",1980-09-19,288.136688232422
"264",1980-09-20,287.604690551758
"265",1980-09-21,288.040832519531
"266",1980-09-22,288.719528198242
"267",1980-09-23,288.207595825195
"268",1980-09-24,288.684753417969
"269",1980-09-25,288.513244628906
"270",1980-09-26,287.744750976562
"271",1980-09-27,286.711639404297
"272",1980-09-28,286.667663574219
"273",1980-09-29,286.909942626953
"274",1980-09-30,287.386047363281
"275",1980-10-01,284.82470703125
"276",1980-10-02,287.397827148438
"277",1980-10-03,285.490356445312
"278",1980-10-04,285.330169677734
"279",1980-10-05,284.223709106445
"280",1980-10-06,284.254638671875
"281",1980-10-07,285.194091796875
"282",1980-10-08,283.686157226562
"283",1980-10-09,283.362930297852
"284",1980-10-10,283.798263549805
"285",1980-10-11,284.344940185547
"286",1980-10-12,284.560913085938
"287",1980-10-13,284.873992919922
"288",1980-10-14,281.157699584961
"289",1980-10-15,279.204925537109
"290",1980-10-16,280.571929931641
"291",1980-10-17,281.009704589844
"292",1980-10-18,283.744583129883
"293",1980-10-19,280.972686767578
"294",1980-10-20,280.53303527832
"295",1980-10-21,278.424865722656
"296",1980-10-22,278.201416015625
"297",1980-10-23,276.9189453125
"298",1980-10-24,277.43798828125
"299",1980-10-25,275.433898925781
"300",1980-10-26,275.177474975586
"301",1980-10-27,282.280151367188
"302",1980-10-28,282.553146362305
"303",1980-10-29,282.037170410156
"304",1980-10-30,274.90771484375
"305",1980-10-31,274.660766601562
"306",1980-11-01,274.638702392578
"307",1980-11-02,274.992431640625
"308",1980-11-03,274.386413574219
"309",1980-11-04,275.705108642578
"310",1980-11-05,277.615386962891
"311",1980-11-06,275.296173095703
"312",1980-11-07,275.773559570312
"313",1980-11-08,275.466613769531
"314",1980-11-09,277.213775634766
"315",1980-11-10,273.58642578125
"316",1980-11-11,274.777770996094
"317",1980-11-12,272.726867675781
"318",1980-11-13,276.635803222656
"319",1980-11-14,277.677337646484
"320",1980-11-15,280.135162353516
"321",1980-11-16,280.060180664062
"322",1980-11-17,281.63410949707
"323",1980-11-18,281.228393554688
"324",1980-11-19,272.389221191406
"325",1980-11-20,281.317367553711
"326",1980-11-21,282.147323608398
"327",1980-11-22,282.470748901367
"328",1980-11-23,283.570159912109
"329",1980-11-24,279.620422363281
"330",1980-11-25,272.172973632812
"331",1980-11-26,269.160949707031
"332",1980-11-27,271.934844970703
"333",1980-11-28,269.261779785156
"334",1980-11-29,266.954162597656
"335",1980-11-30,271.4326171875
"336",1980-12-01,278.475250244141
"337",1980-12-02,277.971008300781
"338",1980-12-03,272.171142578125
"339",1980-12-04,268.994873046875
"340",1980-12-05,270.103759765625
"341",1980-12-06,263.478942871094
"342",1980-12-07,265.5888671875
"343",1980-12-08,279.253631591797
"344",1980-12-09,280.121429443359
"345",1980-12-10,279.273681640625
"346",1980-12-11,276.2177734375
"347",1980-12-12,279.988204956055
"348",1980-12-13,280.546905517578
"349",1980-12-14,278.667297363281
"350",1980-12-15,277.639465332031
"351",1980-12-16,272.128601074219
"352",1980-12-17,276.321075439453
"353",1980-12-18,276.544738769531
"354",1980-12-19,274.093872070312
"355",1980-12-20,274.179840087891
"356",1980-12-21,273.887329101562
"357",1980-12-22,276.157409667969
"358",1980-12-23,276.633880615234
"359",1980-12-24,278.293243408203
"360",1980-12-25,275.768981933594
"361",1980-12-26,276.845977783203
"362",1980-12-27,271.793701171875
"363",1980-12-28,279.338409423828
"364",1980-12-29,280.794128417969
"365",1980-12-30,280.037139892578
"366",1980-12-31,280.070037841797
"367",1981-01-01,276.266174316406
"368",1981-01-02,273.754577636719
"369",1981-01-03,271.474548339844
"370",1981-01-04,269.945739746094
"371",1981-01-05,265.658569335938
"372",1981-01-06,264.64111328125
"373",1981-01-07,265.506591796875
"374",1981-01-08,278.5185546875
"375",1981-01-09,278.350769042969
"376",1981-01-10,273.166198730469
"377",1981-01-11,276.818511962891
"378",1981-01-12,276.781387329102
"379",1981-01-13,271.246643066406
"380",1981-01-14,275.605499267578
"381",1981-01-15,274.465454101562
"382",1981-01-16,272.645904541016
"383",1981-01-17,266.691589355469
"384",1981-01-18,265.007385253906
"385",1981-01-19,262.777160644531
"386",1981-01-20,268.978149414062
"387",1981-01-21,275.592315673828
"388",1981-01-22,276.110534667969
"389",1981-01-23,275.818634033203
"390",1981-01-24,277.188507080078
"391",1981-01-25,275.007720947266
"392",1981-01-26,271.668212890625
"393",1981-01-27,276.966125488281
"394",1981-01-28,275.879364013672
"395",1981-01-29,277.21337890625
"396",1981-01-30,277.948455810547
"397",1981-01-31,280.401916503906
"398",1981-02-01,280.946899414062
"399",1981-02-02,279.450103759766
"400",1981-02-03,277.67399597168
"401",1981-02-04,275.316192626953
"402",1981-02-05,274.590850830078
"403",1981-02-06,277.887054443359
"404",1981-02-07,277.269897460938
"405",1981-02-08,280.222473144531
"406",1981-02-09,275.956085205078
"407",1981-02-10,272.447326660156
"408",1981-02-11,270.893096923828
"409",1981-02-12,271.224975585938
"410",1981-02-13,270.711853027344
"411",1981-02-14,275.712951660156
"412",1981-02-15,273.416870117188
"413",1981-02-16,273.931549072266
"414",1981-02-17,275.978454589844
"415",1981-02-18,272.053619384766
"416",1981-02-19,271.541366577148
"417",1981-02-20,267.716201782227
"418",1981-02-21,267.498565673828
"419",1981-02-22,269.359008789062
"420",1981-02-23,271.132064819336
"421",1981-02-24,272.758636474609
"422",1981-02-25,273.539611816406
"423",1981-02-26,272.906661987305
"424",1981-02-27,269.670593261719
"425",1981-02-28,272.977783203125
"426",1981-03-01,271.88525390625
"427",1981-03-02,272.23193359375
"428",1981-03-03,273.533294677734
"429",1981-03-04,273.495483398438
"430",1981-03-05,272.260467529297
"431",1981-03-06,266.506286621094
"432",1981-03-07,275.170654296875
"433",1981-03-08,276.451263427734
"434",1981-03-09,277.991271972656
"435",1981-03-10,277.798583984375
"436",1981-03-11,274.116790771484
"437",1981-03-12,272.414825439453
"438",1981-03-13,273.894775390625
"439",1981-03-14,272.369934082031
"440",1981-03-15,269.084136962891
"441",1981-03-16,272.813949584961
"442",1981-03-17,275.148071289062
"443",1981-03-18,273.143402099609
"444",1981-03-19,274.960601806641
"445",1981-03-20,275.577453613281
"446",1981-03-21,277.892456054688
"447",1981-03-22,281.176513671875
"448",1981-03-23,278.563232421875
"449",1981-03-24,276.07844543457
"450",1981-03-25,278.548706054688
"451",1981-03-26,276.334411621094
"452",1981-03-27,275.386932373047
"453",1981-03-28,278.033813476562
"454",1981-03-29,280.110961914062
"455",1981-03-30,281.056335449219
"456",1981-03-31,287.1865234375
"457",1981-04-01,281.630859375
"458",1981-04-02,283.671875
"459",1981-04-03,279.895446777344
"460",1981-04-04,285.053100585938
"461",1981-04-05,286.1533203125
"462",1981-04-06,286.2509765625
"463",1981-04-07,285.63232421875
"464",1981-04-08,281.256713867188
"465",1981-04-09,284.946166992188
"466",1981-04-10,286.445678710938
"467",1981-04-11,285.814697265625
"468",1981-04-12,284.006713867188
"469",1981-04-13,284.51171875
"470",1981-04-14,290.286865234375
"471",1981-04-15,286.74658203125
"472",1981-04-16,281.729614257812
"473",1981-04-17,284.796752929688
"474",1981-04-18,284.3359375
"475",1981-04-19,282.026702880859
"476",1981-04-20,284.8740234375
"477",1981-04-21,279.316589355469
"478",1981-04-22,277.254943847656
"479",1981-04-23,275.862823486328
"480",1981-04-24,278.823974609375
"481",1981-04-25,280.710021972656
"482",1981-04-26,282.381103515625
"483",1981-04-27,281.488586425781
"484",1981-04-28,281.167297363281
"485",1981-04-29,280.249938964844
"486",1981-04-30,282.213928222656
"487",1981-05-01,277.891723632812
"488",1981-05-02,278.282745361328
"489",1981-05-03,279.901794433594
"490",1981-05-04,279.934326171875
"491",1981-05-05,282.604248046875
"492",1981-05-06,284.588623046875
"493",1981-05-07,286.641235351562
"494",1981-05-08,292.151123046875
"495",1981-05-09,295.08251953125
"496",1981-05-10,297.312744140625
"497",1981-05-11,298.356689453125
"498",1981-05-12,295.949462890625
"499",1981-05-13,291.55810546875
"500",1981-05-14,293.017822265625
"501",1981-05-15,296.3134765625
"502",1981-05-16,294.300170898438
"503",1981-05-17,294.099487304688
"504",1981-05-18,293.1591796875
"505",1981-05-19,290.816650390625
"506",1981-05-20,293.514770507812
"507",1981-05-21,298.013427734375
"508",1981-05-22,298.05224609375
"509",1981-05-23,293.20947265625
"510",1981-05-24,292.53515625
"511",1981-05-25,285.642791748047
"512",1981-05-26,289.871704101562
"513",1981-05-27,291.878051757812
"514",1981-05-28,286.058654785156
"515",1981-05-29,287.621459960938
"516",1981-05-30,290.347290039062
"517",1981-05-31,291.60595703125
"518",1981-06-01,289.532348632812
"519",1981-06-02,293.835327148438
"520",1981-06-03,293.640747070312
"521",1981-06-04,290.667236328125
"522",1981-06-05,286.699508666992
"523",1981-06-06,287.81689453125
"524",1981-06-07,287.765167236328
"525",1981-06-08,287.126220703125
"526",1981-06-09,288.393676757812
"527",1981-06-10,286.112808227539
"528",1981-06-11,287.271423339844
"529",1981-06-12,282.696105957031
"530",1981-06-13,286.271118164062
"531",1981-06-14,287.027160644531
"532",1981-06-15,292.161010742188
"533",1981-06-16,288.131652832031
"534",1981-06-17,290.573486328125
"535",1981-06-18,291.325927734375
"536",1981-06-19,290.211791992188
"537",1981-06-20,286.018096923828
"538",1981-06-21,289.197509765625
"539",1981-06-22,292.193359375
"540",1981-06-23,292.657958984375
"541",1981-06-24,293.881713867188
"542",1981-06-25,293.339111328125
"543",1981-06-26,289.515319824219
"544",1981-06-27,289.372436523438
"545",1981-06-28,289.202758789062
"546",1981-06-29,285.965393066406
"547",1981-06-30,285.537658691406
"548",1981-07-01,290.585205078125
"549",1981-07-02,289.341918945312
"550",1981-07-03,290.855529785156
"551",1981-07-04,290.873107910156
"552",1981-07-05,291.980712890625
"553",1981-07-06,291.291320800781
"554",1981-07-07,291.256042480469
"555",1981-07-08,295.082641601562
"556",1981-07-09,299.265625
"557",1981-07-10,298.8486328125
"558",1981-07-11,299.648681640625
"559",1981-07-12,291.981628417969
"560",1981-07-13,288.636444091797
"561",1981-07-14,289.786499023438
"562",1981-07-15,290.166717529297
"563",1981-07-16,290.047424316406
"564",1981-07-17,289.165954589844
"565",1981-07-18,290.6064453125
"566",1981-07-19,292.684326171875
"567",1981-07-20,292.253295898438
"568",1981-07-21,293.387084960938
"569",1981-07-22,295.27197265625
"570",1981-07-23,293.436279296875
"571",1981-07-24,294.068237304688
"572",1981-07-25,291.493804931641
"573",1981-07-26,292.250915527344
"574",1981-07-27,292.847900390625
"575",1981-07-28,294.128601074219
"576",1981-07-29,290.322021484375
"577",1981-07-30,293.616333007812
"578",1981-07-31,293.488891601562
"579",1981-08-01,290.694213867188
"580",1981-08-02,290.626831054688
"581",1981-08-03,291.272033691406
"582",1981-08-04,291.124206542969
"583",1981-08-05,293.225341796875
"584",1981-08-06,294.2099609375
"585",1981-08-07,296.110961914062
"586",1981-08-08,293.618560791016
"587",1981-08-09,294.576538085938
"588",1981-08-10,289.656188964844
"589",1981-08-11,294.755737304688
"590",1981-08-12,296.54736328125
"591",1981-08-13,295.1259765625
"592",1981-08-14,292.406860351562
"593",1981-08-15,292.888488769531
"594",1981-08-16,288.555023193359
"595",1981-08-17,292.279174804688
"596",1981-08-18,291.186401367188
"597",1981-08-19,290.045104980469
"598",1981-08-20,290.605834960938
"599",1981-08-21,290.5458984375
"600",1981-08-22,291.008056640625
"601",1981-08-23,292.784240722656
"602",1981-08-24,294.088256835938
"603",1981-08-25,292.718017578125
"604",1981-08-26,291.007446289062
"605",1981-08-27,290.350158691406
"606",1981-08-28,290.938232421875
"607",1981-08-29,289.976806640625
"608",1981-08-30,290.687866210938
"609",1981-08-31,290.206359863281
"610",1981-09-01,292.289428710938
"611",1981-09-02,292.408081054688
"612",1981-09-03,292.023071289062
"613",1981-09-04,290.404174804688
"614",1981-09-05,292.055969238281
"615",1981-09-06,289.859436035156
"616",1981-09-07,290.155029296875
"617",1981-09-08,291.996643066406
"618",1981-09-09,291.3740234375
"619",1981-09-10,289.478851318359
"620",1981-09-11,289.769470214844
"621",1981-09-12,288.640533447266
"622",1981-09-13,286.783386230469
"623",1981-09-14,284.673004150391
"624",1981-09-15,289.680847167969
"625",1981-09-16,285.741424560547
"626",1981-09-17,286.260513305664
"627",1981-09-18,287.955322265625
"628",1981-09-19,282.548095703125
"629",1981-09-20,284.681091308594
"630",1981-09-21,285.571899414062
"631",1981-09-22,287.144012451172
"632",1981-09-23,288.434448242188
"633",1981-09-24,286.737548828125
"634",1981-09-25,289.720458984375
"635",1981-09-26,289.480041503906
"636",1981-09-27,291.766662597656
"637",1981-09-28,287.692443847656
"638",1981-09-29,284.904479980469
"639",1981-09-30,287.922607421875
"640",1981-10-01,287.708374023438
"641",1981-10-02,287.862609863281
"642",1981-10-03,287.635650634766
"643",1981-10-04,282.883422851562
"644",1981-10-05,286.523086547852
"645",1981-10-06,285.171813964844
"646",1981-10-07,284.633422851562
"647",1981-10-08,284.432800292969
"648",1981-10-09,284.214324951172
"649",1981-10-10,284.129608154297
"650",1981-10-11,282.576477050781
"651",1981-10-12,282.292861938477
"652",1981-10-13,283.431427001953
"653",1981-10-14,282.807708740234
"654",1981-10-15,281.130035400391
"655",1981-10-16,282.06086730957
"656",1981-10-17,282.111053466797
"657",1981-10-18,280.484725952148
"658",1981-10-19,281.485473632812
"659",1981-10-20,282.454498291016
"660",1981-10-21,280.223693847656
"661",1981-10-22,278.2958984375
"662",1981-10-23,277.261871337891
"663",1981-10-24,277.374084472656
"664",1981-10-25,278.800903320312
"665",1981-10-26,277.860931396484
"666",1981-10-27,280.859649658203
"667",1981-10-28,279.260116577148
"668",1981-10-29,278.679504394531
"669",1981-10-30,279.124176025391
"670",1981-10-31,276.660034179688
"671",1981-11-01,276.35888671875
"672",1981-11-02,277.138793945312
"673",1981-11-03,278.927368164062
"674",1981-11-04,282.550521850586
"675",1981-11-05,281.964538574219
"676",1981-11-06,278.581298828125
"677",1981-11-07,276.567916870117
"678",1981-11-08,274.084625244141
"679",1981-11-09,275.528259277344
"680",1981-11-10,281.293670654297
"681",1981-11-11,282.019653320312
"682",1981-11-12,276.510620117188
"683",1981-11-13,278.248046875
"684",1981-11-14,276.107803344727
"685",1981-11-15,273.222229003906
"686",1981-11-16,276.489959716797
"687",1981-11-17,278.146911621094
"688",1981-11-18,279.891418457031
"689",1981-11-19,277.849975585938
"690",1981-11-20,279.347778320312
"691",1981-11-21,279.276550292969
"692",1981-11-22,275.21923828125
"693",1981-11-23,281.119873046875
"694",1981-11-24,277.562377929688
"695",1981-11-25,274.135375976562
"696",1981-11-26,272.8466796875
"697",1981-11-27,276.941162109375
"698",1981-11-28,275.672973632812
"699",1981-11-29,275.920227050781
"700",1981-11-30,273.779052734375
"701",1981-12-01,269.42138671875
"702",1981-12-02,275.103637695312
"703",1981-12-03,279.631591796875
"704",1981-12-04,277.841491699219
"705",1981-12-05,272.754028320312
"706",1981-12-06,268.286560058594
"707",1981-12-07,263.636352539062
"708",1981-12-08,266.069213867188
"709",1981-12-09,267.100646972656
"710",1981-12-10,267.26025390625
"711",1981-12-11,267.813110351562
"712",1981-12-12,260.394409179688
"713",1981-12-13,257.05712890625
"714",1981-12-14,254.660446166992
"715",1981-12-15,257.868896484375
"716",1981-12-16,255.540710449219
"717",1981-12-17,267.765991210938
"718",1981-12-18,267.169189453125
"719",1981-12-19,263.958984375
"720",1981-12-20,258.09814453125
"721",1981-12-21,264.46630859375
"722",1981-12-22,269.121765136719
"723",1981-12-23,271.168853759766
"724",1981-12-24,271.034484863281
"725",1981-12-25,266.448974609375
"726",1981-12-26,260.131103515625
"727",1981-12-27,265.838012695312
"728",1981-12-28,263.336669921875
"729",1981-12-29,271.225494384766
"730",1981-12-30,273.523712158203
"731",1981-12-31,271.904937744141
"732",1982-01-01,272.152282714844
"733",1982-01-02,267.737915039062
"734",1982-01-03,268.361572265625
"735",1982-01-04,256.94384765625
"736",1982-01-05,257.566528320312
"737",1982-01-06,261.0966796875
"738",1982-01-07,253.693298339844
"739",1982-01-08,258.8388671875
"740",1982-01-09,263.142944335938
"741",1982-01-10,271.066162109375
"742",1982-01-11,270.444152832031
"743",1982-01-12,265.027954101562
"744",1982-01-13,274.387573242188
"745",1982-01-14,275.293167114258
"746",1982-01-15,274.381973266602
"747",1982-01-16,270.830810546875
"748",1982-01-17,271.994964599609
"749",1982-01-18,266.556457519531
"750",1982-01-19,261.971435546875
"751",1982-01-20,262.981323242188
"752",1982-01-21,267.519226074219
"753",1982-01-22,270.882232666016
"754",1982-01-23,273.592956542969
"755",1982-01-24,271.566223144531
"756",1982-01-25,274.814575195312
"757",1982-01-26,274.580749511719
"758",1982-01-27,269.043518066406
"759",1982-01-28,271.208190917969
"760",1982-01-29,269.486145019531
"761",1982-01-30,270.014770507812
"762",1982-01-31,268.973693847656
"763",1982-02-01,272.682891845703
"764",1982-02-02,272.945281982422
"765",1982-02-03,271.002197265625
"766",1982-02-04,269.3798828125
"767",1982-02-05,269.849731445312
"768",1982-02-06,273.189605712891
"769",1982-02-07,274.450744628906
"770",1982-02-08,271.583679199219
"771",1982-02-09,275.21044921875
"772",1982-02-10,276.514892578125
"773",1982-02-11,276.070251464844
"774",1982-02-12,276.072189331055
"775",1982-02-13,276.837600708008
"776",1982-02-14,274.915008544922
"777",1982-02-15,274.686767578125
"778",1982-02-16,272.332641601562
"779",1982-02-17,274.003173828125
"780",1982-02-18,270.489822387695
"781",1982-02-19,272.112640380859
"782",1982-02-20,273.642822265625
"783",1982-02-21,269.778625488281
"784",1982-02-22,271.578552246094
"785",1982-02-23,272.221496582031
"786",1982-02-24,274.350372314453
"787",1982-02-25,273.302947998047
"788",1982-02-26,272.936294555664
"789",1982-02-27,271.065490722656
"790",1982-02-28,274.933837890625
"791",1982-03-01,276.489898681641
"792",1982-03-02,277.951843261719
"793",1982-03-03,276.389923095703
"794",1982-03-04,276.33642578125
"795",1982-03-05,276.487182617188
"796",1982-03-06,277.641723632812
"797",1982-03-07,276.926330566406
"798",1982-03-08,276.963806152344
"799",1982-03-09,275.415374755859
"800",1982-03-10,276.693954467773
"801",1982-03-11,276.431640625
"802",1982-03-12,276.884155273438
"803",1982-03-13,276.440460205078
"804",1982-03-14,276.611083984375
"805",1982-03-15,277.779205322266
"806",1982-03-16,278.623443603516
"807",1982-03-17,277.119201660156
"808",1982-03-18,277.922119140625
"809",1982-03-19,276.413589477539
"810",1982-03-20,274.272583007812
"811",1982-03-21,275.580261230469
"812",1982-03-22,274.972686767578
"813",1982-03-23,277.709838867188
"814",1982-03-24,279.867248535156
"815",1982-03-25,284.12255859375
"816",1982-03-26,284.721435546875
"817",1982-03-27,283.183471679688
"818",1982-03-28,282.194458007812
"819",1982-03-29,275.605285644531
"820",1982-03-30,278.633911132812
"821",1982-03-31,284.224365234375
"822",1982-04-01,278.633911132812
"823",1982-04-02,281.25537109375
"824",1982-04-03,283.02392578125
"825",1982-04-04,287.400390625
"826",1982-04-05,282.516723632812
"827",1982-04-06,283.186889648438
"828",1982-04-07,280.908996582031
"829",1982-04-08,278.430389404297
"830",1982-04-09,279.034301757812
"831",1982-04-10,279.679992675781
"832",1982-04-11,280.030029296875
"833",1982-04-12,279.003082275391
"834",1982-04-13,280.552185058594
"835",1982-04-14,282.50390625
"836",1982-04-15,284.80810546875
"837",1982-04-16,287.3564453125
"838",1982-04-17,284.08935546875
"839",1982-04-18,287.370361328125
"840",1982-04-19,285.776611328125
"841",1982-04-20,286.45654296875
"842",1982-04-21,286.07568359375
"843",1982-04-22,286.462280273438
"844",1982-04-23,280.217254638672
"845",1982-04-24,285.419677734375
"846",1982-04-25,286.57177734375
"847",1982-04-26,285.436401367188
"848",1982-04-27,286.43505859375
"849",1982-04-28,285.378845214844
"850",1982-04-29,282.738525390625
"851",1982-04-30,281.91943359375
"852",1982-05-01,281.624816894531
"853",1982-05-02,282.872009277344
"854",1982-05-03,278.235961914062
"855",1982-05-04,281.559326171875
"856",1982-05-05,282.280700683594
"857",1982-05-06,282.912658691406
"858",1982-05-07,287.640258789062
"859",1982-05-08,282.548522949219
"860",1982-05-09,281.040740966797
"861",1982-05-10,282.186401367188
"862",1982-05-11,286.316040039062
"863",1982-05-12,287.76025390625
"864",1982-05-13,290.476440429688
"865",1982-05-14,290.050415039062
"866",1982-05-15,291.557373046875
"867",1982-05-16,293.334228515625
"868",1982-05-17,293.097412109375
"869",1982-05-18,294.2890625
"870",1982-05-19,281.934326171875
"871",1982-05-20,280.728820800781
"872",1982-05-21,283.389495849609
"873",1982-05-22,287.34765625
"874",1982-05-23,282.642974853516
"875",1982-05-24,285.513427734375
"876",1982-05-25,285.572204589844
"877",1982-05-26,289.382690429688
"878",1982-05-27,292.714111328125
"879",1982-05-28,289.241577148438
"880",1982-05-29,290.520141601562
"881",1982-05-30,293.222778320312
"882",1982-05-31,295.154418945312
"883",1982-06-01,296.523193359375
"884",1982-06-02,297.986328125
"885",1982-06-03,299.350830078125
"886",1982-06-04,300.56787109375
"887",1982-06-05,300.78466796875
"888",1982-06-06,292.2529296875
"889",1982-06-07,292.097534179688
"890",1982-06-08,294.382934570312
"891",1982-06-09,286.74755859375
"892",1982-06-10,288.5546875
"893",1982-06-11,289.585998535156
"894",1982-06-12,289.041381835938
"895",1982-06-13,283.41943359375
"896",1982-06-14,284.371917724609
"897",1982-06-15,289.539733886719
"898",1982-06-16,289.662963867188
"899",1982-06-17,291.076782226562
"900",1982-06-18,291.816528320312
"901",1982-06-19,293.450561523438
"902",1982-06-20,292.892456054688
"903",1982-06-21,287.811798095703
"904",1982-06-22,289.040893554688
"905",1982-06-23,292.678833007812
"906",1982-06-24,292.059448242188
"907",1982-06-25,292.0380859375
"908",1982-06-26,293.960205078125
"909",1982-06-27,287.972686767578
"910",1982-06-28,292.050476074219
"911",1982-06-29,288.889175415039
"912",1982-06-30,287.332580566406
"913",1982-07-01,289.971435546875
"914",1982-07-02,291.188598632812
"915",1982-07-03,288.806182861328
"916",1982-07-04,290.379272460938
"917",1982-07-05,290.965393066406
"918",1982-07-06,291.73486328125
"919",1982-07-07,294.381225585938
"920",1982-07-08,292.574829101562
"921",1982-07-09,297.676635742188
"922",1982-07-10,299.091064453125
"923",1982-07-11,295.201049804688
"924",1982-07-12,297.794555664062
"925",1982-07-13,299.402465820312
"926",1982-07-14,300.208251953125
"927",1982-07-15,298.5107421875
"928",1982-07-16,296.619873046875
"929",1982-07-17,291.625732421875
"930",1982-07-18,294.193542480469
"931",1982-07-19,296.837158203125
"932",1982-07-20,297.75244140625
"933",1982-07-21,296.181884765625
"934",1982-07-22,295.560668945312
"935",1982-07-23,295.662719726562
"936",1982-07-24,298.823974609375
"937",1982-07-25,292.422058105469
"938",1982-07-26,292.287109375
"939",1982-07-27,295.91357421875
"940",1982-07-28,297.78662109375
"941",1982-07-29,298.648803710938
"942",1982-07-30,297.48974609375
"943",1982-07-31,301.6826171875
"944",1982-08-01,304.1171875
"945",1982-08-02,305.319580078125
"946",1982-08-03,305.59619140625
"947",1982-08-04,303.3369140625
"948",1982-08-05,303.438232421875
"949",1982-08-06,303.41943359375
"950",1982-08-07,302.68408203125
"951",1982-08-08,300.08203125
"952",1982-08-09,295.036987304688
"953",1982-08-10,293.839752197266
"954",1982-08-11,292.930480957031
"955",1982-08-12,294.976440429688
"956",1982-08-13,290.181854248047
"957",1982-08-14,290.820983886719
"958",1982-08-15,291.67138671875
"959",1982-08-16,293.653930664062
"960",1982-08-17,290.899749755859
"961",1982-08-18,290.71435546875
"962",1982-08-19,289.807250976562
"963",1982-08-20,286.563812255859
"964",1982-08-21,289.70166015625
"965",1982-08-22,293.071044921875
"966",1982-08-23,288.864456176758
"967",1982-08-24,289.118865966797
"968",1982-08-25,289.494812011719
"969",1982-08-26,287.902572631836
"970",1982-08-27,288.79345703125
"971",1982-08-28,289.455627441406
"972",1982-08-29,288.933715820312
"973",1982-08-30,291.544128417969
"974",1982-08-31,289.653991699219
"975",1982-09-01,289.740539550781
"976",1982-09-02,288.716400146484
"977",1982-09-03,287.145050048828
"978",1982-09-04,286.664855957031
"979",1982-09-05,286.370056152344
"980",1982-09-06,287.713317871094
"981",1982-09-07,285.698669433594
"982",1982-09-08,288.288757324219
"983",1982-09-09,290.845458984375
"984",1982-09-10,289.412048339844
"985",1982-09-11,290.416076660156
"986",1982-09-12,288.082946777344
"987",1982-09-13,291.463500976562
"988",1982-09-14,290.875854492188
"989",1982-09-15,289.080902099609
"990",1982-09-16,292.444702148438
"991",1982-09-17,291.827392578125
"992",1982-09-18,288.231536865234
"993",1982-09-19,288.759948730469
"994",1982-09-20,289.982788085938
"995",1982-09-21,288.885940551758
"996",1982-09-22,285.878784179688
"997",1982-09-23,285.715637207031
"998",1982-09-24,286.754501342773
"999",1982-09-25,288.742889404297
"1000",1982-09-26,288.69384765625
"1001",1982-09-27,289.64404296875
"1002",1982-09-28,287.625030517578
"1003",1982-09-29,288.915832519531
"1004",1982-09-30,289.858154296875
"1005",1982-10-01,287.942016601562
"1006",1982-10-02,286.983322143555
"1007",1982-10-03,287.810974121094
"1008",1982-10-04,286.606842041016
"1009",1982-10-05,285.490600585938
"1010",1982-10-06,286.202423095703
"1011",1982-10-07,285.088729858398
"1012",1982-10-08,282.187683105469
"1013",1982-10-09,282.1953125
"1014",1982-10-10,281.911010742188
"1015",1982-10-11,279.522720336914
"1016",1982-10-12,279.599029541016
"1017",1982-10-13,281.729858398438
"1018",1982-10-14,281.047302246094
"1019",1982-10-15,280.595092773438
"1020",1982-10-16,279.530822753906
"1021",1982-10-17,279.676391601562
"1022",1982-10-18,278.182281494141
"1023",1982-10-19,280.09521484375
"1024",1982-10-20,283.318908691406
"1025",1982-10-21,284.564392089844
"1026",1982-10-22,283.197509765625
"1027",1982-10-23,283.670028686523
"1028",1982-10-24,279.008728027344
"1029",1982-10-25,282.000732421875
"1030",1982-10-26,281.634155273438
"1031",1982-10-27,283.237335205078
"1032",1982-10-28,283.527740478516
"1033",1982-10-29,283.052551269531
"1034",1982-10-30,283.645217895508
"1035",1982-10-31,282.64306640625
"1036",1982-11-01,283.092407226562
"1037",1982-11-02,284.483703613281
"1038",1982-11-03,284.269561767578
"1039",1982-11-04,280.778259277344
"1040",1982-11-05,274.754577636719
"1041",1982-11-06,275.882507324219
"1042",1982-11-07,276.682250976562
"1043",1982-11-08,275.610107421875
"1044",1982-11-09,282.639831542969
"1045",1982-11-10,283.392852783203
"1046",1982-11-11,283.329010009766
"1047",1982-11-12,282.970108032227
"1048",1982-11-13,282.252868652344
"1049",1982-11-14,277.118286132812
"1050",1982-11-15,276.727966308594
"1051",1982-11-16,279.675659179688
"1052",1982-11-17,277.673309326172
"1053",1982-11-18,274.888549804688
"1054",1982-11-19,279.121307373047
"1055",1982-11-20,279.518981933594
"1056",1982-11-21,279.989105224609
"1057",1982-11-22,281.327239990234
"1058",1982-11-23,282.028289794922
"1059",1982-11-24,280.556060791016
"1060",1982-11-25,279.400329589844
"1061",1982-11-26,279.636047363281
"1062",1982-11-27,278.782592773438
"1063",1982-11-28,277.282165527344
"1064",1982-11-29,275.676879882812
"1065",1982-11-30,276.705749511719
"1066",1982-12-01,277.640625
"1067",1982-12-02,276.321166992188
"1068",1982-12-03,275.314208984375
"1069",1982-12-04,276.601287841797
"1070",1982-12-05,279.007019042969
"1071",1982-12-06,277.694030761719
"1072",1982-12-07,271.7021484375
"1073",1982-12-08,273.54443359375
"1074",1982-12-09,276.078430175781
"1075",1982-12-10,275.753021240234
"1076",1982-12-11,275.460205078125
"1077",1982-12-12,272.670349121094
"1078",1982-12-13,266.66650390625
"1079",1982-12-14,273.439086914062
"1080",1982-12-15,277.912475585938
"1081",1982-12-16,276.547607421875
"1082",1982-12-17,272.383850097656
"1083",1982-12-18,275.210754394531
"1084",1982-12-19,275.249877929688
"1085",1982-12-20,276.408508300781
"1086",1982-12-21,277.572875976562
"1087",1982-12-22,277.467468261719
"1088",1982-12-23,274.500366210938
"1089",1982-12-24,276.674499511719
"1090",1982-12-25,278.91633605957
"1091",1982-12-26,280.536392211914
"1092",1982-12-27,276.793884277344
"1093",1982-12-28,274.8720703125
"1094",1982-12-29,274.030517578125
"1095",1982-12-30,277.003051757812
"1096",1982-12-31,278.982696533203
"1097",1983-01-01,279.198959350586
"1098",1983-01-02,279.328659057617
"1099",1983-01-03,278.633911132812
"1100",1983-01-04,278.901824951172
"1101",1983-01-05,278.470855712891
"1102",1983-01-06,281.903701782227
"1103",1983-01-07,277.843688964844
"1104",1983-01-08,277.355926513672
"1105",1983-01-09,279.777450561523
"1106",1983-01-10,280.042129516602
"1107",1983-01-11,280.717590332031
"1108",1983-01-12,280.644897460938
"1109",1983-01-13,279.242309570312
"1110",1983-01-14,274.164123535156
"1111",1983-01-15,272.314636230469
"1112",1983-01-16,270.609619140625
"1113",1983-01-17,276.597351074219
"1114",1983-01-18,277.691467285156
"1115",1983-01-19,269.603881835938
"1116",1983-01-20,278.368621826172
"1117",1983-01-21,281.336029052734
"1118",1983-01-22,280.746826171875
"1119",1983-01-23,280.638854980469
"1120",1983-01-24,276.405883789062
"1121",1983-01-25,279.724670410156
"1122",1983-01-26,280.656311035156
"1123",1983-01-27,281.473236083984
"1124",1983-01-28,278.88232421875
"1125",1983-01-29,277.225128173828
"1126",1983-01-30,277.220703125
"1127",1983-01-31,273.267883300781
"1128",1983-02-01,272.311401367188
"1129",1983-02-02,271.5166015625
"1130",1983-02-03,272.21337890625
"1131",1983-02-04,273.354309082031
"1132",1983-02-05,273.272338867188
"1133",1983-02-06,272.983947753906
"1134",1983-02-07,269.593811035156
"1135",1983-02-08,267.844055175781
"1136",1983-02-09,268.455017089844
"1137",1983-02-10,273.688201904297
"1138",1983-02-11,271.084350585938
"1139",1983-02-12,267.959411621094
"1140",1983-02-13,273.297912597656
"1141",1983-02-14,274.335205078125
"1142",1983-02-15,275.461669921875
"1143",1983-02-16,273.747985839844
"1144",1983-02-17,273.797241210938
"1145",1983-02-18,272.677185058594
"1146",1983-02-19,275.138793945312
"1147",1983-02-20,272.882537841797
"1148",1983-02-21,271.096740722656
"1149",1983-02-22,275.6064453125
"1150",1983-02-23,274.538787841797
"1151",1983-02-24,277.002746582031
"1152",1983-02-25,276.356109619141
"1153",1983-02-26,273.242691040039
"1154",1983-02-27,273.54963684082
"1155",1983-02-28,273.441314697266
"1156",1983-03-01,272.663970947266
"1157",1983-03-02,273.068359375
"1158",1983-03-03,274.728439331055
"1159",1983-03-04,275.691284179688
"1160",1983-03-05,278.392944335938
"1161",1983-03-06,279.694412231445
"1162",1983-03-07,279.193786621094
"1163",1983-03-08,279.814025878906
"1164",1983-03-09,281.075622558594
"1165",1983-03-10,278.392333984375
"1166",1983-03-11,276.748046875
"1167",1983-03-12,277.436706542969
"1168",1983-03-13,277.813903808594
"1169",1983-03-14,277.77099609375
"1170",1983-03-15,278.293212890625
"1171",1983-03-16,277.444396972656
"1172",1983-03-17,277.049789428711
"1173",1983-03-18,279.075500488281
"1174",1983-03-19,280.183654785156
"1175",1983-03-20,278.311248779297
"1176",1983-03-21,276.878387451172
"1177",1983-03-22,275.337921142578
"1178",1983-03-23,277.902954101562
"1179",1983-03-24,276.148773193359
"1180",1983-03-25,273.796447753906
"1181",1983-03-26,276.788146972656
"1182",1983-03-27,275.869750976562
"1183",1983-03-28,275.311157226562
"1184",1983-03-29,275.145935058594
"1185",1983-03-30,275.806289672852
"1186",1983-03-31,278.035949707031
"1187",1983-04-01,279.969909667969
"1188",1983-04-02,279.669281005859
"1189",1983-04-03,274.527130126953
"1190",1983-04-04,276.892486572266
"1191",1983-04-05,279.370971679688
"1192",1983-04-06,278.439392089844
"1193",1983-04-07,276.605987548828
"1194",1983-04-08,278.657562255859
"1195",1983-04-09,282.45751953125
"1196",1983-04-10,283.783081054688
"1197",1983-04-11,281.938720703125
"1198",1983-04-12,280.267730712891
"1199",1983-04-13,279.23876953125
"1200",1983-04-14,281.639831542969
"1201",1983-04-15,284.942626953125
"1202",1983-04-16,281.654235839844
"1203",1983-04-17,287.56884765625
"1204",1983-04-18,282.303619384766
"1205",1983-04-19,287.602111816406
"1206",1983-04-20,278.531951904297
"1207",1983-04-21,284.673461914062
"1208",1983-04-22,286.529174804688
"1209",1983-04-23,286.012817382812
"1210",1983-04-24,286.715087890625
"1211",1983-04-25,283.405395507812
"1212",1983-04-26,285.530517578125
"1213",1983-04-27,289.452514648438
"1214",1983-04-28,281.006164550781
"1215",1983-04-29,283.629455566406
"1216",1983-04-30,280.992279052734
"1217",1983-05-01,286.461791992188
"1218",1983-05-02,285.698181152344
"1219",1983-05-03,285.315368652344
"1220",1983-05-04,285.720092773438
"1221",1983-05-05,288.885375976562
"1222",1983-05-06,290.3701171875
"1223",1983-05-07,289.549560546875
"1224",1983-05-08,289.984252929688
"1225",1983-05-09,283.0419921875
"1226",1983-05-10,286.648986816406
"1227",1983-05-11,284.535003662109
"1228",1983-05-12,284.973999023438
"1229",1983-05-13,284.480773925781
"1230",1983-05-14,287.792114257812
"1231",1983-05-15,289.120483398438
"1232",1983-05-16,286.078369140625
"1233",1983-05-17,287.712951660156
"1234",1983-05-18,287.416015625
"1235",1983-05-19,286.156066894531
"1236",1983-05-20,284.930053710938
"1237",1983-05-21,288.286987304688
"1238",1983-05-22,285.380981445312
"1239",1983-05-23,286.664733886719
"1240",1983-05-24,291.70947265625
"1241",1983-05-25,289.609497070312
"1242",1983-05-26,291.4111328125
"1243",1983-05-27,286.973205566406
"1244",1983-05-28,286.05859375
"1245",1983-05-29,283.726715087891
"1246",1983-05-30,286.015319824219
"1247",1983-05-31,285.707946777344
"1248",1983-06-01,289.6474609375
"1249",1983-06-02,289.181274414062
"1250",1983-06-03,285.373352050781
"1251",1983-06-04,287.31787109375
"1252",1983-06-05,287.187316894531
"1253",1983-06-06,289.727661132812
"1254",1983-06-07,291.560180664062
"1255",1983-06-08,292.67138671875
"1256",1983-06-09,290.701416015625
"1257",1983-06-10,290.657409667969
"1258",1983-06-11,287.755676269531
"1259",1983-06-12,289.469970703125
"1260",1983-06-13,291.545043945312
"1261",1983-06-14,291.359985351562
"1262",1983-06-15,287.057571411133
"1263",1983-06-16,290.309875488281
"1264",1983-06-17,293.482177734375
"1265",1983-06-18,295.356689453125
"1266",1983-06-19,298.322265625
"1267",1983-06-20,301.1611328125
"1268",1983-06-21,292.425842285156
"1269",1983-06-22,291.60205078125
"1270",1983-06-23,294.150512695312
"1271",1983-06-24,295.0048828125
"1272",1983-06-25,293.793823242188
"1273",1983-06-26,289.602172851562
"1274",1983-06-27,287.963989257812
"1275",1983-06-28,289.349029541016
"1276",1983-06-29,289.113342285156
"1277",1983-06-30,288.650756835938
"1278",1983-07-01,289.403015136719
"1279",1983-07-02,287.779449462891
"1280",1983-07-03,286.892517089844
"1281",1983-07-04,290.980834960938
"1282",1983-07-05,294.382446289062
"1283",1983-07-06,296.442504882812
"1284",1983-07-07,300.392578125
"1285",1983-07-08,300.07763671875
"1286",1983-07-09,300.050048828125
"1287",1983-07-10,301.402099609375
"1288",1983-07-11,301.512939453125
"1289",1983-07-12,302.681640625
"1290",1983-07-13,297.683837890625
"1291",1983-07-14,295.870483398438
"1292",1983-07-15,289.923217773438
"1293",1983-07-16,293.393249511719
"1294",1983-07-17,293.703979492188
"1295",1983-07-18,292.06982421875
"1296",1983-07-19,290.963653564453
"1297",1983-07-20,290.339782714844
"1298",1983-07-21,290.628662109375
"1299",1983-07-22,297.338989257812
"1300",1983-07-23,299.51318359375
"1301",1983-07-24,299.193237304688
"1302",1983-07-25,300.15283203125
"1303",1983-07-26,300.2861328125
"1304",1983-07-27,296.052368164062
"1305",1983-07-28,297.538696289062
"1306",1983-07-29,294.473815917969
"1307",1983-07-30,295.536499023438
"1308",1983-07-31,293.624145507812
"1309",1983-08-01,292.96484375
"1310",1983-08-02,290.962158203125
"1311",1983-08-03,291.285034179688
"1312",1983-08-04,291.168823242188
"1313",1983-08-05,295.944946289062
"1314",1983-08-06,297.865966796875
"1315",1983-08-07,298.431640625
"1316",1983-08-08,297.716552734375
"1317",1983-08-09,297.784545898438
"1318",1983-08-10,294.550048828125
"1319",1983-08-11,296.619873046875
"1320",1983-08-12,294.072814941406
"1321",1983-08-13,291.201843261719
"1322",1983-08-14,292.398193359375
"1323",1983-08-15,290.4833984375
"1324",1983-08-16,289.925415039062
"1325",1983-08-17,293.178894042969
"1326",1983-08-18,291.756530761719
"1327",1983-08-19,294.95263671875
"1328",1983-08-20,297.07373046875
"1329",1983-08-21,299.13330078125
"1330",1983-08-22,297.086059570312
"1331",1983-08-23,296.493286132812
"1332",1983-08-24,292.227600097656
"1333",1983-08-25,295.414794921875
"1334",1983-08-26,297.27587890625
"1335",1983-08-27,295.558715820312
"1336",1983-08-28,294.370971679688
"1337",1983-08-29,293.902954101562
"1338",1983-08-30,291.009948730469
"1339",1983-08-31,293.453002929688
"1340",1983-09-01,295.867431640625
"1341",1983-09-02,292.545166015625
"1342",1983-09-03,292.674560546875
"1343",1983-09-04,289.227569580078
"1344",1983-09-05,288.778991699219
"1345",1983-09-06,288.067596435547
"1346",1983-09-07,289.044189453125
"1347",1983-09-08,287.902099609375
"1348",1983-09-09,285.244445800781
"1349",1983-09-10,289.502960205078
"1350",1983-09-11,289.52587890625
"1351",1983-09-12,289.493896484375
"1352",1983-09-13,288.431518554688
"1353",1983-09-14,287.899444580078
"1354",1983-09-15,286.550842285156
"1355",1983-09-16,287.461212158203
"1356",1983-09-17,287.869934082031
"1357",1983-09-18,287.598327636719
"1358",1983-09-19,287.626525878906
"1359",1983-09-20,287.33544921875
"1360",1983-09-21,283.891693115234
"1361",1983-09-22,285.863067626953
"1362",1983-09-23,288.078674316406
"1363",1983-09-24,287.221466064453
"1364",1983-09-25,284.245727539062
"1365",1983-09-26,289.634216308594
"1366",1983-09-27,290.648498535156
"1367",1983-09-28,285.413421630859
"1368",1983-09-29,284.028442382812
"1369",1983-09-30,282.243682861328
"1370",1983-10-01,283.530654907227
"1371",1983-10-02,283.086624145508
"1372",1983-10-03,286.325286865234
"1373",1983-10-04,287.5283203125
"1374",1983-10-05,287.522644042969
"1375",1983-10-06,284.676071166992
"1376",1983-10-07,283.043701171875
"1377",1983-10-08,281.174530029297
"1378",1983-10-09,282.153854370117
"1379",1983-10-10,282.767333984375
"1380",1983-10-11,283.315811157227
"1381",1983-10-12,281.354217529297
"1382",1983-10-13,285.642959594727
"1383",1983-10-14,285.930969238281
"1384",1983-10-15,284.764862060547
"1385",1983-10-16,283.304382324219
"1386",1983-10-17,282.496917724609
"1387",1983-10-18,284.833541870117
"1388",1983-10-19,284.577911376953
"1389",1983-10-20,282.287811279297
"1390",1983-10-21,282.614303588867
"1391",1983-10-22,284.171478271484
"1392",1983-10-23,283.901489257812
"1393",1983-10-24,280.969451904297
"1394",1983-10-25,283.152496337891
"1395",1983-10-26,289.923461914062
"1396",1983-10-27,285.554382324219
"1397",1983-10-28,280.318572998047
"1398",1983-10-29,280.545684814453
"1399",1983-10-30,283.049957275391
"1400",1983-10-31,286.328979492188
"1401",1983-11-01,284.929718017578
"1402",1983-11-02,282.514801025391
"1403",1983-11-03,281.416198730469
"1404",1983-11-04,282.186004638672
"1405",1983-11-05,282.593765258789
"1406",1983-11-06,284.514343261719
"1407",1983-11-07,284.170150756836
"1408",1983-11-08,282.681030273438
"1409",1983-11-09,282.488891601562
"1410",1983-11-10,279.380737304688
"1411",1983-11-11,274.702758789062
"1412",1983-11-12,274.144897460938
"1413",1983-11-13,272.9091796875
"1414",1983-11-14,279.31787109375
"1415",1983-11-15,278.984191894531
"1416",1983-11-16,276.110717773438
"1417",1983-11-17,274.70849609375
"1418",1983-11-18,274.942993164062
"1419",1983-11-19,281.502624511719
"1420",1983-11-20,279.875579833984
"1421",1983-11-21,273.760864257812
"1422",1983-11-22,270.912475585938
"1423",1983-11-23,271.019775390625
"1424",1983-11-24,278.801940917969
"1425",1983-11-25,279.969497680664
"1426",1983-11-26,279.992950439453
"1427",1983-11-27,274.0146484375
"1428",1983-11-28,269.594055175781
"1429",1983-11-29,269.345825195312
"1430",1983-11-30,268.051513671875
"1431",1983-12-01,271.75634765625
"1432",1983-12-02,277.598022460938
"1433",1983-12-03,279.589294433594
"1434",1983-12-04,279.803848266602
"1435",1983-12-05,280.378967285156
"1436",1983-12-06,275.07470703125
"1437",1983-12-07,274.163208007812
"1438",1983-12-08,279.897918701172
"1439",1983-12-09,278.418121337891
"1440",1983-12-10,265.377563476562
"1441",1983-12-11,265.190673828125
"1442",1983-12-12,273.56884765625
"1443",1983-12-13,276.660980224609
"1444",1983-12-14,277.281524658203
"1445",1983-12-15,274.790466308594
"1446",1983-12-16,271.374877929688
"1447",1983-12-17,270.09619140625
"1448",1983-12-18,269.776672363281
"1449",1983-12-19,272.42333984375
"1450",1983-12-20,273.496643066406
"1451",1983-12-21,274.502746582031
"1452",1983-12-22,276.349792480469
"1453",1983-12-23,276.049194335938
"1454",1983-12-24,276.925659179688
"1455",1983-12-25,277.478637695312
"1456",1983-12-26,277.026794433594
"1457",1983-12-27,281.342788696289
"1458",1983-12-28,281.151428222656
"1459",1983-12-29,278.784698486328
"1460",1983-12-30,279.224273681641
"1461",1983-12-31,281.248168945312
"1462",1984-01-01,281.079620361328
"1463",1984-01-02,276.502471923828
"1464",1984-01-03,276.781753540039
"1465",1984-01-04,274.236541748047
"1466",1984-01-05,275.641723632812
"1467",1984-01-06,276.558197021484
"1468",1984-01-07,276.983016967773
"1469",1984-01-08,274.488128662109
"1470",1984-01-09,265.030395507812
"1471",1984-01-10,274.748657226562
"1472",1984-01-11,278.225296020508
"1473",1984-01-12,278.483337402344
"1474",1984-01-13,277.058090209961
"1475",1984-01-14,275.985229492188
"1476",1984-01-15,274.192687988281
"1477",1984-01-16,273.735229492188
"1478",1984-01-17,274.32373046875
"1479",1984-01-18,271.383422851562
"1480",1984-01-19,266.210693359375
"1481",1984-01-20,266.2431640625
"1482",1984-01-21,259.795776367188
"1483",1984-01-22,264.155151367188
"1484",1984-01-23,265.731506347656
"1485",1984-01-24,262.355102539062
"1486",1984-01-25,262.758666992188
"1487",1984-01-26,264.092407226562
"1488",1984-01-27,269.808868408203
"1489",1984-01-28,271.341064453125
"1490",1984-01-29,272.98747253418
"1491",1984-01-30,273.661819458008
"1492",1984-01-31,274.383453369141
"1493",1984-02-01,274.016632080078
"1494",1984-02-02,274.19499206543
"1495",1984-02-03,273.956604003906
"1496",1984-02-04,274.558456420898
"1497",1984-02-05,276.664993286133
"1498",1984-02-06,275.688018798828
"1499",1984-02-07,273.73014831543
"1500",1984-02-08,269.099182128906
"1501",1984-02-09,271.689392089844
"1502",1984-02-10,275.272064208984
"1503",1984-02-11,274.987335205078
"1504",1984-02-12,274.912902832031
"1505",1984-02-13,274.160766601562
"1506",1984-02-14,273.509155273438
"1507",1984-02-15,271.672546386719
"1508",1984-02-16,270.763732910156
"1509",1984-02-17,270.928131103516
"1510",1984-02-18,271.683486938477
"1511",1984-02-19,270.695953369141
"1512",1984-02-20,270.007232666016
"1513",1984-02-21,273.019226074219
"1514",1984-02-22,271.494873046875
"1515",1984-02-23,270.290649414062
"1516",1984-02-24,272.922775268555
"1517",1984-02-25,272.656112670898
"1518",1984-02-26,271.722793579102
"1519",1984-02-27,273.358154296875
"1520",1984-02-28,273.853607177734
"1521",1984-02-29,277.506240844727
"1522",1984-03-01,276.076141357422
"1523",1984-03-02,272.17333984375
"1524",1984-03-03,273.760314941406
"1525",1984-03-04,275.765686035156
"1526",1984-03-05,280.074829101562
"1527",1984-03-06,281.64013671875
"1528",1984-03-07,277.888305664062
"1529",1984-03-08,276.993041992188
"1530",1984-03-09,275.590393066406
"1531",1984-03-10,272.921234130859
"1532",1984-03-11,273.715759277344
"1533",1984-03-12,274.179794311523
"1534",1984-03-13,276.26220703125
"1535",1984-03-14,276.873291015625
"1536",1984-03-15,277.047729492188
"1537",1984-03-16,275.116577148438
"1538",1984-03-17,275.850769042969
"1539",1984-03-18,274.347717285156
"1540",1984-03-19,275.022308349609
"1541",1984-03-20,275.244934082031
"1542",1984-03-21,276.558471679688
"1543",1984-03-22,277.220581054688
"1544",1984-03-23,271.766387939453
"1545",1984-03-24,272.587158203125
"1546",1984-03-25,273.843688964844
"1547",1984-03-26,273.513244628906
"1548",1984-03-27,273.441375732422
"1549",1984-03-28,274.060852050781
"1550",1984-03-29,275.676239013672
"1551",1984-03-30,275.077545166016
"1552",1984-03-31,275.456512451172
"1553",1984-04-01,278.164001464844
"1554",1984-04-02,277.029632568359
"1555",1984-04-03,275.505859375
"1556",1984-04-04,276.607009887695
"1557",1984-04-05,277.982879638672
"1558",1984-04-06,278.939025878906
"1559",1984-04-07,279.094696044922
"1560",1984-04-08,280.561767578125
"1561",1984-04-09,279.171295166016
"1562",1984-04-10,279.661499023438
"1563",1984-04-11,280.104370117188
"1564",1984-04-12,280.349853515625
"1565",1984-04-13,280.038452148438
"1566",1984-04-14,281.154846191406
"1567",1984-04-15,283.957885742188
"1568",1984-04-16,281.80078125
"1569",1984-04-17,282.348876953125
"1570",1984-04-18,282.703857421875
"1571",1984-04-19,280.537109375
"1572",1984-04-20,280.071228027344
"1573",1984-04-21,281.21533203125
"1574",1984-04-22,287.625366210938
"1575",1984-04-23,288.53369140625
"1576",1984-04-24,290.204345703125
"1577",1984-04-25,290.632080078125
"1578",1984-04-26,285.645751953125
"1579",1984-04-27,288.486328125
"1580",1984-04-28,288.72265625
"1581",1984-04-29,288.6005859375
"1582",1984-04-30,294.044189453125
"1583",1984-05-01,290.921752929688
"1584",1984-05-02,288.878540039062
"1585",1984-05-03,285.054809570312
"1586",1984-05-04,286.651977539062
"1587",1984-05-05,288.34130859375
"1588",1984-05-06,284.591064453125
"1589",1984-05-07,284.349884033203
"1590",1984-05-08,283.86279296875
"1591",1984-05-09,282.290161132812
"1592",1984-05-10,284.292358398438
"1593",1984-05-11,287.392822265625
"1594",1984-05-12,289.108520507812
"1595",1984-05-13,290.50537109375
"1596",1984-05-14,293.376708984375
"1597",1984-05-15,289.558349609375
"1598",1984-05-16,289.541259765625
"1599",1984-05-17,293.689208984375
"1600",1984-05-18,287.111633300781
"1601",1984-05-19,287.596130371094
"1602",1984-05-20,293.911254882812
"1603",1984-05-21,295.225830078125
"1604",1984-05-22,297.61962890625
"1605",1984-05-23,297.359130859375
"1606",1984-05-24,292.463500976562
"1607",1984-05-25,288.433319091797
"1608",1984-05-26,291.927001953125
"1609",1984-05-27,293.1044921875
"1610",1984-05-28,289.264526367188
"1611",1984-05-29,292.957275390625
"1612",1984-05-30,293.854614257812
"1613",1984-05-31,294.283569335938
"1614",1984-06-01,291.326599121094
"1615",1984-06-02,293.186767578125
"1616",1984-06-03,292.964233398438
"1617",1984-06-04,298.175048828125
"1618",1984-06-05,296.408813476562
"1619",1984-06-06,295.496032714844
"1620",1984-06-07,299.07275390625
"1621",1984-06-08,292.819885253906
"1622",1984-06-09,288.756103515625
"1623",1984-06-10,285.037963867188
"1624",1984-06-11,289.447998046875
"1625",1984-06-12,289.340942382812
"1626",1984-06-13,290.590209960938
"1627",1984-06-14,290.532104492188
"1628",1984-06-15,291.648681640625
"1629",1984-06-16,293.095092773438
"1630",1984-06-17,293.899291992188
"1631",1984-06-18,291.419311523438
"1632",1984-06-19,295.451782226562
"1633",1984-06-20,295.165283203125
"1634",1984-06-21,288.27995300293
"1635",1984-06-22,288.121948242188
"1636",1984-06-23,286.197357177734
"1637",1984-06-24,284.944641113281
"1638",1984-06-25,289.201110839844
"1639",1984-06-26,291.334838867188
"1640",1984-06-27,288.496154785156
"1641",1984-06-28,290.063720703125
"1642",1984-06-29,287.919281005859
"1643",1984-06-30,288.966918945312
"1644",1984-07-01,290.35009765625
"1645",1984-07-02,290.097290039062
"1646",1984-07-03,291.650024414062
"1647",1984-07-04,293.814453125
"1648",1984-07-05,293.439697265625
"1649",1984-07-06,294.091796875
"1650",1984-07-07,287.88362121582
"1651",1984-07-08,292.262573242188
"1652",1984-07-09,296.985229492188
"1653",1984-07-10,298.33544921875
"1654",1984-07-11,293.486328125
"1655",1984-07-12,289.892333984375
"1656",1984-07-13,291.206787109375
"1657",1984-07-14,291.246643066406
"1658",1984-07-15,293.488647460938
"1659",1984-07-16,295.712280273438
"1660",1984-07-17,295.37451171875
"1661",1984-07-18,296.511596679688
"1662",1984-07-19,295.842651367188
"1663",1984-07-20,294.948974609375
"1664",1984-07-21,288.606628417969
"1665",1984-07-22,293.505493164062
"1666",1984-07-23,293.620178222656
"1667",1984-07-24,294.588989257812
"1668",1984-07-25,293.91015625
"1669",1984-07-26,293.369018554688
"1670",1984-07-27,291.971923828125
"1671",1984-07-28,292.573669433594
"1672",1984-07-29,294.380249023438
"1673",1984-07-30,293.328857421875
"1674",1984-07-31,299.408203125
"1675",1984-08-01,293.774719238281
"1676",1984-08-02,297.1953125
"1677",1984-08-03,293.125610351562
"1678",1984-08-04,294.525024414062
"1679",1984-08-05,293.125854492188
"1680",1984-08-06,291.479614257812
"1681",1984-08-07,290.903564453125
"1682",1984-08-08,294.00146484375
"1683",1984-08-09,296.168701171875
"1684",1984-08-10,296.662963867188
"1685",1984-08-11,296.7216796875
"1686",1984-08-12,297.021728515625
"1687",1984-08-13,296.470581054688
"1688",1984-08-14,291.287841796875
"1689",1984-08-15,290.794738769531
"1690",1984-08-16,292.377136230469
"1691",1984-08-17,289.192565917969
"1692",1984-08-18,292.239074707031
"1693",1984-08-19,294.351440429688
"1694",1984-08-20,297.811889648438
"1695",1984-08-21,298.146362304688
"1696",1984-08-22,295.17333984375
"1697",1984-08-23,295.755981445312
"1698",1984-08-24,295.72021484375
"1699",1984-08-25,290.386199951172
"1700",1984-08-26,290.529479980469
"1701",1984-08-27,293.521545410156
"1702",1984-08-28,291.512817382812
"1703",1984-08-29,292.887451171875
"1704",1984-08-30,289.933624267578
"1705",1984-08-31,289.956420898438
"1706",1984-09-01,290.386810302734
"1707",1984-09-02,290.441589355469
"1708",1984-09-03,287.984191894531
"1709",1984-09-04,286.979736328125
"1710",1984-09-05,287.365600585938
"1711",1984-09-06,289.998291015625
"1712",1984-09-07,291.95361328125
"1713",1984-09-08,289.178771972656
"1714",1984-09-09,284.606658935547
"1715",1984-09-10,286.431518554688
"1716",1984-09-11,286.531707763672
"1717",1984-09-12,285.156951904297
"1718",1984-09-13,286.956420898438
"1719",1984-09-14,287.365798950195
"1720",1984-09-15,287.567352294922
"1721",1984-09-16,287.369415283203
"1722",1984-09-17,287.883728027344
"1723",1984-09-18,287.297241210938
"1724",1984-09-19,284.263793945312
"1725",1984-09-20,286.441101074219
"1726",1984-09-21,284.985321044922
"1727",1984-09-22,285.633010864258
"1728",1984-09-23,286.047546386719
"1729",1984-09-24,283.461822509766
"1730",1984-09-25,284.939056396484
"1731",1984-09-26,282.13427734375
"1732",1984-09-27,282.756622314453
"1733",1984-09-28,284.348236083984
"1734",1984-09-29,283.966857910156
"1735",1984-09-30,283.252014160156
"1736",1984-10-01,285.905151367188
"1737",1984-10-02,287.759857177734
"1738",1984-10-03,285.809677124023
"1739",1984-10-04,284.953125
"1740",1984-10-05,285.908203125
"1741",1984-10-06,285.989074707031
"1742",1984-10-07,284.61083984375
"1743",1984-10-08,285.565093994141
"1744",1984-10-09,286.217193603516
"1745",1984-10-10,285.481964111328
"1746",1984-10-11,284.878662109375
"1747",1984-10-12,284.945892333984
"1748",1984-10-13,283.119079589844
"1749",1984-10-14,287.150573730469
"1750",1984-10-15,286.250305175781
"1751",1984-10-16,284.708709716797
"1752",1984-10-17,285.901977539062
"1753",1984-10-18,283.036499023438
"1754",1984-10-19,285.940368652344
"1755",1984-10-20,284.028778076172
"1756",1984-10-21,285.436798095703
"1757",1984-10-22,281.071472167969
"1758",1984-10-23,279.573181152344
"1759",1984-10-24,283.471130371094
"1760",1984-10-25,283.27880859375
"1761",1984-10-26,284.173095703125
"1762",1984-10-27,283.183502197266
"1763",1984-10-28,282.990219116211
"1764",1984-10-29,283.035919189453
"1765",1984-10-30,285.777648925781
"1766",1984-10-31,283.38346862793
"1767",1984-11-01,284.386947631836
"1768",1984-11-02,284.895584106445
"1769",1984-11-03,281.743225097656
"1770",1984-11-04,282.000137329102
"1771",1984-11-05,281.421737670898
"1772",1984-11-06,280.307876586914
"1773",1984-11-07,279.325347900391
"1774",1984-11-08,280.402038574219
"1775",1984-11-09,279.673065185547
"1776",1984-11-10,278.656951904297
"1777",1984-11-11,277.696350097656
"1778",1984-11-12,279.018203735352
"1779",1984-11-13,277.685394287109
"1780",1984-11-14,277.244323730469
"1781",1984-11-15,276.554351806641
"1782",1984-11-16,276.421600341797
"1783",1984-11-17,276.156829833984
"1784",1984-11-18,276.359588623047
"1785",1984-11-19,275.944274902344
"1786",1984-11-20,275.181579589844
"1787",1984-11-21,275.345397949219
"1788",1984-11-22,277.362426757812
"1789",1984-11-23,277.936187744141
"1790",1984-11-24,277.6591796875
"1791",1984-11-25,279.635833740234
"1792",1984-11-26,275.201843261719
"1793",1984-11-27,277.590026855469
"1794",1984-11-28,280.116027832031
"1795",1984-11-29,280.608169555664
"1796",1984-11-30,279.949310302734
"1797",1984-12-01,277.955413818359
"1798",1984-12-02,276.184661865234
"1799",1984-12-03,276.709899902344
"1800",1984-12-04,276.062072753906
"1801",1984-12-05,277.999053955078
"1802",1984-12-06,279.638137817383
"1803",1984-12-07,280.494018554688
"1804",1984-12-08,281.745269775391
"1805",1984-12-09,280.484298706055
"1806",1984-12-10,279.676452636719
"1807",1984-12-11,278.188293457031
"1808",1984-12-12,274.138061523438
"1809",1984-12-13,274.046569824219
"1810",1984-12-14,273.368865966797
"1811",1984-12-15,272.330627441406
"1812",1984-12-16,272.396087646484
"1813",1984-12-17,271.719360351562
"1814",1984-12-18,275.635437011719
"1815",1984-12-19,276.610321044922
"1816",1984-12-20,278.809341430664
"1817",1984-12-21,275.93994140625
"1818",1984-12-22,277.536468505859
"1819",1984-12-23,277.877868652344
"1820",1984-12-24,277.2080078125
"1821",1984-12-25,275.888488769531
"1822",1984-12-26,273.929443359375
"1823",1984-12-27,273.257263183594
"1824",1984-12-28,272.702850341797
"1825",1984-12-29,272.162414550781
"1826",1984-12-30,271.427917480469
"1827",1984-12-31,271.866180419922
"1828",1985-01-01,271.866790771484
"1829",1985-01-02,268.366943359375
"1830",1985-01-03,267.552551269531
"1831",1985-01-04,261.863037109375
"1832",1985-01-05,259.024047851562
"1833",1985-01-06,260.369506835938
"1834",1985-01-07,255.494323730469
"1835",1985-01-08,256.77734375
"1836",1985-01-09,268.491821289062
"1837",1985-01-10,265.43017578125
"1838",1985-01-11,266.095886230469
"1839",1985-01-12,267.206207275391
"1840",1985-01-13,262.537841796875
"1841",1985-01-14,263.765747070312
"1842",1985-01-15,265.754577636719
"1843",1985-01-16,262.324096679688
"1844",1985-01-17,269.003356933594
"1845",1985-01-18,270.731384277344
"1846",1985-01-19,269.767150878906
"1847",1985-01-20,270.04638671875
"1848",1985-01-21,270.200592041016
"1849",1985-01-22,273.484436035156
"1850",1985-01-23,274.979156494141
"1851",1985-01-24,263.503173828125
"1852",1985-01-25,259.372009277344
"1853",1985-01-26,261.723876953125
"1854",1985-01-27,268.699829101562
"1855",1985-01-28,270.582702636719
"1856",1985-01-29,275.015823364258
"1857",1985-01-30,274.524566650391
"1858",1985-01-31,274.650848388672
"1859",1985-02-01,275.618438720703
"1860",1985-02-02,267.077026367188
"1861",1985-02-03,266.26171875
"1862",1985-02-04,269.617980957031
"1863",1985-02-05,270.392761230469
"1864",1985-02-06,265.638549804688
"1865",1985-02-07,261.800659179688
"1866",1985-02-08,255.439102172852
"1867",1985-02-09,254.756729125977
"1868",1985-02-10,256.478302001953
"1869",1985-02-11,268.122314453125
"1870",1985-02-12,271.375244140625
"1871",1985-02-13,267.573303222656
"1872",1985-02-14,263.40625
"1873",1985-02-15,262.476806640625
"1874",1985-02-16,270.374450683594
"1875",1985-02-17,260.913421630859
"1876",1985-02-18,261.96142578125
"1877",1985-02-19,265.480346679688
"1878",1985-02-20,272.855712890625
"1879",1985-02-21,269.947448730469
"1880",1985-02-22,271.349731445312
"1881",1985-02-23,272.846252441406
"1882",1985-02-24,277.375244140625
"1883",1985-02-25,274.197387695312
"1884",1985-02-26,273.814849853516
"1885",1985-02-27,274.227233886719
"1886",1985-02-28,273.3974609375
"1887",1985-03-01,273.835433959961
"1888",1985-03-02,268.826599121094
"1889",1985-03-03,272.131225585938
"1890",1985-03-04,273.790466308594
"1891",1985-03-05,273.837982177734
"1892",1985-03-06,274.491500854492
"1893",1985-03-07,275.069976806641
"1894",1985-03-08,274.197860717773
"1895",1985-03-09,272.852447509766
"1896",1985-03-10,274.011505126953
"1897",1985-03-11,277.924072265625
"1898",1985-03-12,277.532318115234
"1899",1985-03-13,276.87646484375
"1900",1985-03-14,276.992980957031
"1901",1985-03-15,275.531005859375
"1902",1985-03-16,275.911254882812
"1903",1985-03-17,274.056915283203
"1904",1985-03-18,274.175811767578
"1905",1985-03-19,275.392532348633
"1906",1985-03-20,275.296752929688
"1907",1985-03-21,274.357849121094
"1908",1985-03-22,274.843444824219
"1909",1985-03-23,274.724731445312
"1910",1985-03-24,274.682510375977
"1911",1985-03-25,275.327270507812
"1912",1985-03-26,275.639343261719
"1913",1985-03-27,275.909851074219
"1914",1985-03-28,273.390747070312
"1915",1985-03-29,275.429504394531
"1916",1985-03-30,277.14697265625
"1917",1985-03-31,277.954956054688
"1918",1985-04-01,277.757873535156
"1919",1985-04-02,279.456665039062
"1920",1985-04-03,278.508666992188
"1921",1985-04-04,275.788543701172
"1922",1985-04-05,274.524963378906
"1923",1985-04-06,273.274108886719
"1924",1985-04-07,274.515075683594
"1925",1985-04-08,274.659759521484
"1926",1985-04-09,274.730163574219
"1927",1985-04-10,276.4599609375
"1928",1985-04-11,277.376647949219
"1929",1985-04-12,279.164916992188
"1930",1985-04-13,279.374328613281
"1931",1985-04-14,279.047912597656
"1932",1985-04-15,282.4892578125
"1933",1985-04-16,283.893920898438
"1934",1985-04-17,281.898071289062
"1935",1985-04-18,283.04736328125
"1936",1985-04-19,280.68994140625
"1937",1985-04-20,280.489318847656
"1938",1985-04-21,282.7421875
"1939",1985-04-22,284.070434570312
"1940",1985-04-23,281.587463378906
"1941",1985-04-24,280.630554199219
"1942",1985-04-25,280.351989746094
"1943",1985-04-26,278.543823242188
"1944",1985-04-27,278.308868408203
"1945",1985-04-28,277.587127685547
"1946",1985-04-29,282.732543945312
"1947",1985-04-30,283.328063964844
"1948",1985-05-01,277.757385253906
"1949",1985-05-02,276.647064208984
"1950",1985-05-03,279.09716796875
"1951",1985-05-04,280.277404785156
"1952",1985-05-05,281.163208007812
"1953",1985-05-06,286.96435546875
"1954",1985-05-07,290.203125
"1955",1985-05-08,290.519165039062
"1956",1985-05-09,288.574523925781
"1957",1985-05-10,288.03125
"1958",1985-05-11,289.9306640625
"1959",1985-05-12,292.11865234375
"1960",1985-05-13,292.820068359375
"1961",1985-05-14,295.163208007812
"1962",1985-05-15,291.43505859375
"1963",1985-05-16,286.386474609375
"1964",1985-05-17,286.3056640625
"1965",1985-05-18,289.934692382812
"1966",1985-05-19,292.754150390625
"1967",1985-05-20,294.516845703125
"1968",1985-05-21,292.828125
"1969",1985-05-22,289.801391601562
"1970",1985-05-23,287.554321289062
"1971",1985-05-24,289.572387695312
"1972",1985-05-25,289.5341796875
"1973",1985-05-26,293.465942382812
"1974",1985-05-27,299.68603515625
"1975",1985-05-28,298.0146484375
"1976",1985-05-29,288.053833007812
"1977",1985-05-30,294.419555664062
"1978",1985-05-31,295.82275390625
"1979",1985-06-01,297.651123046875
"1980",1985-06-02,297.29931640625
"1981",1985-06-03,296.649658203125
"1982",1985-06-04,296.387939453125
"1983",1985-06-05,295.4775390625
"1984",1985-06-06,285.563598632812
"1985",1985-06-07,285.030471801758
"1986",1985-06-08,287.399841308594
"1987",1985-06-09,286.337219238281
"1988",1985-06-10,287.392944335938
"1989",1985-06-11,289.528198242188
"1990",1985-06-12,288.359191894531
"1991",1985-06-13,287.090606689453
"1992",1985-06-14,289.600402832031
"1993",1985-06-15,290.5537109375
"1994",1985-06-16,291.195556640625
"1995",1985-06-17,290.6943359375
"1996",1985-06-18,292.286010742188
"1997",1985-06-19,293.044189453125
"1998",1985-06-20,294.36767578125
"1999",1985-06-21,293.140380859375
"2000",1985-06-22,293.2109375
"2001",1985-06-23,292.906860351562
"2002",1985-06-24,293.634399414062
"2003",1985-06-25,292.682495117188
"2004",1985-06-26,287.772003173828
"2005",1985-06-27,290.4072265625
"2006",1985-06-28,291.600341796875
"2007",1985-06-29,289.282531738281
"2008",1985-06-30,288.951477050781
"2009",1985-07-01,290.917663574219
"2010",1985-07-02,293.295837402344
"2011",1985-07-03,294.791259765625
"2012",1985-07-04,293.081176757812
"2013",1985-07-05,297.125732421875
"2014",1985-07-06,298.455444335938
"2015",1985-07-07,291.625183105469
"2016",1985-07-08,292.086242675781
"2017",1985-07-09,293.177001953125
"2018",1985-07-10,294.046752929688
"2019",1985-07-11,291.579345703125
"2020",1985-07-12,291.297485351562
"2021",1985-07-13,292.415649414062
"2022",1985-07-14,293.882934570312
"2023",1985-07-15,292.170654296875
"2024",1985-07-16,290.447814941406
"2025",1985-07-17,290.468536376953
"2026",1985-07-18,292.428527832031
"2027",1985-07-19,289.583892822266
"2028",1985-07-20,290.205505371094
"2029",1985-07-21,288.367599487305
"2030",1985-07-22,290.229919433594
"2031",1985-07-23,290.780151367188
"2032",1985-07-24,291.908935546875
"2033",1985-07-25,295.178344726562
"2034",1985-07-26,297.167114257812
"2035",1985-07-27,296.234375
"2036",1985-07-28,292.535034179688
"2037",1985-07-29,294.146118164062
"2038",1985-07-30,289.37841796875
"2039",1985-07-31,293.039733886719
"2040",1985-08-01,294.156860351562
"2041",1985-08-02,290.565826416016
"2042",1985-08-03,289.675018310547
"2043",1985-08-04,289.898376464844
"2044",1985-08-05,288.136962890625
"2045",1985-08-06,288.559204101562
"2046",1985-08-07,291.747619628906
"2047",1985-08-08,291.212341308594
"2048",1985-08-09,292.461486816406
"2049",1985-08-10,292.625793457031
"2050",1985-08-11,290.315979003906
"2051",1985-08-12,290.385864257812
"2052",1985-08-13,290.914123535156
"2053",1985-08-14,294.350036621094
"2054",1985-08-15,291.955871582031
"2055",1985-08-16,292.812438964844
"2056",1985-08-17,293.838623046875
"2057",1985-08-18,295.875366210938
"2058",1985-08-19,291.058929443359
"2059",1985-08-20,291.374847412109
"2060",1985-08-21,290.252105712891
"2061",1985-08-22,290.492004394531
"2062",1985-08-23,290.624206542969
"2063",1985-08-24,287.242065429688
"2064",1985-08-25,290.203674316406
"2065",1985-08-26,287.95524597168
"2066",1985-08-27,291.701599121094
"2067",1985-08-28,290.585083007812
"2068",1985-08-29,290.858947753906
"2069",1985-08-30,291.058654785156
"2070",1985-08-31,290.974365234375
"2071",1985-09-01,288.458572387695
"2072",1985-09-02,290.1640625
"2073",1985-09-03,286.204376220703
"2074",1985-09-04,288.813751220703
"2075",1985-09-05,287.54736328125
"2076",1985-09-06,282.647125244141
"2077",1985-09-07,285.5458984375
"2078",1985-09-08,287.400390625
"2079",1985-09-09,290.049255371094
"2080",1985-09-10,285.455688476562
"2081",1985-09-11,289.67333984375
"2082",1985-09-12,289.065368652344
"2083",1985-09-13,289.995178222656
"2084",1985-09-14,286.662811279297
"2085",1985-09-15,286.371215820312
"2086",1985-09-16,287.082122802734
"2087",1985-09-17,287.068176269531
"2088",1985-09-18,287.909301757812
"2089",1985-09-19,286.376220703125
"2090",1985-09-20,286.919677734375
"2091",1985-09-21,284.887512207031
"2092",1985-09-22,285.142822265625
"2093",1985-09-23,285.650512695312
"2094",1985-09-24,285.585784912109
"2095",1985-09-25,285.272033691406
"2096",1985-09-26,286.810485839844
"2097",1985-09-27,286.60400390625
"2098",1985-09-28,286.18359375
"2099",1985-09-29,282.694213867188
"2100",1985-09-30,285.651184082031
"2101",1985-10-01,290.651672363281
"2102",1985-10-02,289.18994140625
"2103",1985-10-03,289.020874023438
"2104",1985-10-04,288.141998291016
"2105",1985-10-05,288.260131835938
"2106",1985-10-06,287.097869873047
"2107",1985-10-07,286.396789550781
"2108",1985-10-08,283.043823242188
"2109",1985-10-09,284.200820922852
"2110",1985-10-10,284.951675415039
"2111",1985-10-11,286.719711303711
"2112",1985-10-12,284.431945800781
"2113",1985-10-13,281.709777832031
"2114",1985-10-14,288.70849609375
"2115",1985-10-15,287.829040527344
"2116",1985-10-16,289.481994628906
"2117",1985-10-17,283.364532470703
"2118",1985-10-18,285.964447021484
"2119",1985-10-19,285.257019042969
"2120",1985-10-20,286.021301269531
"2121",1985-10-21,286.854858398438
"2122",1985-10-22,284.940612792969
"2123",1985-10-23,282.192687988281
"2124",1985-10-24,281.881317138672
"2125",1985-10-25,282.135681152344
"2126",1985-10-26,281.392730712891
"2127",1985-10-27,277.994293212891
"2128",1985-10-28,279.418640136719
"2129",1985-10-29,282.526885986328
"2130",1985-10-30,283.054565429688
"2131",1985-10-31,280.649017333984
"2132",1985-11-01,278.227111816406
"2133",1985-11-02,277.306884765625
"2134",1985-11-03,278.104919433594
"2135",1985-11-04,278.2001953125
"2136",1985-11-05,280.804168701172
"2137",1985-11-06,280.931427001953
"2138",1985-11-07,277.268249511719
"2139",1985-11-08,277.3564453125
"2140",1985-11-09,281.180114746094
"2141",1985-11-10,280.435684204102
"2142",1985-11-11,277.120544433594
"2143",1985-11-12,278.3486328125
"2144",1985-11-13,274.822845458984
"2145",1985-11-14,272.339050292969
"2146",1985-11-15,272.715637207031
"2147",1985-11-16,272.781555175781
"2148",1985-11-17,273.243774414062
"2149",1985-11-18,272.847351074219
"2150",1985-11-19,271.624389648438
"2151",1985-11-20,271.291381835938
"2152",1985-11-21,271.730529785156
"2153",1985-11-22,272.469970703125
"2154",1985-11-23,270.161743164062
"2155",1985-11-24,269.872314453125
"2156",1985-11-25,271.877807617188
"2157",1985-11-26,268.20947265625
"2158",1985-11-27,269.385131835938
"2159",1985-11-28,271.626251220703
"2160",1985-11-29,270.541442871094
"2161",1985-11-30,264.740478515625
"2162",1985-12-01,268.835327148438
"2163",1985-12-02,271.976501464844
"2164",1985-12-03,279.490539550781
"2165",1985-12-04,279.449676513672
"2166",1985-12-05,274.719177246094
"2167",1985-12-06,274.518402099609
"2168",1985-12-07,262.9765625
"2169",1985-12-08,260.759765625
"2170",1985-12-09,266.704223632812
"2171",1985-12-10,267.26806640625
"2172",1985-12-11,274.757751464844
"2173",1985-12-12,276.220764160156
"2174",1985-12-13,279.530059814453
"2175",1985-12-14,278.270385742188
"2176",1985-12-15,274.527221679688
"2177",1985-12-16,273.847259521484
"2178",1985-12-17,270.251220703125
"2179",1985-12-18,271.891052246094
"2180",1985-12-19,272.895263671875
"2181",1985-12-20,274.419799804688
"2182",1985-12-21,280.515182495117
"2183",1985-12-22,279.819564819336
"2184",1985-12-23,277.962387084961
"2185",1985-12-24,278.04670715332
"2186",1985-12-25,276.744201660156
"2187",1985-12-26,270.047668457031
"2188",1985-12-27,269.831176757812
"2189",1985-12-28,267.232299804688
"2190",1985-12-29,264.869262695312
"2191",1985-12-30,263.4296875
"2192",1985-12-31,263.563232421875
"2193",1986-01-01,268.788513183594
"2194",1986-01-02,270.276184082031
"2195",1986-01-03,270.114807128906
"2196",1986-01-04,266.670349121094
"2197",1986-01-05,266.411254882812
"2198",1986-01-06,266.748718261719
"2199",1986-01-07,261.565551757812
"2200",1986-01-08,259.834350585938
"2201",1986-01-09,258.144409179688
"2202",1986-01-10,268.396850585938
"2203",1986-01-11,274.178100585938
"2204",1986-01-12,275.919586181641
"2205",1986-01-13,274.731689453125
"2206",1986-01-14,273.089935302734
"2207",1986-01-15,272.788864135742
"2208",1986-01-16,263.5771484375
"2209",1986-01-17,261.697143554688
"2210",1986-01-18,273.526550292969
"2211",1986-01-19,266.18115234375
"2212",1986-01-20,273.697082519531
"2213",1986-01-21,277.284133911133
"2214",1986-01-22,275.271179199219
"2215",1986-01-23,275.183074951172
"2216",1986-01-24,273.515991210938
"2217",1986-01-25,272.606201171875
"2218",1986-01-26,269.958526611328
"2219",1986-01-27,264.48291015625
"2220",1986-01-28,270.437469482422
"2221",1986-01-29,273.6923828125
"2222",1986-01-30,273.245376586914
"2223",1986-01-31,270.65185546875
"2224",1986-02-01,272.695190429688
"2225",1986-02-02,270.553039550781
"2226",1986-02-03,269.769775390625
"2227",1986-02-04,270.980087280273
"2228",1986-02-05,265.247314453125
"2229",1986-02-06,266.333770751953
"2230",1986-02-07,268.251541137695
"2231",1986-02-08,270.659759521484
"2232",1986-02-09,271.560455322266
"2233",1986-02-10,271.385894775391
"2234",1986-02-11,270.147766113281
"2235",1986-02-12,270.831115722656
"2236",1986-02-13,271.950378417969
"2237",1986-02-14,270.708862304688
"2238",1986-02-15,269.919036865234
"2239",1986-02-16,268.610321044922
"2240",1986-02-17,270.300735473633
"2241",1986-02-18,269.71549987793
"2242",1986-02-19,262.563110351562
"2243",1986-02-20,264.6142578125
"2244",1986-02-21,265.285888671875
"2245",1986-02-22,266.495483398438
"2246",1986-02-23,270.965270996094
"2247",1986-02-24,268.070068359375
"2248",1986-02-25,271.856567382812
"2249",1986-02-26,271.710205078125
"2250",1986-02-27,275.1396484375
"2251",1986-02-28,271.139770507812
"2252",1986-03-01,272.401123046875
"2253",1986-03-02,274.298706054688
"2254",1986-03-03,276.68701171875
"2255",1986-03-04,273.197631835938
"2256",1986-03-05,275.531112670898
"2257",1986-03-06,276.912841796875
"2258",1986-03-07,276.722534179688
"2259",1986-03-08,277.877868652344
"2260",1986-03-09,276.223754882812
"2261",1986-03-10,274.510437011719
"2262",1986-03-11,276.393249511719
"2263",1986-03-12,274.740570068359
"2264",1986-03-13,274.678497314453
"2265",1986-03-14,274.48844909668
"2266",1986-03-15,276.307983398438
"2267",1986-03-16,273.691802978516
"2268",1986-03-17,277.182067871094
"2269",1986-03-18,276.019165039062
"2270",1986-03-19,280.39208984375
"2271",1986-03-20,281.114990234375
"2272",1986-03-21,278.259033203125
"2273",1986-03-22,276.218963623047
"2274",1986-03-23,277.838562011719
"2275",1986-03-24,277.790771484375
"2276",1986-03-25,274.961196899414
"2277",1986-03-26,277.686767578125
"2278",1986-03-27,277.62744140625
"2279",1986-03-28,280.454895019531
"2280",1986-03-29,277.359558105469
"2281",1986-03-30,278.56982421875
"2282",1986-03-31,276.127563476562
"2283",1986-04-01,277.808227539062
"2284",1986-04-02,281.017944335938
"2285",1986-04-03,282.32861328125
"2286",1986-04-04,281.061645507812
"2287",1986-04-05,278.363708496094
"2288",1986-04-06,277.538726806641
"2289",1986-04-07,278.911773681641
"2290",1986-04-08,282.33349609375
"2291",1986-04-09,284.09228515625
"2292",1986-04-10,274.559143066406
"2293",1986-04-11,276.765319824219
"2294",1986-04-12,278.480590820312
"2295",1986-04-13,275.983779907227
"2296",1986-04-14,277.325378417969
"2297",1986-04-15,275.070541381836
"2298",1986-04-16,273.925109863281
"2299",1986-04-17,277.399749755859
"2300",1986-04-18,277.187438964844
"2301",1986-04-19,278.536193847656
"2302",1986-04-20,273.675537109375
"2303",1986-04-21,275.104187011719
"2304",1986-04-22,279.648071289062
"2305",1986-04-23,285.65478515625
"2306",1986-04-24,285.81494140625
"2307",1986-04-25,283.499145507812
"2308",1986-04-26,284.694946289062
"2309",1986-04-27,288.663452148438
"2310",1986-04-28,284.973266601562
"2311",1986-04-29,284.651123046875
"2312",1986-04-30,284.0732421875
"2313",1986-05-01,288.360107421875
"2314",1986-05-02,290.5205078125
"2315",1986-05-03,295.561279296875
"2316",1986-05-04,297.11474609375
"2317",1986-05-05,295.808837890625
"2318",1986-05-06,292.355224609375
"2319",1986-05-07,296.9091796875
"2320",1986-05-08,286.308776855469
"2321",1986-05-09,283.887634277344
"2322",1986-05-10,287.56103515625
"2323",1986-05-11,285.575866699219
"2324",1986-05-12,284.988647460938
"2325",1986-05-13,285.663208007812
"2326",1986-05-14,285.436828613281
"2327",1986-05-15,287.880615234375
"2328",1986-05-16,283.438568115234
"2329",1986-05-17,287.9404296875
"2330",1986-05-18,288.733520507812
"2331",1986-05-19,287.485473632812
"2332",1986-05-20,290.48193359375
"2333",1986-05-21,291.184204101562
"2334",1986-05-22,286.005187988281
"2335",1986-05-23,286.782348632812
"2336",1986-05-24,285.775268554688
"2337",1986-05-25,286.141784667969
"2338",1986-05-26,286.009155273438
"2339",1986-05-27,285.756408691406
"2340",1986-05-28,285.045959472656
"2341",1986-05-29,284.926025390625
"2342",1986-05-30,289.399169921875
"2343",1986-05-31,288.075439453125
"2344",1986-06-01,288.693969726562
"2345",1986-06-02,290.1796875
"2346",1986-06-03,289.23486328125
"2347",1986-06-04,287.329406738281
"2348",1986-06-05,289.962890625
"2349",1986-06-06,294.163208007812
"2350",1986-06-07,288.354919433594
"2351",1986-06-08,285.070831298828
"2352",1986-06-09,288.218017578125
"2353",1986-06-10,294.8251953125
"2354",1986-06-11,293.600219726562
"2355",1986-06-12,288.225769042969
"2356",1986-06-13,291.447998046875
"2357",1986-06-14,292.246826171875
"2358",1986-06-15,296.96728515625
"2359",1986-06-16,300.393798828125
"2360",1986-06-17,298.04443359375
"2361",1986-06-18,299.144287109375
"2362",1986-06-19,287.074142456055
"2363",1986-06-20,293.502563476562
"2364",1986-06-21,292.58837890625
"2365",1986-06-22,292.726806640625
"2366",1986-06-23,294.716186523438
"2367",1986-06-24,296.346923828125
"2368",1986-06-25,297.9345703125
"2369",1986-06-26,298.64404296875
"2370",1986-06-27,300.836669921875
"2371",1986-06-28,297.370971679688
"2372",1986-06-29,298.977294921875
"2373",1986-06-30,300.92333984375
"2374",1986-07-01,297.068603515625
"2375",1986-07-02,296.235229492188
"2376",1986-07-03,294.318115234375
"2377",1986-07-04,291.528991699219
"2378",1986-07-05,290.510375976562
"2379",1986-07-06,292.606567382812
"2380",1986-07-07,292.313781738281
"2381",1986-07-08,292.2392578125
"2382",1986-07-09,289.555633544922
"2383",1986-07-10,289.979675292969
"2384",1986-07-11,292.17578125
"2385",1986-07-12,292.964477539062
"2386",1986-07-13,290.979675292969
"2387",1986-07-14,295.877685546875
"2388",1986-07-15,294.591064453125
"2389",1986-07-16,297.458251953125
"2390",1986-07-17,295.739990234375
"2391",1986-07-18,292.258117675781
"2392",1986-07-19,292.230285644531
"2393",1986-07-20,289.605163574219
"2394",1986-07-21,291.379638671875
"2395",1986-07-22,289.223510742188
"2396",1986-07-23,288.975708007812
"2397",1986-07-24,292.646484375
"2398",1986-07-25,294.922119140625
"2399",1986-07-26,293.090942382812
"2400",1986-07-27,292.964904785156
"2401",1986-07-28,292.288940429688
"2402",1986-07-29,296.692504882812
"2403",1986-07-30,290.908508300781
"2404",1986-07-31,292.875793457031
"2405",1986-08-01,290.095458984375
"2406",1986-08-02,291.9541015625
"2407",1986-08-03,292.388793945312
"2408",1986-08-04,293.29931640625
"2409",1986-08-05,290.353393554688
"2410",1986-08-06,290.880065917969
"2411",1986-08-07,290.146697998047
"2412",1986-08-08,290.350524902344
"2413",1986-08-09,289.561157226562
"2414",1986-08-10,292.947875976562
"2415",1986-08-11,292.728576660156
"2416",1986-08-12,293.178161621094
"2417",1986-08-13,293.132568359375
"2418",1986-08-14,292.670654296875
"2419",1986-08-15,293.206451416016
"2420",1986-08-16,289.566436767578
"2421",1986-08-17,287.632278442383
"2422",1986-08-18,289.797393798828
"2423",1986-08-19,290.829528808594
"2424",1986-08-20,289.99658203125
"2425",1986-08-21,289.63232421875
"2426",1986-08-22,285.550018310547
"2427",1986-08-23,286.874237060547
"2428",1986-08-24,287.607849121094
"2429",1986-08-25,288.85986328125
"2430",1986-08-26,288.496154785156
"2431",1986-08-27,283.823944091797
"2432",1986-08-28,287.884918212891
"2433",1986-08-29,289.192291259766
"2434",1986-08-30,288.577514648438
"2435",1986-08-31,289.051879882812
"2436",1986-09-01,289.3203125
"2437",1986-09-02,287.042541503906
"2438",1986-09-03,289.381652832031
"2439",1986-09-04,289.806884765625
"2440",1986-09-05,289.542358398438
"2441",1986-09-06,287.191833496094
"2442",1986-09-07,286.158325195312
"2443",1986-09-08,286.64599609375
"2444",1986-09-09,287.834289550781
"2445",1986-09-10,283.917510986328
"2446",1986-09-11,284.149871826172
"2447",1986-09-12,285.809692382812
"2448",1986-09-13,287.162841796875
"2449",1986-09-14,283.407012939453
"2450",1986-09-15,283.353515625
"2451",1986-09-16,286.674560546875
"2452",1986-09-17,286.20703125
"2453",1986-09-18,286.416748046875
"2454",1986-09-19,288.580932617188
"2455",1986-09-20,286.755432128906
"2456",1986-09-21,289.170043945312
"2457",1986-09-22,286.786865234375
"2458",1986-09-23,285.699096679688
"2459",1986-09-24,286.180358886719
"2460",1986-09-25,283.756652832031
"2461",1986-09-26,283.558227539062
"2462",1986-09-27,284.052795410156
"2463",1986-09-28,286.925262451172
"2464",1986-09-29,288.22265625
"2465",1986-09-30,285.895751953125
"2466",1986-10-01,286.296569824219
"2467",1986-10-02,287.970947265625
"2468",1986-10-03,285.324279785156
"2469",1986-10-04,285.914733886719
"2470",1986-10-05,283.538543701172
"2471",1986-10-06,284.518676757812
"2472",1986-10-07,286.016479492188
"2473",1986-10-08,283.283905029297
"2474",1986-10-09,283.640930175781
"2475",1986-10-10,284.539611816406
"2476",1986-10-11,287.49267578125
"2477",1986-10-12,284.762512207031
"2478",1986-10-13,286.366149902344
"2479",1986-10-14,284.136566162109
"2480",1986-10-15,285.221130371094
"2481",1986-10-16,285.559448242188
"2482",1986-10-17,285.272827148438
"2483",1986-10-18,282.6474609375
"2484",1986-10-19,282.363967895508
"2485",1986-10-20,280.46858215332
"2486",1986-10-21,279.517654418945
"2487",1986-10-22,278.641876220703
"2488",1986-10-23,278.065155029297
"2489",1986-10-24,279.363067626953
"2490",1986-10-25,280.451629638672
"2491",1986-10-26,281.181701660156
"2492",1986-10-27,281.852905273438
"2493",1986-10-28,282.837051391602
"2494",1986-10-29,283.574310302734
"2495",1986-10-30,282.006439208984
"2496",1986-10-31,281.366241455078
"2497",1986-11-01,281.305236816406
"2498",1986-11-02,279.156204223633
"2499",1986-11-03,278.0654296875
"2500",1986-11-04,279.369873046875
"2501",1986-11-05,280.898742675781
"2502",1986-11-06,279.359252929688
"2503",1986-11-07,281.010101318359
"2504",1986-11-08,283.400207519531
"2505",1986-11-09,281.831832885742
"2506",1986-11-10,284.103805541992
"2507",1986-11-11,283.548187255859
"2508",1986-11-12,280.247253417969
"2509",1986-11-13,277.453369140625
"2510",1986-11-14,277.279846191406
"2511",1986-11-15,280.471496582031
"2512",1986-11-16,280.908416748047
"2513",1986-11-17,281.110076904297
"2514",1986-11-18,280.611511230469
"2515",1986-11-19,278.050628662109
"2516",1986-11-20,273.918823242188
"2517",1986-11-21,275.653564453125
"2518",1986-11-22,277.850891113281
"2519",1986-11-23,279.481353759766
"2520",1986-11-24,279.491638183594
"2521",1986-11-25,283.141464233398
"2522",1986-11-26,283.201843261719
"2523",1986-11-27,281.834762573242
"2524",1986-11-28,282.926788330078
"2525",1986-11-29,281.999313354492
"2526",1986-11-30,282.042098999023
"2527",1986-12-01,281.469146728516
"2528",1986-12-02,279.796875
"2529",1986-12-03,282.753662109375
"2530",1986-12-04,282.207305908203
"2531",1986-12-05,282.223327636719
"2532",1986-12-06,279.789535522461
"2533",1986-12-07,275.047119140625
"2534",1986-12-08,278.738647460938
"2535",1986-12-09,280.992385864258
"2536",1986-12-10,280.642990112305
"2537",1986-12-11,274.061279296875
"2538",1986-12-12,276.896240234375
"2539",1986-12-13,276.201538085938
"2540",1986-12-14,274.186065673828
"2541",1986-12-15,274.081115722656
"2542",1986-12-16,274.386657714844
"2543",1986-12-17,273.068908691406
"2544",1986-12-18,274.104064941406
"2545",1986-12-19,274.230834960938
"2546",1986-12-20,268.276123046875
"2547",1986-12-21,263.09912109375
"2548",1986-12-22,265.802490234375
"2549",1986-12-23,267.614013671875
"2550",1986-12-24,261.488891601562
"2551",1986-12-25,270.735534667969
"2552",1986-12-26,270.498596191406
"2553",1986-12-27,269.895751953125
"2554",1986-12-28,271.23388671875
"2555",1986-12-29,275.799133300781
"2556",1986-12-30,265.94580078125
"2557",1986-12-31,268.143493652344
"2558",1987-01-01,258.406494140625
"2559",1987-01-02,258.473388671875
"2560",1987-01-03,263.332397460938
"2561",1987-01-04,263.075744628906
"2562",1987-01-05,268.879516601562
"2563",1987-01-06,266.964538574219
"2564",1987-01-07,263.108642578125
"2565",1987-01-08,271.526733398438
"2566",1987-01-09,256.429931640625
"2567",1987-01-10,249.555389404297
"2568",1987-01-11,251.640380859375
"2569",1987-01-12,255.687271118164
"2570",1987-01-13,260.92041015625
"2571",1987-01-14,264.942504882812
"2572",1987-01-15,266.810791015625
"2573",1987-01-16,262.623474121094
"2574",1987-01-17,269.251617431641
"2575",1987-01-18,269.774505615234
"2576",1987-01-19,267.246215820312
"2577",1987-01-20,272.309692382812
"2578",1987-01-21,272.507873535156
"2579",1987-01-22,268.255432128906
"2580",1987-01-23,267.687316894531
"2581",1987-01-24,273.676635742188
"2582",1987-01-25,276.657867431641
"2583",1987-01-26,270.303161621094
"2584",1987-01-27,269.802612304688
"2585",1987-01-28,262.950439453125
"2586",1987-01-29,267.362121582031
"2587",1987-01-30,274.061462402344
"2588",1987-01-31,277.465576171875
"2589",1987-02-01,273.73779296875
"2590",1987-02-02,273.53547668457
"2591",1987-02-03,273.471832275391
"2592",1987-02-04,276.395812988281
"2593",1987-02-05,276.77294921875
"2594",1987-02-06,276.298492431641
"2595",1987-02-07,273.383880615234
"2596",1987-02-08,274.202301025391
"2597",1987-02-09,271.036865234375
"2598",1987-02-10,273.499877929688
"2599",1987-02-11,274.581024169922
"2600",1987-02-12,273.971740722656
"2601",1987-02-13,273.314544677734
"2602",1987-02-14,273.331726074219
"2603",1987-02-15,269.669677734375
"2604",1987-02-16,266.189086914062
"2605",1987-02-17,269.696868896484
"2606",1987-02-18,269.368713378906
"2607",1987-02-19,270.956329345703
"2608",1987-02-20,273.806701660156
"2609",1987-02-21,275.111694335938
"2610",1987-02-22,275.996673583984
"2611",1987-02-23,272.960418701172
"2612",1987-02-24,271.412872314453
"2613",1987-02-25,269.50764465332
"2614",1987-02-26,272.649322509766
"2615",1987-02-27,271.444488525391
"2616",1987-02-28,268.588836669922
"2617",1987-03-01,266.570877075195
"2618",1987-03-02,263.534637451172
"2619",1987-03-03,264.869873046875
"2620",1987-03-04,265.181884765625
"2621",1987-03-05,266.96728515625
"2622",1987-03-06,270.298828125
"2623",1987-03-07,269.065612792969
"2624",1987-03-08,268.383712768555
"2625",1987-03-09,270.379211425781
"2626",1987-03-10,273.8134765625
"2627",1987-03-11,275.220458984375
"2628",1987-03-12,275.750244140625
"2629",1987-03-13,275.57080078125
"2630",1987-03-14,272.13818359375
"2631",1987-03-15,271.976257324219
"2632",1987-03-16,272.994262695312
"2633",1987-03-17,272.87548828125
"2634",1987-03-18,274.581268310547
"2635",1987-03-19,274.710693359375
"2636",1987-03-20,274.619934082031
"2637",1987-03-21,274.729736328125
"2638",1987-03-22,275.436737060547
"2639",1987-03-23,275.032379150391
"2640",1987-03-24,276.525512695312
"2641",1987-03-25,274.565612792969
"2642",1987-03-26,275.044494628906
"2643",1987-03-27,277.377380371094
"2644",1987-03-28,276.956192016602
"2645",1987-03-29,278.977661132812
"2646",1987-03-30,279.911376953125
"2647",1987-03-31,277.723510742188
"2648",1987-04-01,279.40576171875
"2649",1987-04-02,276.085998535156
"2650",1987-04-03,280.600952148438
"2651",1987-04-04,282.516357421875
"2652",1987-04-05,281.326293945312
"2653",1987-04-06,280.678344726562
"2654",1987-04-07,281.109985351562
"2655",1987-04-08,278.409790039062
"2656",1987-04-09,276.054077148438
"2657",1987-04-10,276.600524902344
"2658",1987-04-11,276.160705566406
"2659",1987-04-12,279.949951171875
"2660",1987-04-13,280.41064453125
"2661",1987-04-14,282.478881835938
"2662",1987-04-15,281.490661621094
"2663",1987-04-16,284.023681640625
"2664",1987-04-17,285.0146484375
"2665",1987-04-18,283.987915039062
"2666",1987-04-19,281.564331054688
"2667",1987-04-20,278.476013183594
"2668",1987-04-21,278.876403808594
"2669",1987-04-22,285.989135742188
"2670",1987-04-23,287.9931640625
"2671",1987-04-24,289.1845703125
"2672",1987-04-25,290.31494140625
"2673",1987-04-26,283.326904296875
"2674",1987-04-27,284.205505371094
"2675",1987-04-28,291.325439453125
"2676",1987-04-29,292.193115234375
"2677",1987-04-30,292.420166015625
"2678",1987-05-01,285.295043945312
"2679",1987-05-02,282.230163574219
"2680",1987-05-03,283.14404296875
"2681",1987-05-04,285.81298828125
"2682",1987-05-05,286.238525390625
"2683",1987-05-06,288.21923828125
"2684",1987-05-07,286.940551757812
"2685",1987-05-08,288.52099609375
"2686",1987-05-09,287.811645507812
"2687",1987-05-10,285.729614257812
"2688",1987-05-11,282.68359375
"2689",1987-05-12,280.790008544922
"2690",1987-05-13,278.249389648438
"2691",1987-05-14,282.275024414062
"2692",1987-05-15,286.072998046875
"2693",1987-05-16,285.943267822266
"2694",1987-05-17,283.98583984375
"2695",1987-05-18,283.456878662109
"2696",1987-05-19,285.300109863281
"2697",1987-05-20,284.940200805664
"2698",1987-05-21,284.439147949219
"2699",1987-05-22,292.96728515625
"2700",1987-05-23,296.341552734375
"2701",1987-05-24,291.308349609375
"2702",1987-05-25,292.547607421875
"2703",1987-05-26,292.344604492188
"2704",1987-05-27,284.220108032227
"2705",1987-05-28,285.447784423828
"2706",1987-05-29,287.015075683594
"2707",1987-05-30,285.237915039062
"2708",1987-05-31,284.854736328125
"2709",1987-06-01,284.946350097656
"2710",1987-06-02,287.257873535156
"2711",1987-06-03,289.069458007812
"2712",1987-06-04,289.1533203125
"2713",1987-06-05,289.893310546875
"2714",1987-06-06,289.307312011719
"2715",1987-06-07,286.933349609375
"2716",1987-06-08,286.834503173828
"2717",1987-06-09,283.824157714844
"2718",1987-06-10,284.661239624023
"2719",1987-06-11,287.134460449219
"2720",1987-06-12,284.614288330078
"2721",1987-06-13,288.219360351562
"2722",1987-06-14,287.472503662109
"2723",1987-06-15,285.561859130859
"2724",1987-06-16,284.001525878906
"2725",1987-06-17,284.144927978516
"2726",1987-06-18,285.687591552734
"2727",1987-06-19,287.078491210938
"2728",1987-06-20,285.051910400391
"2729",1987-06-21,289.044555664062
"2730",1987-06-22,286.625030517578
"2731",1987-06-23,289.968505859375
"2732",1987-06-24,289.005432128906
"2733",1987-06-25,287.357727050781
"2734",1987-06-26,287.340270996094
"2735",1987-06-27,288.615295410156
"2736",1987-06-28,293.504028320312
"2737",1987-06-29,294.052734375
"2738",1987-06-30,290.978332519531
"2739",1987-07-01,289.119873046875
"2740",1987-07-02,291.626953125
"2741",1987-07-03,293.107788085938
"2742",1987-07-04,293.430297851562
"2743",1987-07-05,292.176147460938
"2744",1987-07-06,294.366088867188
"2745",1987-07-07,294.27783203125
"2746",1987-07-08,294.66064453125
"2747",1987-07-09,288.519256591797
"2748",1987-07-10,288.690856933594
"2749",1987-07-11,291.903137207031
"2750",1987-07-12,291.602233886719
"2751",1987-07-13,292.209228515625
"2752",1987-07-14,292.729858398438
"2753",1987-07-15,295.345092773438
"2754",1987-07-16,293.692504882812
"2755",1987-07-17,293.566162109375
"2756",1987-07-18,292.034423828125
"2757",1987-07-19,293.112976074219
"2758",1987-07-20,293.558227539062
"2759",1987-07-21,296.628295898438
"2760",1987-07-22,299.81982421875
"2761",1987-07-23,299.650146484375
"2762",1987-07-24,290.411956787109
"2763",1987-07-25,290.485412597656
"2764",1987-07-26,288.515808105469
"2765",1987-07-27,292.230346679688
"2766",1987-07-28,292.890014648438
"2767",1987-07-29,290.783386230469
"2768",1987-07-30,289.892333984375
"2769",1987-07-31,289.799377441406
"2770",1987-08-01,287.341918945312
"2771",1987-08-02,290.543762207031
"2772",1987-08-03,289.551635742188
"2773",1987-08-04,288.6923828125
"2774",1987-08-05,288.948333740234
"2775",1987-08-06,288.7705078125
"2776",1987-08-07,287.625366210938
"2777",1987-08-08,289.671875
"2778",1987-08-09,285.040771484375
"2779",1987-08-10,287.524627685547
"2780",1987-08-11,288.960418701172
"2781",1987-08-12,291.998046875
"2782",1987-08-13,292.360595703125
"2783",1987-08-14,288.088806152344
"2784",1987-08-15,289.740478515625
"2785",1987-08-16,289.958923339844
"2786",1987-08-17,291.489074707031
"2787",1987-08-18,290.867126464844
"2788",1987-08-19,293.211669921875
"2789",1987-08-20,295.499145507812
"2790",1987-08-21,292.117126464844
"2791",1987-08-22,292.238891601562
"2792",1987-08-23,290.221862792969
"2793",1987-08-24,286.952987670898
"2794",1987-08-25,286.977813720703
"2795",1987-08-26,287.288421630859
"2796",1987-08-27,288.066589355469
"2797",1987-08-28,290.467956542969
"2798",1987-08-29,290.423706054688
"2799",1987-08-30,287.424377441406
"2800",1987-08-31,288.9091796875
"2801",1987-09-01,290.378601074219
"2802",1987-09-02,291.25341796875
"2803",1987-09-03,290.734802246094
"2804",1987-09-04,288.007659912109
"2805",1987-09-05,289.431915283203
"2806",1987-09-06,288.059326171875
"2807",1987-09-07,287.467712402344
"2808",1987-09-08,289.222229003906
"2809",1987-09-09,289.170288085938
"2810",1987-09-10,285.891571044922
"2811",1987-09-11,287.178619384766
"2812",1987-09-12,288.746154785156
"2813",1987-09-13,288.943359375
"2814",1987-09-14,287.853454589844
"2815",1987-09-15,288.982360839844
"2816",1987-09-16,286.944030761719
"2817",1987-09-17,284.772277832031
"2818",1987-09-18,285.949813842773
"2819",1987-09-19,287.025115966797
"2820",1987-09-20,287.299133300781
"2821",1987-09-21,287.502319335938
"2822",1987-09-22,286.224426269531
"2823",1987-09-23,288.213500976562
"2824",1987-09-24,287.209503173828
"2825",1987-09-25,284.860656738281
"2826",1987-09-26,286.060729980469
"2827",1987-09-27,280.291076660156
"2828",1987-09-28,284.963043212891
"2829",1987-09-29,285.386291503906
"2830",1987-09-30,286.191528320312
"2831",1987-10-01,285.805236816406
"2832",1987-10-02,284.871978759766
"2833",1987-10-03,285.153961181641
"2834",1987-10-04,285.510803222656
"2835",1987-10-05,284.480438232422
"2836",1987-10-06,284.94905090332
"2837",1987-10-07,285.134460449219
"2838",1987-10-08,286.024444580078
"2839",1987-10-09,284.815338134766
"2840",1987-10-10,287.578735351562
"2841",1987-10-11,287.370208740234
"2842",1987-10-12,283.984649658203
"2843",1987-10-13,284.735015869141
"2844",1987-10-14,282.322814941406
"2845",1987-10-15,283.810211181641
"2846",1987-10-16,288.389587402344
"2847",1987-10-17,285.258193969727
"2848",1987-10-18,284.708160400391
"2849",1987-10-19,283.821594238281
"2850",1987-10-20,282.692138671875
"2851",1987-10-21,284.228927612305
"2852",1987-10-22,283.414886474609
"2853",1987-10-23,281.384887695312
"2854",1987-10-24,281.614501953125
"2855",1987-10-25,280.593048095703
"2856",1987-10-26,281.812622070312
"2857",1987-10-27,281.143829345703
"2858",1987-10-28,282.202926635742
"2859",1987-10-29,279.803955078125
"2860",1987-10-30,278.885162353516
"2861",1987-10-31,279.544738769531
"2862",1987-11-01,280.429321289062
"2863",1987-11-02,278.798889160156
"2864",1987-11-03,277.398040771484
"2865",1987-11-04,277.803405761719
"2866",1987-11-05,276.932922363281
"2867",1987-11-06,278.273345947266
"2868",1987-11-07,276.693481445312
"2869",1987-11-08,274.959167480469
"2870",1987-11-09,273.18798828125
"2871",1987-11-10,274.246704101562
"2872",1987-11-11,274.890014648438
"2873",1987-11-12,279.338012695312
"2874",1987-11-13,278.957763671875
"2875",1987-11-14,278.832672119141
"2876",1987-11-15,278.231201171875
"2877",1987-11-16,279.577758789062
"2878",1987-11-17,280.424255371094
"2879",1987-11-18,277.515319824219
"2880",1987-11-19,281.036407470703
"2881",1987-11-20,277.027526855469
"2882",1987-11-21,274.223327636719
"2883",1987-11-22,275.552642822266
"2884",1987-11-23,277.218536376953
"2885",1987-11-24,276.906646728516
"2886",1987-11-25,274.502563476562
"2887",1987-11-26,273.697357177734
"2888",1987-11-27,273.445739746094
"2889",1987-11-28,271.4091796875
"2890",1987-11-29,271.429626464844
"2891",1987-11-30,270.45361328125
"2892",1987-12-01,272.980651855469
"2893",1987-12-02,272.072387695312
"2894",1987-12-03,274.337463378906
"2895",1987-12-04,274.7021484375
"2896",1987-12-05,271.763305664062
"2897",1987-12-06,272.683471679688
"2898",1987-12-07,267.759643554688
"2899",1987-12-08,270.179321289062
"2900",1987-12-09,275.915466308594
"2901",1987-12-10,279.833251953125
"2902",1987-12-11,276.31884765625
"2903",1987-12-12,275.8486328125
"2904",1987-12-13,274.779724121094
"2905",1987-12-14,274.343505859375
"2906",1987-12-15,276.1787109375
"2907",1987-12-16,270.510009765625
"2908",1987-12-17,270.0576171875
"2909",1987-12-18,273.128356933594
"2910",1987-12-19,274.6513671875
"2911",1987-12-20,276.336669921875
"2912",1987-12-21,275.377197265625
"2913",1987-12-22,277.550170898438
"2914",1987-12-23,274.917114257812
"2915",1987-12-24,276.252868652344
"2916",1987-12-25,278.414642333984
"2917",1987-12-26,279.85009765625
"2918",1987-12-27,279.835205078125
"2919",1987-12-28,274.600799560547
"2920",1987-12-29,278.858215332031
"2921",1987-12-30,280.234832763672
"2922",1987-12-31,278.401641845703
"2923",1988-01-01,279.431579589844
"2924",1988-01-02,279.287109375
"2925",1988-01-03,278.294418334961
"2926",1988-01-04,277.146453857422
"2927",1988-01-05,274.336730957031
"2928",1988-01-06,274.437225341797
"2929",1988-01-07,274.310455322266
"2930",1988-01-08,271.191101074219
"2931",1988-01-09,276.6611328125
"2932",1988-01-10,279.403289794922
"2933",1988-01-11,277.546875
"2934",1988-01-12,277.627044677734
"2935",1988-01-13,277.570159912109
"2936",1988-01-14,277.612686157227
"2937",1988-01-15,278.955139160156
"2938",1988-01-16,278.263473510742
"2939",1988-01-17,275.627899169922
"2940",1988-01-18,275.924407958984
"2941",1988-01-19,276.416351318359
"2942",1988-01-20,275.616516113281
"2943",1988-01-21,277.095672607422
"2944",1988-01-22,276.439926147461
"2945",1988-01-23,274.431182861328
"2946",1988-01-24,274.19677734375
"2947",1988-01-25,274.146484375
"2948",1988-01-26,276.074584960938
"2949",1988-01-27,275.741760253906
"2950",1988-01-28,275.005676269531
"2951",1988-01-29,274.495025634766
"2952",1988-01-30,272.37158203125
"2953",1988-01-31,271.606872558594
"2954",1988-02-01,275.020690917969
"2955",1988-02-02,277.141784667969
"2956",1988-02-03,277.885147094727
"2957",1988-02-04,277.851425170898
"2958",1988-02-05,277.625701904297
"2959",1988-02-06,276.206451416016
"2960",1988-02-07,275.92561340332
"2961",1988-02-08,274.70671081543
"2962",1988-02-09,274.193054199219
"2963",1988-02-10,276.012435913086
"2964",1988-02-11,276.836090087891
"2965",1988-02-12,275.685485839844
"2966",1988-02-13,274.252990722656
"2967",1988-02-14,276.9384765625
"2968",1988-02-15,276.727111816406
"2969",1988-02-16,274.670013427734
"2970",1988-02-17,275.294891357422
"2971",1988-02-18,273.153106689453
"2972",1988-02-19,273.232971191406
"2973",1988-02-20,275.294006347656
"2974",1988-02-21,277.264831542969
"2975",1988-02-22,275.376220703125
"2976",1988-02-23,273.58154296875
"2977",1988-02-24,269.333618164062
"2978",1988-02-25,268.754272460938
"2979",1988-02-26,271.296752929688
"2980",1988-02-27,276.375030517578
"2981",1988-02-28,276.769104003906
"2982",1988-02-29,273.320190429688
"2983",1988-03-01,270.814270019531
"2984",1988-03-02,272.929138183594
"2985",1988-03-03,274.944000244141
"2986",1988-03-04,275.561279296875
"2987",1988-03-05,275.184646606445
"2988",1988-03-06,274.446670532227
"2989",1988-03-07,273.713958740234
"2990",1988-03-08,272.399566650391
"2991",1988-03-09,273.898345947266
"2992",1988-03-10,274.995452880859
"2993",1988-03-11,275.590942382812
"2994",1988-03-12,274.058746337891
"2995",1988-03-13,273.831359863281
"2996",1988-03-14,274.982666015625
"2997",1988-03-15,275.217346191406
"2998",1988-03-16,269.874359130859
"2999",1988-03-17,271.122375488281
"3000",1988-03-18,277.138000488281
"3001",1988-03-19,276.900482177734
"3002",1988-03-20,275.414688110352
"3003",1988-03-21,275.067504882812
"3004",1988-03-22,275.314682006836
"3005",1988-03-23,275.412231445312
"3006",1988-03-24,275.656295776367
"3007",1988-03-25,274.265533447266
"3008",1988-03-26,275.435363769531
"3009",1988-03-27,277.294067382812
"3010",1988-03-28,276.896606445312
"3011",1988-03-29,277.198944091797
"3012",1988-03-30,277.510375976562
"3013",1988-03-31,279.102233886719
"3014",1988-04-01,280.367126464844
"3015",1988-04-02,278.283935546875
"3016",1988-04-03,283.521484375
"3017",1988-04-04,285.876708984375
"3018",1988-04-05,280.406066894531
"3019",1988-04-06,279.895141601562
"3020",1988-04-07,280.89111328125
"3021",1988-04-08,280.181762695312
"3022",1988-04-09,279.112335205078
"3023",1988-04-10,278.892288208008
"3024",1988-04-11,278.495391845703
"3025",1988-04-12,279.587768554688
"3026",1988-04-13,279.287353515625
"3027",1988-04-14,278.027648925781
"3028",1988-04-15,282.953247070312
"3029",1988-04-16,282.773193359375
"3030",1988-04-17,282.110473632812
"3031",1988-04-18,280.854309082031
"3032",1988-04-19,279.215393066406
"3033",1988-04-20,275.898498535156
"3034",1988-04-21,276.907623291016
"3035",1988-04-22,276.109008789062
"3036",1988-04-23,277.687438964844
"3037",1988-04-24,279.383361816406
"3038",1988-04-25,280.281372070312
"3039",1988-04-26,280.84619140625
"3040",1988-04-27,283.50244140625
"3041",1988-04-28,286.037719726562
"3042",1988-04-29,287.661010742188
"3043",1988-04-30,282.311645507812
"3044",1988-05-01,285.336303710938
"3045",1988-05-02,289.706298828125
"3046",1988-05-03,285.979370117188
"3047",1988-05-04,283.883239746094
"3048",1988-05-05,283.474182128906
"3049",1988-05-06,288.525268554688
"3050",1988-05-07,290.718017578125
"3051",1988-05-08,292.162109375
"3052",1988-05-09,290.121215820312
"3053",1988-05-10,288.057800292969
"3054",1988-05-11,290.8427734375
"3055",1988-05-12,293.2109375
"3056",1988-05-13,295.709716796875
"3057",1988-05-14,297.62646484375
"3058",1988-05-15,295.439453125
"3059",1988-05-16,295.295654296875
"3060",1988-05-17,286.350036621094
"3061",1988-05-18,285.194641113281
"3062",1988-05-19,286.560424804688
"3063",1988-05-20,285.775024414062
"3064",1988-05-21,289.397094726562
"3065",1988-05-22,287.490661621094
"3066",1988-05-23,285.518188476562
"3067",1988-05-24,291.4501953125
"3068",1988-05-25,289.350708007812
"3069",1988-05-26,296.439208984375
"3070",1988-05-27,298.760986328125
"3071",1988-05-28,300.33251953125
"3072",1988-05-29,299.550903320312
"3073",1988-05-30,290.669555664062
"3074",1988-05-31,292.716796875
"3075",1988-06-01,288.31103515625
"3076",1988-06-02,287.916015625
"3077",1988-06-03,288.137939453125
"3078",1988-06-04,287.707336425781
"3079",1988-06-05,288.201293945312
"3080",1988-06-06,293.8291015625
"3081",1988-06-07,295.165954589844
"3082",1988-06-08,293.446105957031
"3083",1988-06-09,300.93212890625
"3084",1988-06-10,294.172241210938
"3085",1988-06-11,294.594970703125
"3086",1988-06-12,297.663330078125
"3087",1988-06-13,298.429443359375
"3088",1988-06-14,294.028198242188
"3089",1988-06-15,293.866943359375
"3090",1988-06-16,295.30810546875
"3091",1988-06-17,296.420166015625
"3092",1988-06-18,296.57177734375
"3093",1988-06-19,299.469970703125
"3094",1988-06-20,298.984008789062
"3095",1988-06-21,297.831665039062
"3096",1988-06-22,295.896240234375
"3097",1988-06-23,299.3115234375
"3098",1988-06-24,300.0341796875
"3099",1988-06-25,299.845703125
"3100",1988-06-26,301.8505859375
"3101",1988-06-27,303.3994140625
"3102",1988-06-28,298.047485351562
"3103",1988-06-29,296.435180664062
"3104",1988-06-30,291.694580078125
"3105",1988-07-01,298.164916992188
"3106",1988-07-02,293.296173095703
"3107",1988-07-03,294.300231933594
"3108",1988-07-04,294.426086425781
"3109",1988-07-05,296.29052734375
"3110",1988-07-06,291.781463623047
"3111",1988-07-07,291.25439453125
"3112",1988-07-08,291.238800048828
"3113",1988-07-09,290.087829589844
"3114",1988-07-10,292.309753417969
"3115",1988-07-11,291.327270507812
"3116",1988-07-12,291.296630859375
"3117",1988-07-13,293.225219726562
"3118",1988-07-14,292.716857910156
"3119",1988-07-15,293.486511230469
"3120",1988-07-16,296.14013671875
"3121",1988-07-17,291.746704101562
"3122",1988-07-18,294.529663085938
"3123",1988-07-19,295.532470703125
"3124",1988-07-20,290.894653320312
"3125",1988-07-21,292.501220703125
"3126",1988-07-22,291.368408203125
"3127",1988-07-23,294.578979492188
"3128",1988-07-24,293.69482421875
"3129",1988-07-25,292.572509765625
"3130",1988-07-26,291.941619873047
"3131",1988-07-27,290.71630859375
"3132",1988-07-28,290.648132324219
"3133",1988-07-29,290.038024902344
"3134",1988-07-30,288.168060302734
"3135",1988-07-31,289.118377685547
"3136",1988-08-01,291.582092285156
"3137",1988-08-02,290.175048828125
"3138",1988-08-03,290.714172363281
"3139",1988-08-04,288.977630615234
"3140",1988-08-05,293.809448242188
"3141",1988-08-06,295.9150390625
"3142",1988-08-07,297.318725585938
"3143",1988-08-08,297.074584960938
"3144",1988-08-09,297.893310546875
"3145",1988-08-10,295.096069335938
"3146",1988-08-11,292.547302246094
"3147",1988-08-12,290.319580078125
"3148",1988-08-13,291.082061767578
"3149",1988-08-14,292.443542480469
"3150",1988-08-15,291.356658935547
"3151",1988-08-16,290.06494140625
"3152",1988-08-17,290.82177734375
"3153",1988-08-18,293.42578125
"3154",1988-08-19,288.085144042969
"3155",1988-08-20,290.601318359375
"3156",1988-08-21,289.767028808594
"3157",1988-08-22,289.369445800781
"3158",1988-08-23,289.297698974609
"3159",1988-08-24,289.779052734375
"3160",1988-08-25,291.228881835938
"3161",1988-08-26,289.885955810547
"3162",1988-08-27,291.892211914062
"3163",1988-08-28,290.848754882812
"3164",1988-08-29,290.302429199219
"3165",1988-08-30,290.101623535156
"3166",1988-08-31,290.494201660156
"3167",1988-09-01,288.590545654297
"3168",1988-09-02,288.859481811523
"3169",1988-09-03,287.748916625977
"3170",1988-09-04,289.783447265625
"3171",1988-09-05,289.011779785156
"3172",1988-09-06,290.729614257812
"3173",1988-09-07,291.729919433594
"3174",1988-09-08,291.074462890625
"3175",1988-09-09,291.219299316406
"3176",1988-09-10,290.881530761719
"3177",1988-09-11,288.695663452148
"3178",1988-09-12,288.326965332031
"3179",1988-09-13,286.329833984375
"3180",1988-09-14,288.332214355469
"3181",1988-09-15,290.342956542969
"3182",1988-09-16,291.556274414062
"3183",1988-09-17,290.15673828125
"3184",1988-09-18,290.486450195312
"3185",1988-09-19,291.467834472656
"3186",1988-09-20,292.080444335938
"3187",1988-09-21,290.607116699219
"3188",1988-09-22,286.880264282227
"3189",1988-09-23,287.357955932617
"3190",1988-09-24,285.625442504883
"3191",1988-09-25,288.501403808594
"3192",1988-09-26,288.742462158203
"3193",1988-09-27,286.796630859375
"3194",1988-09-28,287.871856689453
"3195",1988-09-29,285.566802978516
"3196",1988-09-30,286.675415039062
"3197",1988-10-01,285.286346435547
"3198",1988-10-02,286.301544189453
"3199",1988-10-03,287.193511962891
"3200",1988-10-04,285.979385375977
"3201",1988-10-05,284.678070068359
"3202",1988-10-06,285.463455200195
"3203",1988-10-07,282.107330322266
"3204",1988-10-08,283.977233886719
"3205",1988-10-09,285.085235595703
"3206",1988-10-10,283.009338378906
"3207",1988-10-11,282.300384521484
"3208",1988-10-12,281.060394287109
"3209",1988-10-13,282.921295166016
"3210",1988-10-14,284.474304199219
"3211",1988-10-15,284.789779663086
"3212",1988-10-16,279.595336914062
"3213",1988-10-17,279.671813964844
"3214",1988-10-18,281.997100830078
"3215",1988-10-19,282.740295410156
"3216",1988-10-20,282.921905517578
"3217",1988-10-21,280.192428588867
"3218",1988-10-22,280.936767578125
"3219",1988-10-23,281.884826660156
"3220",1988-10-24,276.145629882812
"3221",1988-10-25,275.327392578125
"3222",1988-10-26,278.201538085938
"3223",1988-10-27,281.477661132812
"3224",1988-10-28,281.890686035156
"3225",1988-10-29,275.704406738281
"3226",1988-10-30,276.06103515625
"3227",1988-10-31,277.749420166016
"3228",1988-11-01,281.706878662109
"3229",1988-11-02,273.807189941406
"3230",1988-11-03,277.527160644531
"3231",1988-11-04,277.887084960938
"3232",1988-11-05,278.502197265625
"3233",1988-11-06,281.297637939453
"3234",1988-11-07,277.675445556641
"3235",1988-11-08,273.861450195312
"3236",1988-11-09,274.686767578125
"3237",1988-11-10,277.942321777344
"3238",1988-11-11,282.484848022461
"3239",1988-11-12,280.655609130859
"3240",1988-11-13,279.690765380859
"3241",1988-11-14,275.452880859375
"3242",1988-11-15,276.232177734375
"3243",1988-11-16,278.115417480469
"3244",1988-11-17,278.29345703125
"3245",1988-11-18,276.14111328125
"3246",1988-11-19,272.233520507812
"3247",1988-11-20,269.1376953125
"3248",1988-11-21,270.122924804688
"3249",1988-11-22,274.059326171875
"3250",1988-11-23,273.614379882812
"3251",1988-11-24,277.6220703125
"3252",1988-11-25,279.191162109375
"3253",1988-11-26,275.9453125
"3254",1988-11-27,271.423706054688
"3255",1988-11-28,275.298400878906
"3256",1988-11-29,272.164672851562
"3257",1988-11-30,264.052612304688
"3258",1988-12-01,261.814453125
"3259",1988-12-02,263.606567382812
"3260",1988-12-03,270.361755371094
"3261",1988-12-04,272.473388671875
"3262",1988-12-05,274.104797363281
"3263",1988-12-06,273.166168212891
"3264",1988-12-07,272.499877929688
"3265",1988-12-08,278.485382080078
"3266",1988-12-09,275.687927246094
"3267",1988-12-10,276.471740722656
"3268",1988-12-11,275.151611328125
"3269",1988-12-12,273.019958496094
"3270",1988-12-13,278.805572509766
"3271",1988-12-14,273.627197265625
"3272",1988-12-15,275.392456054688
"3273",1988-12-16,278.431213378906
"3274",1988-12-17,274.368957519531
"3275",1988-12-18,276.662963867188
"3276",1988-12-19,269.823669433594
"3277",1988-12-20,275.971069335938
"3278",1988-12-21,278.687469482422
"3279",1988-12-22,279.776245117188
"3280",1988-12-23,277.496459960938
"3281",1988-12-24,273.454010009766
"3282",1988-12-25,277.844787597656
"3283",1988-12-26,279.585800170898
"3284",1988-12-27,279.787170410156
"3285",1988-12-28,281.195465087891
"3286",1988-12-29,280.948715209961
"3287",1988-12-30,282.133422851562
"3288",1988-12-31,276.851196289062
"3289",1989-01-01,276.812469482422
"3290",1989-01-02,279.188262939453
"3291",1989-01-03,278.391235351562
"3292",1989-01-04,279.019866943359
"3293",1989-01-05,278.856521606445
"3294",1989-01-06,273.294189453125
"3295",1989-01-07,274.488708496094
"3296",1989-01-08,279.254821777344
"3297",1989-01-09,279.923324584961
"3298",1989-01-10,278.143280029297
"3299",1989-01-11,278.565719604492
"3300",1989-01-12,279.097290039062
"3301",1989-01-13,279.378356933594
"3302",1989-01-14,279.282745361328
"3303",1989-01-15,283.177917480469
"3304",1989-01-16,281.18603515625
"3305",1989-01-17,281.292236328125
"3306",1989-01-18,278.609710693359
"3307",1989-01-19,281.797637939453
"3308",1989-01-20,280.547668457031
"3309",1989-01-21,279.073532104492
"3310",1989-01-22,278.991149902344
"3311",1989-01-23,279.113540649414
"3312",1989-01-24,279.215393066406
"3313",1989-01-25,278.756408691406
"3314",1989-01-26,278.258941650391
"3315",1989-01-27,280.110763549805
"3316",1989-01-28,280.986297607422
"3317",1989-01-29,281.486755371094
"3318",1989-01-30,281.184967041016
"3319",1989-01-31,281.700317382812
"3320",1989-02-01,278.456420898438
"3321",1989-02-02,280.233001708984
"3322",1989-02-03,281.927917480469
"3323",1989-02-04,281.011993408203
"3324",1989-02-05,279.89372253418
"3325",1989-02-06,283.397644042969
"3326",1989-02-07,282.635833740234
"3327",1989-02-08,279.034545898438
"3328",1989-02-09,277.834106445312
"3329",1989-02-10,278.264709472656
"3330",1989-02-11,278.329193115234
"3331",1989-02-12,280.156799316406
"3332",1989-02-13,278.145477294922
"3333",1989-02-14,277.919891357422
"3334",1989-02-15,279.799118041992
"3335",1989-02-16,276.565872192383
"3336",1989-02-17,276.191772460938
"3337",1989-02-18,276.125549316406
"3338",1989-02-19,280.038665771484
"3339",1989-02-20,278.834854125977
"3340",1989-02-21,278.815124511719
"3341",1989-02-22,278.029174804688
"3342",1989-02-23,277.107406616211
"3343",1989-02-24,276.562637329102
"3344",1989-02-25,276.379852294922
"3345",1989-02-26,277.800659179688
"3346",1989-02-27,277.604553222656
"3347",1989-02-28,278.248138427734
"3348",1989-03-01,277.8544921875
"3349",1989-03-02,277.653472900391
"3350",1989-03-03,276.461578369141
"3351",1989-03-04,277.515243530273
"3352",1989-03-05,281.089721679688
"3353",1989-03-06,279.716064453125
"3354",1989-03-07,284.995971679688
"3355",1989-03-08,279.331420898438
"3356",1989-03-09,278.552307128906
"3357",1989-03-10,279.655975341797
"3358",1989-03-11,281.05224609375
"3359",1989-03-12,280.717712402344
"3360",1989-03-13,277.705444335938
"3361",1989-03-14,280.818359375
"3362",1989-03-15,280.015960693359
"3363",1989-03-16,277.813781738281
"3364",1989-03-17,278.699523925781
"3365",1989-03-18,279.404052734375
"3366",1989-03-19,282.515502929688
"3367",1989-03-20,280.483520507812
"3368",1989-03-21,279.238830566406
"3369",1989-03-22,280.145385742188
"3370",1989-03-23,280.559143066406
"3371",1989-03-24,278.718734741211
"3372",1989-03-25,281.439971923828
"3373",1989-03-26,283.203491210938
"3374",1989-03-27,280.837951660156
"3375",1989-03-28,284.380493164062
"3376",1989-03-29,285.140014648438
"3377",1989-03-30,279.573013305664
"3378",1989-03-31,282.196655273438
"3379",1989-04-01,280.066467285156
"3380",1989-04-02,275.011383056641
"3381",1989-04-03,277.425079345703
"3382",1989-04-04,276.811950683594
"3383",1989-04-05,278.643127441406
"3384",1989-04-06,277.541687011719
"3385",1989-04-07,279.064636230469
"3386",1989-04-08,281.022399902344
"3387",1989-04-09,280.257904052734
"3388",1989-04-10,282.31494140625
"3389",1989-04-11,283.700073242188
"3390",1989-04-12,285.534423828125
"3391",1989-04-13,292.319091796875
"3392",1989-04-14,293.034423828125
"3393",1989-04-15,292.130249023438
"3394",1989-04-16,283.036163330078
"3395",1989-04-17,280.410171508789
"3396",1989-04-18,279.734436035156
"3397",1989-04-19,280.109802246094
"3398",1989-04-20,284.301879882812
"3399",1989-04-21,283.34765625
"3400",1989-04-22,280.133056640625
"3401",1989-04-23,279.10595703125
"3402",1989-04-24,281.391418457031
"3403",1989-04-25,280.819458007812
"3404",1989-04-26,280.033416748047
"3405",1989-04-27,278.0693359375
"3406",1989-04-28,283.57275390625
"3407",1989-04-29,286.164672851562
"3408",1989-04-30,286.51318359375
"3409",1989-05-01,283.638305664062
"3410",1989-05-02,287.748046875
"3411",1989-05-03,290.335571289062
"3412",1989-05-04,290.0947265625
"3413",1989-05-05,287.228515625
"3414",1989-05-06,288.970947265625
"3415",1989-05-07,287.06494140625
"3416",1989-05-08,288.594970703125
"3417",1989-05-09,283.291442871094
"3418",1989-05-10,285.183349609375
"3419",1989-05-11,286.08984375
"3420",1989-05-12,285.501953125
"3421",1989-05-13,284.002624511719
"3422",1989-05-14,287.931884765625
"3423",1989-05-15,286.96923828125
"3424",1989-05-16,287.879760742188
"3425",1989-05-17,287.857299804688
"3426",1989-05-18,288.633544921875
"3427",1989-05-19,290.839965820312
"3428",1989-05-20,292.88671875
"3429",1989-05-21,295.018798828125
"3430",1989-05-22,294.0810546875
"3431",1989-05-23,294.101806640625
"3432",1989-05-24,296.00537109375
"3433",1989-05-25,296.255126953125
"3434",1989-05-26,292.080200195312
"3435",1989-05-27,291.479858398438
"3436",1989-05-28,287.863830566406
"3437",1989-05-29,286.501190185547
"3438",1989-05-30,287.695556640625
"3439",1989-05-31,280.283203125
"3440",1989-06-01,283.913024902344
"3441",1989-06-02,285.68115234375
"3442",1989-06-03,287.522644042969
"3443",1989-06-04,289.268432617188
"3444",1989-06-05,287.741088867188
"3445",1989-06-06,289.635803222656
"3446",1989-06-07,288.296997070312
"3447",1989-06-08,288.357543945312
"3448",1989-06-09,287.215270996094
"3449",1989-06-10,289.486572265625
"3450",1989-06-11,291.863159179688
"3451",1989-06-12,293.85693359375
"3452",1989-06-13,297.400390625
"3453",1989-06-14,292.50439453125
"3454",1989-06-15,294.01513671875
"3455",1989-06-16,296.94873046875
"3456",1989-06-17,297.16796875
"3457",1989-06-18,298.212890625
"3458",1989-06-19,299.826416015625
"3459",1989-06-20,301.479736328125
"3460",1989-06-21,298.7041015625
"3461",1989-06-22,299.46826171875
"3462",1989-06-23,295.888427734375
"3463",1989-06-24,291.730651855469
"3464",1989-06-25,289.828247070312
"3465",1989-06-26,296.404174804688
"3466",1989-06-27,294.879760742188
"3467",1989-06-28,291.051147460938
"3468",1989-06-29,288.706176757812
"3469",1989-06-30,289.045318603516
"3470",1989-07-01,290.329467773438
"3471",1989-07-02,295.274658203125
"3472",1989-07-03,297.91455078125
"3473",1989-07-04,298.970703125
"3474",1989-07-05,297.763916015625
"3475",1989-07-06,300.200927734375
"3476",1989-07-07,297.423583984375
"3477",1989-07-08,301.80126953125
"3478",1989-07-09,300.471557617188
"3479",1989-07-10,294.241027832031
"3480",1989-07-11,295.953002929688
"3481",1989-07-12,290.516204833984
"3482",1989-07-13,290.129516601562
"3483",1989-07-14,290.095489501953
"3484",1989-07-15,290.581756591797
"3485",1989-07-16,291.202301025391
"3486",1989-07-17,288.991577148438
"3487",1989-07-18,291.512939453125
"3488",1989-07-19,291.431762695312
"3489",1989-07-20,294.987915039062
"3490",1989-07-21,297.0888671875
"3491",1989-07-22,293.553466796875
"3492",1989-07-23,297.6142578125
"3493",1989-07-24,300.13720703125
"3494",1989-07-25,302.2587890625
"3495",1989-07-26,301.4111328125
"3496",1989-07-27,291.774597167969
"3497",1989-07-28,292.166137695312
"3498",1989-07-29,291.223510742188
"3499",1989-07-30,290.627777099609
"3500",1989-07-31,289.703796386719
"3501",1989-08-01,287.539474487305
"3502",1989-08-02,291.745666503906
"3503",1989-08-03,294.204467773438
"3504",1989-08-04,288.391876220703
"3505",1989-08-05,290.140029907227
"3506",1989-08-06,293.430480957031
"3507",1989-08-07,293.344848632812
"3508",1989-08-08,293.927734375
"3509",1989-08-09,291.033416748047
"3510",1989-08-10,291.210418701172
"3511",1989-08-11,290.383026123047
"3512",1989-08-12,290.677368164062
"3513",1989-08-13,290.71435546875
"3514",1989-08-14,292.513671875
"3515",1989-08-15,290.695892333984
"3516",1989-08-16,293.380615234375
"3517",1989-08-17,292.336791992188
"3518",1989-08-18,289.040252685547
"3519",1989-08-19,292.252258300781
"3520",1989-08-20,294.269165039062
"3521",1989-08-21,294.555786132812
"3522",1989-08-22,294.235229492188
"3523",1989-08-23,290.425537109375
"3524",1989-08-24,289.658813476562
"3525",1989-08-25,288.312652587891
"3526",1989-08-26,288.048095703125
"3527",1989-08-27,288.698333740234
"3528",1989-08-28,289.564086914062
"3529",1989-08-29,291.813720703125
"3530",1989-08-30,291.522094726562
"3531",1989-08-31,289.394470214844
"3532",1989-09-01,290.378051757812
"3533",1989-09-02,289.7265625
"3534",1989-09-03,291.705261230469
"3535",1989-09-04,291.185180664062
"3536",1989-09-05,291.401977539062
"3537",1989-09-06,292.84326171875
"3538",1989-09-07,289.795776367188
"3539",1989-09-08,285.425964355469
"3540",1989-09-09,289.938659667969
"3541",1989-09-10,288.591125488281
"3542",1989-09-11,289.218566894531
"3543",1989-09-12,290.355346679688
"3544",1989-09-13,289.606262207031
"3545",1989-09-14,286.896057128906
"3546",1989-09-15,286.648376464844
"3547",1989-09-16,285.441223144531
"3548",1989-09-17,284.114318847656
"3549",1989-09-18,289.396240234375
"3550",1989-09-19,294.527099609375
"3551",1989-09-20,290.435119628906
"3552",1989-09-21,291.748107910156
"3553",1989-09-22,292.428894042969
"3554",1989-09-23,289.886108398438
"3555",1989-09-24,290.362426757812
"3556",1989-09-25,289.343444824219
"3557",1989-09-26,286.735015869141
"3558",1989-09-27,287.271728515625
"3559",1989-09-28,287.515625
"3560",1989-09-29,285.885223388672
"3561",1989-09-30,288.971801757812
"3562",1989-10-01,287.194183349609
"3563",1989-10-02,287.427185058594
"3564",1989-10-03,285.356964111328
"3565",1989-10-04,286.561981201172
"3566",1989-10-05,285.667510986328
"3567",1989-10-06,284.183807373047
"3568",1989-10-07,282.509490966797
"3569",1989-10-08,280.421905517578
"3570",1989-10-09,281.034118652344
"3571",1989-10-10,281.035583496094
"3572",1989-10-11,281.221817016602
"3573",1989-10-12,283.004058837891
"3574",1989-10-13,284.337463378906
"3575",1989-10-14,283.573333740234
"3576",1989-10-15,281.854797363281
"3577",1989-10-16,283.364166259766
"3578",1989-10-17,283.944976806641
"3579",1989-10-18,284.322967529297
"3580",1989-10-19,284.365295410156
"3581",1989-10-20,285.23681640625
"3582",1989-10-21,286.403213500977
"3583",1989-10-22,286.694549560547
"3584",1989-10-23,286.007049560547
"3585",1989-10-24,284.764495849609
"3586",1989-10-25,285.690856933594
"3587",1989-10-26,284.596343994141
"3588",1989-10-27,281.967620849609
"3589",1989-10-28,281.485900878906
"3590",1989-10-29,284.740341186523
"3591",1989-10-30,282.072601318359
"3592",1989-10-31,280.574768066406
"3593",1989-11-01,282.516326904297
"3594",1989-11-02,281.855804443359
"3595",1989-11-03,281.199401855469
"3596",1989-11-04,282.563201904297
"3597",1989-11-05,280.526306152344
"3598",1989-11-06,281.916458129883
"3599",1989-11-07,279.928298950195
"3600",1989-11-08,279.870300292969
"3601",1989-11-09,281.690277099609
"3602",1989-11-10,281.568817138672
"3603",1989-11-11,284.744262695312
"3604",1989-11-12,283.866012573242
"3605",1989-11-13,281.26220703125
"3606",1989-11-14,284.726806640625
"3607",1989-11-15,280.97412109375
"3608",1989-11-16,278.271240234375
"3609",1989-11-17,275.001953125
"3610",1989-11-18,275.238952636719
"3611",1989-11-19,276.064697265625
"3612",1989-11-20,276.205017089844
"3613",1989-11-21,277.105407714844
"3614",1989-11-22,275.474426269531
"3615",1989-11-23,272.758422851562
"3616",1989-11-24,268.746948242188
"3617",1989-11-25,273.643920898438
"3618",1989-11-26,274.1748046875
"3619",1989-11-27,276.610412597656
"3620",1989-11-28,272.672607421875
"3621",1989-11-29,270.80615234375
"3622",1989-11-30,274.57080078125
"3623",1989-12-01,273.49169921875
"3624",1989-12-02,275.742553710938
"3625",1989-12-03,279.967651367188
"3626",1989-12-04,278.171630859375
"3627",1989-12-05,274.251708984375
"3628",1989-12-06,281.080718994141
"3629",1989-12-07,275.471313476562
"3630",1989-12-08,273.849975585938
"3631",1989-12-09,269.633666992188
"3632",1989-12-10,274.904113769531
"3633",1989-12-11,272.892395019531
"3634",1989-12-12,273.568969726562
"3635",1989-12-13,266.706176757812
"3636",1989-12-14,264.17431640625
"3637",1989-12-15,267.73779296875
"3638",1989-12-16,274.017639160156
"3639",1989-12-17,277.027404785156
"3640",1989-12-18,279.492340087891
"3641",1989-12-19,278.635467529297
"3642",1989-12-20,274.054321289062
"3643",1989-12-21,275.097412109375
"3644",1989-12-22,276.143127441406
"3645",1989-12-23,276.541564941406
"3646",1989-12-24,278.818969726562
"3647",1989-12-25,281.006393432617
"3648",1989-12-26,280.846984863281
"3649",1989-12-27,278.749771118164
"3650",1989-12-28,274.293518066406
"3651",1989-12-29,272.638732910156
"3652",1989-12-30,271.677978515625
"3653",1989-12-31,272.048095703125
"3654",1990-01-01,270.8623046875
"3655",1990-01-02,271.775634765625
"3656",1990-01-03,272.725891113281
"3657",1990-01-04,273.381042480469
"3658",1990-01-05,273.94384765625
"3659",1990-01-06,275.964324951172
"3660",1990-01-07,277.2958984375
"3661",1990-01-08,279.173828125
"3662",1990-01-09,279.790588378906
"3663",1990-01-10,279.216735839844
"3664",1990-01-11,280.235870361328
"3665",1990-01-12,279.994232177734
"3666",1990-01-13,279.736267089844
"3667",1990-01-14,277.162780761719
"3668",1990-01-15,281.085556030273
"3669",1990-01-16,280.437072753906
"3670",1990-01-17,280.065292358398
"3671",1990-01-18,280.080871582031
"3672",1990-01-19,278.666839599609
"3673",1990-01-20,279.679626464844
"3674",1990-01-21,277.653625488281
"3675",1990-01-22,280.098648071289
"3676",1990-01-23,279.766510009766
"3677",1990-01-24,277.677581787109
"3678",1990-01-25,276.216064453125
"3679",1990-01-26,274.6064453125
"3680",1990-01-27,275.5478515625
"3681",1990-01-28,276.536682128906
"3682",1990-01-29,277.959869384766
"3683",1990-01-30,277.575836181641
"3684",1990-01-31,280.069549560547
"3685",1990-02-01,279.871948242188
"3686",1990-02-02,279.00178527832
"3687",1990-02-03,279.369644165039
"3688",1990-02-04,279.995803833008
"3689",1990-02-05,281.334014892578
"3690",1990-02-06,281.342651367188
"3691",1990-02-07,280.3037109375
"3692",1990-02-08,278.012237548828
"3693",1990-02-09,279.304565429688
"3694",1990-02-10,279.913040161133
"3695",1990-02-11,277.582153320312
"3696",1990-02-12,276.675872802734
"3697",1990-02-13,277.258483886719
"3698",1990-02-14,275.552963256836
"3699",1990-02-15,274.505416870117
"3700",1990-02-16,274.842254638672
"3701",1990-02-17,275.845520019531
"3702",1990-02-18,279.418151855469
"3703",1990-02-19,281.001541137695
"3704",1990-02-20,282.463470458984
"3705",1990-02-21,281.066223144531
"3706",1990-02-22,281.35627746582
"3707",1990-02-23,282.968444824219
"3708",1990-02-24,281.815368652344
"3709",1990-02-25,281.638214111328
"3710",1990-02-26,278.465209960938
"3711",1990-02-27,277.87092590332
"3712",1990-02-28,277.450744628906
"3713",1990-03-01,276.382049560547
"3714",1990-03-02,276.452438354492
"3715",1990-03-03,277.978210449219
"3716",1990-03-04,282.993530273438
"3717",1990-03-05,280.598541259766
"3718",1990-03-06,280.073760986328
"3719",1990-03-07,279.443939208984
"3720",1990-03-08,281.218627929688
"3721",1990-03-09,278.43505859375
"3722",1990-03-10,277.231384277344
"3723",1990-03-11,281.04328918457
"3724",1990-03-12,281.917785644531
"3725",1990-03-13,279.929443359375
"3726",1990-03-14,278.680999755859
"3727",1990-03-15,280.950744628906
"3728",1990-03-16,284.287536621094
"3729",1990-03-17,283.383178710938
"3730",1990-03-18,286.262084960938
"3731",1990-03-19,283.485534667969
"3732",1990-03-20,281.641967773438
"3733",1990-03-21,280.311279296875
"3734",1990-03-22,282.7666015625
"3735",1990-03-23,282.104187011719
"3736",1990-03-24,282.366088867188
"3737",1990-03-25,285.133544921875
"3738",1990-03-26,283.966552734375
"3739",1990-03-27,283.19189453125
"3740",1990-03-28,281.625427246094
"3741",1990-03-29,279.977630615234
"3742",1990-03-30,286.677490234375
"3743",1990-03-31,289.195556640625
"3744",1990-04-01,284.372192382812
"3745",1990-04-02,281.134674072266
"3746",1990-04-03,281.316284179688
"3747",1990-04-04,276.643615722656
"3748",1990-04-05,280.12890625
"3749",1990-04-06,280.118621826172
"3750",1990-04-07,277.970153808594
"3751",1990-04-08,279.878173828125
"3752",1990-04-09,281.614562988281
"3753",1990-04-10,281.468505859375
"3754",1990-04-11,280.039794921875
"3755",1990-04-12,281.376647949219
"3756",1990-04-13,285.56201171875
"3757",1990-04-14,284.802551269531
"3758",1990-04-15,283.71875
"3759",1990-04-16,281.536590576172
"3760",1990-04-17,281.837280273438
"3761",1990-04-18,281.24853515625
"3762",1990-04-19,285.870971679688
"3763",1990-04-20,286.058532714844
"3764",1990-04-21,288.879516601562
"3765",1990-04-22,290.26513671875
"3766",1990-04-23,291.197998046875
"3767",1990-04-24,291.779663085938
"3768",1990-04-25,291.822265625
"3769",1990-04-26,286.286804199219
"3770",1990-04-27,282.795013427734
"3771",1990-04-28,283.348266601562
"3772",1990-04-29,289.092163085938
"3773",1990-04-30,293.246337890625
"3774",1990-05-01,295.088623046875
"3775",1990-05-02,296.8544921875
"3776",1990-05-03,295.746826171875
"3777",1990-05-04,298.40185546875
"3778",1990-05-05,295.50341796875
"3779",1990-05-06,293.800903320312
"3780",1990-05-07,296.47314453125
"3781",1990-05-08,295.734375
"3782",1990-05-09,294.6728515625
"3783",1990-05-10,295.298583984375
"3784",1990-05-11,290.124389648438
"3785",1990-05-12,288.353515625
"3786",1990-05-13,289.162353515625
"3787",1990-05-14,285.344055175781
"3788",1990-05-15,290.28955078125
"3789",1990-05-16,286.231018066406
"3790",1990-05-17,286.206817626953
"3791",1990-05-18,286.172729492188
"3792",1990-05-19,286.931640625
"3793",1990-05-20,290.04248046875
"3794",1990-05-21,287.008239746094
"3795",1990-05-22,286.396484375
"3796",1990-05-23,287.578063964844
"3797",1990-05-24,286.669494628906
"3798",1990-05-25,285.802520751953
"3799",1990-05-26,285.923065185547
"3800",1990-05-27,283.628707885742
"3801",1990-05-28,289.989990234375
"3802",1990-05-29,291.394165039062
"3803",1990-05-30,288.626342773438
"3804",1990-05-31,289.672729492188
"3805",1990-06-01,289.700561523438
"3806",1990-06-02,291.83056640625
"3807",1990-06-03,290.421020507812
"3808",1990-06-04,292.110473632812
"3809",1990-06-05,294.256958007812
"3810",1990-06-06,294.279907226562
"3811",1990-06-07,290.142822265625
"3812",1990-06-08,290.601821899414
"3813",1990-06-09,294.761108398438
"3814",1990-06-10,295.693969726562
"3815",1990-06-11,297.851806640625
"3816",1990-06-12,295.712524414062
"3817",1990-06-13,295.708984375
"3818",1990-06-14,292.069946289062
"3819",1990-06-15,294.735717773438
"3820",1990-06-16,295.681396484375
"3821",1990-06-17,287.683044433594
"3822",1990-06-18,290.265075683594
"3823",1990-06-19,290.933441162109
"3824",1990-06-20,292.389343261719
"3825",1990-06-21,289.566177368164
"3826",1990-06-22,293.194091796875
"3827",1990-06-23,289.222473144531
"3828",1990-06-24,290.2744140625
"3829",1990-06-25,288.865798950195
"3830",1990-06-26,289.926391601562
"3831",1990-06-27,292.405395507812
"3832",1990-06-28,289.974639892578
"3833",1990-06-29,291.388000488281
"3834",1990-06-30,293.6513671875
"3835",1990-07-01,290.870208740234
"3836",1990-07-02,288.9267578125
"3837",1990-07-03,290.098419189453
"3838",1990-07-04,289.482177734375
"3839",1990-07-05,291.431610107422
"3840",1990-07-06,289.160034179688
"3841",1990-07-07,290.849243164062
"3842",1990-07-08,288.928634643555
"3843",1990-07-09,287.707153320312
"3844",1990-07-10,291.783935546875
"3845",1990-07-11,289.426910400391
"3846",1990-07-12,291.582885742188
"3847",1990-07-13,291.639282226562
"3848",1990-07-14,293.12109375
"3849",1990-07-15,295.562866210938
"3850",1990-07-16,293.06591796875
"3851",1990-07-17,295.66162109375
"3852",1990-07-18,296.482421875
"3853",1990-07-19,296.44677734375
"3854",1990-07-20,297.774047851562
"3855",1990-07-21,296.3056640625
"3856",1990-07-22,293.248596191406
"3857",1990-07-23,292.399475097656
"3858",1990-07-24,292.955505371094
"3859",1990-07-25,297.745361328125
"3860",1990-07-26,298.4169921875
"3861",1990-07-27,299.7880859375
"3862",1990-07-28,298.05810546875
"3863",1990-07-29,295.852783203125
"3864",1990-07-30,296.792602539062
"3865",1990-07-31,297.097290039062
"3866",1990-08-01,297.22265625
"3867",1990-08-02,297.732788085938
"3868",1990-08-03,298.715454101562
"3869",1990-08-04,296.116455078125
"3870",1990-08-05,292.167236328125
"3871",1990-08-06,290.985687255859
"3872",1990-08-07,293.418090820312
"3873",1990-08-08,291.432586669922
"3874",1990-08-09,294.554443359375
"3875",1990-08-10,294.520263671875
"3876",1990-08-11,294.541137695312
"3877",1990-08-12,292.954162597656
"3878",1990-08-13,293.664794921875
"3879",1990-08-14,293.831909179688
"3880",1990-08-15,291.790283203125
"3881",1990-08-16,291.320785522461
"3882",1990-08-17,289.888519287109
"3883",1990-08-18,288.799896240234
"3884",1990-08-19,291.009338378906
"3885",1990-08-20,289.452880859375
"3886",1990-08-21,294.269348144531
"3887",1990-08-22,294.178100585938
"3888",1990-08-23,292.439453125
"3889",1990-08-24,288.876190185547
"3890",1990-08-25,292.33935546875
"3891",1990-08-26,291.252319335938
"3892",1990-08-27,291.419250488281
"3893",1990-08-28,293.564453125
"3894",1990-08-29,296.107421875
"3895",1990-08-30,298.24462890625
"3896",1990-08-31,290.790405273438
"3897",1990-09-01,287.423461914062
"3898",1990-09-02,291.980834960938
"3899",1990-09-03,288.761444091797
"3900",1990-09-04,288.96240234375
"3901",1990-09-05,288.220718383789
"3902",1990-09-06,288.362670898438
"3903",1990-09-07,287.915740966797
"3904",1990-09-08,289.955322265625
"3905",1990-09-09,288.767761230469
"3906",1990-09-10,287.527282714844
"3907",1990-09-11,290.978271484375
"3908",1990-09-12,289.0830078125
"3909",1990-09-13,290.1455078125
"3910",1990-09-14,290.018890380859
"3911",1990-09-15,288.843414306641
"3912",1990-09-16,287.857116699219
"3913",1990-09-17,287.337951660156
"3914",1990-09-18,287.052947998047
"3915",1990-09-19,286.504669189453
"3916",1990-09-20,286.257339477539
"3917",1990-09-21,284.294921875
"3918",1990-09-22,283.130584716797
"3919",1990-09-23,282.063049316406
"3920",1990-09-24,282.446685791016
"3921",1990-09-25,280.09521484375
"3922",1990-09-26,282.302597045898
"3923",1990-09-27,282.852890014648
"3924",1990-09-28,286.437515258789
"3925",1990-09-29,289.907775878906
"3926",1990-09-30,285.39794921875
"3927",1990-10-01,283.663055419922
"3928",1990-10-02,284.405914306641
"3929",1990-10-03,286.912200927734
"3930",1990-10-04,286.075927734375
"3931",1990-10-05,284.552612304688
"3932",1990-10-06,285.191986083984
"3933",1990-10-07,282.027099609375
"3934",1990-10-08,282.473754882812
"3935",1990-10-09,286.365753173828
"3936",1990-10-10,285.203247070312
"3937",1990-10-11,283.339111328125
"3938",1990-10-12,284.701095581055
"3939",1990-10-13,288.13818359375
"3940",1990-10-14,284.650604248047
"3941",1990-10-15,287.255126953125
"3942",1990-10-16,288.886413574219
"3943",1990-10-17,287.343383789062
"3944",1990-10-18,282.854644775391
"3945",1990-10-19,282.348205566406
"3946",1990-10-20,281.685180664062
"3947",1990-10-21,279.334487915039
"3948",1990-10-22,281.005523681641
"3949",1990-10-23,279.697204589844
"3950",1990-10-24,277.864715576172
"3951",1990-10-25,277.656463623047
"3952",1990-10-26,278.159286499023
"3953",1990-10-27,280.699951171875
"3954",1990-10-28,282.0517578125
"3955",1990-10-29,281.371551513672
"3956",1990-10-30,281.629943847656
"3957",1990-10-31,278.583740234375
"3958",1990-11-01,278.018890380859
"3959",1990-11-02,276.125396728516
"3960",1990-11-03,276.179870605469
"3961",1990-11-04,278.401092529297
"3962",1990-11-05,277.461303710938
"3963",1990-11-06,280.226150512695
"3964",1990-11-07,277.406066894531
"3965",1990-11-08,279.027648925781
"3966",1990-11-09,279.022216796875
"3967",1990-11-10,277.770385742188
"3968",1990-11-11,273.688110351562
"3969",1990-11-12,277.689392089844
"3970",1990-11-13,279.334716796875
"3971",1990-11-14,280.984375
"3972",1990-11-15,279.531127929688
"3973",1990-11-16,280.709350585938
"3974",1990-11-17,280.894668579102
"3975",1990-11-18,278.992919921875
"3976",1990-11-19,274.179077148438
"3977",1990-11-20,273.163818359375
"3978",1990-11-21,271.314514160156
"3979",1990-11-22,272.604370117188
"3980",1990-11-23,270.16748046875
"3981",1990-11-24,275.110931396484
"3982",1990-11-25,274.910278320312
"3983",1990-11-26,272.456604003906
"3984",1990-11-27,271.739562988281
"3985",1990-11-28,276.34814453125
"3986",1990-11-29,276.386962890625
"3987",1990-11-30,273.985168457031
"3988",1990-12-01,273.755615234375
"3989",1990-12-02,281.800765991211
"3990",1990-12-03,282.350646972656
"3991",1990-12-04,275.882019042969
"3992",1990-12-05,274.200439453125
"3993",1990-12-06,280.276718139648
"3994",1990-12-07,280.594619750977
"3995",1990-12-08,273.996276855469
"3996",1990-12-09,273.290283203125
"3997",1990-12-10,272.396789550781
"3998",1990-12-11,273.504211425781
"3999",1990-12-12,274.281005859375
"4000",1990-12-13,273.910278320312
"4001",1990-12-14,273.670471191406
"4002",1990-12-15,274.257293701172
"4003",1990-12-16,275.090270996094
"4004",1990-12-17,273.068115234375
"4005",1990-12-18,273.02490234375
"4006",1990-12-19,273.65478515625
"4007",1990-12-20,273.430419921875
"4008",1990-12-21,271.292236328125
"4009",1990-12-22,275.597839355469
"4010",1990-12-23,278.87223815918
"4011",1990-12-24,278.468566894531
"4012",1990-12-25,276.128021240234
"4013",1990-12-26,276.975616455078
"4014",1990-12-27,277.294311523438
"4015",1990-12-28,277.708038330078
"4016",1990-12-29,276.684783935547
"4017",1990-12-30,276.728271484375
"4018",1990-12-31,275.980041503906
"4019",1991-01-01,276.478988647461
"4020",1991-01-02,278.329040527344
"4021",1991-01-03,277.272415161133
"4022",1991-01-04,278.421844482422
"4023",1991-01-05,278.86946105957
"4024",1991-01-06,275.925872802734
"4025",1991-01-07,276.390777587891
"4026",1991-01-08,275.542755126953
"4027",1991-01-09,274.767761230469
"4028",1991-01-10,277.234527587891
"4029",1991-01-11,275.785461425781
"4030",1991-01-12,274.882507324219
"4031",1991-01-13,270.677307128906
"4032",1991-01-14,270.614501953125
"4033",1991-01-15,274.258483886719
"4034",1991-01-16,272.639099121094
"4035",1991-01-17,272.978454589844
"4036",1991-01-18,277.330963134766
"4037",1991-01-19,275.679748535156
"4038",1991-01-20,278.646087646484
"4039",1991-01-21,276.408508300781
"4040",1991-01-22,276.936798095703
"4041",1991-01-23,277.595825195312
"4042",1991-01-24,274.607757568359
"4043",1991-01-25,275.478088378906
"4044",1991-01-26,274.333068847656
"4045",1991-01-27,274.864959716797
"4046",1991-01-28,273.940277099609
"4047",1991-01-29,273.280578613281
"4048",1991-01-30,271.537475585938
"4049",1991-01-31,273.177551269531
"4050",1991-02-01,270.161437988281
"4051",1991-02-02,269.420837402344
"4052",1991-02-03,271.139770507812
"4053",1991-02-04,270.433654785156
"4054",1991-02-05,271.379821777344
"4055",1991-02-06,270.844482421875
"4056",1991-02-07,270.003479003906
"4057",1991-02-08,269.12158203125
"4058",1991-02-09,271.181030273438
"4059",1991-02-10,270.003479003906
"4060",1991-02-11,268.441833496094
"4061",1991-02-12,268.172271728516
"4062",1991-02-13,267.361267089844
"4063",1991-02-14,266.345886230469
"4064",1991-02-15,267.477905273438
"4065",1991-02-16,270.484497070312
"4066",1991-02-17,273.063934326172
"4067",1991-02-18,272.660263061523
"4068",1991-02-19,275.386993408203
"4069",1991-02-20,277.229614257812
"4070",1991-02-21,277.070434570312
"4071",1991-02-22,276.214584350586
"4072",1991-02-23,278.708160400391
"4073",1991-02-24,278.624237060547
"4074",1991-02-25,281.329467773438
"4075",1991-02-26,277.290557861328
"4076",1991-02-27,272.529510498047
"4077",1991-02-28,271.841613769531
"4078",1991-03-01,273.999267578125
"4079",1991-03-02,274.395935058594
"4080",1991-03-03,273.564178466797
"4081",1991-03-04,274.954025268555
"4082",1991-03-05,273.344329833984
"4083",1991-03-06,274.70263671875
"4084",1991-03-07,275.15739440918
"4085",1991-03-08,277.739074707031
"4086",1991-03-09,276.177276611328
"4087",1991-03-10,275.395965576172
"4088",1991-03-11,277.507537841797
"4089",1991-03-12,277.023193359375
"4090",1991-03-13,276.522888183594
"4091",1991-03-14,279.231689453125
"4092",1991-03-15,279.657836914062
"4093",1991-03-16,274.877288818359
"4094",1991-03-17,278.618408203125
"4095",1991-03-18,278.322692871094
"4096",1991-03-19,279.496307373047
"4097",1991-03-20,279.243225097656
"4098",1991-03-21,277.412750244141
"4099",1991-03-22,276.934753417969
"4100",1991-03-23,278.659057617188
"4101",1991-03-24,279.477966308594
"4102",1991-03-25,284.807373046875
"4103",1991-03-26,286.71435546875
"4104",1991-03-27,285.455322265625
"4105",1991-03-28,286.15673828125
"4106",1991-03-29,284.026489257812
"4107",1991-03-30,280.819915771484
"4108",1991-03-31,278.377517700195
"4109",1991-04-01,283.1943359375
"4110",1991-04-02,281.160217285156
"4111",1991-04-03,279.91650390625
"4112",1991-04-04,281.813354492188
"4113",1991-04-05,282.761352539062
"4114",1991-04-06,282.564453125
"4115",1991-04-07,282.051940917969
"4116",1991-04-08,281.109375
"4117",1991-04-09,283.916625976562
"4118",1991-04-10,282.240844726562
"4119",1991-04-11,286.916137695312
"4120",1991-04-12,289.59521484375
"4121",1991-04-13,288.045043945312
"4122",1991-04-14,285.695922851562
"4123",1991-04-15,286.975952148438
"4124",1991-04-16,282.270874023438
"4125",1991-04-17,277.723693847656
"4126",1991-04-18,277.550354003906
"4127",1991-04-19,277.606353759766
"4128",1991-04-20,277.946258544922
"4129",1991-04-21,278.206420898438
"4130",1991-04-22,280.798706054688
"4131",1991-04-23,283.663452148438
"4132",1991-04-24,284.734252929688
"4133",1991-04-25,285.9775390625
"4134",1991-04-26,282.029174804688
"4135",1991-04-27,283.001861572266
"4136",1991-04-28,285.553771972656
"4137",1991-04-29,285.445678710938
"4138",1991-04-30,281.252029418945
"4139",1991-05-01,285.510437011719
"4140",1991-05-02,286.81884765625
"4141",1991-05-03,284.007080078125
"4142",1991-05-04,286.569458007812
"4143",1991-05-05,287.079956054688
"4144",1991-05-06,286.209716796875
"4145",1991-05-07,286.83642578125
"4146",1991-05-08,289.47021484375
"4147",1991-05-09,289.084228515625
"4148",1991-05-10,286.223266601562
"4149",1991-05-11,284.176818847656
"4150",1991-05-12,289.514526367188
"4151",1991-05-13,285.800231933594
"4152",1991-05-14,286.071655273438
"4153",1991-05-15,285.916625976562
"4154",1991-05-16,285.434265136719
"4155",1991-05-17,285.080932617188
"4156",1991-05-18,287.716552734375
"4157",1991-05-19,284.984558105469
"4158",1991-05-20,288.3876953125
"4159",1991-05-21,289.95751953125
"4160",1991-05-22,289.821655273438
"4161",1991-05-23,285.601623535156
"4162",1991-05-24,286.050903320312
"4163",1991-05-25,287.970092773438
"4164",1991-05-26,287.27197265625
"4165",1991-05-27,292.227294921875
"4166",1991-05-28,292.111328125
"4167",1991-05-29,294.317626953125
"4168",1991-05-30,293.771240234375
"4169",1991-05-31,289.492248535156
"4170",1991-06-01,286.599853515625
"4171",1991-06-02,286.376831054688
"4172",1991-06-03,283.943969726562
"4173",1991-06-04,285.557800292969
"4174",1991-06-05,286.90771484375
"4175",1991-06-06,285.747863769531
"4176",1991-06-07,289.636535644531
"4177",1991-06-08,284.480529785156
"4178",1991-06-09,287.734985351562
"4179",1991-06-10,287.211120605469
"4180",1991-06-11,286.291564941406
"4181",1991-06-12,287.322784423828
"4182",1991-06-13,288.452697753906
"4183",1991-06-14,286.002593994141
"4184",1991-06-15,287.869873046875
"4185",1991-06-16,289.525268554688
"4186",1991-06-17,287.659851074219
"4187",1991-06-18,287.582824707031
"4188",1991-06-19,285.877685546875
"4189",1991-06-20,286.567596435547
"4190",1991-06-21,287.081573486328
"4191",1991-06-22,288.252868652344
"4192",1991-06-23,289.761169433594
"4193",1991-06-24,289.066284179688
"4194",1991-06-25,289.696899414062
"4195",1991-06-26,286.524383544922
"4196",1991-06-27,289.795654296875
"4197",1991-06-28,292.354736328125
"4198",1991-06-29,285.339920043945
"4199",1991-06-30,289.802734375
"4200",1991-07-01,289.581726074219
"4201",1991-07-02,294.643188476562
"4202",1991-07-03,297.62060546875
"4203",1991-07-04,299.571533203125
"4204",1991-07-05,301.94482421875
"4205",1991-07-06,302.636962890625
"4206",1991-07-07,301.970458984375
"4207",1991-07-08,302.568359375
"4208",1991-07-09,295.785522460938
"4209",1991-07-10,294.988220214844
"4210",1991-07-11,295.900024414062
"4211",1991-07-12,295.025695800781
"4212",1991-07-13,291.389953613281
"4213",1991-07-14,288.966018676758
"4214",1991-07-15,294.724487304688
"4215",1991-07-16,291.872009277344
"4216",1991-07-17,290.052459716797
"4217",1991-07-18,290.873229980469
"4218",1991-07-19,292.218872070312
"4219",1991-07-20,292.203125
"4220",1991-07-21,294.215698242188
"4221",1991-07-22,294.304321289062
"4222",1991-07-23,292.511535644531
"4223",1991-07-24,294.576904296875
"4224",1991-07-25,297.672241210938
"4225",1991-07-26,294.616455078125
"4226",1991-07-27,294.198974609375
"4227",1991-07-28,293.634460449219
"4228",1991-07-29,296.5771484375
"4229",1991-07-30,299.838134765625
"4230",1991-07-31,299.121826171875
"4231",1991-08-01,298.542663574219
"4232",1991-08-02,296.166015625
"4233",1991-08-03,298.43798828125
"4234",1991-08-04,296.075317382812
"4235",1991-08-05,294.348205566406
"4236",1991-08-06,290.51741027832
"4237",1991-08-07,293.612609863281
"4238",1991-08-08,295.1708984375
"4239",1991-08-09,291.368591308594
"4240",1991-08-10,295.111511230469
"4241",1991-08-11,292.696899414062
"4242",1991-08-12,291.542694091797
"4243",1991-08-13,292.425537109375
"4244",1991-08-14,292.131103515625
"4245",1991-08-15,291.879211425781
"4246",1991-08-16,292.732177734375
"4247",1991-08-17,290.749633789062
"4248",1991-08-18,291.681274414062
"4249",1991-08-19,294.88720703125
"4250",1991-08-20,294.002319335938
"4251",1991-08-21,294.535766601562
"4252",1991-08-22,294.2109375
"4253",1991-08-23,298.15087890625
"4254",1991-08-24,291.5634765625
"4255",1991-08-25,291.936340332031
"4256",1991-08-26,293.570068359375
"4257",1991-08-27,293.004760742188
"4258",1991-08-28,292.380249023438
"4259",1991-08-29,293.58056640625
"4260",1991-08-30,295.010498046875
"4261",1991-08-31,295.591796875
"4262",1991-09-01,296.28515625
"4263",1991-09-02,294.636840820312
"4264",1991-09-03,295.411743164062
"4265",1991-09-04,294.057739257812
"4266",1991-09-05,289.585083007812
"4267",1991-09-06,287.504333496094
"4268",1991-09-07,287.339538574219
"4269",1991-09-08,291.205810546875
"4270",1991-09-09,291.689758300781
"4271",1991-09-10,289.453765869141
"4272",1991-09-11,288.899169921875
"4273",1991-09-12,288.312683105469
"4274",1991-09-13,287.885864257812
"4275",1991-09-14,289.294891357422
"4276",1991-09-15,290.994689941406
"4277",1991-09-16,290.433410644531
"4278",1991-09-17,285.119720458984
"4279",1991-09-18,286.158279418945
"4280",1991-09-19,288.747375488281
"4281",1991-09-20,289.936828613281
"4282",1991-09-21,289.193420410156
"4283",1991-09-22,286.370758056641
"4284",1991-09-23,285.009796142578
"4285",1991-09-24,289.2216796875
"4286",1991-09-25,288.154998779297
"4287",1991-09-26,287.254577636719
"4288",1991-09-27,286.809814453125
"4289",1991-09-28,286.722229003906
"4290",1991-09-29,286.240966796875
"4291",1991-09-30,285.945236206055
"4292",1991-10-01,284.73616027832
"4293",1991-10-02,285.747863769531
"4294",1991-10-03,284.860717773438
"4295",1991-10-04,286.152221679688
"4296",1991-10-05,286.331817626953
"4297",1991-10-06,286.201934814453
"4298",1991-10-07,286.981872558594
"4299",1991-10-08,285.230041503906
"4300",1991-10-09,286.375244140625
"4301",1991-10-10,283.680465698242
"4302",1991-10-11,284.469299316406
"4303",1991-10-12,283.083038330078
"4304",1991-10-13,284.808624267578
"4305",1991-10-14,283.649566650391
"4306",1991-10-15,282.956268310547
"4307",1991-10-16,284.937576293945
"4308",1991-10-17,284.384887695312
"4309",1991-10-18,282.094863891602
"4310",1991-10-19,279.077545166016
"4311",1991-10-20,275.221313476562
"4312",1991-10-21,278.444122314453
"4313",1991-10-22,280.628509521484
"4314",1991-10-23,280.280181884766
"4315",1991-10-24,284.326721191406
"4316",1991-10-25,284.354278564453
"4317",1991-10-26,282.275436401367
"4318",1991-10-27,282.184753417969
"4319",1991-10-28,281.296798706055
"4320",1991-10-29,280.699111938477
"4321",1991-10-30,278.774002075195
"4322",1991-10-31,278.112777709961
"4323",1991-11-01,278.392456054688
"4324",1991-11-02,282.892959594727
"4325",1991-11-03,282.194610595703
"4326",1991-11-04,281.169586181641
"4327",1991-11-05,279.643096923828
"4328",1991-11-06,278.383773803711
"4329",1991-11-07,280.508850097656
"4330",1991-11-08,280.907196044922
"4331",1991-11-09,277.497528076172
"4332",1991-11-10,276.240600585938
"4333",1991-11-11,279.94482421875
"4334",1991-11-12,281.607833862305
"4335",1991-11-13,278.383666992188
"4336",1991-11-14,277.724761962891
"4337",1991-11-15,276.147155761719
"4338",1991-11-16,273.840759277344
"4339",1991-11-17,272.879150390625
"4340",1991-11-18,273.645355224609
"4341",1991-11-19,271.128051757812
"4342",1991-11-20,271.430603027344
"4343",1991-11-21,279.540771484375
"4344",1991-11-22,281.097717285156
"4345",1991-11-23,281.820556640625
"4346",1991-11-24,281.006317138672
"4347",1991-11-25,280.895034790039
"4348",1991-11-26,278.728424072266
"4349",1991-11-27,280.67756652832
"4350",1991-11-28,281.311965942383
"4351",1991-11-29,280.626892089844
"4352",1991-11-30,279.247528076172
"4353",1991-12-01,278.978668212891
"4354",1991-12-02,276.218933105469
"4355",1991-12-03,276.551025390625
"4356",1991-12-04,278.67919921875
"4357",1991-12-05,275.392944335938
"4358",1991-12-06,276.138061523438
"4359",1991-12-07,272.568237304688
"4360",1991-12-08,271.547119140625
"4361",1991-12-09,274.453125
"4362",1991-12-10,277.727752685547
"4363",1991-12-11,278.125823974609
"4364",1991-12-12,280.307083129883
"4365",1991-12-13,283.037445068359
"4366",1991-12-14,282.245971679688
"4367",1991-12-15,279.55615234375
"4368",1991-12-16,276.657470703125
"4369",1991-12-17,278.376770019531
"4370",1991-12-18,278.605102539062
"4371",1991-12-19,278.043212890625
"4372",1991-12-20,277.983505249023
"4373",1991-12-21,276.009948730469
"4374",1991-12-22,277.049438476562
"4375",1991-12-23,278.696060180664
"4376",1991-12-24,274.879272460938
"4377",1991-12-25,275.535888671875
"4378",1991-12-26,277.771423339844
"4379",1991-12-27,273.064880371094
"4380",1991-12-28,277.679809570312
"4381",1991-12-29,280.656204223633
"4382",1991-12-30,277.826629638672
"4383",1991-12-31,278.539611816406
"4384",1992-01-01,280.864074707031
"4385",1992-01-02,283.134643554688
"4386",1992-01-03,283.071380615234
"4387",1992-01-04,278.558120727539
"4388",1992-01-05,275.320739746094
"4389",1992-01-06,279.042114257812
"4390",1992-01-07,280.036437988281
"4391",1992-01-08,280.628921508789
"4392",1992-01-09,273.959106445312
"4393",1992-01-10,278.478546142578
"4394",1992-01-11,282.373931884766
"4395",1992-01-12,278.190002441406
"4396",1992-01-13,277.363525390625
"4397",1992-01-14,279.968154907227
"4398",1992-01-15,279.299896240234
"4399",1992-01-16,280.262603759766
"4400",1992-01-17,275.003723144531
"4401",1992-01-18,277.421691894531
"4402",1992-01-19,273.872680664062
"4403",1992-01-20,272.460205078125
"4404",1992-01-21,274.735473632812
"4405",1992-01-22,274.332824707031
"4406",1992-01-23,274.496826171875
"4407",1992-01-24,272.313293457031
"4408",1992-01-25,276.689056396484
"4409",1992-01-26,275.812133789062
"4410",1992-01-27,276.503723144531
"4411",1992-01-28,276.887115478516
"4412",1992-01-29,276.633361816406
"4413",1992-01-30,275.929626464844
"4414",1992-01-31,272.788726806641
"4415",1992-02-01,272.496826171875
"4416",1992-02-02,277.931655883789
"4417",1992-02-03,277.634155273438
"4418",1992-02-04,275.52734375
"4419",1992-02-05,274.9775390625
"4420",1992-02-06,277.767211914062
"4421",1992-02-07,280.184967041016
"4422",1992-02-08,278.584991455078
"4423",1992-02-09,278.029998779297
"4424",1992-02-10,276.798767089844
"4425",1992-02-11,278.066925048828
"4426",1992-02-12,279.303771972656
"4427",1992-02-13,279.34765625
"4428",1992-02-14,279.229064941406
"4429",1992-02-15,273.15234375
"4430",1992-02-16,269.704162597656
"4431",1992-02-17,269.625427246094
"4432",1992-02-18,272.571044921875
"4433",1992-02-19,272.441833496094
"4434",1992-02-20,278.411193847656
"4435",1992-02-21,277.678039550781
"4436",1992-02-22,278.971252441406
"4437",1992-02-23,282.409606933594
"4438",1992-02-24,278.924652099609
"4439",1992-02-25,280.831848144531
"4440",1992-02-26,277.648895263672
"4441",1992-02-27,279.419006347656
"4442",1992-02-28,280.509094238281
"4443",1992-02-29,278.910339355469
"4444",1992-03-01,279.845031738281
"4445",1992-03-02,279.067993164062
"4446",1992-03-03,280.068939208984
"4447",1992-03-04,281.675231933594
"4448",1992-03-05,278.593704223633
"4449",1992-03-06,281.185485839844
"4450",1992-03-07,280.642578125
"4451",1992-03-08,281.105529785156
"4452",1992-03-09,280.214294433594
"4453",1992-03-10,279.121002197266
"4454",1992-03-11,278.779968261719
"4455",1992-03-12,277.850738525391
"4456",1992-03-13,277.483795166016
"4457",1992-03-14,273.660385131836
"4458",1992-03-15,275.738403320312
"4459",1992-03-16,277.02001953125
"4460",1992-03-17,279.937606811523
"4461",1992-03-18,281.570678710938
"4462",1992-03-19,279.515029907227
"4463",1992-03-20,277.783081054688
"4464",1992-03-21,280.315307617188
"4465",1992-03-22,280.079406738281
"4466",1992-03-23,279.810562133789
"4467",1992-03-24,278.455154418945
"4468",1992-03-25,277.442169189453
"4469",1992-03-26,278.176742553711
"4470",1992-03-27,279.498779296875
"4471",1992-03-28,275.841186523438
"4472",1992-03-29,277.754333496094
"4473",1992-03-30,277.298553466797
"4474",1992-03-31,278.503173828125
"4475",1992-04-01,277.447418212891
"4476",1992-04-02,274.845458984375
"4477",1992-04-03,275.628997802734
"4478",1992-04-04,278.92529296875
"4479",1992-04-05,276.540924072266
"4480",1992-04-06,278.136871337891
"4481",1992-04-07,281.700622558594
"4482",1992-04-08,284.428344726562
"4483",1992-04-09,282.53759765625
"4484",1992-04-10,281.929809570312
"4485",1992-04-11,288.220703125
"4486",1992-04-12,283.713256835938
"4487",1992-04-13,279.614471435547
"4488",1992-04-14,276.74560546875
"4489",1992-04-15,275.739807128906
"4490",1992-04-16,277.768463134766
"4491",1992-04-17,280.781066894531
"4492",1992-04-18,280.413726806641
"4493",1992-04-19,283.2998046875
"4494",1992-04-20,282.482421875
"4495",1992-04-21,282.110229492188
"4496",1992-04-22,282.077697753906
"4497",1992-04-23,281.407836914062
"4498",1992-04-24,282.247253417969
"4499",1992-04-25,282.615020751953
"4500",1992-04-26,285.039428710938
"4501",1992-04-27,282.817077636719
"4502",1992-04-28,283.697875976562
"4503",1992-04-29,281.226593017578
"4504",1992-04-30,283.457397460938
"4505",1992-05-01,282.267822265625
"4506",1992-05-02,282.843872070312
"4507",1992-05-03,285.615966796875
"4508",1992-05-04,282.971923828125
"4509",1992-05-05,286.793579101562
"4510",1992-05-06,282.782409667969
"4511",1992-05-07,285.8759765625
"4512",1992-05-08,282.524658203125
"4513",1992-05-09,282.523620605469
"4514",1992-05-10,282.534973144531
"4515",1992-05-11,283.65673828125
"4516",1992-05-12,281.860992431641
"4517",1992-05-13,289.418579101562
"4518",1992-05-14,292.478515625
"4519",1992-05-15,294.74951171875
"4520",1992-05-16,292.098876953125
"4521",1992-05-17,290.19384765625
"4522",1992-05-18,295.702880859375
"4523",1992-05-19,295.99609375
"4524",1992-05-20,295.463134765625
"4525",1992-05-21,296.5087890625
"4526",1992-05-22,297.443115234375
"4527",1992-05-23,296.394653320312
"4528",1992-05-24,297.703125
"4529",1992-05-25,297.961303710938
"4530",1992-05-26,296.062377929688
"4531",1992-05-27,298.2685546875
"4532",1992-05-28,298.199829101562
"4533",1992-05-29,297.913330078125
"4534",1992-05-30,298.57275390625
"4535",1992-05-31,300.111083984375
"4536",1992-06-01,300.9189453125
"4537",1992-06-02,299.816162109375
"4538",1992-06-03,298.819213867188
"4539",1992-06-04,297.942749023438
"4540",1992-06-05,299.638671875
"4541",1992-06-06,298.774169921875
"4542",1992-06-07,299.527099609375
"4543",1992-06-08,299.841552734375
"4544",1992-06-09,295.555358886719
"4545",1992-06-10,297.089233398438
"4546",1992-06-11,299.917236328125
"4547",1992-06-12,287.825988769531
"4548",1992-06-13,292.611694335938
"4549",1992-06-14,292.000427246094
"4550",1992-06-15,294.300415039062
"4551",1992-06-16,292.991333007812
"4552",1992-06-17,292.063110351562
"4553",1992-06-18,291.332214355469
"4554",1992-06-19,292.965637207031
"4555",1992-06-20,294.362060546875
"4556",1992-06-21,292.812927246094
"4557",1992-06-22,289.872436523438
"4558",1992-06-23,293.220581054688
"4559",1992-06-24,295.254516601562
"4560",1992-06-25,296.608642578125
"4561",1992-06-26,296.2705078125
"4562",1992-06-27,295.9658203125
"4563",1992-06-28,292.785583496094
"4564",1992-06-29,293.36474609375
"4565",1992-06-30,296.281127929688
"4566",1992-07-01,292.324829101562
"4567",1992-07-02,290.865997314453
"4568",1992-07-03,292.453735351562
"4569",1992-07-04,294.71240234375
"4570",1992-07-05,294.731079101562
"4571",1992-07-06,296.968872070312
"4572",1992-07-07,296.948608398438
"4573",1992-07-08,297.352783203125
"4574",1992-07-09,293.44287109375
"4575",1992-07-10,291.556701660156
"4576",1992-07-11,295.075439453125
"4577",1992-07-12,294.13427734375
"4578",1992-07-13,291.565185546875
"4579",1992-07-14,290.607116699219
"4580",1992-07-15,293.658325195312
"4581",1992-07-16,293.727905273438
"4582",1992-07-17,292.059020996094
"4583",1992-07-18,293.558715820312
"4584",1992-07-19,292.209655761719
"4585",1992-07-20,294.816528320312
"4586",1992-07-21,297.603759765625
"4587",1992-07-22,293.885864257812
"4588",1992-07-23,294.266235351562
"4589",1992-07-24,293.984802246094
"4590",1992-07-25,297.572387695312
"4591",1992-07-26,292.879150390625
"4592",1992-07-27,289.998474121094
"4593",1992-07-28,293.897338867188
"4594",1992-07-29,293.707397460938
"4595",1992-07-30,292.312866210938
"4596",1992-07-31,292.110961914062
"4597",1992-08-01,294.027587890625
"4598",1992-08-02,290.980590820312
"4599",1992-08-03,291.616058349609
"4600",1992-08-04,290.43798828125
"4601",1992-08-05,288.638946533203
"4602",1992-08-06,291.462341308594
"4603",1992-08-07,292.854248046875
"4604",1992-08-08,293.377197265625
"4605",1992-08-09,291.928100585938
"4606",1992-08-10,296.417236328125
"4607",1992-08-11,291.772705078125
"4608",1992-08-12,290.801818847656
"4609",1992-08-13,288.270874023438
"4610",1992-08-14,289.988037109375
"4611",1992-08-15,291.694702148438
"4612",1992-08-16,288.972229003906
"4613",1992-08-17,291.795288085938
"4614",1992-08-18,292.340698242188
"4615",1992-08-19,293.836181640625
"4616",1992-08-20,294.600463867188
"4617",1992-08-21,291.574096679688
"4618",1992-08-22,288.427810668945
"4619",1992-08-23,288.700531005859
"4620",1992-08-24,289.798004150391
"4621",1992-08-25,289.670104980469
"4622",1992-08-26,288.987457275391
"4623",1992-08-27,288.581420898438
"4624",1992-08-28,290.621520996094
"4625",1992-08-29,289.606384277344
"4626",1992-08-30,290.493835449219
"4627",1992-08-31,288.905700683594
"4628",1992-09-01,289.059967041016
"4629",1992-09-02,289.011260986328
"4630",1992-09-03,286.98046875
"4631",1992-09-04,285.552520751953
"4632",1992-09-05,285.565765380859
"4633",1992-09-06,287.54638671875
"4634",1992-09-07,288.744140625
"4635",1992-09-08,288.014312744141
"4636",1992-09-09,287.72395324707
"4637",1992-09-10,289.275024414062
"4638",1992-09-11,292.280212402344
"4639",1992-09-12,288.180603027344
"4640",1992-09-13,288.141540527344
"4641",1992-09-14,284.391937255859
"4642",1992-09-15,287.215728759766
"4643",1992-09-16,288.100662231445
"4644",1992-09-17,288.483978271484
"4645",1992-09-18,288.646362304688
"4646",1992-09-19,288.978424072266
"4647",1992-09-20,288.859802246094
"4648",1992-09-21,289.0732421875
"4649",1992-09-22,289.552978515625
"4650",1992-09-23,291.361389160156
"4651",1992-09-24,289.419311523438
"4652",1992-09-25,289.074401855469
"4653",1992-09-26,289.309265136719
"4654",1992-09-27,288.529022216797
"4655",1992-09-28,288.459716796875
"4656",1992-09-29,285.035873413086
"4657",1992-09-30,283.818054199219
"4658",1992-10-01,285.577880859375
"4659",1992-10-02,284.71272277832
"4660",1992-10-03,285.645172119141
"4661",1992-10-04,284.716217041016
"4662",1992-10-05,282.623962402344
"4663",1992-10-06,283.945617675781
"4664",1992-10-07,286.458129882812
"4665",1992-10-08,290.201171875
"4666",1992-10-09,285.28205871582
"4667",1992-10-10,284.505676269531
"4668",1992-10-11,281.665588378906
"4669",1992-10-12,278.569671630859
"4670",1992-10-13,282.840881347656
"4671",1992-10-14,281.451782226562
"4672",1992-10-15,276.526977539062
"4673",1992-10-16,274.742553710938
"4674",1992-10-17,273.78076171875
"4675",1992-10-18,277.178161621094
"4676",1992-10-19,281.172454833984
"4677",1992-10-20,277.969360351562
"4678",1992-10-21,275.673889160156
"4679",1992-10-22,274.01513671875
"4680",1992-10-23,276.537231445312
"4681",1992-10-24,278.363922119141
"4682",1992-10-25,278.649444580078
"4683",1992-10-26,276.203338623047
"4684",1992-10-27,276.239471435547
"4685",1992-10-28,274.74267578125
"4686",1992-10-29,274.822204589844
"4687",1992-10-30,272.686218261719
"4688",1992-10-31,277.062683105469
"4689",1992-11-01,279.785675048828
"4690",1992-11-02,281.140029907227
"4691",1992-11-03,282.258880615234
"4692",1992-11-04,280.805389404297
"4693",1992-11-05,276.183288574219
"4694",1992-11-06,282.461212158203
"4695",1992-11-07,281.844482421875
"4696",1992-11-08,276.024505615234
"4697",1992-11-09,278.165100097656
"4698",1992-11-10,279.597076416016
"4699",1992-11-11,278.777069091797
"4700",1992-11-12,276.693450927734
"4701",1992-11-13,276.272155761719
"4702",1992-11-14,275.211791992188
"4703",1992-11-15,274.497589111328
"4704",1992-11-16,273.543426513672
"4705",1992-11-17,275.209899902344
"4706",1992-11-18,276.488525390625
"4707",1992-11-19,276.616027832031
"4708",1992-11-20,275.63720703125
"4709",1992-11-21,272.87841796875
"4710",1992-11-22,272.343872070312
"4711",1992-11-23,275.117248535156
"4712",1992-11-24,279.572570800781
"4713",1992-11-25,279.249328613281
"4714",1992-11-26,278.467742919922
"4715",1992-11-27,277.202453613281
"4716",1992-11-28,277.608276367188
"4717",1992-11-29,273.801940917969
"4718",1992-11-30,279.674499511719
"4719",1992-12-01,280.771606445312
"4720",1992-12-02,281.129943847656
"4721",1992-12-03,280.806350708008
"4722",1992-12-04,277.958831787109
"4723",1992-12-05,275.421447753906
"4724",1992-12-06,277.088500976562
"4725",1992-12-07,275.291839599609
"4726",1992-12-08,274.489837646484
"4727",1992-12-09,273.482238769531
"4728",1992-12-10,279.614242553711
"4729",1992-12-11,280.1572265625
"4730",1992-12-12,276.684814453125
"4731",1992-12-13,273.496276855469
"4732",1992-12-14,279.568237304688
"4733",1992-12-15,281.883026123047
"4734",1992-12-16,280.44465637207
"4735",1992-12-17,279.69514465332
"4736",1992-12-18,280.108612060547
"4737",1992-12-19,278.564361572266
"4738",1992-12-20,273.757202148438
"4739",1992-12-21,267.411743164062
"4740",1992-12-22,270.72509765625
"4741",1992-12-23,271.063598632812
"4742",1992-12-24,276.480590820312
"4743",1992-12-25,278.022476196289
"4744",1992-12-26,277.558563232422
"4745",1992-12-27,273.4375
"4746",1992-12-28,273.948608398438
"4747",1992-12-29,271.578857421875
"4748",1992-12-30,273.318176269531
"4749",1992-12-31,273.902709960938
"4750",1993-01-01,274.841003417969
"4751",1993-01-02,274.728210449219
"4752",1993-01-03,273.670593261719
"4753",1993-01-04,270.955017089844
"4754",1993-01-05,278.126068115234
"4755",1993-01-06,278.283905029297
"4756",1993-01-07,277.494766235352
"4757",1993-01-08,276.789215087891
"4758",1993-01-09,278.41796875
"4759",1993-01-10,279.75
"4760",1993-01-11,279.1591796875
"4761",1993-01-12,276.378173828125
"4762",1993-01-13,278.245056152344
"4763",1993-01-14,277.100524902344
"4764",1993-01-15,279.485595703125
"4765",1993-01-16,279.690216064453
"4766",1993-01-17,281.092514038086
"4767",1993-01-18,277.579071044922
"4768",1993-01-19,276.276947021484
"4769",1993-01-20,279.05241394043
"4770",1993-01-21,279.560760498047
"4771",1993-01-22,280.215942382812
"4772",1993-01-23,276.532562255859
"4773",1993-01-24,273.567932128906
"4774",1993-01-25,270.375610351562
"4775",1993-01-26,268.638916015625
"4776",1993-01-27,268.626831054688
"4777",1993-01-28,268.224853515625
"4778",1993-01-29,268.094604492188
"4779",1993-01-30,273.708557128906
"4780",1993-01-31,279.000946044922
"4781",1993-02-01,278.490142822266
"4782",1993-02-02,277.544464111328
"4783",1993-02-03,280.781433105469
"4784",1993-02-04,282.821166992188
"4785",1993-02-05,281.201690673828
"4786",1993-02-06,275.170440673828
"4787",1993-02-07,275.972717285156
"4788",1993-02-08,280.141784667969
"4789",1993-02-09,276.289627075195
"4790",1993-02-10,273.795120239258
"4791",1993-02-11,273.582641601562
"4792",1993-02-12,275.560363769531
"4793",1993-02-13,273.861145019531
"4794",1993-02-14,275.460723876953
"4795",1993-02-15,276.129699707031
"4796",1993-02-16,277.612243652344
"4797",1993-02-17,277.124084472656
"4798",1993-02-18,277.285583496094
"4799",1993-02-19,278.038955688477
"4800",1993-02-20,274.361694335938
"4801",1993-02-21,268.162109375
"4802",1993-02-22,271.488830566406
"4803",1993-02-23,270.1220703125
"4804",1993-02-24,270.363159179688
"4805",1993-02-25,272.463470458984
"4806",1993-02-26,273.640930175781
"4807",1993-02-27,273.903991699219
"4808",1993-02-28,273.030487060547
"4809",1993-03-01,272.149841308594
"4810",1993-03-02,270.256652832031
"4811",1993-03-03,269.849548339844
"4812",1993-03-04,274.127746582031
"4813",1993-03-05,278.092620849609
"4814",1993-03-06,279.260009765625
"4815",1993-03-07,276.701751708984
"4816",1993-03-08,276.851135253906
"4817",1993-03-09,276.865051269531
"4818",1993-03-10,276.62434387207
"4819",1993-03-11,276.545104980469
"4820",1993-03-12,276.784545898438
"4821",1993-03-13,278.582092285156
"4822",1993-03-14,279.987915039062
"4823",1993-03-15,278.890747070312
"4824",1993-03-16,283.204833984375
"4825",1993-03-17,282.011901855469
"4826",1993-03-18,280.812255859375
"4827",1993-03-19,280.587951660156
"4828",1993-03-20,283.292724609375
"4829",1993-03-21,279.609313964844
"4830",1993-03-22,280.376831054688
"4831",1993-03-23,279.168823242188
"4832",1993-03-24,279.571716308594
"4833",1993-03-25,281.564819335938
"4834",1993-03-26,279.538146972656
"4835",1993-03-27,278.140594482422
"4836",1993-03-28,278.038879394531
"4837",1993-03-29,276.57763671875
"4838",1993-03-30,278.267456054688
"4839",1993-03-31,277.842712402344
"4840",1993-04-01,278.703857421875
"4841",1993-04-02,282.324096679688
"4842",1993-04-03,281.518371582031
"4843",1993-04-04,280.219482421875
"4844",1993-04-05,277.106811523438
"4845",1993-04-06,278.362045288086
"4846",1993-04-07,278.285583496094
"4847",1993-04-08,279.104614257812
"4848",1993-04-09,279.042663574219
"4849",1993-04-10,280.952514648438
"4850",1993-04-11,280.977111816406
"4851",1993-04-12,282.546264648438
"4852",1993-04-13,282.662475585938
"4853",1993-04-14,283.443237304688
"4854",1993-04-15,284.555419921875
"4855",1993-04-16,280.729919433594
"4856",1993-04-17,282.596801757812
"4857",1993-04-18,283.972534179688
"4858",1993-04-19,282.814086914062
"4859",1993-04-20,281.511840820312
"4860",1993-04-21,280.884704589844
"4861",1993-04-22,283.74267578125
"4862",1993-04-23,281.939514160156
"4863",1993-04-24,291.297973632812
"4864",1993-04-25,294.14453125
"4865",1993-04-26,297.979736328125
"4866",1993-04-27,297.71484375
"4867",1993-04-28,294.345703125
"4868",1993-04-29,292.346435546875
"4869",1993-04-30,296.06103515625
"4870",1993-05-01,295.190673828125
"4871",1993-05-02,296.727294921875
"4872",1993-05-03,289.036254882812
"4873",1993-05-04,281.710998535156
"4874",1993-05-05,283.695373535156
"4875",1993-05-06,284.234832763672
"4876",1993-05-07,284.052307128906
"4877",1993-05-08,290.088500976562
"4878",1993-05-09,292.221923828125
"4879",1993-05-10,294.3779296875
"4880",1993-05-11,296.793701171875
"4881",1993-05-12,295.311767578125
"4882",1993-05-13,292.292114257812
"4883",1993-05-14,288.911437988281
"4884",1993-05-15,290.419677734375
"4885",1993-05-16,287.139953613281
"4886",1993-05-17,291.344604492188
"4887",1993-05-18,295.298095703125
"4888",1993-05-19,296.244506835938
"4889",1993-05-20,297.75439453125
"4890",1993-05-21,297.92724609375
"4891",1993-05-22,298.509765625
"4892",1993-05-23,298.23828125
"4893",1993-05-24,294.753784179688
"4894",1993-05-25,287.61328125
"4895",1993-05-26,287.596740722656
"4896",1993-05-27,289.759643554688
"4897",1993-05-28,289.970458984375
"4898",1993-05-29,288.769165039062
"4899",1993-05-30,291.037109375
"4900",1993-05-31,288.181823730469
"4901",1993-06-01,288.9560546875
"4902",1993-06-02,288.185363769531
"4903",1993-06-03,289.610961914062
"4904",1993-06-04,292.367065429688
"4905",1993-06-05,291.9775390625
"4906",1993-06-06,288.944091796875
"4907",1993-06-07,291.766723632812
"4908",1993-06-08,293.7177734375
"4909",1993-06-09,292.756225585938
"4910",1993-06-10,296.201904296875
"4911",1993-06-11,295.47509765625
"4912",1993-06-12,289.286285400391
"4913",1993-06-13,289.144287109375
"4914",1993-06-14,288.277465820312
"4915",1993-06-15,287.811767578125
"4916",1993-06-16,287.810791015625
"4917",1993-06-17,289.341918945312
"4918",1993-06-18,289.41357421875
"4919",1993-06-19,287.323181152344
"4920",1993-06-20,290.8486328125
"4921",1993-06-21,288.38427734375
"4922",1993-06-22,290.000610351562
"4923",1993-06-23,289.904174804688
"4924",1993-06-24,290.873291015625
"4925",1993-06-25,289.379089355469
"4926",1993-06-26,292.0009765625
"4927",1993-06-27,290.920471191406
"4928",1993-06-28,295.627563476562
"4929",1993-06-29,294.66748046875
"4930",1993-06-30,296.632568359375
"4931",1993-07-01,293.636352539062
"4932",1993-07-02,294.450561523438
"4933",1993-07-03,292.857788085938
"4934",1993-07-04,292.753295898438
"4935",1993-07-05,291.689208984375
"4936",1993-07-06,289.617980957031
"4937",1993-07-07,288.619354248047
"4938",1993-07-08,291.491821289062
"4939",1993-07-09,288.800598144531
"4940",1993-07-10,286.389129638672
"4941",1993-07-11,289.182067871094
"4942",1993-07-12,290.68798828125
"4943",1993-07-13,288.688598632812
"4944",1993-07-14,290.485107421875
"4945",1993-07-15,292.78076171875
"4946",1993-07-16,296.223388671875
"4947",1993-07-17,292.927612304688
"4948",1993-07-18,291.128173828125
"4949",1993-07-19,288.399658203125
"4950",1993-07-20,292.296752929688
"4951",1993-07-21,292.185180664062
"4952",1993-07-22,291.354553222656
"4953",1993-07-23,291.811401367188
"4954",1993-07-24,292.757080078125
"4955",1993-07-25,289.340148925781
"4956",1993-07-26,289.048919677734
"4957",1993-07-27,288.626342773438
"4958",1993-07-28,289.554321289062
"4959",1993-07-29,291.649536132812
"4960",1993-07-30,289.107299804688
"4961",1993-07-31,289.784118652344
"4962",1993-08-01,290.171813964844
"4963",1993-08-02,290.671264648438
"4964",1993-08-03,287.407653808594
"4965",1993-08-04,290.095886230469
"4966",1993-08-05,291.45849609375
"4967",1993-08-06,290.853149414062
"4968",1993-08-07,292.635986328125
"4969",1993-08-08,292.488037109375
"4970",1993-08-09,289.013000488281
"4971",1993-08-10,289.842590332031
"4972",1993-08-11,289.225524902344
"4973",1993-08-12,287.775024414062
"4974",1993-08-13,290.662109375
"4975",1993-08-14,289.46728515625
"4976",1993-08-15,288.463562011719
"4977",1993-08-16,289.854858398438
"4978",1993-08-17,289.490234375
"4979",1993-08-18,290.328674316406
"4980",1993-08-19,291.096862792969
"4981",1993-08-20,289.850158691406
"4982",1993-08-21,289.138610839844
"4983",1993-08-22,290.521179199219
"4984",1993-08-23,288.039398193359
"4985",1993-08-24,289.654174804688
"4986",1993-08-25,290.224670410156
"4987",1993-08-26,288.744567871094
"4988",1993-08-27,288.449859619141
"4989",1993-08-28,290.440185546875
"4990",1993-08-29,288.554840087891
"4991",1993-08-30,287.255447387695
"4992",1993-08-31,289.073913574219
"4993",1993-09-01,289.354064941406
"4994",1993-09-02,290.160095214844
"4995",1993-09-03,288.69189453125
"4996",1993-09-04,287.521057128906
"4997",1993-09-05,287.615295410156
"4998",1993-09-06,289.380981445312
"4999",1993-09-07,287.8037109375
"5000",1993-09-08,289.525085449219
"5001",1993-09-09,290.839477539062
"5002",1993-09-10,289.041015625
"5003",1993-09-11,287.157318115234
"5004",1993-09-12,285.09846496582
"5005",1993-09-13,284.748718261719
"5006",1993-09-14,282.854736328125
"5007",1993-09-15,282.596099853516
"5008",1993-09-16,280.626068115234
"5009",1993-09-17,283.182983398438
"5010",1993-09-18,286.375061035156
"5011",1993-09-19,287.0947265625
"5012",1993-09-20,285.815856933594
"5013",1993-09-21,287.503356933594
"5014",1993-09-22,287.607482910156
"5015",1993-09-23,288.922546386719
"5016",1993-09-24,285.978851318359
"5017",1993-09-25,284.031982421875
"5018",1993-09-26,280.741638183594
"5019",1993-09-27,282.014099121094
"5020",1993-09-28,285.263854980469
"5021",1993-09-29,286.09130859375
"5022",1993-09-30,283.930816650391
"5023",1993-10-01,283.019134521484
"5024",1993-10-02,282.784942626953
"5025",1993-10-03,281.724273681641
"5026",1993-10-04,283.802154541016
"5027",1993-10-05,285.092987060547
"5028",1993-10-06,286.086517333984
"5029",1993-10-07,285.130798339844
"5030",1993-10-08,286.016723632812
"5031",1993-10-09,283.024154663086
"5032",1993-10-10,283.3447265625
"5033",1993-10-11,283.183380126953
"5034",1993-10-12,282.919158935547
"5035",1993-10-13,281.631057739258
"5036",1993-10-14,278.291381835938
"5037",1993-10-15,277.719131469727
"5038",1993-10-16,277.4560546875
"5039",1993-10-17,277.975860595703
"5040",1993-10-18,281.661682128906
"5041",1993-10-19,282.513244628906
"5042",1993-10-20,282.133651733398
"5043",1993-10-21,278.176788330078
"5044",1993-10-22,275.830810546875
"5045",1993-10-23,276.030258178711
"5046",1993-10-24,279.263641357422
"5047",1993-10-25,280.624450683594
"5048",1993-10-26,284.801940917969
"5049",1993-10-27,284.56103515625
"5050",1993-10-28,279.541809082031
"5051",1993-10-29,279.160827636719
"5052",1993-10-30,277.95263671875
"5053",1993-10-31,275.895812988281
"5054",1993-11-01,275.884216308594
"5055",1993-11-02,274.188537597656
"5056",1993-11-03,275.014282226562
"5057",1993-11-04,275.081756591797
"5058",1993-11-05,276.273254394531
"5059",1993-11-06,275.861206054688
"5060",1993-11-07,275.154846191406
"5061",1993-11-08,275.908386230469
"5062",1993-11-09,277.06396484375
"5063",1993-11-10,278.382598876953
"5064",1993-11-11,278.485382080078
"5065",1993-11-12,278.053466796875
"5066",1993-11-13,279.164215087891
"5067",1993-11-14,278.805389404297
"5068",1993-11-15,275.61572265625
"5069",1993-11-16,276.420593261719
"5070",1993-11-17,279.317489624023
"5071",1993-11-18,276.936248779297
"5072",1993-11-19,273.741943359375
"5073",1993-11-20,272.768920898438
"5074",1993-11-21,270.870971679688
"5075",1993-11-22,273.163299560547
"5076",1993-11-23,273.655746459961
"5077",1993-11-24,273.273193359375
"5078",1993-11-25,271.6904296875
"5079",1993-11-26,273.531188964844
"5080",1993-11-27,273.537353515625
"5081",1993-11-28,267.526489257812
"5082",1993-11-29,270.864807128906
"5083",1993-11-30,270.692596435547
"5084",1993-12-01,271.902221679688
"5085",1993-12-02,276.009155273438
"5086",1993-12-03,276.436767578125
"5087",1993-12-04,279.546371459961
"5088",1993-12-05,278.543701171875
"5089",1993-12-06,279.59684753418
"5090",1993-12-07,279.685012817383
"5091",1993-12-08,275.0869140625
"5092",1993-12-09,271.481079101562
"5093",1993-12-10,274.166473388672
"5094",1993-12-11,273.7626953125
"5095",1993-12-12,268.463195800781
"5096",1993-12-13,267.226623535156
"5097",1993-12-14,269.859252929688
"5098",1993-12-15,273.314697265625
"5099",1993-12-16,274.051147460938
"5100",1993-12-17,273.082458496094
"5101",1993-12-18,278.416259765625
"5102",1993-12-19,280.551696777344
"5103",1993-12-20,276.417602539062
"5104",1993-12-21,277.171875
"5105",1993-12-22,274.392456054688
"5106",1993-12-23,273.876281738281
"5107",1993-12-24,271.554992675781
"5108",1993-12-25,272.809631347656
"5109",1993-12-26,271.008544921875
"5110",1993-12-27,266.827880859375
"5111",1993-12-28,270.515991210938
"5112",1993-12-29,274.241668701172
"5113",1993-12-30,275.544586181641
"5114",1993-12-31,273.547729492188
"5115",1994-01-01,271.88427734375
"5116",1994-01-02,263.995239257812
"5117",1994-01-03,268.563842773438
"5118",1994-01-04,273.103881835938
"5119",1994-01-05,275.140350341797
"5120",1994-01-06,274.828826904297
"5121",1994-01-07,276.085784912109
"5122",1994-01-08,275.58740234375
"5123",1994-01-09,271.934020996094
"5124",1994-01-10,272.945068359375
"5125",1994-01-11,272.627380371094
"5126",1994-01-12,275.522491455078
"5127",1994-01-13,277.625122070312
"5128",1994-01-14,278.22151184082
"5129",1994-01-15,272.791381835938
"5130",1994-01-16,268.324584960938
"5131",1994-01-17,268.26220703125
"5132",1994-01-18,271.885284423828
"5133",1994-01-19,274.638061523438
"5134",1994-01-20,277.58903503418
"5135",1994-01-21,279.480651855469
"5136",1994-01-22,277.443634033203
"5137",1994-01-23,276.06201171875
"5138",1994-01-24,275.796722412109
"5139",1994-01-25,272.409790039062
"5140",1994-01-26,271.843566894531
"5141",1994-01-27,276.057403564453
"5142",1994-01-28,274.312255859375
"5143",1994-01-29,265.735107421875
"5144",1994-01-30,276.488189697266
"5145",1994-01-31,271.670532226562
"5146",1994-02-01,270.197937011719
"5147",1994-02-02,270.638305664062
"5148",1994-02-03,267.933837890625
"5149",1994-02-04,265.620910644531
"5150",1994-02-05,267.118286132812
"5151",1994-02-06,270.107116699219
"5152",1994-02-07,268.535339355469
"5153",1994-02-08,268.605163574219
"5154",1994-02-09,273.348907470703
"5155",1994-02-10,272.944915771484
"5156",1994-02-11,269.766235351562
"5157",1994-02-12,265.844665527344
"5158",1994-02-13,265.675231933594
"5159",1994-02-14,266.611999511719
"5160",1994-02-15,266.40185546875
"5161",1994-02-16,269.8447265625
"5162",1994-02-17,270.574401855469
"5163",1994-02-18,270.904678344727
"5164",1994-02-19,268.308471679688
"5165",1994-02-20,267.75537109375
"5166",1994-02-21,267.650390625
"5167",1994-02-22,268.80615234375
"5168",1994-02-23,270.367813110352
"5169",1994-02-24,267.778869628906
"5170",1994-02-25,270.91748046875
"5171",1994-02-26,268.119201660156
"5172",1994-02-27,268.334899902344
"5173",1994-02-28,268.489044189453
"5174",1994-03-01,265.991180419922
"5175",1994-03-02,267.949584960938
"5176",1994-03-03,271.014831542969
"5177",1994-03-04,274.639831542969
"5178",1994-03-05,276.550796508789
"5179",1994-03-06,277.168212890625
"5180",1994-03-07,278.205444335938
"5181",1994-03-08,277.812438964844
"5182",1994-03-09,278.789245605469
"5183",1994-03-10,278.432220458984
"5184",1994-03-11,277.361175537109
"5185",1994-03-12,277.225463867188
"5186",1994-03-13,275.030258178711
"5187",1994-03-14,277.230407714844
"5188",1994-03-15,278.054992675781
"5189",1994-03-16,275.904418945312
"5190",1994-03-17,276.313903808594
"5191",1994-03-18,275.200317382812
"5192",1994-03-19,275.732238769531
"5193",1994-03-20,276.2431640625
"5194",1994-03-21,276.26123046875
"5195",1994-03-22,276.138885498047
"5196",1994-03-23,279.400787353516
"5197",1994-03-24,279.966979980469
"5198",1994-03-25,279.90771484375
"5199",1994-03-26,279.255004882812
"5200",1994-03-27,279.375122070312
"5201",1994-03-28,278.491271972656
"5202",1994-03-29,281.650634765625
"5203",1994-03-30,282.3193359375
"5204",1994-03-31,283.611450195312
"5205",1994-04-01,281.669799804688
"5206",1994-04-02,280.197692871094
"5207",1994-04-03,280.343872070312
"5208",1994-04-04,279.356567382812
"5209",1994-04-05,279.056945800781
"5210",1994-04-06,279.181274414062
"5211",1994-04-07,281.456420898438
"5212",1994-04-08,280.340209960938
"5213",1994-04-09,282.558471679688
"5214",1994-04-10,285.691040039062
"5215",1994-04-11,286.711669921875
"5216",1994-04-12,287.60986328125
"5217",1994-04-13,287.147216796875
"5218",1994-04-14,279.665863037109
"5219",1994-04-15,283.212585449219
"5220",1994-04-16,283.299682617188
"5221",1994-04-17,281.441772460938
"5222",1994-04-18,280.656066894531
"5223",1994-04-19,281.293090820312
"5224",1994-04-20,281.630981445312
"5225",1994-04-21,285.014404296875
"5226",1994-04-22,283.073608398438
"5227",1994-04-23,289.1494140625
"5228",1994-04-24,292.69482421875
"5229",1994-04-25,292.2783203125
"5230",1994-04-26,287.434814453125
"5231",1994-04-27,286.87841796875
"5232",1994-04-28,283.869323730469
"5233",1994-04-29,287.613037109375
"5234",1994-04-30,284.432922363281
"5235",1994-05-01,283.630615234375
"5236",1994-05-02,287.076782226562
"5237",1994-05-03,284.933227539062
"5238",1994-05-04,288.706176757812
"5239",1994-05-05,288.480346679688
"5240",1994-05-06,288.028930664062
"5241",1994-05-07,287.304321289062
"5242",1994-05-08,293.17626953125
"5243",1994-05-09,293.333984375
"5244",1994-05-10,294.729736328125
"5245",1994-05-11,296.110107421875
"5246",1994-05-12,292.960205078125
"5247",1994-05-13,291.619873046875
"5248",1994-05-14,291.85791015625
"5249",1994-05-15,290.505126953125
"5250",1994-05-16,287.443115234375
"5251",1994-05-17,287.679504394531
"5252",1994-05-18,285.579681396484
"5253",1994-05-19,286.477661132812
"5254",1994-05-20,289.162719726562
"5255",1994-05-21,289.542236328125
"5256",1994-05-22,290.552734375
"5257",1994-05-23,289.474609375
"5258",1994-05-24,289.096069335938
"5259",1994-05-25,288.082641601562
"5260",1994-05-26,285.197570800781
"5261",1994-05-27,287.241516113281
"5262",1994-05-28,287.797180175781
"5263",1994-05-29,283.516265869141
"5264",1994-05-30,287.8095703125
"5265",1994-05-31,290.269775390625
"5266",1994-06-01,290.11279296875
"5267",1994-06-02,290.195068359375
"5268",1994-06-03,287.445739746094
"5269",1994-06-04,287.091247558594
"5270",1994-06-05,288.028625488281
"5271",1994-06-06,290.443725585938
"5272",1994-06-07,289.823120117188
"5273",1994-06-08,288.717346191406
"5274",1994-06-09,289.5869140625
"5275",1994-06-10,287.923828125
"5276",1994-06-11,291.704833984375
"5277",1994-06-12,292.148193359375
"5278",1994-06-13,295.97705078125
"5279",1994-06-14,292.693115234375
"5280",1994-06-15,287.071472167969
"5281",1994-06-16,286.86328125
"5282",1994-06-17,288.144836425781
"5283",1994-06-18,284.522094726562
"5284",1994-06-19,289.72998046875
"5285",1994-06-20,292.315063476562
"5286",1994-06-21,287.448181152344
"5287",1994-06-22,290.340087890625
"5288",1994-06-23,290.88232421875
"5289",1994-06-24,291.725463867188
"5290",1994-06-25,292.831787109375
"5291",1994-06-26,289.640991210938
"5292",1994-06-27,292.730346679688
"5293",1994-06-28,295.593505859375
"5294",1994-06-29,295.364379882812
"5295",1994-06-30,292.724975585938
"5296",1994-07-01,294.60107421875
"5297",1994-07-02,296.409912109375
"5298",1994-07-03,296.197143554688
"5299",1994-07-04,299.494140625
"5300",1994-07-05,298.47900390625
"5301",1994-07-06,296.294921875
"5302",1994-07-07,299.564697265625
"5303",1994-07-08,301.1611328125
"5304",1994-07-09,298.910888671875
"5305",1994-07-10,295.539428710938
"5306",1994-07-11,294.617309570312
"5307",1994-07-12,300.0166015625
"5308",1994-07-13,302.275146484375
"5309",1994-07-14,304.698974609375
"5310",1994-07-15,297.433227539062
"5311",1994-07-16,294.757690429688
"5312",1994-07-17,292.981048583984
"5313",1994-07-18,296.976928710938
"5314",1994-07-19,299.461059570312
"5315",1994-07-20,299.305786132812
"5316",1994-07-21,299.063110351562
"5317",1994-07-22,296.642944335938
"5318",1994-07-23,296.713500976562
"5319",1994-07-24,301.237548828125
"5320",1994-07-25,302.613159179688
"5321",1994-07-26,303.474609375
"5322",1994-07-27,296.660461425781
"5323",1994-07-28,298.289672851562
"5324",1994-07-29,297.702758789062
"5325",1994-07-30,298.934326171875
"5326",1994-07-31,299.843963623047
"5327",1994-08-01,301.633544921875
"5328",1994-08-02,299.254150390625
"5329",1994-08-03,297.281494140625
"5330",1994-08-04,298.515258789062
"5331",1994-08-05,299.906494140625
"5332",1994-08-06,297.763305664062
"5333",1994-08-07,296.363830566406
"5334",1994-08-08,295.321594238281
"5335",1994-08-09,294.841735839844
"5336",1994-08-10,296.220336914062
"5337",1994-08-11,297.115478515625
"5338",1994-08-12,297.623657226562
"5339",1994-08-13,295.863037109375
"5340",1994-08-14,290.397827148438
"5341",1994-08-15,292.744384765625
"5342",1994-08-16,293.660583496094
"5343",1994-08-17,290.754150390625
"5344",1994-08-18,292.720611572266
"5345",1994-08-19,290.828506469727
"5346",1994-08-20,286.931701660156
"5347",1994-08-21,290.409545898438
"5348",1994-08-22,293.022583007812
"5349",1994-08-23,292.700500488281
"5350",1994-08-24,292.977966308594
"5351",1994-08-25,292.846862792969
"5352",1994-08-26,289.823318481445
"5353",1994-08-27,290.039672851562
"5354",1994-08-28,287.334121704102
"5355",1994-08-29,286.699768066406
"5356",1994-08-30,289.927368164062
"5357",1994-08-31,291.327026367188
"5358",1994-09-01,292.31591796875
"5359",1994-09-02,288.502777099609
"5360",1994-09-03,288.932495117188
"5361",1994-09-04,285.815887451172
"5362",1994-09-05,288.085876464844
"5363",1994-09-06,288.72216796875
"5364",1994-09-07,289.609558105469
"5365",1994-09-08,290.653625488281
"5366",1994-09-09,286.258697509766
"5367",1994-09-10,288.324951171875
"5368",1994-09-11,285.908309936523
"5369",1994-09-12,288.493713378906
"5370",1994-09-13,287.31201171875
"5371",1994-09-14,289.324279785156
"5372",1994-09-15,285.128997802734
"5373",1994-09-16,287.604766845703
"5374",1994-09-17,283.721527099609
"5375",1994-09-18,285.916870117188
"5376",1994-09-19,285.189331054688
"5377",1994-09-20,287.355865478516
"5378",1994-09-21,287.902954101562
"5379",1994-09-22,289.218017578125
"5380",1994-09-23,292.048583984375
"5381",1994-09-24,289.074890136719
"5382",1994-09-25,286.561889648438
"5383",1994-09-26,284.885818481445
"5384",1994-09-27,284.186874389648
"5385",1994-09-28,283.603500366211
"5386",1994-09-29,284.566772460938
"5387",1994-09-30,284.111267089844
"5388",1994-10-01,282.971282958984
"5389",1994-10-02,281.806976318359
"5390",1994-10-03,278.630081176758
"5391",1994-10-04,280.881256103516
"5392",1994-10-05,281.334259033203
"5393",1994-10-06,285.272674560547
"5394",1994-10-07,285.348922729492
"5395",1994-10-08,285.727233886719
"5396",1994-10-09,285.20654296875
"5397",1994-10-10,284.688171386719
"5398",1994-10-11,285.205001831055
"5399",1994-10-12,284.242401123047
"5400",1994-10-13,288.634826660156
"5401",1994-10-14,287.194641113281
"5402",1994-10-15,286.877807617188
"5403",1994-10-16,278.807144165039
"5404",1994-10-17,278.555358886719
"5405",1994-10-18,278.320526123047
"5406",1994-10-19,278.932235717773
"5407",1994-10-20,279.642425537109
"5408",1994-10-21,279.044219970703
"5409",1994-10-22,279.452026367188
"5410",1994-10-23,282.9052734375
"5411",1994-10-24,283.697525024414
"5412",1994-10-25,282.953460693359
"5413",1994-10-26,280.378067016602
"5414",1994-10-27,281.586822509766
"5415",1994-10-28,280.963958740234
"5416",1994-10-29,281.167770385742
"5417",1994-10-30,279.637420654297
"5418",1994-10-31,281.529083251953
"5419",1994-11-01,280.991455078125
"5420",1994-11-02,281.743988037109
"5421",1994-11-03,275.846069335938
"5422",1994-11-04,279.413024902344
"5423",1994-11-05,278.856811523438
"5424",1994-11-06,278.051055908203
"5425",1994-11-07,278.716186523438
"5426",1994-11-08,278.877868652344
"5427",1994-11-09,278.591094970703
"5428",1994-11-10,278.021789550781
"5429",1994-11-11,272.450622558594
"5430",1994-11-12,272.345153808594
"5431",1994-11-13,273.24365234375
"5432",1994-11-14,281.729156494141
"5433",1994-11-15,280.946685791016
"5434",1994-11-16,279.055053710938
"5435",1994-11-17,276.185852050781
"5436",1994-11-18,275.346466064453
"5437",1994-11-19,276.478759765625
"5438",1994-11-20,281.956527709961
"5439",1994-11-21,281.078094482422
"5440",1994-11-22,282.524047851562
"5441",1994-11-23,284.342437744141
"5442",1994-11-24,282.537704467773
"5443",1994-11-25,278.471313476562
"5444",1994-11-26,278.205932617188
"5445",1994-11-27,279.782043457031
"5446",1994-11-28,282.26774597168
"5447",1994-11-29,279.415466308594
"5448",1994-11-30,275.354309082031
"5449",1994-12-01,277.445434570312
"5450",1994-12-02,275.848876953125
"5451",1994-12-03,272.992492675781
"5452",1994-12-04,278.875915527344
"5453",1994-12-05,277.755187988281
"5454",1994-12-06,277.971374511719
"5455",1994-12-07,277.928466796875
"5456",1994-12-08,279.518310546875
"5457",1994-12-09,278.977783203125
"5458",1994-12-10,283.167846679688
"5459",1994-12-11,281.556213378906
"5460",1994-12-12,276.55419921875
"5461",1994-12-13,271.317749023438
"5462",1994-12-14,273.781433105469
"5463",1994-12-15,270.363037109375
"5464",1994-12-16,276.220825195312
"5465",1994-12-17,274.414428710938
"5466",1994-12-18,278.031951904297
"5467",1994-12-19,277.762756347656
"5468",1994-12-20,277.758728027344
"5469",1994-12-21,274.095092773438
"5470",1994-12-22,274.851684570312
"5471",1994-12-23,279.481979370117
"5472",1994-12-24,280.107528686523
"5473",1994-12-25,279.384292602539
"5474",1994-12-26,278.578842163086
"5475",1994-12-27,275.943542480469
"5476",1994-12-28,274.244262695312
"5477",1994-12-29,279.171569824219
"5478",1994-12-30,278.303955078125
"5479",1994-12-31,276.684814453125
"5480",1995-01-01,271.71142578125
"5481",1995-01-02,271.329833984375
"5482",1995-01-03,267.498779296875
"5483",1995-01-04,272.785766601562
"5484",1995-01-05,272.703735351562
"5485",1995-01-06,271.238647460938
"5486",1995-01-07,273.480529785156
"5487",1995-01-08,275.735412597656
"5488",1995-01-09,277.102752685547
"5489",1995-01-10,276.440124511719
"5490",1995-01-11,272.734344482422
"5491",1995-01-12,271.941345214844
"5492",1995-01-13,277.647430419922
"5493",1995-01-14,279.848892211914
"5494",1995-01-15,277.051879882812
"5495",1995-01-16,279.0615234375
"5496",1995-01-17,276.812942504883
"5497",1995-01-18,277.107543945312
"5498",1995-01-19,274.238006591797
"5499",1995-01-20,275.160583496094
"5500",1995-01-21,275.307983398438
"5501",1995-01-22,274.89045715332
"5502",1995-01-23,273.419860839844
"5503",1995-01-24,271.609497070312
"5504",1995-01-25,273.913391113281
"5505",1995-01-26,270.842529296875
"5506",1995-01-27,269.022094726562
"5507",1995-01-28,269.453857421875
"5508",1995-01-29,268.411315917969
"5509",1995-01-30,266.494567871094
"5510",1995-01-31,274.110687255859
"5511",1995-02-01,277.953018188477
"5512",1995-02-02,275.901458740234
"5513",1995-02-03,278.422805786133
"5514",1995-02-04,278.711181640625
"5515",1995-02-05,277.905731201172
"5516",1995-02-06,280.224304199219
"5517",1995-02-07,276.309020996094
"5518",1995-02-08,273.207534790039
"5519",1995-02-09,273.779144287109
"5520",1995-02-10,274.343872070312
"5521",1995-02-11,273.106628417969
"5522",1995-02-12,278.145355224609
"5523",1995-02-13,279.518615722656
"5524",1995-02-14,278.652679443359
"5525",1995-02-15,278.493011474609
"5526",1995-02-16,278.747131347656
"5527",1995-02-17,276.959716796875
"5528",1995-02-18,277.625213623047
"5529",1995-02-19,277.339141845703
"5530",1995-02-20,278.755065917969
"5531",1995-02-21,277.012725830078
"5532",1995-02-22,277.752197265625
"5533",1995-02-23,277.182144165039
"5534",1995-02-24,277.815612792969
"5535",1995-02-25,277.227722167969
"5536",1995-02-26,275.680358886719
"5537",1995-02-27,275.529632568359
"5538",1995-02-28,280.296478271484
"5539",1995-03-01,279.140014648438
"5540",1995-03-02,276.887115478516
"5541",1995-03-03,276.164245605469
"5542",1995-03-04,275.398422241211
"5543",1995-03-05,274.766387939453
"5544",1995-03-06,275.298919677734
"5545",1995-03-07,276.044128417969
"5546",1995-03-08,278.815856933594
"5547",1995-03-09,275.32421875
"5548",1995-03-10,277.774475097656
"5549",1995-03-11,276.881500244141
"5550",1995-03-12,276.511749267578
"5551",1995-03-13,278.042907714844
"5552",1995-03-14,275.574951171875
"5553",1995-03-15,273.530624389648
"5554",1995-03-16,275.25798034668
"5555",1995-03-17,275.421295166016
"5556",1995-03-18,278.154388427734
"5557",1995-03-19,277.765625
"5558",1995-03-20,278.63427734375
"5559",1995-03-21,279.798095703125
"5560",1995-03-22,279.249725341797
"5561",1995-03-23,283.033935546875
"5562",1995-03-24,282.832214355469
"5563",1995-03-25,278.4912109375
"5564",1995-03-26,278.000518798828
"5565",1995-03-27,275.363983154297
"5566",1995-03-28,276.8427734375
"5567",1995-03-29,279.469055175781
"5568",1995-03-30,280.477905273438
"5569",1995-03-31,278.616638183594
"5570",1995-04-01,282.623046875
"5571",1995-04-02,281.787536621094
"5572",1995-04-03,278.744934082031
"5573",1995-04-04,279.355926513672
"5574",1995-04-05,276.522979736328
"5575",1995-04-06,284.899291992188
"5576",1995-04-07,279.209655761719
"5577",1995-04-08,280.864990234375
"5578",1995-04-09,279.741516113281
"5579",1995-04-10,279.537292480469
"5580",1995-04-11,282.884887695312
"5581",1995-04-12,284.669555664062
"5582",1995-04-13,287.13427734375
"5583",1995-04-14,285.412231445312
"5584",1995-04-15,279.861511230469
"5585",1995-04-16,280.161743164062
"5586",1995-04-17,277.730651855469
"5587",1995-04-18,279.131195068359
"5588",1995-04-19,281.484497070312
"5589",1995-04-20,279.745361328125
"5590",1995-04-21,281.290405273438
"5591",1995-04-22,284.009460449219
"5592",1995-04-23,293.7099609375
"5593",1995-04-24,296.257080078125
"5594",1995-04-25,288.026733398438
"5595",1995-04-26,278.502319335938
"5596",1995-04-27,274.719055175781
"5597",1995-04-28,278.34033203125
"5598",1995-04-29,281.225891113281
"5599",1995-04-30,283.431396484375
"5600",1995-05-01,286.529174804688
"5601",1995-05-02,287.65380859375
"5602",1995-05-03,287.2509765625
"5603",1995-05-04,290.79052734375
"5604",1995-05-05,292.42333984375
"5605",1995-05-06,290.581176757812
"5606",1995-05-07,289.116455078125
"5607",1995-05-08,282.14501953125
"5608",1995-05-09,286.261779785156
"5609",1995-05-10,284.860473632812
"5610",1995-05-11,280.850738525391
"5611",1995-05-12,282.428863525391
"5612",1995-05-13,283.244567871094
"5613",1995-05-14,278.422698974609
"5614",1995-05-15,280.68962097168
"5615",1995-05-16,282.631439208984
"5616",1995-05-17,285.129028320312
"5617",1995-05-18,283.376098632812
"5618",1995-05-19,283.031494140625
"5619",1995-05-20,285.646728515625
"5620",1995-05-21,283.718322753906
"5621",1995-05-22,288.483276367188
"5622",1995-05-23,284.847045898438
"5623",1995-05-24,291.067504882812
"5624",1995-05-25,293.299438476562
"5625",1995-05-26,293.730590820312
"5626",1995-05-27,294.35888671875
"5627",1995-05-28,289.906494140625
"5628",1995-05-29,295.166870117188
"5629",1995-05-30,292.303466796875
"5630",1995-05-31,294.05615234375
"5631",1995-06-01,293.020874023438
"5632",1995-06-02,288.182006835938
"5633",1995-06-03,291.963012695312
"5634",1995-06-04,289.784301757812
"5635",1995-06-05,292.612670898438
"5636",1995-06-06,291.279296875
"5637",1995-06-07,287.4091796875
"5638",1995-06-08,287.669158935547
"5639",1995-06-09,289.390197753906
"5640",1995-06-10,288.483276367188
"5641",1995-06-11,289.148132324219
"5642",1995-06-12,285.561248779297
"5643",1995-06-13,289.620330810547
"5644",1995-06-14,290.294830322266
"5645",1995-06-15,289.037902832031
"5646",1995-06-16,288.231964111328
"5647",1995-06-17,288.875549316406
"5648",1995-06-18,286.890686035156
"5649",1995-06-19,292.023803710938
"5650",1995-06-20,290.840698242188
"5651",1995-06-21,287.762145996094
"5652",1995-06-22,289.627471923828
"5653",1995-06-23,295.93359375
"5654",1995-06-24,299.775268554688
"5655",1995-06-25,301.600830078125
"5656",1995-06-26,300.8251953125
"5657",1995-06-27,298.467529296875
"5658",1995-06-28,297.874267578125
"5659",1995-06-29,294.571960449219
"5660",1995-06-30,290.15217590332
"5661",1995-07-01,290.1103515625
"5662",1995-07-02,290.251220703125
"5663",1995-07-03,288.571594238281
"5664",1995-07-04,288.459396362305
"5665",1995-07-05,291.205688476562
"5666",1995-07-06,289.930236816406
"5667",1995-07-07,288.871673583984
"5668",1995-07-08,290.384155273438
"5669",1995-07-09,294.519653320312
"5670",1995-07-10,293.467163085938
"5671",1995-07-11,295.7685546875
"5672",1995-07-12,297.796997070312
"5673",1995-07-13,297.379760742188
"5674",1995-07-14,296.994140625
"5675",1995-07-15,291.657684326172
"5676",1995-07-16,291.779174804688
"5677",1995-07-17,291.844909667969
"5678",1995-07-18,292.459228515625
"5679",1995-07-19,294.833984375
"5680",1995-07-20,293.986083984375
"5681",1995-07-21,292.660522460938
"5682",1995-07-22,290.229187011719
"5683",1995-07-23,291.401733398438
"5684",1995-07-24,291.366821289062
"5685",1995-07-25,295.048583984375
"5686",1995-07-26,296.367431640625
"5687",1995-07-27,297.484985351562
"5688",1995-07-28,297.839233398438
"5689",1995-07-29,298.766845703125
"5690",1995-07-30,299.812866210938
"5691",1995-07-31,300.067138671875
"5692",1995-08-01,299.692138671875
"5693",1995-08-02,300.391723632812
"5694",1995-08-03,298.109497070312
"5695",1995-08-04,295.367126464844
"5696",1995-08-05,297.867553710938
"5697",1995-08-06,297.293701171875
"5698",1995-08-07,293.377014160156
"5699",1995-08-08,291.476196289062
"5700",1995-08-09,293.831909179688
"5701",1995-08-10,298.423950195312
"5702",1995-08-11,298.96826171875
"5703",1995-08-12,299.2529296875
"5704",1995-08-13,297.999755859375
"5705",1995-08-14,296.53955078125
"5706",1995-08-15,296.123291015625
"5707",1995-08-16,297.648315429688
"5708",1995-08-17,299.778686523438
"5709",1995-08-18,299.841186523438
"5710",1995-08-19,299.14111328125
"5711",1995-08-20,297.771057128906
"5712",1995-08-21,298.516967773438
"5713",1995-08-22,297.908569335938
"5714",1995-08-23,297.146484375
"5715",1995-08-24,295.765869140625
"5716",1995-08-25,290.343170166016
"5717",1995-08-26,291.144653320312
"5718",1995-08-27,291.218139648438
"5719",1995-08-28,288.770080566406
"5720",1995-08-29,288.616577148438
"5721",1995-08-30,290.0322265625
"5722",1995-08-31,291.510772705078
"5723",1995-09-01,292.183349609375
"5724",1995-09-02,290.906097412109
"5725",1995-09-03,289.281204223633
"5726",1995-09-04,289.194458007812
"5727",1995-09-05,288.911972045898
"5728",1995-09-06,291.005920410156
"5729",1995-09-07,289.783874511719
"5730",1995-09-08,290.665252685547
"5731",1995-09-09,288.711975097656
"5732",1995-09-10,286.544311523438
"5733",1995-09-11,290.525054931641
"5734",1995-09-12,288.059982299805
"5735",1995-09-13,286.322692871094
"5736",1995-09-14,288.769195556641
"5737",1995-09-15,284.011352539062
"5738",1995-09-16,285.496520996094
"5739",1995-09-17,288.016906738281
"5740",1995-09-18,287.005889892578
"5741",1995-09-19,287.142761230469
"5742",1995-09-20,287.535278320312
"5743",1995-09-21,288.665222167969
"5744",1995-09-22,290.108581542969
"5745",1995-09-23,288.561279296875
"5746",1995-09-24,288.176544189453
"5747",1995-09-25,286.171203613281
"5748",1995-09-26,286.648498535156
"5749",1995-09-27,286.016662597656
"5750",1995-09-28,281.466644287109
"5751",1995-09-29,280.642181396484
"5752",1995-09-30,282.753112792969
"5753",1995-10-01,281.527709960938
"5754",1995-10-02,285.21809387207
"5755",1995-10-03,286.726196289062
"5756",1995-10-04,287.038635253906
"5757",1995-10-05,287.910827636719
"5758",1995-10-06,287.159301757812
"5759",1995-10-07,286.653045654297
"5760",1995-10-08,286.452850341797
"5761",1995-10-09,291.281616210938
"5762",1995-10-10,288.313171386719
"5763",1995-10-11,287.016357421875
"5764",1995-10-12,287.26513671875
"5765",1995-10-13,286.631408691406
"5766",1995-10-14,283.878875732422
"5767",1995-10-15,285.290054321289
"5768",1995-10-16,286.925109863281
"5769",1995-10-17,287.091217041016
"5770",1995-10-18,286.659973144531
"5771",1995-10-19,286.029296875
"5772",1995-10-20,284.665435791016
"5773",1995-10-21,281.210876464844
"5774",1995-10-22,283.772735595703
"5775",1995-10-23,285.362274169922
"5776",1995-10-24,285.088043212891
"5777",1995-10-25,286.398773193359
"5778",1995-10-26,286.16357421875
"5779",1995-10-27,286.555450439453
"5780",1995-10-28,283.668029785156
"5781",1995-10-29,280.170227050781
"5782",1995-10-30,278.06201171875
"5783",1995-10-31,277.437805175781
"5784",1995-11-01,275.690490722656
"5785",1995-11-02,276.446838378906
"5786",1995-11-03,274.839599609375
"5787",1995-11-04,273.939453125
"5788",1995-11-05,277.156494140625
"5789",1995-11-06,282.592529296875
"5790",1995-11-07,275.932678222656
"5791",1995-11-08,278.712585449219
"5792",1995-11-09,279.673217773438
"5793",1995-11-10,275.306457519531
"5794",1995-11-11,274.469879150391
"5795",1995-11-12,270.894409179688
"5796",1995-11-13,274.821411132812
"5797",1995-11-14,280.412872314453
"5798",1995-11-15,278.66796875
"5799",1995-11-16,272.287414550781
"5800",1995-11-17,270.017944335938
"5801",1995-11-18,273.474975585938
"5802",1995-11-19,274.172790527344
"5803",1995-11-20,275.169006347656
"5804",1995-11-21,277.295043945312
"5805",1995-11-22,277.535949707031
"5806",1995-11-23,282.38459777832
"5807",1995-11-24,282.346466064453
"5808",1995-11-25,281.551895141602
"5809",1995-11-26,279.769088745117
"5810",1995-11-27,279.123504638672
"5811",1995-11-28,273.458557128906
"5812",1995-11-29,276.174560546875
"5813",1995-11-30,275.425903320312
"5814",1995-12-01,273.719848632812
"5815",1995-12-02,272.661254882812
"5816",1995-12-03,273.516845703125
"5817",1995-12-04,272.845520019531
"5818",1995-12-05,270.014221191406
"5819",1995-12-06,270.8251953125
"5820",1995-12-07,272.876556396484
"5821",1995-12-08,273.26904296875
"5822",1995-12-09,274.368713378906
"5823",1995-12-10,279.08122253418
"5824",1995-12-11,276.779846191406
"5825",1995-12-12,275.304443359375
"5826",1995-12-13,275.053833007812
"5827",1995-12-14,272.439147949219
"5828",1995-12-15,272.774841308594
"5829",1995-12-16,273.827026367188
"5830",1995-12-17,273.311767578125
"5831",1995-12-18,272.175018310547
"5832",1995-12-19,271.600158691406
"5833",1995-12-20,267.19287109375
"5834",1995-12-21,269.120971679688
"5835",1995-12-22,266.366088867188
"5836",1995-12-23,263.922241210938
"5837",1995-12-24,263.239013671875
"5838",1995-12-25,266.794677734375
"5839",1995-12-26,263.726440429688
"5840",1995-12-27,263.699951171875
"5841",1995-12-28,261.310180664062
"5842",1995-12-29,275.250885009766
"5843",1995-12-30,272.008239746094
"5844",1995-12-31,270.993347167969
"5845",1996-01-01,269.45068359375
"5846",1996-01-02,267.160339355469
"5847",1996-01-03,261.0029296875
"5848",1996-01-04,260.645080566406
"5849",1996-01-05,260.529907226562
"5850",1996-01-06,271.459075927734
"5851",1996-01-07,273.830184936523
"5852",1996-01-08,273.850280761719
"5853",1996-01-09,275.080749511719
"5854",1996-01-10,274.928237915039
"5855",1996-01-11,274.768890380859
"5856",1996-01-12,274.821960449219
"5857",1996-01-13,275.525268554688
"5858",1996-01-14,275.615676879883
"5859",1996-01-15,274.953262329102
"5860",1996-01-16,275.813842773438
"5861",1996-01-17,275.828704833984
"5862",1996-01-18,273.094909667969
"5863",1996-01-19,271.951843261719
"5864",1996-01-20,272.085815429688
"5865",1996-01-21,269.086791992188
"5866",1996-01-22,271.524078369141
"5867",1996-01-23,271.565902709961
"5868",1996-01-24,271.644149780273
"5869",1996-01-25,267.446838378906
"5870",1996-01-26,266.109741210938
"5871",1996-01-27,263.761474609375
"5872",1996-01-28,267.3271484375
"5873",1996-01-29,272.078826904297
"5874",1996-01-30,272.309509277344
"5875",1996-01-31,268.447143554688
"5876",1996-02-01,271.967956542969
"5877",1996-02-02,268.360229492188
"5878",1996-02-03,268.234619140625
"5879",1996-02-04,271.864288330078
"5880",1996-02-05,265.079833984375
"5881",1996-02-06,269.307189941406
"5882",1996-02-07,267.445617675781
"5883",1996-02-08,265.282775878906
"5884",1996-02-09,265.121276855469
"5885",1996-02-10,267.474670410156
"5886",1996-02-11,268.656311035156
"5887",1996-02-12,268.165954589844
"5888",1996-02-13,267.084655761719
"5889",1996-02-14,271.211364746094
"5890",1996-02-15,276.490173339844
"5891",1996-02-16,275.241302490234
"5892",1996-02-17,272.538787841797
"5893",1996-02-18,263.739074707031
"5894",1996-02-19,265.473358154297
"5895",1996-02-20,271.275817871094
"5896",1996-02-21,269.801361083984
"5897",1996-02-22,268.487060546875
"5898",1996-02-23,271.84521484375
"5899",1996-02-24,272.866607666016
"5900",1996-02-25,272.8916015625
"5901",1996-02-26,275.715148925781
"5902",1996-02-27,275.795028686523
"5903",1996-02-28,275.32275390625
"5904",1996-02-29,276.304260253906
"5905",1996-03-01,278.059448242188
"5906",1996-03-02,275.454071044922
"5907",1996-03-03,276.148193359375
"5908",1996-03-04,275.535797119141
"5909",1996-03-05,277.559509277344
"5910",1996-03-06,279.352783203125
"5911",1996-03-07,278.315551757812
"5912",1996-03-08,275.984558105469
"5913",1996-03-09,278.803955078125
"5914",1996-03-10,275.222534179688
"5915",1996-03-11,273.913024902344
"5916",1996-03-12,273.706344604492
"5917",1996-03-13,273.622268676758
"5918",1996-03-14,276.068298339844
"5919",1996-03-15,276.144470214844
"5920",1996-03-16,274.435348510742
"5921",1996-03-17,273.82844543457
"5922",1996-03-18,273.481826782227
"5923",1996-03-19,274.710571289062
"5924",1996-03-20,278.086303710938
"5925",1996-03-21,273.159606933594
"5926",1996-03-22,275.597717285156
"5927",1996-03-23,277.757934570312
"5928",1996-03-24,277.889953613281
"5929",1996-03-25,278.856689453125
"5930",1996-03-26,275.936767578125
"5931",1996-03-27,279.152099609375
"5932",1996-03-28,276.030364990234
"5933",1996-03-29,277.758087158203
"5934",1996-03-30,276.879577636719
"5935",1996-03-31,274.380798339844
"5936",1996-04-01,275.830383300781
"5937",1996-04-02,276.855834960938
"5938",1996-04-03,278.893432617188
"5939",1996-04-04,281.042114257812
"5940",1996-04-05,281.64453125
"5941",1996-04-06,287.132568359375
"5942",1996-04-07,288.2265625
"5943",1996-04-08,288.2001953125
"5944",1996-04-09,283.7607421875
"5945",1996-04-10,280.196807861328
"5946",1996-04-11,276.17903137207
"5947",1996-04-12,279.497741699219
"5948",1996-04-13,283.633666992188
"5949",1996-04-14,286.511962890625
"5950",1996-04-15,282.761108398438
"5951",1996-04-16,284.119384765625
"5952",1996-04-17,287.652587890625
"5953",1996-04-18,289.5810546875
"5954",1996-04-19,282.370849609375
"5955",1996-04-20,284.083984375
"5956",1996-04-21,288.690795898438
"5957",1996-04-22,292.1083984375
"5958",1996-04-23,292.188720703125
"5959",1996-04-24,283.390014648438
"5960",1996-04-25,283.216735839844
"5961",1996-04-26,284.950805664062
"5962",1996-04-27,281.049346923828
"5963",1996-04-28,282.778442382812
"5964",1996-04-29,279.712982177734
"5965",1996-04-30,280.4716796875
"5966",1996-05-01,283.525634765625
"5967",1996-05-02,284.295471191406
"5968",1996-05-03,281.190643310547
"5969",1996-05-04,282.531616210938
"5970",1996-05-05,280.193603515625
"5971",1996-05-06,281.468017578125
"5972",1996-05-07,283.532958984375
"5973",1996-05-08,286.283813476562
"5974",1996-05-09,285.495666503906
"5975",1996-05-10,284.765441894531
"5976",1996-05-11,284.72021484375
"5977",1996-05-12,293.400268554688
"5978",1996-05-13,297.042724609375
"5979",1996-05-14,295.719970703125
"5980",1996-05-15,283.851867675781
"5981",1996-05-16,280.01708984375
"5982",1996-05-17,280.075057983398
"5983",1996-05-18,278.154541015625
"5984",1996-05-19,281.670471191406
"5985",1996-05-20,283.157257080078
"5986",1996-05-21,286.938659667969
"5987",1996-05-22,286.076049804688
"5988",1996-05-23,287.93701171875
"5989",1996-05-24,285.127685546875
"5990",1996-05-25,285.321411132812
"5991",1996-05-26,285.388610839844
"5992",1996-05-27,286.281982421875
"5993",1996-05-28,285.996887207031
"5994",1996-05-29,282.43733215332
"5995",1996-05-30,289.723266601562
"5996",1996-05-31,294.157592773438
"5997",1996-06-01,286.939758300781
"5998",1996-06-02,287.698486328125
"5999",1996-06-03,288.16015625
"6000",1996-06-04,286.909301757812
"6001",1996-06-05,290.105712890625
"6002",1996-06-06,288.619506835938
"6003",1996-06-07,295.4970703125
"6004",1996-06-08,296.445556640625
"6005",1996-06-09,296.228271484375
"6006",1996-06-10,293.221313476562
"6007",1996-06-11,291.973999023438
"6008",1996-06-12,288.743896484375
"6009",1996-06-13,291.086669921875
"6010",1996-06-14,290.010009765625
"6011",1996-06-15,292.834838867188
"6012",1996-06-16,294.539916992188
"6013",1996-06-17,287.135070800781
"6014",1996-06-18,287.230163574219
"6015",1996-06-19,289.887817382812
"6016",1996-06-20,287.798858642578
"6017",1996-06-21,286.096710205078
"6018",1996-06-22,290.05224609375
"6019",1996-06-23,294.261474609375
"6020",1996-06-24,294.111083984375
"6021",1996-06-25,295.457641601562
"6022",1996-06-26,288.177978515625
"6023",1996-06-27,292.853881835938
"6024",1996-06-28,291.333984375
"6025",1996-06-29,290.794616699219
"6026",1996-06-30,289.222778320312
"6027",1996-07-01,288.126831054688
"6028",1996-07-02,289.411804199219
"6029",1996-07-03,287.141845703125
"6030",1996-07-04,288.041625976562
"6031",1996-07-05,287.075531005859
"6032",1996-07-06,289.766723632812
"6033",1996-07-07,287.735107421875
"6034",1996-07-08,289.725891113281
"6035",1996-07-09,294.675170898438
"6036",1996-07-10,296.653442382812
"6037",1996-07-11,294.04443359375
"6038",1996-07-12,295.528442382812
"6039",1996-07-13,293.548828125
"6040",1996-07-14,292.001770019531
"6041",1996-07-15,293.035766601562
"6042",1996-07-16,293.5205078125
"6043",1996-07-17,292.8310546875
"6044",1996-07-18,292.28369140625
"6045",1996-07-19,293.62890625
"6046",1996-07-20,293.022094726562
"6047",1996-07-21,294.246215820312
"6048",1996-07-22,294.731201171875
"6049",1996-07-23,296.848510742188
"6050",1996-07-24,298.571533203125
"6051",1996-07-25,299.445068359375
"6052",1996-07-26,294.362548828125
"6053",1996-07-27,291.342529296875
"6054",1996-07-28,292.460693359375
"6055",1996-07-29,291.329650878906
"6056",1996-07-30,292.055114746094
"6057",1996-07-31,288.543960571289
"6058",1996-08-01,289.365875244141
"6059",1996-08-02,289.801391601562
"6060",1996-08-03,292.7685546875
"6061",1996-08-04,294.7880859375
"6062",1996-08-05,297.697265625
"6063",1996-08-06,297.228759765625
"6064",1996-08-07,295.706909179688
"6065",1996-08-08,295.869262695312
"6066",1996-08-09,294.137512207031
"6067",1996-08-10,297.439331054688
"6068",1996-08-11,298.205444335938
"6069",1996-08-12,298.2001953125
"6070",1996-08-13,297.97900390625
"6071",1996-08-14,298.365844726562
"6072",1996-08-15,298.780151367188
"6073",1996-08-16,299.25390625
"6074",1996-08-17,295.786865234375
"6075",1996-08-18,296.45947265625
"6076",1996-08-19,297.39306640625
"6077",1996-08-20,298.826904296875
"6078",1996-08-21,301.006469726562
"6079",1996-08-22,300.446533203125
"6080",1996-08-23,298.669799804688
"6081",1996-08-24,296.422973632812
"6082",1996-08-25,293.675109863281
"6083",1996-08-26,293.299621582031
"6084",1996-08-27,294.157287597656
"6085",1996-08-28,295.770568847656
"6086",1996-08-29,290.90771484375
"6087",1996-08-30,295.315063476562
"6088",1996-08-31,289.82568359375
"6089",1996-09-01,291.933624267578
"6090",1996-09-02,291.910583496094
"6091",1996-09-03,295.3857421875
"6092",1996-09-04,290.809173583984
"6093",1996-09-05,288.508636474609
"6094",1996-09-06,288.01025390625
"6095",1996-09-07,289.617797851562
"6096",1996-09-08,289.346252441406
"6097",1996-09-09,287.752624511719
"6098",1996-09-10,287.378845214844
"6099",1996-09-11,284.7412109375
"6100",1996-09-12,280.878112792969
"6101",1996-09-13,285.514465332031
"6102",1996-09-14,286.835510253906
"6103",1996-09-15,288.73828125
"6104",1996-09-16,290.543518066406
"6105",1996-09-17,289.606140136719
"6106",1996-09-18,291.090576171875
"6107",1996-09-19,290.740661621094
"6108",1996-09-20,285.086441040039
"6109",1996-09-21,284.776000976562
"6110",1996-09-22,285.863464355469
"6111",1996-09-23,285.380065917969
"6112",1996-09-24,286.747192382812
"6113",1996-09-25,286.615173339844
"6114",1996-09-26,286.538391113281
"6115",1996-09-27,283.066192626953
"6116",1996-09-28,286.949829101562
"6117",1996-09-29,286.015258789062
"6118",1996-09-30,286.653411865234
"6119",1996-10-01,286.577453613281
"6120",1996-10-02,284.682708740234
"6121",1996-10-03,284.891296386719
"6122",1996-10-04,285.467926025391
"6123",1996-10-05,283.390106201172
"6124",1996-10-06,286.057525634766
"6125",1996-10-07,286.822540283203
"6126",1996-10-08,287.303344726562
"6127",1996-10-09,285.182403564453
"6128",1996-10-10,284.579681396484
"6129",1996-10-11,284.181915283203
"6130",1996-10-12,285.171691894531
"6131",1996-10-13,284.510192871094
"6132",1996-10-14,283.817352294922
"6133",1996-10-15,283.810089111328
"6134",1996-10-16,283.47428894043
"6135",1996-10-17,284.797698974609
"6136",1996-10-18,283.616516113281
"6137",1996-10-19,283.72917175293
"6138",1996-10-20,283.375732421875
"6139",1996-10-21,281.830215454102
"6140",1996-10-22,283.421569824219
"6141",1996-10-23,282.075744628906
"6142",1996-10-24,282.720367431641
"6143",1996-10-25,282.000778198242
"6144",1996-10-26,280.413879394531
"6145",1996-10-27,283.697082519531
"6146",1996-10-28,283.134490966797
"6147",1996-10-29,283.834045410156
"6148",1996-10-30,280.163421630859
"6149",1996-10-31,280.588684082031
"6150",1996-11-01,284.406219482422
"6151",1996-11-02,287.167388916016
"6152",1996-11-03,285.233322143555
"6153",1996-11-04,283.950119018555
"6154",1996-11-05,282.130493164062
"6155",1996-11-06,282.171783447266
"6156",1996-11-07,279.202606201172
"6157",1996-11-08,277.970184326172
"6158",1996-11-09,278.341430664062
"6159",1996-11-10,277.097778320312
"6160",1996-11-11,275.611267089844
"6161",1996-11-12,275.001403808594
"6162",1996-11-13,273.797241210938
"6163",1996-11-14,278.662048339844
"6164",1996-11-15,282.197036743164
"6165",1996-11-16,281.641265869141
"6166",1996-11-17,280.861724853516
"6167",1996-11-18,277.978576660156
"6168",1996-11-19,276.685913085938
"6169",1996-11-20,277.375396728516
"6170",1996-11-21,277.551696777344
"6171",1996-11-22,275.694152832031
"6172",1996-11-23,274.537109375
"6173",1996-11-24,274.655059814453
"6174",1996-11-25,274.913452148438
"6175",1996-11-26,274.48388671875
"6176",1996-11-27,272.688354492188
"6177",1996-11-28,266.840576171875
"6178",1996-11-29,268.950378417969
"6179",1996-11-30,271.515380859375
"6180",1996-12-01,273.064880371094
"6181",1996-12-02,274.363555908203
"6182",1996-12-03,277.988830566406
"6183",1996-12-04,278.041534423828
"6184",1996-12-05,279.875427246094
"6185",1996-12-06,277.815734863281
"6186",1996-12-07,274.080017089844
"6187",1996-12-08,279.239807128906
"6188",1996-12-09,278.736541748047
"6189",1996-12-10,277.595916748047
"6190",1996-12-11,274.243804931641
"6191",1996-12-12,277.471618652344
"6192",1996-12-13,272.1044921875
"6193",1996-12-14,266.558837890625
"6194",1996-12-15,268.793090820312
"6195",1996-12-16,271.662475585938
"6196",1996-12-17,269.339721679688
"6197",1996-12-18,270.422668457031
"6198",1996-12-19,261.7646484375
"6199",1996-12-20,269.64111328125
"6200",1996-12-21,270.456665039062
"6201",1996-12-22,263.18310546875
"6202",1996-12-23,269.50927734375
"6203",1996-12-24,271.054046630859
"6204",1996-12-25,263.420776367188
"6205",1996-12-26,275.7783203125
"6206",1996-12-27,276.073455810547
"6207",1996-12-28,273.349060058594
"6208",1996-12-29,274.014587402344
"6209",1996-12-30,269.211822509766
"6210",1996-12-31,267.025695800781
"6211",1997-01-01,266.838500976562
"6212",1997-01-02,264.479858398438
"6213",1997-01-03,265.868041992188
"6214",1997-01-04,264.00390625
"6215",1997-01-05,266.666870117188
"6216",1997-01-06,270.314697265625
"6217",1997-01-07,268.822143554688
"6218",1997-01-08,265.866943359375
"6219",1997-01-09,265.236694335938
"6220",1997-01-10,270.170166015625
"6221",1997-01-11,270.595520019531
"6222",1997-01-12,277.517639160156
"6223",1997-01-13,278.919616699219
"6224",1997-01-14,279.104309082031
"6225",1997-01-15,278.347900390625
"6226",1997-01-16,275.820571899414
"6227",1997-01-17,273.747741699219
"6228",1997-01-18,276.425109863281
"6229",1997-01-19,276.731231689453
"6230",1997-01-20,273.992523193359
"6231",1997-01-21,276.767227172852
"6232",1997-01-22,276.122650146484
"6233",1997-01-23,273.60466003418
"6234",1997-01-24,273.138900756836
"6235",1997-01-25,273.843688964844
"6236",1997-01-26,274.745361328125
"6237",1997-01-27,276.640167236328
"6238",1997-01-28,278.522766113281
"6239",1997-01-29,278.671752929688
"6240",1997-01-30,279.182342529297
"6241",1997-01-31,275.990447998047
"6242",1997-02-01,274.820129394531
"6243",1997-02-02,273.695983886719
"6244",1997-02-03,275.686538696289
"6245",1997-02-04,277.329711914062
"6246",1997-02-05,276.770294189453
"6247",1997-02-06,277.519836425781
"6248",1997-02-07,280.071166992188
"6249",1997-02-08,279.433990478516
"6250",1997-02-09,279.531463623047
"6251",1997-02-10,279.295745849609
"6252",1997-02-11,279.258117675781
"6253",1997-02-12,279.432067871094
"6254",1997-02-13,274.740570068359
"6255",1997-02-14,269.598388671875
"6256",1997-02-15,266.564636230469
"6257",1997-02-16,268.060089111328
"6258",1997-02-17,270.920593261719
"6259",1997-02-18,274.709594726562
"6260",1997-02-19,274.921997070312
"6261",1997-02-20,277.140914916992
"6262",1997-02-21,278.109298706055
"6263",1997-02-22,279.891754150391
"6264",1997-02-23,279.318603515625
"6265",1997-02-24,279.587310791016
"6266",1997-02-25,277.213638305664
"6267",1997-02-26,278.312530517578
"6268",1997-02-27,278.320617675781
"6269",1997-02-28,278.792907714844
"6270",1997-03-01,280.064514160156
"6271",1997-03-02,280.283447265625
"6272",1997-03-03,281.10888671875
"6273",1997-03-04,283.206787109375
"6274",1997-03-05,278.404281616211
"6275",1997-03-06,283.068603515625
"6276",1997-03-07,279.308349609375
"6277",1997-03-08,284.271728515625
"6278",1997-03-09,282.441650390625
"6279",1997-03-10,281.1298828125
"6280",1997-03-11,284.323608398438
"6281",1997-03-12,279.502258300781
"6282",1997-03-13,283.124877929688
"6283",1997-03-14,276.975769042969
"6284",1997-03-15,277.3125
"6285",1997-03-16,275.8671875
"6286",1997-03-17,275.593017578125
"6287",1997-03-18,274.712921142578
"6288",1997-03-19,274.766860961914
"6289",1997-03-20,275.340270996094
"6290",1997-03-21,276.870056152344
"6291",1997-03-22,276.738708496094
"6292",1997-03-23,276.8359375
"6293",1997-03-24,276.351165771484
"6294",1997-03-25,275.593811035156
"6295",1997-03-26,279.180038452148
"6296",1997-03-27,282.522705078125
"6297",1997-03-28,282.826049804688
"6298",1997-03-29,282.113037109375
"6299",1997-03-30,283.228271484375
"6300",1997-03-31,284.205810546875
"6301",1997-04-01,284.166015625
"6302",1997-04-02,283.261962890625
"6303",1997-04-03,281.880065917969
"6304",1997-04-04,280.486053466797
"6305",1997-04-05,277.669036865234
"6306",1997-04-06,278.792144775391
"6307",1997-04-07,279.120056152344
"6308",1997-04-08,278.001541137695
"6309",1997-04-09,283.761901855469
"6310",1997-04-10,285.244506835938
"6311",1997-04-11,282.363525390625
"6312",1997-04-12,281.451416015625
"6313",1997-04-13,285.8056640625
"6314",1997-04-14,282.135070800781
"6315",1997-04-15,282.924499511719
"6316",1997-04-16,284.304931640625
"6317",1997-04-17,287.0009765625
"6318",1997-04-18,280.721130371094
"6319",1997-04-19,278.741088867188
"6320",1997-04-20,279.076477050781
"6321",1997-04-21,281.170837402344
"6322",1997-04-22,278.923004150391
"6323",1997-04-23,279.441955566406
"6324",1997-04-24,275.651336669922
"6325",1997-04-25,281.575622558594
"6326",1997-04-26,283.510131835938
"6327",1997-04-27,285.34033203125
"6328",1997-04-28,283.077514648438
"6329",1997-04-29,280.275543212891
"6330",1997-04-30,288.6884765625
"6331",1997-05-01,289.924682617188
"6332",1997-05-02,291.0107421875
"6333",1997-05-03,284.8681640625
"6334",1997-05-04,283.8056640625
"6335",1997-05-05,282.045776367188
"6336",1997-05-06,280.82080078125
"6337",1997-05-07,281.140045166016
"6338",1997-05-08,285.202880859375
"6339",1997-05-09,281.816162109375
"6340",1997-05-10,281.418395996094
"6341",1997-05-11,285.517883300781
"6342",1997-05-12,287.164672851562
"6343",1997-05-13,287.042358398438
"6344",1997-05-14,286.587097167969
"6345",1997-05-15,289.773803710938
"6346",1997-05-16,292.80078125
"6347",1997-05-17,288.260925292969
"6348",1997-05-18,292.877197265625
"6349",1997-05-19,285.382751464844
"6350",1997-05-20,283.274353027344
"6351",1997-05-21,285.099853515625
"6352",1997-05-22,285.879699707031
"6353",1997-05-23,284.667236328125
"6354",1997-05-24,285.852416992188
"6355",1997-05-25,287.458129882812
"6356",1997-05-26,285.607177734375
"6357",1997-05-27,286.436218261719
"6358",1997-05-28,289.640502929688
"6359",1997-05-29,287.628509521484
"6360",1997-05-30,290.2890625
"6361",1997-05-31,292.999389648438
"6362",1997-06-01,296.656005859375
"6363",1997-06-02,296.173950195312
"6364",1997-06-03,295.189208984375
"6365",1997-06-04,293.556640625
"6366",1997-06-05,290.325561523438
"6367",1997-06-06,296.79833984375
"6368",1997-06-07,299.353759765625
"6369",1997-06-08,298.663696289062
"6370",1997-06-09,295.209594726562
"6371",1997-06-10,294.74365234375
"6372",1997-06-11,297.35888671875
"6373",1997-06-12,299.875244140625
"6374",1997-06-13,298.425048828125
"6375",1997-06-14,294.360107421875
"6376",1997-06-15,293.083374023438
"6377",1997-06-16,293.805786132812
"6378",1997-06-17,291.60498046875
"6379",1997-06-18,286.793350219727
"6380",1997-06-19,290.819580078125
"6381",1997-06-20,293.51220703125
"6382",1997-06-21,290.768890380859
"6383",1997-06-22,288.727020263672
"6384",1997-06-23,289.521240234375
"6385",1997-06-24,291.203063964844
"6386",1997-06-25,291.377197265625
"6387",1997-06-26,289.213012695312
"6388",1997-06-27,292.595947265625
"6389",1997-06-28,288.881622314453
"6390",1997-06-29,295.158325195312
"6391",1997-06-30,298.200805664062
"6392",1997-07-01,294.51611328125
"6393",1997-07-02,291.274475097656
"6394",1997-07-03,295.655517578125
"6395",1997-07-04,293.422607421875
"6396",1997-07-05,294.47412109375
"6397",1997-07-06,296.366088867188
"6398",1997-07-07,297.302734375
"6399",1997-07-08,295.30126953125
"6400",1997-07-09,296.99462890625
"6401",1997-07-10,298.052368164062
"6402",1997-07-11,297.375122070312
"6403",1997-07-12,295.621520996094
"6404",1997-07-13,296.319702148438
"6405",1997-07-14,296.856079101562
"6406",1997-07-15,296.252807617188
"6407",1997-07-16,295.967956542969
"6408",1997-07-17,296.610778808594
"6409",1997-07-18,294.111724853516
"6410",1997-07-19,296.598693847656
"6411",1997-07-20,299.991821289062
"6412",1997-07-21,301.76025390625
"6413",1997-07-22,300.652099609375
"6414",1997-07-23,301.490844726562
"6415",1997-07-24,299.493408203125
"6416",1997-07-25,295.65283203125
"6417",1997-07-26,293.841674804688
"6418",1997-07-27,293.566650390625
"6419",1997-07-28,290.044067382812
"6420",1997-07-29,294.354187011719
"6421",1997-07-30,295.086242675781
"6422",1997-07-31,291.074340820312
"6423",1997-08-01,292.629028320312
"6424",1997-08-02,293.343597412109
"6425",1997-08-03,295.556396484375
"6426",1997-08-04,295.247802734375
"6427",1997-08-05,299.103149414062
"6428",1997-08-06,300.737670898438
"6429",1997-08-07,300.331665039062
"6430",1997-08-08,299.54833984375
"6431",1997-08-09,298.854125976562
"6432",1997-08-10,297.91357421875
"6433",1997-08-11,300.277099609375
"6434",1997-08-12,299.688110351562
"6435",1997-08-13,301.064575195312
"6436",1997-08-14,300.94873046875
"6437",1997-08-15,300.439086914062
"6438",1997-08-16,299.99169921875
"6439",1997-08-17,297.76123046875
"6440",1997-08-18,297.539306640625
"6441",1997-08-19,299.2236328125
"6442",1997-08-20,300.2431640625
"6443",1997-08-21,300.234252929688
"6444",1997-08-22,294.62158203125
"6445",1997-08-23,295.257019042969
"6446",1997-08-24,295.970275878906
"6447",1997-08-25,296.443786621094
"6448",1997-08-26,292.561645507812
"6449",1997-08-27,292.057159423828
"6450",1997-08-28,299.337707519531
"6451",1997-08-29,298.198120117188
"6452",1997-08-30,293.533020019531
"6453",1997-08-31,294.003173828125
"6454",1997-09-01,297.501647949219
"6455",1997-09-02,294.421035766602
"6456",1997-09-03,292.28662109375
"6457",1997-09-04,291.705078125
"6458",1997-09-05,292.457641601562
"6459",1997-09-06,290.014251708984
"6460",1997-09-07,290.826446533203
"6461",1997-09-08,291.972198486328
"6462",1997-09-09,288.071411132812
"6463",1997-09-10,289.480865478516
"6464",1997-09-11,291.81298828125
"6465",1997-09-12,288.446197509766
"6466",1997-09-13,285.896636962891
"6467",1997-09-14,287.809173583984
"6468",1997-09-15,286.572418212891
"6469",1997-09-16,288.696929931641
"6470",1997-09-17,289.211273193359
"6471",1997-09-18,286.359436035156
"6472",1997-09-19,287.082336425781
"6473",1997-09-20,286.278137207031
"6474",1997-09-21,289.943725585938
"6475",1997-09-22,289.217712402344
"6476",1997-09-23,289.740051269531
"6477",1997-09-24,291.761840820312
"6478",1997-09-25,291.55810546875
"6479",1997-09-26,289.707702636719
"6480",1997-09-27,288.48193359375
"6481",1997-09-28,289.132202148438
"6482",1997-09-29,286.224197387695
"6483",1997-09-30,288.345336914062
"6484",1997-10-01,284.293579101562
"6485",1997-10-02,283.583587646484
"6486",1997-10-03,285.692443847656
"6487",1997-10-04,286.86083984375
"6488",1997-10-05,284.407135009766
"6489",1997-10-06,286.932525634766
"6490",1997-10-07,285.617797851562
"6491",1997-10-08,286.530426025391
"6492",1997-10-09,284.506652832031
"6493",1997-10-10,282.866882324219
"6494",1997-10-11,282.623443603516
"6495",1997-10-12,282.562255859375
"6496",1997-10-13,283.070007324219
"6497",1997-10-14,280.833984375
"6498",1997-10-15,278.885009765625
"6499",1997-10-16,278.406845092773
"6500",1997-10-17,283.816131591797
"6501",1997-10-18,287.328704833984
"6502",1997-10-19,285.995025634766
"6503",1997-10-20,279.358001708984
"6504",1997-10-21,278.80224609375
"6505",1997-10-22,282.339263916016
"6506",1997-10-23,277.620666503906
"6507",1997-10-24,277.289031982422
"6508",1997-10-25,276.367706298828
"6509",1997-10-26,275.869186401367
"6510",1997-10-27,275.870178222656
"6511",1997-10-28,274.78076171875
"6512",1997-10-29,278.794158935547
"6513",1997-10-30,280.008026123047
"6514",1997-10-31,282.548919677734
"6515",1997-11-01,284.303894042969
"6516",1997-11-02,278.298156738281
"6517",1997-11-03,274.969146728516
"6518",1997-11-04,275.426940917969
"6519",1997-11-05,275.640960693359
"6520",1997-11-06,275.86328125
"6521",1997-11-07,279.184814453125
"6522",1997-11-08,281.337921142578
"6523",1997-11-09,281.474182128906
"6524",1997-11-10,280.260437011719
"6525",1997-11-11,280.254776000977
"6526",1997-11-12,279.79670715332
"6527",1997-11-13,279.174865722656
"6528",1997-11-14,280.781433105469
"6529",1997-11-15,279.046478271484
"6530",1997-11-16,277.559173583984
"6531",1997-11-17,276.098449707031
"6532",1997-11-18,275.893981933594
"6533",1997-11-19,274.662231445312
"6534",1997-11-20,275.582946777344
"6535",1997-11-21,276.854034423828
"6536",1997-11-22,274.622283935547
"6537",1997-11-23,275.397064208984
"6538",1997-11-24,273.292419433594
"6539",1997-11-25,271.866577148438
"6540",1997-11-26,271.820983886719
"6541",1997-11-27,270.861450195312
"6542",1997-11-28,270.275329589844
"6543",1997-11-29,272.461975097656
"6544",1997-11-30,274.177093505859
"6545",1997-12-01,274.085510253906
"6546",1997-12-02,273.062133789062
"6547",1997-12-03,270.856750488281
"6548",1997-12-04,265.93896484375
"6549",1997-12-05,277.901489257812
"6550",1997-12-06,278.337127685547
"6551",1997-12-07,278.260955810547
"6552",1997-12-08,277.724670410156
"6553",1997-12-09,279.647705078125
"6554",1997-12-10,278.443969726562
"6555",1997-12-11,278.119979858398
"6556",1997-12-12,276.127777099609
"6557",1997-12-13,274.893783569336
"6558",1997-12-14,274.914184570312
"6559",1997-12-15,273.896697998047
"6560",1997-12-16,272.836212158203
"6561",1997-12-17,271.735504150391
"6562",1997-12-18,269.992797851562
"6563",1997-12-19,269.203247070312
"6564",1997-12-20,271.205688476562
"6565",1997-12-21,272.606323242188
"6566",1997-12-22,272.102661132812
"6567",1997-12-23,273.027099609375
"6568",1997-12-24,273.294189453125
"6569",1997-12-25,275.46630859375
"6570",1997-12-26,274.482238769531
"6571",1997-12-27,271.207824707031
"6572",1997-12-28,275.421295166016
"6573",1997-12-29,275.8896484375
"6574",1997-12-30,274.995910644531
"6575",1997-12-31,276.521362304688
"6576",1998-01-01,277.044738769531
"6577",1998-01-02,276.211791992188
"6578",1998-01-03,277.466384887695
"6579",1998-01-04,277.411468505859
"6580",1998-01-05,274.651672363281
"6581",1998-01-06,274.701904296875
"6582",1998-01-07,271.516174316406
"6583",1998-01-08,272.784790039062
"6584",1998-01-09,274.203857421875
"6585",1998-01-10,280.048919677734
"6586",1998-01-11,280.934020996094
"6587",1998-01-12,279.510681152344
"6588",1998-01-13,279.043060302734
"6589",1998-01-14,278.198669433594
"6590",1998-01-15,279.266616821289
"6591",1998-01-16,278.867141723633
"6592",1998-01-17,276.932922363281
"6593",1998-01-18,274.734558105469
"6594",1998-01-19,273.041748046875
"6595",1998-01-20,271.090576171875
"6596",1998-01-21,265.646606445312
"6597",1998-01-22,275.33203125
"6598",1998-01-23,277.185760498047
"6599",1998-01-24,273.969482421875
"6600",1998-01-25,272.891479492188
"6601",1998-01-26,274.127563476562
"6602",1998-01-27,278.040924072266
"6603",1998-01-28,273.628875732422
"6604",1998-01-29,273.596771240234
"6605",1998-01-30,273.333679199219
"6606",1998-01-31,268.04833984375
"6607",1998-02-01,276.249847412109
"6608",1998-02-02,274.560943603516
"6609",1998-02-03,270.404846191406
"6610",1998-02-04,271.913330078125
"6611",1998-02-05,275.730163574219
"6612",1998-02-06,277.115020751953
"6613",1998-02-07,277.35026550293
"6614",1998-02-08,277.972930908203
"6615",1998-02-09,280.429107666016
"6616",1998-02-10,281.078277587891
"6617",1998-02-11,279.059005737305
"6618",1998-02-12,278.139099121094
"6619",1998-02-13,275.545333862305
"6620",1998-02-14,280.441253662109
"6621",1998-02-15,278.785110473633
"6622",1998-02-16,279.1884765625
"6623",1998-02-17,277.317138671875
"6624",1998-02-18,282.953002929688
"6625",1998-02-19,282.533325195312
"6626",1998-02-20,280.184844970703
"6627",1998-02-21,280.540863037109
"6628",1998-02-22,280.61474609375
"6629",1998-02-23,282.8095703125
"6630",1998-02-24,280.480895996094
"6631",1998-02-25,283.610961914062
"6632",1998-02-26,281.473968505859
"6633",1998-02-27,279.653045654297
"6634",1998-02-28,278.403411865234
"6635",1998-03-01,274.13655090332
"6636",1998-03-02,270.462585449219
"6637",1998-03-03,271.385375976562
"6638",1998-03-04,274.837814331055
"6639",1998-03-05,274.027404785156
"6640",1998-03-06,273.254699707031
"6641",1998-03-07,272.851684570312
"6642",1998-03-08,273.917602539062
"6643",1998-03-09,275.0146484375
"6644",1998-03-10,276.011047363281
"6645",1998-03-11,275.159194946289
"6646",1998-03-12,274.500762939453
"6647",1998-03-13,279.341491699219
"6648",1998-03-14,278.383544921875
"6649",1998-03-15,280.580322265625
"6650",1998-03-16,284.723266601562
"6651",1998-03-17,279.9580078125
"6652",1998-03-18,281.211730957031
"6653",1998-03-19,278.470153808594
"6654",1998-03-20,279.015869140625
"6655",1998-03-21,279.124267578125
"6656",1998-03-22,281.966064453125
"6657",1998-03-23,277.243469238281
"6658",1998-03-24,277.7421875
"6659",1998-03-25,278.960388183594
"6660",1998-03-26,282.244384765625
"6661",1998-03-27,281.135131835938
"6662",1998-03-28,282.418579101562
"6663",1998-03-29,281.485412597656
"6664",1998-03-30,284.696411132812
"6665",1998-03-31,285.547973632812
"6666",1998-04-01,277.706176757812
"6667",1998-04-02,274.965179443359
"6668",1998-04-03,273.9765625
"6669",1998-04-04,272.310974121094
"6670",1998-04-05,275.243774414062
"6671",1998-04-06,279.210693359375
"6672",1998-04-07,279.131378173828
"6673",1998-04-08,276.677124023438
"6674",1998-04-09,275.52995300293
"6675",1998-04-10,278.277282714844
"6676",1998-04-11,279.259765625
"6677",1998-04-12,275.391296386719
"6678",1998-04-13,275.286560058594
"6679",1998-04-14,278.952056884766
"6680",1998-04-15,280.138122558594
"6681",1998-04-16,277.448394775391
"6682",1998-04-17,279.547180175781
"6683",1998-04-18,281.084106445312
"6684",1998-04-19,280.311492919922
"6685",1998-04-20,281.666564941406
"6686",1998-04-21,282.876586914062
"6687",1998-04-22,288.814331054688
"6688",1998-04-23,283.764465332031
"6689",1998-04-24,287.296142578125
"6690",1998-04-25,285.616943359375
"6691",1998-04-26,284.098449707031
"6692",1998-04-27,285.455322265625
"6693",1998-04-28,286.975952148438
"6694",1998-04-29,286.506469726562
"6695",1998-04-30,293.548950195312
"6696",1998-05-01,291.931762695312
"6697",1998-05-02,286.383666992188
"6698",1998-05-03,282.443664550781
"6699",1998-05-04,287.57177734375
"6700",1998-05-05,287.031494140625
"6701",1998-05-06,281.83251953125
"6702",1998-05-07,284.013793945312
"6703",1998-05-08,287.517211914062
"6704",1998-05-09,285.482971191406
"6705",1998-05-10,288.43994140625
"6706",1998-05-11,288.959594726562
"6707",1998-05-12,290.80419921875
"6708",1998-05-13,290.928833007812
"6709",1998-05-14,292.419677734375
"6710",1998-05-15,294.423950195312
"6711",1998-05-16,294.30810546875
"6712",1998-05-17,293.895385742188
"6713",1998-05-18,292.337768554688
"6714",1998-05-19,290.0966796875
"6715",1998-05-20,286.682922363281
"6716",1998-05-21,284.400634765625
"6717",1998-05-22,284.379013061523
"6718",1998-05-23,286.063049316406
"6719",1998-05-24,285.133331298828
"6720",1998-05-25,283.863372802734
"6721",1998-05-26,285.187530517578
"6722",1998-05-27,286.839385986328
"6723",1998-05-28,290.981689453125
"6724",1998-05-29,296.505126953125
"6725",1998-05-30,296.00341796875
"6726",1998-05-31,294.427368164062
"6727",1998-06-01,287.419677734375
"6728",1998-06-02,284.209716796875
"6729",1998-06-03,287.699249267578
"6730",1998-06-04,287.958038330078
"6731",1998-06-05,288.574096679688
"6732",1998-06-06,292.70947265625
"6733",1998-06-07,287.269332885742
"6734",1998-06-08,288.906982421875
"6735",1998-06-09,287.561172485352
"6736",1998-06-10,290.286010742188
"6737",1998-06-11,289.063537597656
"6738",1998-06-12,291.325805664062
"6739",1998-06-13,288.813354492188
"6740",1998-06-14,289.29736328125
"6741",1998-06-15,291.514770507812
"6742",1998-06-16,286.235534667969
"6743",1998-06-17,287.59765625
"6744",1998-06-18,288.522399902344
"6745",1998-06-19,288.502136230469
"6746",1998-06-20,292.718994140625
"6747",1998-06-21,295.310546875
"6748",1998-06-22,289.390777587891
"6749",1998-06-23,288.701812744141
"6750",1998-06-24,291.609741210938
"6751",1998-06-25,292.988159179688
"6752",1998-06-26,288.893859863281
"6753",1998-06-27,291.073303222656
"6754",1998-06-28,288.090240478516
"6755",1998-06-29,289.440673828125
"6756",1998-06-30,289.96728515625
"6757",1998-07-01,293.058959960938
"6758",1998-07-02,295.136108398438
"6759",1998-07-03,291.782836914062
"6760",1998-07-04,293.636596679688
"6761",1998-07-05,291.801574707031
"6762",1998-07-06,291.852478027344
"6763",1998-07-07,289.429077148438
"6764",1998-07-08,294.701171875
"6765",1998-07-09,288.708374023438
"6766",1998-07-10,294.009155273438
"6767",1998-07-11,291.345397949219
"6768",1998-07-12,290.478942871094
"6769",1998-07-13,287.535842895508
"6770",1998-07-14,287.888946533203
"6771",1998-07-15,288.70751953125
"6772",1998-07-16,290.77001953125
"6773",1998-07-17,291.24072265625
"6774",1998-07-18,289.399658203125
"6775",1998-07-19,290.632202148438
"6776",1998-07-20,292.373413085938
"6777",1998-07-21,297.505981445312
"6778",1998-07-22,291.310852050781
"6779",1998-07-23,293.625610351562
"6780",1998-07-24,291.184143066406
"6781",1998-07-25,289.005493164062
"6782",1998-07-26,291.12451171875
"6783",1998-07-27,292.097534179688
"6784",1998-07-28,294.361572265625
"6785",1998-07-29,289.532379150391
"6786",1998-07-30,291.392822265625
"6787",1998-07-31,290.621032714844
"6788",1998-08-01,291.639587402344
"6789",1998-08-02,290.091979980469
"6790",1998-08-03,288.229064941406
"6791",1998-08-04,291.905212402344
"6792",1998-08-05,291.218048095703
"6793",1998-08-06,290.482299804688
"6794",1998-08-07,293.555786132812
"6795",1998-08-08,290.928894042969
"6796",1998-08-09,293.068969726562
"6797",1998-08-10,293.308227539062
"6798",1998-08-11,295.755859375
"6799",1998-08-12,295.034057617188
"6800",1998-08-13,290.327667236328
"6801",1998-08-14,290.739868164062
"6802",1998-08-15,290.754211425781
"6803",1998-08-16,290.458557128906
"6804",1998-08-17,288.588043212891
"6805",1998-08-18,290.677673339844
"6806",1998-08-19,290.688110351562
"6807",1998-08-20,288.791915893555
"6808",1998-08-21,289.033996582031
"6809",1998-08-22,290.618469238281
"6810",1998-08-23,290.284912109375
"6811",1998-08-24,291.133728027344
"6812",1998-08-25,286.166900634766
"6813",1998-08-26,289.122741699219
"6814",1998-08-27,285.998474121094
"6815",1998-08-28,290.026763916016
"6816",1998-08-29,291.255737304688
"6817",1998-08-30,290.468872070312
"6818",1998-08-31,288.181045532227
"6819",1998-09-01,284.832000732422
"6820",1998-09-02,287.80908203125
"6821",1998-09-03,290.892578125
"6822",1998-09-04,291.042419433594
"6823",1998-09-05,291.303588867188
"6824",1998-09-06,291.617065429688
"6825",1998-09-07,292.96337890625
"6826",1998-09-08,291.809875488281
"6827",1998-09-09,289.848663330078
"6828",1998-09-10,289.522247314453
"6829",1998-09-11,288.287902832031
"6830",1998-09-12,290.348022460938
"6831",1998-09-13,289.424606323242
"6832",1998-09-14,290.334320068359
"6833",1998-09-15,291.097412109375
"6834",1998-09-16,287.045608520508
"6835",1998-09-17,289.3408203125
"6836",1998-09-18,288.979858398438
"6837",1998-09-19,289.950500488281
"6838",1998-09-20,289.750549316406
"6839",1998-09-21,290.491638183594
"6840",1998-09-22,292.026489257812
"6841",1998-09-23,290.987182617188
"6842",1998-09-24,286.491592407227
"6843",1998-09-25,284.811798095703
"6844",1998-09-26,283.381561279297
"6845",1998-09-27,284.248779296875
"6846",1998-09-28,286.641143798828
"6847",1998-09-29,285.690368652344
"6848",1998-09-30,283.665863037109
"6849",1998-10-01,282.3076171875
"6850",1998-10-02,282.689300537109
"6851",1998-10-03,282.272247314453
"6852",1998-10-04,282.640777587891
"6853",1998-10-05,282.977172851562
"6854",1998-10-06,283.829605102539
"6855",1998-10-07,282.628753662109
"6856",1998-10-08,282.280960083008
"6857",1998-10-09,283.360229492188
"6858",1998-10-10,285.030853271484
"6859",1998-10-11,282.221527099609
"6860",1998-10-12,281.601898193359
"6861",1998-10-13,283.81396484375
"6862",1998-10-14,283.943481445312
"6863",1998-10-15,281.935333251953
"6864",1998-10-16,281.620941162109
"6865",1998-10-17,277.611999511719
"6866",1998-10-18,281.436676025391
"6867",1998-10-19,281.374771118164
"6868",1998-10-20,279.492797851562
"6869",1998-10-21,280.476684570312
"6870",1998-10-22,284.57698059082
"6871",1998-10-23,285.997711181641
"6872",1998-10-24,283.555450439453
"6873",1998-10-25,282.60285949707
"6874",1998-10-26,281.933547973633
"6875",1998-10-27,280.294677734375
"6876",1998-10-28,280.299438476562
"6877",1998-10-29,281.185852050781
"6878",1998-10-30,279.088623046875
"6879",1998-10-31,276.724304199219
"6880",1998-11-01,275.920349121094
"6881",1998-11-02,275.983489990234
"6882",1998-11-03,273.633850097656
"6883",1998-11-04,273.224182128906
"6884",1998-11-05,273.346801757812
"6885",1998-11-06,273.595458984375
"6886",1998-11-07,273.765258789062
"6887",1998-11-08,272.678527832031
"6888",1998-11-09,274.598815917969
"6889",1998-11-10,275.464294433594
"6890",1998-11-11,274.860778808594
"6891",1998-11-12,274.473876953125
"6892",1998-11-13,274.678527832031
"6893",1998-11-14,274.269775390625
"6894",1998-11-15,273.112213134766
"6895",1998-11-16,272.259521484375
"6896",1998-11-17,271.277954101562
"6897",1998-11-18,269.624481201172
"6898",1998-11-19,271.420471191406
"6899",1998-11-20,270.396484375
"6900",1998-11-21,275.902648925781
"6901",1998-11-22,275.792663574219
"6902",1998-11-23,273.735656738281
"6903",1998-11-24,273.39501953125
"6904",1998-11-25,273.530029296875
"6905",1998-11-26,274.699310302734
"6906",1998-11-27,273.798217773438
"6907",1998-11-28,272.419555664062
"6908",1998-11-29,273.863098144531
"6909",1998-11-30,274.16552734375
"6910",1998-12-01,276.604187011719
"6911",1998-12-02,277.758239746094
"6912",1998-12-03,277.087951660156
"6913",1998-12-04,275.532043457031
"6914",1998-12-05,271.388916015625
"6915",1998-12-06,270.080932617188
"6916",1998-12-07,269.030212402344
"6917",1998-12-08,272.300537109375
"6918",1998-12-09,273.322509765625
"6919",1998-12-10,273.264282226562
"6920",1998-12-11,272.20361328125
"6921",1998-12-12,271.749237060547
"6922",1998-12-13,272.028594970703
"6923",1998-12-14,278.614379882812
"6924",1998-12-15,279.400817871094
"6925",1998-12-16,279.410217285156
"6926",1998-12-17,280.934509277344
"6927",1998-12-18,280.407806396484
"6928",1998-12-19,277.751983642578
"6929",1998-12-20,274.541259765625
"6930",1998-12-21,272.642333984375
"6931",1998-12-22,274.240966796875
"6932",1998-12-23,276.086547851562
"6933",1998-12-24,276.375793457031
"6934",1998-12-25,279.888854980469
"6935",1998-12-26,277.93782043457
"6936",1998-12-27,279.467468261719
"6937",1998-12-28,278.009613037109
"6938",1998-12-29,277.488967895508
"6939",1998-12-30,274.721984863281
"6940",1998-12-31,274.193054199219
"6941",1999-01-01,274.086791992188
"6942",1999-01-02,275.275482177734
"6943",1999-01-03,276.983673095703
"6944",1999-01-04,278.50439453125
"6945",1999-01-05,278.945266723633
"6946",1999-01-06,277.039031982422
"6947",1999-01-07,273.53076171875
"6948",1999-01-08,271.915222167969
"6949",1999-01-09,269.469268798828
"6950",1999-01-10,270.813171386719
"6951",1999-01-11,271.334213256836
"6952",1999-01-12,268.698669433594
"6953",1999-01-13,267.318420410156
"6954",1999-01-14,266.355773925781
"6955",1999-01-15,275.429443359375
"6956",1999-01-16,278.207214355469
"6957",1999-01-17,276.919372558594
"6958",1999-01-18,278.03791809082
"6959",1999-01-19,280.155944824219
"6960",1999-01-20,280.561126708984
"6961",1999-01-21,279.851699829102
"6962",1999-01-22,278.015670776367
"6963",1999-01-23,278.396560668945
"6964",1999-01-24,278.842422485352
"6965",1999-01-25,278.029281616211
"6966",1999-01-26,274.634399414062
"6967",1999-01-27,268.16796875
"6968",1999-01-28,261.710571289062
"6969",1999-01-29,266.731872558594
"6970",1999-01-30,276.291839599609
"6971",1999-01-31,276.858978271484
"6972",1999-02-01,275.204406738281
"6973",1999-02-02,276.304809570312
"6974",1999-02-03,277.784851074219
"6975",1999-02-04,281.356628417969
"6976",1999-02-05,277.660797119141
"6977",1999-02-06,274.975250244141
"6978",1999-02-07,271.516815185547
"6979",1999-02-08,268.326232910156
"6980",1999-02-09,266.677124023438
"6981",1999-02-10,269.030883789062
"6982",1999-02-11,272.041076660156
"6983",1999-02-12,275.59765625
"6984",1999-02-13,277.264251708984
"6985",1999-02-14,276.4375
"6986",1999-02-15,278.640838623047
"6987",1999-02-16,278.055923461914
"6988",1999-02-17,274.8046875
"6989",1999-02-18,276.28515625
"6990",1999-02-19,276.080657958984
"6991",1999-02-20,277.842163085938
"6992",1999-02-21,276.332183837891
"6993",1999-02-22,274.761596679688
"6994",1999-02-23,272.450897216797
"6995",1999-02-24,274.026657104492
"6996",1999-02-25,277.069519042969
"6997",1999-02-26,279.658050537109
"6998",1999-02-27,276.635925292969
"6999",1999-02-28,276.981094360352
"7000",1999-03-01,278.557373046875
"7001",1999-03-02,279.63525390625
"7002",1999-03-03,274.501770019531
"7003",1999-03-04,277.085052490234
"7004",1999-03-05,274.734252929688
"7005",1999-03-06,275.570831298828
"7006",1999-03-07,276.034362792969
"7007",1999-03-08,276.192108154297
"7008",1999-03-09,273.108795166016
"7009",1999-03-10,271.350646972656
"7010",1999-03-11,271.438461303711
"7011",1999-03-12,272.939727783203
"7012",1999-03-13,272.252990722656
"7013",1999-03-14,272.743072509766
"7014",1999-03-15,274.476699829102
"7015",1999-03-16,274.498336791992
"7016",1999-03-17,275.088348388672
"7017",1999-03-18,276.685516357422
"7018",1999-03-19,277.871643066406
"7019",1999-03-20,277.913696289062
"7020",1999-03-21,276.565048217773
"7021",1999-03-22,276.407836914062
"7022",1999-03-23,275.901519775391
"7023",1999-03-24,277.34880065918
"7024",1999-03-25,279.336608886719
"7025",1999-03-26,279.274566650391
"7026",1999-03-27,277.654663085938
"7027",1999-03-28,280.69921875
"7028",1999-03-29,281.885131835938
"7029",1999-03-30,280.424560546875
"7030",1999-03-31,281.909240722656
"7031",1999-04-01,285.411376953125
"7032",1999-04-02,285.07861328125
"7033",1999-04-03,286.07470703125
"7034",1999-04-04,285.122924804688
"7035",1999-04-05,284.035766601562
"7036",1999-04-06,281.606506347656
"7037",1999-04-07,282.574584960938
"7038",1999-04-08,286.914794921875
"7039",1999-04-09,285.959838867188
"7040",1999-04-10,285.074462890625
"7041",1999-04-11,281.696166992188
"7042",1999-04-12,276.962341308594
"7043",1999-04-13,279.60986328125
"7044",1999-04-14,278.956176757812
"7045",1999-04-15,277.195678710938
"7046",1999-04-16,280.250854492188
"7047",1999-04-17,282.266052246094
"7048",1999-04-18,277.714935302734
"7049",1999-04-19,279.675415039062
"7050",1999-04-20,281.624084472656
"7051",1999-04-21,285.16552734375
"7052",1999-04-22,283.29443359375
"7053",1999-04-23,283.974670410156
"7054",1999-04-24,289.552978515625
"7055",1999-04-25,287.635864257812
"7056",1999-04-26,290.460327148438
"7057",1999-04-27,291.6259765625
"7058",1999-04-28,289.179565429688
"7059",1999-04-29,285.033203125
"7060",1999-04-30,286.293579101562
"7061",1999-05-01,283.429992675781
"7062",1999-05-02,285.204345703125
"7063",1999-05-03,286.073852539062
"7064",1999-05-04,288.480102539062
"7065",1999-05-05,289.31396484375
"7066",1999-05-06,288.320678710938
"7067",1999-05-07,288.559204101562
"7068",1999-05-08,284.574768066406
"7069",1999-05-09,277.787719726562
"7070",1999-05-10,277.64404296875
"7071",1999-05-11,276.212280273438
"7072",1999-05-12,278.055648803711
"7073",1999-05-13,277.553833007812
"7074",1999-05-14,279.093170166016
"7075",1999-05-15,285.904418945312
"7076",1999-05-16,287.443481445312
"7077",1999-05-17,289.44091796875
"7078",1999-05-18,292.451171875
"7079",1999-05-19,293.041381835938
"7080",1999-05-20,297.097412109375
"7081",1999-05-21,293.240966796875
"7082",1999-05-22,285.371475219727
"7083",1999-05-23,285.601440429688
"7084",1999-05-24,285.524200439453
"7085",1999-05-25,286.555725097656
"7086",1999-05-26,286.473876953125
"7087",1999-05-27,289.7548828125
"7088",1999-05-28,294.928344726562
"7089",1999-05-29,286.764099121094
"7090",1999-05-30,288.6474609375
"7091",1999-05-31,289.958618164062
"7092",1999-06-01,289.613403320312
"7093",1999-06-02,290.751953125
"7094",1999-06-03,287.964691162109
"7095",1999-06-04,287.518646240234
"7096",1999-06-05,287.83984375
"7097",1999-06-06,289.2734375
"7098",1999-06-07,290.710571289062
"7099",1999-06-08,292.914794921875
"7100",1999-06-09,288.4892578125
"7101",1999-06-10,287.010559082031
"7102",1999-06-11,292.428771972656
"7103",1999-06-12,288.186660766602
"7104",1999-06-13,288.343322753906
"7105",1999-06-14,291.5966796875
"7106",1999-06-15,293.467041015625
"7107",1999-06-16,293.185424804688
"7108",1999-06-17,290.319396972656
"7109",1999-06-18,293.988647460938
"7110",1999-06-19,289.312316894531
"7111",1999-06-20,287.387710571289
"7112",1999-06-21,289.295715332031
"7113",1999-06-22,290.871398925781
"7114",1999-06-23,287.673690795898
"7115",1999-06-24,291.260498046875
"7116",1999-06-25,294.442749023438
"7117",1999-06-26,288.123489379883
"7118",1999-06-27,293.172790527344
"7119",1999-06-28,294.1845703125
"7120",1999-06-29,289.885131835938
"7121",1999-06-30,291.486206054688
"7122",1999-07-01,289.084609985352
"7123",1999-07-02,289.22021484375
"7124",1999-07-03,290.884826660156
"7125",1999-07-04,292.430847167969
"7126",1999-07-05,290.595581054688
"7127",1999-07-06,293.519470214844
"7128",1999-07-07,293.149475097656
"7129",1999-07-08,297.888671875
"7130",1999-07-09,297.4482421875
"7131",1999-07-10,298.494018554688
"7132",1999-07-11,298.42431640625
"7133",1999-07-12,299.685668945312
"7134",1999-07-13,299.309448242188
"7135",1999-07-14,293.283294677734
"7136",1999-07-15,292.470581054688
"7137",1999-07-16,291.192749023438
"7138",1999-07-17,293.528991699219
"7139",1999-07-18,291.868835449219
"7140",1999-07-19,295.399658203125
"7141",1999-07-20,295.52978515625
"7142",1999-07-21,292.144653320312
"7143",1999-07-22,290.954376220703
"7144",1999-07-23,291.317687988281
"7145",1999-07-24,294.949096679688
"7146",1999-07-25,291.138732910156
"7147",1999-07-26,292.724609375
"7148",1999-07-27,294.483764648438
"7149",1999-07-28,295.271850585938
"7150",1999-07-29,296.677612304688
"7151",1999-07-30,296.169799804688
"7152",1999-07-31,296.781860351562
"7153",1999-08-01,298.957763671875
"7154",1999-08-02,299.567626953125
"7155",1999-08-03,300.170776367188
"7156",1999-08-04,300.470458984375
"7157",1999-08-05,298.192138671875
"7158",1999-08-06,295.501525878906
"7159",1999-08-07,294.478179931641
"7160",1999-08-08,290.536743164062
"7161",1999-08-09,290.232208251953
"7162",1999-08-10,292.833740234375
"7163",1999-08-11,287.906616210938
"7164",1999-08-12,289.593627929688
"7165",1999-08-13,292.362365722656
"7166",1999-08-14,293.144653320312
"7167",1999-08-15,289.459350585938
"7168",1999-08-16,291.98779296875
"7169",1999-08-17,291.880798339844
"7170",1999-08-18,292.730285644531
"7171",1999-08-19,293.247192382812
"7172",1999-08-20,293.127746582031
"7173",1999-08-21,291.840972900391
"7174",1999-08-22,289.189025878906
"7175",1999-08-23,291.009338378906
"7176",1999-08-24,292.607788085938
"7177",1999-08-25,293.700012207031
"7178",1999-08-26,290.80419921875
"7179",1999-08-27,292.323608398438
"7180",1999-08-28,295.127502441406
"7181",1999-08-29,296.19482421875
"7182",1999-08-30,289.405731201172
"7183",1999-08-31,290.087951660156
"7184",1999-09-01,292.24267578125
"7185",1999-09-02,291.385238647461
"7186",1999-09-03,293.346313476562
"7187",1999-09-04,294.190490722656
"7188",1999-09-05,296.205932617188
"7189",1999-09-06,295.570251464844
"7190",1999-09-07,296.377319335938
"7191",1999-09-08,293.026489257812
"7192",1999-09-09,293.545043945312
"7193",1999-09-10,291.844970703125
"7194",1999-09-11,292.835235595703
"7195",1999-09-12,294.359252929688
"7196",1999-09-13,292.778747558594
"7197",1999-09-14,291.698120117188
"7198",1999-09-15,288.895095825195
"7199",1999-09-16,289.410003662109
"7200",1999-09-17,287.455322265625
"7201",1999-09-18,288.793426513672
"7202",1999-09-19,287.075927734375
"7203",1999-09-20,290.322875976562
"7204",1999-09-21,291.495513916016
"7205",1999-09-22,288.082122802734
"7206",1999-09-23,288.615539550781
"7207",1999-09-24,288.869995117188
"7208",1999-09-25,289.066833496094
"7209",1999-09-26,289.17253112793
"7210",1999-09-27,288.944885253906
"7211",1999-09-28,288.336090087891
"7212",1999-09-29,287.560302734375
"7213",1999-09-30,286.585250854492
"7214",1999-10-01,286.276992797852
"7215",1999-10-02,285.457397460938
"7216",1999-10-03,285.140716552734
"7217",1999-10-04,285.598770141602
"7218",1999-10-05,284.338684082031
"7219",1999-10-06,284.089630126953
"7220",1999-10-07,284.549407958984
"7221",1999-10-08,285.444046020508
"7222",1999-10-09,283.215911865234
"7223",1999-10-10,285.161010742188
"7224",1999-10-11,285.558868408203
"7225",1999-10-12,285.999389648438
"7226",1999-10-13,285.142776489258
"7227",1999-10-14,285.253540039062
"7228",1999-10-15,283.11083984375
"7229",1999-10-16,280.74626159668
"7230",1999-10-17,279.632049560547
"7231",1999-10-18,283.000778198242
"7232",1999-10-19,279.546203613281
"7233",1999-10-20,279.0986328125
"7234",1999-10-21,279.526489257812
"7235",1999-10-22,280.053161621094
"7236",1999-10-23,280.078582763672
"7237",1999-10-24,281.591400146484
"7238",1999-10-25,283.920074462891
"7239",1999-10-26,284.357330322266
"7240",1999-10-27,281.645050048828
"7241",1999-10-28,286.752685546875
"7242",1999-10-29,283.878875732422
"7243",1999-10-30,284.747406005859
"7244",1999-10-31,284.408309936523
"7245",1999-11-01,284.503982543945
"7246",1999-11-02,284.755889892578
"7247",1999-11-03,283.417938232422
"7248",1999-11-04,285.486633300781
"7249",1999-11-05,283.186477661133
"7250",1999-11-06,281.278442382812
"7251",1999-11-07,282.101806640625
"7252",1999-11-08,281.106307983398
"7253",1999-11-09,281.740112304688
"7254",1999-11-10,277.900024414062
"7255",1999-11-11,280.03759765625
"7256",1999-11-12,281.880798339844
"7257",1999-11-13,281.995361328125
"7258",1999-11-14,277.188720703125
"7259",1999-11-15,277.708129882812
"7260",1999-11-16,279.312469482422
"7261",1999-11-17,274.705932617188
"7262",1999-11-18,275.091430664062
"7263",1999-11-19,275.091674804688
"7264",1999-11-20,272.356994628906
"7265",1999-11-21,273.204956054688
"7266",1999-11-22,273.114624023438
"7267",1999-11-23,277.19140625
"7268",1999-11-24,279.953460693359
"7269",1999-11-25,281.438812255859
"7270",1999-11-26,283.418716430664
"7271",1999-11-27,281.906860351562
"7272",1999-11-28,283.635116577148
"7273",1999-11-29,283.267974853516
"7274",1999-11-30,282.653686523438
"7275",1999-12-01,281.827987670898
"7276",1999-12-02,277.275421142578
"7277",1999-12-03,273.716217041016
"7278",1999-12-04,272.192138671875
"7279",1999-12-05,275.035949707031
"7280",1999-12-06,281.449432373047
"7281",1999-12-07,279.981292724609
"7282",1999-12-08,275.51318359375
"7283",1999-12-09,277.994079589844
"7284",1999-12-10,277.868530273438
"7285",1999-12-11,271.111999511719
"7286",1999-12-12,270.519287109375
"7287",1999-12-13,268.746032714844
"7288",1999-12-14,263.469116210938
"7289",1999-12-15,265.257202148438
"7290",1999-12-16,275.460693359375
"7291",1999-12-17,277.387176513672
"7292",1999-12-18,273.893615722656
"7293",1999-12-19,273.497985839844
"7294",1999-12-20,272.844055175781
"7295",1999-12-21,272.617797851562
"7296",1999-12-22,276.424865722656
"7297",1999-12-23,278.137268066406
"7298",1999-12-24,278.450225830078
"7299",1999-12-25,278.312561035156
"7300",1999-12-26,277.237823486328
"7301",1999-12-27,274.715484619141
"7302",1999-12-28,273.631195068359
"7303",1999-12-29,271.081604003906
"7304",1999-12-30,272.118469238281
"7305",1999-12-31,275.660400390625
"7306",2000-01-01,275.862548828125
"7307",2000-01-02,278.659271240234
"7308",2000-01-03,278.831695556641
"7309",2000-01-04,278.512603759766
"7310",2000-01-05,278.486694335938
"7311",2000-01-06,279.872741699219
"7312",2000-01-07,279.91618347168
"7313",2000-01-08,280.354049682617
"7314",2000-01-09,279.104202270508
"7315",2000-01-10,278.563171386719
"7316",2000-01-11,279.551910400391
"7317",2000-01-12,279.250823974609
"7318",2000-01-13,278.132385253906
"7319",2000-01-14,274.545455932617
"7320",2000-01-15,273.890380859375
"7321",2000-01-16,278.344543457031
"7322",2000-01-17,281.478576660156
"7323",2000-01-18,277.854400634766
"7324",2000-01-19,275.604995727539
"7325",2000-01-20,279.227813720703
"7326",2000-01-21,271.268310546875
"7327",2000-01-22,269.331481933594
"7328",2000-01-23,268.394287109375
"7329",2000-01-24,269.936889648438
"7330",2000-01-25,273.601928710938
"7331",2000-01-26,274.855712890625
"7332",2000-01-27,277.696365356445
"7333",2000-01-28,275.915740966797
"7334",2000-01-29,278.614700317383
"7335",2000-01-30,277.207336425781
"7336",2000-01-31,274.130310058594
"7337",2000-02-01,274.438354492188
"7338",2000-02-02,277.232452392578
"7339",2000-02-03,275.7734375
"7340",2000-02-04,279.655426025391
"7341",2000-02-05,280.669921875
"7342",2000-02-06,281.658325195312
"7343",2000-02-07,279.646759033203
"7344",2000-02-08,277.123275756836
"7345",2000-02-09,276.825241088867
"7346",2000-02-10,278.855606079102
"7347",2000-02-11,280.276458740234
"7348",2000-02-12,279.226333618164
"7349",2000-02-13,277.610366821289
"7350",2000-02-14,276.303588867188
"7351",2000-02-15,277.541778564453
"7352",2000-02-16,276.112106323242
"7353",2000-02-17,273.222946166992
"7354",2000-02-18,273.575347900391
"7355",2000-02-19,273.562942504883
"7356",2000-02-20,274.614349365234
"7357",2000-02-21,275.705993652344
"7358",2000-02-22,275.229202270508
"7359",2000-02-23,275.049575805664
"7360",2000-02-24,276.398620605469
"7361",2000-02-25,277.7294921875
"7362",2000-02-26,279.195983886719
"7363",2000-02-27,279.136047363281
"7364",2000-02-28,279.056457519531
"7365",2000-02-29,277.979736328125
"7366",2000-03-01,277.218902587891
"7367",2000-03-02,277.118530273438
"7368",2000-03-03,277.342742919922
"7369",2000-03-04,275.653717041016
"7370",2000-03-05,275.546142578125
"7371",2000-03-06,282.095764160156
"7372",2000-03-07,279.399108886719
"7373",2000-03-08,274.537261962891
"7374",2000-03-09,275.003875732422
"7375",2000-03-10,276.300842285156
"7376",2000-03-11,275.824798583984
"7377",2000-03-12,276.748626708984
"7378",2000-03-13,280.096496582031
"7379",2000-03-14,278.187347412109
"7380",2000-03-15,277.508666992188
"7381",2000-03-16,276.358825683594
"7382",2000-03-17,277.501098632812
"7383",2000-03-18,282.0615234375
"7384",2000-03-19,280.919616699219
"7385",2000-03-20,285.624267578125
"7386",2000-03-21,282.658264160156
"7387",2000-03-22,280.516357421875
"7388",2000-03-23,278.300750732422
"7389",2000-03-24,280.378112792969
"7390",2000-03-25,279.726928710938
"7391",2000-03-26,279.225158691406
"7392",2000-03-27,277.197448730469
"7393",2000-03-28,278.334716796875
"7394",2000-03-29,281.560791015625
"7395",2000-03-30,283.3759765625
"7396",2000-03-31,278.562561035156
"7397",2000-04-01,278.906707763672
"7398",2000-04-02,273.988128662109
"7399",2000-04-03,278.295288085938
"7400",2000-04-04,276.810791015625
"7401",2000-04-05,277.467224121094
"7402",2000-04-06,282.726684570312
"7403",2000-04-07,282.854370117188
"7404",2000-04-08,282.380126953125
"7405",2000-04-09,284.859985351562
"7406",2000-04-10,285.45458984375
"7407",2000-04-11,282.841796875
"7408",2000-04-12,281.553436279297
"7409",2000-04-13,279.794219970703
"7410",2000-04-14,280.687133789062
"7411",2000-04-15,280.304901123047
"7412",2000-04-16,278.247100830078
"7413",2000-04-17,283.677734375
"7414",2000-04-18,283.436218261719
"7415",2000-04-19,285.970092773438
"7416",2000-04-20,286.752563476562
"7417",2000-04-21,287.616577148438
"7418",2000-04-22,285.843017578125
"7419",2000-04-23,283.160522460938
"7420",2000-04-24,284.475036621094
"7421",2000-04-25,288.013549804688
"7422",2000-04-26,288.520385742188
"7423",2000-04-27,285.786682128906
"7424",2000-04-28,292.7861328125
"7425",2000-04-29,298.31787109375
"7426",2000-04-30,296.372802734375
"7427",2000-05-01,286.926208496094
"7428",2000-05-02,287.907104492188
"7429",2000-05-03,286.658081054688
"7430",2000-05-04,289.7275390625
"7431",2000-05-05,291.121826171875
"7432",2000-05-06,292.8525390625
"7433",2000-05-07,291.208374023438
"7434",2000-05-08,296.043212890625
"7435",2000-05-09,296.943359375
"7436",2000-05-10,293.761352539062
"7437",2000-05-11,289.409545898438
"7438",2000-05-12,287.743286132812
"7439",2000-05-13,295.095947265625
"7440",2000-05-14,295.05908203125
"7441",2000-05-15,296.496826171875
"7442",2000-05-16,296.802734375
"7443",2000-05-17,295.151977539062
"7444",2000-05-18,287.285919189453
"7445",2000-05-19,287.802856445312
"7446",2000-05-20,288.730834960938
"7447",2000-05-21,290.660400390625
"7448",2000-05-22,287.619079589844
"7449",2000-05-23,287.996398925781
"7450",2000-05-24,288.272888183594
"7451",2000-05-25,287.3037109375
"7452",2000-05-26,286.9052734375
"7453",2000-05-27,284.206176757812
"7454",2000-05-28,286.256774902344
"7455",2000-05-29,284.500244140625
"7456",2000-05-30,285.292419433594
"7457",2000-05-31,286.710144042969
"7458",2000-06-01,287.234619140625
"7459",2000-06-02,288.078125
"7460",2000-06-03,288.174865722656
"7461",2000-06-04,288.2333984375
"7462",2000-06-05,290.883911132812
"7463",2000-06-06,289.602478027344
"7464",2000-06-07,287.98486328125
"7465",2000-06-08,291.287963867188
"7466",2000-06-09,293.371826171875
"7467",2000-06-10,293.240234375
"7468",2000-06-11,289.334777832031
"7469",2000-06-12,288.704711914062
"7470",2000-06-13,287.498229980469
"7471",2000-06-14,288.427368164062
"7472",2000-06-15,289.160705566406
"7473",2000-06-16,289.652954101562
"7474",2000-06-17,288.9365234375
"7475",2000-06-18,286.420776367188
"7476",2000-06-19,293.156982421875
"7477",2000-06-20,297.510986328125
"7478",2000-06-21,297.271240234375
"7479",2000-06-22,290.9052734375
"7480",2000-06-23,288.708801269531
"7481",2000-06-24,289.020782470703
"7482",2000-06-25,288.477447509766
"7483",2000-06-26,288.18701171875
"7484",2000-06-27,288.385009765625
"7485",2000-06-28,287.374633789062
"7486",2000-06-29,291.351196289062
"7487",2000-06-30,294.156616210938
"7488",2000-07-01,291.056732177734
"7489",2000-07-02,294.17333984375
"7490",2000-07-03,296.146484375
"7491",2000-07-04,294.87158203125
"7492",2000-07-05,295.799682617188
"7493",2000-07-06,289.284332275391
"7494",2000-07-07,289.222503662109
"7495",2000-07-08,289.12646484375
"7496",2000-07-09,289.280578613281
"7497",2000-07-10,289.680023193359
"7498",2000-07-11,290.780090332031
"7499",2000-07-12,291.356689453125
"7500",2000-07-13,291.753173828125
"7501",2000-07-14,290.815673828125
"7502",2000-07-15,292.586547851562
"7503",2000-07-16,289.102966308594
"7504",2000-07-17,290.825988769531
"7505",2000-07-18,293.185119628906
"7506",2000-07-19,291.524597167969
"7507",2000-07-20,292.9130859375
"7508",2000-07-21,291.28564453125
"7509",2000-07-22,296.795043945312
"7510",2000-07-23,294.616088867188
"7511",2000-07-24,291.726684570312
"7512",2000-07-25,294.632263183594
"7513",2000-07-26,287.736663818359
"7514",2000-07-27,287.639495849609
"7515",2000-07-28,293.14501953125
"7516",2000-07-29,295.566772460938
"7517",2000-07-30,295.931030273438
"7518",2000-07-31,294.895263671875
"7519",2000-08-01,292.30908203125
"7520",2000-08-02,292.280090332031
"7521",2000-08-03,292.966735839844
"7522",2000-08-04,293.01171875
"7523",2000-08-05,293.115600585938
"7524",2000-08-06,291.939880371094
"7525",2000-08-07,291.412109375
"7526",2000-08-08,290.925537109375
"7527",2000-08-09,292.424438476562
"7528",2000-08-10,291.393859863281
"7529",2000-08-11,290.124298095703
"7530",2000-08-12,293.465454101562
"7531",2000-08-13,294.81396484375
"7532",2000-08-14,294.479614257812
"7533",2000-08-15,292.376708984375
"7534",2000-08-16,291.920166015625
"7535",2000-08-17,291.379516601562
"7536",2000-08-18,290.208221435547
"7537",2000-08-19,292.068359375
"7538",2000-08-20,288.950897216797
"7539",2000-08-21,291.478881835938
"7540",2000-08-22,291.044372558594
"7541",2000-08-23,291.009582519531
"7542",2000-08-24,286.737854003906
"7543",2000-08-25,292.264038085938
"7544",2000-08-26,294.257202148438
"7545",2000-08-27,293.252990722656
"7546",2000-08-28,295.112976074219
"7547",2000-08-29,289.903411865234
"7548",2000-08-30,288.589904785156
"7549",2000-08-31,291.187377929688
"7550",2000-09-01,290.482421875
"7551",2000-09-02,289.914886474609
"7552",2000-09-03,288.554046630859
"7553",2000-09-04,287.909973144531
"7554",2000-09-05,289.536987304688
"7555",2000-09-06,286.922012329102
"7556",2000-09-07,288.907104492188
"7557",2000-09-08,289.935729980469
"7558",2000-09-09,290.069641113281
"7559",2000-09-10,290.067138671875
"7560",2000-09-11,288.713745117188
"7561",2000-09-12,288.297058105469
"7562",2000-09-13,287.405639648438
"7563",2000-09-14,287.958862304688
"7564",2000-09-15,287.628814697266
"7565",2000-09-16,289.72998046875
"7566",2000-09-17,288.642456054688
"7567",2000-09-18,288.931884765625
"7568",2000-09-19,287.495422363281
"7569",2000-09-20,288.1005859375
"7570",2000-09-21,287.537170410156
"7571",2000-09-22,287.246459960938
"7572",2000-09-23,289.418884277344
"7573",2000-09-24,289.19775390625
"7574",2000-09-25,289.355102539062
"7575",2000-09-26,286.843994140625
"7576",2000-09-27,285.287048339844
"7577",2000-09-28,287.309844970703
"7578",2000-09-29,291.620422363281
"7579",2000-09-30,292.533569335938
"7580",2000-10-01,286.139785766602
"7581",2000-10-02,286.755218505859
"7582",2000-10-03,288.551910400391
"7583",2000-10-04,288.210296630859
"7584",2000-10-05,286.058212280273
"7585",2000-10-06,287.005615234375
"7586",2000-10-07,288.011749267578
"7587",2000-10-08,284.042907714844
"7588",2000-10-09,283.113830566406
"7589",2000-10-10,283.242980957031
"7590",2000-10-11,285.335205078125
"7591",2000-10-12,286.401016235352
"7592",2000-10-13,284.810485839844
"7593",2000-10-14,285.667510986328
"7594",2000-10-15,286.391479492188
"7595",2000-10-16,286.611907958984
"7596",2000-10-17,287.304473876953
"7597",2000-10-18,285.880645751953
"7598",2000-10-19,284.183883666992
"7599",2000-10-20,285.480804443359
"7600",2000-10-21,285.954635620117
"7601",2000-10-22,286.410217285156
"7602",2000-10-23,285.160308837891
"7603",2000-10-24,285.130966186523
"7604",2000-10-25,283.273773193359
"7605",2000-10-26,282.743591308594
"7606",2000-10-27,278.198669433594
"7607",2000-10-28,277.977905273438
"7608",2000-10-29,282.785339355469
"7609",2000-10-30,283.04150390625
"7610",2000-10-31,282.712341308594
"7611",2000-11-01,282.645660400391
"7612",2000-11-02,280.665161132812
"7613",2000-11-03,282.764205932617
"7614",2000-11-04,282.016708374023
"7615",2000-11-05,280.786987304688
"7616",2000-11-06,278.838623046875
"7617",2000-11-07,282.122985839844
"7618",2000-11-08,282.50764465332
"7619",2000-11-09,281.40364074707
"7620",2000-11-10,281.28369140625
"7621",2000-11-11,280.751892089844
"7622",2000-11-12,281.897613525391
"7623",2000-11-13,281.442245483398
"7624",2000-11-14,280.439697265625
"7625",2000-11-15,278.870361328125
"7626",2000-11-16,278.479705810547
"7627",2000-11-17,279.269653320312
"7628",2000-11-18,278.523590087891
"7629",2000-11-19,280.593444824219
"7630",2000-11-20,280.500473022461
"7631",2000-11-21,280.515426635742
"7632",2000-11-22,279.546020507812
"7633",2000-11-23,280.451629638672
"7634",2000-11-24,281.104568481445
"7635",2000-11-25,279.694763183594
"7636",2000-11-26,279.528900146484
"7637",2000-11-27,279.7421875
"7638",2000-11-28,278.94970703125
"7639",2000-11-29,281.149291992188
"7640",2000-11-30,282.525894165039
"7641",2000-12-01,280.809722900391
"7642",2000-12-02,282.982681274414
"7643",2000-12-03,281.668869018555
"7644",2000-12-04,280.286285400391
"7645",2000-12-05,282.337036132812
"7646",2000-12-06,281.847244262695
"7647",2000-12-07,281.137756347656
"7648",2000-12-08,280.627380371094
"7649",2000-12-09,281.160552978516
"7650",2000-12-10,281.095321655273
"7651",2000-12-11,280.915283203125
"7652",2000-12-12,281.598510742188
"7653",2000-12-13,282.247589111328
"7654",2000-12-14,279.976593017578
"7655",2000-12-15,279.466064453125
"7656",2000-12-16,277.681549072266
"7657",2000-12-17,275.415710449219
"7658",2000-12-18,274.3193359375
"7659",2000-12-19,272.801818847656
"7660",2000-12-20,270.8681640625
"7661",2000-12-21,273.604248046875
"7662",2000-12-22,273.963500976562
"7663",2000-12-23,271.080688476562
"7664",2000-12-24,270.224731445312
"7665",2000-12-25,268.140625
"7666",2000-12-26,270.253662109375
"7667",2000-12-27,270.186950683594
"7668",2000-12-28,272.352416992188
"7669",2000-12-29,272.52685546875
"7670",2000-12-30,267.497741699219
"7671",2000-12-31,262.904663085938
"7672",2001-01-01,271.853393554688
"7673",2001-01-02,274.862182617188
"7674",2001-01-03,276.239562988281
"7675",2001-01-04,275.52294921875
"7676",2001-01-05,275.661743164062
"7677",2001-01-06,276.467468261719
"7678",2001-01-07,277.438995361328
"7679",2001-01-08,277.356597900391
"7680",2001-01-09,272.715270996094
"7681",2001-01-10,269.731811523438
"7682",2001-01-11,275.5615234375
"7683",2001-01-12,272.544250488281
"7684",2001-01-13,269.489379882812
"7685",2001-01-14,271.839721679688
"7686",2001-01-15,267.238037109375
"7687",2001-01-16,269.356811523438
"7688",2001-01-17,268.594970703125
"7689",2001-01-18,271.499877929688
"7690",2001-01-19,271.6357421875
"7691",2001-01-20,271.476928710938
"7692",2001-01-21,273.169738769531
"7693",2001-01-22,273.1640625
"7694",2001-01-23,273.595092773438
"7695",2001-01-24,278.290344238281
"7696",2001-01-25,277.56640625
"7697",2001-01-26,276.506927490234
"7698",2001-01-27,275.52490234375
"7699",2001-01-28,274.661407470703
"7700",2001-01-29,275.282104492188
"7701",2001-01-30,274.328842163086
"7702",2001-01-31,274.713470458984
"7703",2001-02-01,270.425659179688
"7704",2001-02-02,264.900207519531
"7705",2001-02-03,260.455383300781
"7706",2001-02-04,259.364990234375
"7707",2001-02-05,259.208374023438
"7708",2001-02-06,267.95654296875
"7709",2001-02-07,277.370727539062
"7710",2001-02-08,275.196411132812
"7711",2001-02-09,272.567932128906
"7712",2001-02-10,274.952941894531
"7713",2001-02-11,277.769287109375
"7714",2001-02-12,279.515289306641
"7715",2001-02-13,279.301147460938
"7716",2001-02-14,278.974548339844
"7717",2001-02-15,279.559509277344
"7718",2001-02-16,278.345581054688
"7719",2001-02-17,277.711349487305
"7720",2001-02-18,282.297729492188
"7721",2001-02-19,275.877258300781
"7722",2001-02-20,278.306701660156
"7723",2001-02-21,278.491149902344
"7724",2001-02-22,275.772827148438
"7725",2001-02-23,267.438278198242
"7726",2001-02-24,271.554138183594
"7727",2001-02-25,268.867919921875
"7728",2001-02-26,266.820068359375
"7729",2001-02-27,266.386840820312
"7730",2001-02-28,266.595153808594
"7731",2001-03-01,266.929016113281
"7732",2001-03-02,268.229675292969
"7733",2001-03-03,271.840545654297
"7734",2001-03-04,275.083892822266
"7735",2001-03-05,276.06022644043
"7736",2001-03-06,278.368103027344
"7737",2001-03-07,276.657775878906
"7738",2001-03-08,276.739624023438
"7739",2001-03-09,276.154434204102
"7740",2001-03-10,277.106658935547
"7741",2001-03-11,279.023193359375
"7742",2001-03-12,277.687805175781
"7743",2001-03-13,278.483825683594
"7744",2001-03-14,277.381134033203
"7745",2001-03-15,277.173675537109
"7746",2001-03-16,274.825775146484
"7747",2001-03-17,271.776824951172
"7748",2001-03-18,270.695327758789
"7749",2001-03-19,272.204284667969
"7750",2001-03-20,273.511657714844
"7751",2001-03-21,276.347900390625
"7752",2001-03-22,274.238159179688
"7753",2001-03-23,275.638153076172
"7754",2001-03-24,276.562194824219
"7755",2001-03-25,276.535888671875
"7756",2001-03-26,276.154296875
"7757",2001-03-27,276.570007324219
"7758",2001-03-28,276.810241699219
"7759",2001-03-29,278.640594482422
"7760",2001-03-30,276.636505126953
"7761",2001-03-31,277.833786010742
"7762",2001-04-01,280.582580566406
"7763",2001-04-02,280.704467773438
"7764",2001-04-03,285.721801757812
"7765",2001-04-04,282.390808105469
"7766",2001-04-05,280.175109863281
"7767",2001-04-06,279.80029296875
"7768",2001-04-07,280.078430175781
"7769",2001-04-08,278.968063354492
"7770",2001-04-09,282.530151367188
"7771",2001-04-10,284.649536132812
"7772",2001-04-11,282.464721679688
"7773",2001-04-12,276.435211181641
"7774",2001-04-13,277.31884765625
"7775",2001-04-14,277.070007324219
"7776",2001-04-15,276.684722900391
"7777",2001-04-16,279.995178222656
"7778",2001-04-17,279.930786132812
"7779",2001-04-18,275.123474121094
"7780",2001-04-19,277.72477722168
"7781",2001-04-20,281.126586914062
"7782",2001-04-21,283.079833984375
"7783",2001-04-22,286.671875
"7784",2001-04-23,284.3310546875
"7785",2001-04-24,280.485717773438
"7786",2001-04-25,282.496704101562
"7787",2001-04-26,280.83154296875
"7788",2001-04-27,281.888610839844
"7789",2001-04-28,283.762329101562
"7790",2001-04-29,283.458618164062
"7791",2001-04-30,286.449829101562
"7792",2001-05-01,285.8662109375
"7793",2001-05-02,287.668701171875
"7794",2001-05-03,282.694091796875
"7795",2001-05-04,279.579376220703
"7796",2001-05-05,284.39404296875
"7797",2001-05-06,286.920471191406
"7798",2001-05-07,290.036865234375
"7799",2001-05-08,294.0146484375
"7800",2001-05-09,295.14794921875
"7801",2001-05-10,293.2548828125
"7802",2001-05-11,295.388916015625
"7803",2001-05-12,296.060302734375
"7804",2001-05-13,293.601806640625
"7805",2001-05-14,287.307006835938
"7806",2001-05-15,288.268127441406
"7807",2001-05-16,287.674560546875
"7808",2001-05-17,286.591003417969
"7809",2001-05-18,285.391845703125
"7810",2001-05-19,289.489990234375
"7811",2001-05-20,287.184387207031
"7812",2001-05-21,286.574951171875
"7813",2001-05-22,289.072021484375
"7814",2001-05-23,291.275268554688
"7815",2001-05-24,290.293701171875
"7816",2001-05-25,288.082275390625
"7817",2001-05-26,289.424194335938
"7818",2001-05-27,291.881591796875
"7819",2001-05-28,290.674072265625
"7820",2001-05-29,283.553009033203
"7821",2001-05-30,284.812835693359
"7822",2001-05-31,288.486938476562
"7823",2001-06-01,288.574829101562
"7824",2001-06-02,288.374877929688
"7825",2001-06-03,288.94189453125
"7826",2001-06-04,290.68212890625
"7827",2001-06-05,290.31591796875
"7828",2001-06-06,285.720336914062
"7829",2001-06-07,285.75276184082
"7830",2001-06-08,283.613510131836
"7831",2001-06-09,285.708190917969
"7832",2001-06-10,286.371826171875
"7833",2001-06-11,288.533569335938
"7834",2001-06-12,288.630126953125
"7835",2001-06-13,291.124145507812
"7836",2001-06-14,288.5322265625
"7837",2001-06-15,291.428344726562
"7838",2001-06-16,292.182739257812
"7839",2001-06-17,292.760864257812
"7840",2001-06-18,290.323669433594
"7841",2001-06-19,296.267700195312
"7842",2001-06-20,290.816650390625
"7843",2001-06-21,287.764343261719
"7844",2001-06-22,289.087524414062
"7845",2001-06-23,295.933715820312
"7846",2001-06-24,297.19970703125
"7847",2001-06-25,297.452880859375
"7848",2001-06-26,298.418212890625
"7849",2001-06-27,298.407958984375
"7850",2001-06-28,295.145751953125
"7851",2001-06-29,292.041015625
"7852",2001-06-30,291.404235839844
"7853",2001-07-01,292.290405273438
"7854",2001-07-02,295.520263671875
"7855",2001-07-03,297.696655273438
"7856",2001-07-04,298.315185546875
"7857",2001-07-05,298.158325195312
"7858",2001-07-06,299.466796875
"7859",2001-07-07,303.27783203125
"7860",2001-07-08,303.17041015625
"7861",2001-07-09,296.144897460938
"7862",2001-07-10,294.491577148438
"7863",2001-07-11,291.440277099609
"7864",2001-07-12,289.910614013672
"7865",2001-07-13,288.382385253906
"7866",2001-07-14,290.240844726562
"7867",2001-07-15,290.888427734375
"7868",2001-07-16,292.187866210938
"7869",2001-07-17,291.121337890625
"7870",2001-07-18,290.026824951172
"7871",2001-07-19,292.36474609375
"7872",2001-07-20,294.369873046875
"7873",2001-07-21,294.915161132812
"7874",2001-07-22,291.991546630859
"7875",2001-07-23,294.378784179688
"7876",2001-07-24,295.330688476562
"7877",2001-07-25,296.488525390625
"7878",2001-07-26,296.609985351562
"7879",2001-07-27,298.5927734375
"7880",2001-07-28,297.021850585938
"7881",2001-07-29,294.898376464844
"7882",2001-07-30,292.818542480469
"7883",2001-07-31,292.483642578125
"7884",2001-08-01,292.270446777344
"7885",2001-08-02,293.705200195312
"7886",2001-08-03,293.489990234375
"7887",2001-08-04,293.178100585938
"7888",2001-08-05,292.50927734375
"7889",2001-08-06,290.528686523438
"7890",2001-08-07,292.289794921875
"7891",2001-08-08,290.087829589844
"7892",2001-08-09,290.013854980469
"7893",2001-08-10,290.455627441406
"7894",2001-08-11,291.356018066406
"7895",2001-08-12,292.529418945312
"7896",2001-08-13,292.121887207031
"7897",2001-08-14,293.998657226562
"7898",2001-08-15,293.781372070312
"7899",2001-08-16,300.862426757812
"7900",2001-08-17,292.438598632812
"7901",2001-08-18,292.563049316406
"7902",2001-08-19,295.616088867188
"7903",2001-08-20,293.685729980469
"7904",2001-08-21,294.971923828125
"7905",2001-08-22,293.876953125
"7906",2001-08-23,293.867919921875
"7907",2001-08-24,293.518737792969
"7908",2001-08-25,293.051818847656
"7909",2001-08-26,290.857879638672
"7910",2001-08-27,291.182189941406
"7911",2001-08-28,288.362945556641
"7912",2001-08-29,291.399475097656
"7913",2001-08-30,292.601501464844
"7914",2001-08-31,292.032836914062
"7915",2001-09-01,289.769226074219
"7916",2001-09-02,287.755569458008
"7917",2001-09-03,290.14208984375
"7918",2001-09-04,289.422790527344
"7919",2001-09-05,291.700500488281
"7920",2001-09-06,289.306213378906
"7921",2001-09-07,289.002868652344
"7922",2001-09-08,286.708251953125
"7923",2001-09-09,285.9482421875
"7924",2001-09-10,286.075500488281
"7925",2001-09-11,286.767456054688
"7926",2001-09-12,289.112731933594
"7927",2001-09-13,288.715850830078
"7928",2001-09-14,287.927703857422
"7929",2001-09-15,288.241546630859
"7930",2001-09-16,288.903747558594
"7931",2001-09-17,290.314407348633
"7932",2001-09-18,292.012573242188
"7933",2001-09-19,289.099395751953
"7934",2001-09-20,286.891693115234
"7935",2001-09-21,287.421173095703
"7936",2001-09-22,288.448181152344
"7937",2001-09-23,289.161102294922
"7938",2001-09-24,284.847320556641
"7939",2001-09-25,285.046630859375
"7940",2001-09-26,286.065979003906
"7941",2001-09-27,286.116516113281
"7942",2001-09-28,285.902252197266
"7943",2001-09-29,284.230163574219
"7944",2001-09-30,282.894760131836
"7945",2001-10-01,287.124542236328
"7946",2001-10-02,289.497680664062
"7947",2001-10-03,287.4208984375
"7948",2001-10-04,287.558166503906
"7949",2001-10-05,287.882141113281
"7950",2001-10-06,287.924957275391
"7951",2001-10-07,286.841751098633
"7952",2001-10-08,286.190231323242
"7953",2001-10-09,285.959823608398
"7954",2001-10-10,286.756774902344
"7955",2001-10-11,285.683837890625
"7956",2001-10-12,288.280883789062
"7957",2001-10-13,287.452178955078
"7958",2001-10-14,285.888580322266
"7959",2001-10-15,286.062164306641
"7960",2001-10-16,286.63981628418
"7961",2001-10-17,286.414642333984
"7962",2001-10-18,285.786499023438
"7963",2001-10-19,284.118011474609
"7964",2001-10-20,284.314056396484
"7965",2001-10-21,283.898986816406
"7966",2001-10-22,280.656005859375
"7967",2001-10-23,279.581558227539
"7968",2001-10-24,280.122131347656
"7969",2001-10-25,283.0712890625
"7970",2001-10-26,285.903198242188
"7971",2001-10-27,285.367111206055
"7972",2001-10-28,284.312316894531
"7973",2001-10-29,284.180267333984
"7974",2001-10-30,284.430755615234
"7975",2001-10-31,285.909698486328
"7976",2001-11-01,281.401931762695
"7977",2001-11-02,284.482116699219
"7978",2001-11-03,285.250259399414
"7979",2001-11-04,283.275405883789
"7980",2001-11-05,279.134490966797
"7981",2001-11-06,275.720886230469
"7982",2001-11-07,275.19140625
"7983",2001-11-08,273.639038085938
"7984",2001-11-09,275.044952392578
"7985",2001-11-10,283.824966430664
"7986",2001-11-11,283.421447753906
"7987",2001-11-12,277.723754882812
"7988",2001-11-13,276.635314941406
"7989",2001-11-14,276.110046386719
"7990",2001-11-15,285.822448730469
"7991",2001-11-16,277.640319824219
"7992",2001-11-17,281.750579833984
"7993",2001-11-18,280.430999755859
"7994",2001-11-19,277.427124023438
"7995",2001-11-20,278.817321777344
"7996",2001-11-21,282.348587036133
"7997",2001-11-22,278.191589355469
"7998",2001-11-23,275.118743896484
"7999",2001-11-24,275.477294921875
"8000",2001-11-25,278.498779296875
"8001",2001-11-26,279.695495605469
"8002",2001-11-27,275.210998535156
"8003",2001-11-28,274.753845214844
"8004",2001-11-29,275.770324707031
"8005",2001-11-30,275.588409423828
"8006",2001-12-01,276.262084960938
"8007",2001-12-02,278.842010498047
"8008",2001-12-03,276.569763183594
"8009",2001-12-04,274.744384765625
"8010",2001-12-05,274.191925048828
"8011",2001-12-06,274.07373046875
"8012",2001-12-07,273.082885742188
"8013",2001-12-08,280.007278442383
"8014",2001-12-09,280.011581420898
"8015",2001-12-10,276.659393310547
"8016",2001-12-11,273.103393554688
"8017",2001-12-12,272.704040527344
"8018",2001-12-13,274.091552734375
"8019",2001-12-14,273.676391601562
"8020",2001-12-15,273.249206542969
"8021",2001-12-16,272.403076171875
"8022",2001-12-17,275.434692382812
"8023",2001-12-18,275.117309570312
"8024",2001-12-19,278.795379638672
"8025",2001-12-20,275.522766113281
"8026",2001-12-21,271.39111328125
"8027",2001-12-22,265.427734375
"8028",2001-12-23,267.96484375
"8029",2001-12-24,270.471801757812
"8030",2001-12-25,267.983764648438
"8031",2001-12-26,267.585571289062
"8032",2001-12-27,266.684204101562
"8033",2001-12-28,268.727233886719
"8034",2001-12-29,270.799926757812
"8035",2001-12-30,264.7158203125
"8036",2001-12-31,260.1728515625
"8037",2002-01-01,278.191925048828
"8038",2002-01-02,272.35009765625
"8039",2002-01-03,273.494201660156
"8040",2002-01-04,272.875549316406
"8041",2002-01-05,274.895568847656
"8042",2002-01-06,273.584106445312
"8043",2002-01-07,275.630584716797
"8044",2002-01-08,274.32080078125
"8045",2002-01-09,276.547821044922
"8046",2002-01-10,276.669570922852
"8047",2002-01-11,276.771636962891
"8048",2002-01-12,278.410354614258
"8049",2002-01-13,278.302886962891
"8050",2002-01-14,278.029525756836
"8051",2002-01-15,277.493591308594
"8052",2002-01-16,278.506896972656
"8053",2002-01-17,278.636749267578
"8054",2002-01-18,278.14421081543
"8055",2002-01-19,276.350540161133
"8056",2002-01-20,277.375335693359
"8057",2002-01-21,275.896270751953
"8058",2002-01-22,278.695556640625
"8059",2002-01-23,278.435394287109
"8060",2002-01-24,271.3056640625
"8061",2002-01-25,270.025024414062
"8062",2002-01-26,270.664367675781
"8063",2002-01-27,271.393859863281
"8064",2002-01-28,279.267425537109
"8065",2002-01-29,278.469665527344
"8066",2002-01-30,274.988098144531
"8067",2002-01-31,275.669067382812
"8068",2002-02-01,280.177276611328
"8069",2002-02-02,281.202545166016
"8070",2002-02-03,280.555023193359
"8071",2002-02-04,279.257690429688
"8072",2002-02-05,280.914306640625
"8073",2002-02-06,279.117828369141
"8074",2002-02-07,277.257263183594
"8075",2002-02-08,280.624267578125
"8076",2002-02-09,280.656433105469
"8077",2002-02-10,279.605987548828
"8078",2002-02-11,278.437530517578
"8079",2002-02-12,276.504516601562
"8080",2002-02-13,275.835113525391
"8081",2002-02-14,277.775665283203
"8082",2002-02-15,281.007629394531
"8083",2002-02-16,280.0087890625
"8084",2002-02-17,280.2783203125
"8085",2002-02-18,278.312469482422
"8086",2002-02-19,275.07649230957
"8087",2002-02-20,271.749404907227
"8088",2002-02-21,275.002639770508
"8089",2002-02-22,275.957092285156
"8090",2002-02-23,277.135467529297
"8091",2002-02-24,275.109191894531
"8092",2002-02-25,276.436340332031
"8093",2002-02-26,273.567443847656
"8094",2002-02-27,273.905029296875
"8095",2002-02-28,272.584167480469
"8096",2002-03-01,274.437561035156
"8097",2002-03-02,275.509429931641
"8098",2002-03-03,276.684539794922
"8099",2002-03-04,279.625427246094
"8100",2002-03-05,279.093994140625
"8101",2002-03-06,278.846435546875
"8102",2002-03-07,277.924285888672
"8103",2002-03-08,279.374694824219
"8104",2002-03-09,279.672882080078
"8105",2002-03-10,279.870056152344
"8106",2002-03-11,281.154296875
"8107",2002-03-12,280.957946777344
"8108",2002-03-13,277.513809204102
"8109",2002-03-14,277.457336425781
"8110",2002-03-15,280.450317382812
"8111",2002-03-16,275.983047485352
"8112",2002-03-17,276.651840209961
"8113",2002-03-18,279.789642333984
"8114",2002-03-19,280.684692382812
"8115",2002-03-20,278.309616088867
"8116",2002-03-21,279.336242675781
"8117",2002-03-22,279.895446777344
"8118",2002-03-23,278.9951171875
"8119",2002-03-24,278.217651367188
"8120",2002-03-25,279.064392089844
"8121",2002-03-26,278.460998535156
"8122",2002-03-27,279.947082519531
"8123",2002-03-28,282.454223632812
"8124",2002-03-29,283.794555664062
"8125",2002-03-30,284.817504882812
"8126",2002-03-31,282.327331542969
"8127",2002-04-01,285.494018554688
"8128",2002-04-02,285.553344726562
"8129",2002-04-03,285.873168945312
"8130",2002-04-04,286.461303710938
"8131",2002-04-05,280.346160888672
"8132",2002-04-06,285.363647460938
"8133",2002-04-07,283.694030761719
"8134",2002-04-08,283.034423828125
"8135",2002-04-09,282.063842773438
"8136",2002-04-10,284.232666015625
"8137",2002-04-11,285.874877929688
"8138",2002-04-12,280.412933349609
"8139",2002-04-13,281.595199584961
"8140",2002-04-14,282.761428833008
"8141",2002-04-15,283.709777832031
"8142",2002-04-16,281.617767333984
"8143",2002-04-17,282.479125976562
"8144",2002-04-18,283.772216796875
"8145",2002-04-19,285.565673828125
"8146",2002-04-20,285.72119140625
"8147",2002-04-21,286.203491210938
"8148",2002-04-22,284.928588867188
"8149",2002-04-23,288.349975585938
"8150",2002-04-24,291.196533203125
"8151",2002-04-25,284.642395019531
"8152",2002-04-26,283.266479492188
"8153",2002-04-27,282.162445068359
"8154",2002-04-28,282.095031738281
"8155",2002-04-29,281.361694335938
"8156",2002-04-30,282.973999023438
"8157",2002-05-01,284.009399414062
"8158",2002-05-02,284.885986328125
"8159",2002-05-03,284.398315429688
"8160",2002-05-04,287.018005371094
"8161",2002-05-05,290.662231445312
"8162",2002-05-06,290.26513671875
"8163",2002-05-07,292.565185546875
"8164",2002-05-08,293.4189453125
"8165",2002-05-09,290.673034667969
"8166",2002-05-10,291.6865234375
"8167",2002-05-11,295.089111328125
"8168",2002-05-12,291.900146484375
"8169",2002-05-13,289.701782226562
"8170",2002-05-14,294.022705078125
"8171",2002-05-15,287.605590820312
"8172",2002-05-16,288.195739746094
"8173",2002-05-17,290.093505859375
"8174",2002-05-18,290.593383789062
"8175",2002-05-19,290.37841796875
"8176",2002-05-20,288.085754394531
"8177",2002-05-21,293.7890625
"8178",2002-05-22,295.838989257812
"8179",2002-05-23,296.266845703125
"8180",2002-05-24,286.438491821289
"8181",2002-05-25,288.643859863281
"8182",2002-05-26,290.461181640625
"8183",2002-05-27,285.678680419922
"8184",2002-05-28,286.281616210938
"8185",2002-05-29,289.535827636719
"8186",2002-05-30,287.897521972656
"8187",2002-05-31,288.44287109375
"8188",2002-06-01,291.80126953125
"8189",2002-06-02,294.05859375
"8190",2002-06-03,296.274169921875
"8191",2002-06-04,297.555053710938
"8192",2002-06-05,297.771240234375
"8193",2002-06-06,298.007934570312
"8194",2002-06-07,296.8310546875
"8195",2002-06-08,298.114624023438
"8196",2002-06-09,298.6982421875
"8197",2002-06-10,295.904052734375
"8198",2002-06-11,288.898803710938
"8199",2002-06-12,288.209671020508
"8200",2002-06-13,287.490295410156
"8201",2002-06-14,293.363403320312
"8202",2002-06-15,290.275756835938
"8203",2002-06-16,293.246459960938
"8204",2002-06-17,291.168334960938
"8205",2002-06-18,296.746337890625
"8206",2002-06-19,291.499877929688
"8207",2002-06-20,291.469421386719
"8208",2002-06-21,292.516052246094
"8209",2002-06-22,290.398376464844
"8210",2002-06-23,290.120330810547
"8211",2002-06-24,292.561584472656
"8212",2002-06-25,291.468322753906
"8213",2002-06-26,288.291152954102
"8214",2002-06-27,288.247589111328
"8215",2002-06-28,288.546112060547
"8216",2002-06-29,292.130432128906
"8217",2002-06-30,287.515029907227
"8218",2002-07-01,289.613220214844
"8219",2002-07-02,288.998779296875
"8220",2002-07-03,289.009201049805
"8221",2002-07-04,289.311157226562
"8222",2002-07-05,291.617309570312
"8223",2002-07-06,290.784606933594
"8224",2002-07-07,290.310791015625
"8225",2002-07-08,288.790893554688
"8226",2002-07-09,298.91162109375
"8227",2002-07-10,300.185546875
"8228",2002-07-11,292.464874267578
"8229",2002-07-12,291.489929199219
"8230",2002-07-13,295.900756835938
"8231",2002-07-14,296.634155273438
"8232",2002-07-15,297.404663085938
"8233",2002-07-16,296.98486328125
"8234",2002-07-17,297.651611328125
"8235",2002-07-18,295.23583984375
"8236",2002-07-19,293.50700378418
"8237",2002-07-20,294.997314453125
"8238",2002-07-21,293.149536132812
"8239",2002-07-22,293.665466308594
"8240",2002-07-23,293.65966796875
"8241",2002-07-24,289.460815429688
"8242",2002-07-25,292.982116699219
"8243",2002-07-26,292.736145019531
"8244",2002-07-27,295.549438476562
"8245",2002-07-28,296.102172851562
"8246",2002-07-29,299.118774414062
"8247",2002-07-30,301.473266601562
"8248",2002-07-31,297.843933105469
"8249",2002-08-01,300.1416015625
"8250",2002-08-02,295.615844726562
"8251",2002-08-03,294.354553222656
"8252",2002-08-04,298.192749023438
"8253",2002-08-05,298.36279296875
"8254",2002-08-06,297.206359863281
"8255",2002-08-07,298.406005859375
"8256",2002-08-08,297.92626953125
"8257",2002-08-09,298.64892578125
"8258",2002-08-10,298.277648925781
"8259",2002-08-11,298.53271484375
"8260",2002-08-12,296.178894042969
"8261",2002-08-13,297.150512695312
"8262",2002-08-14,299.053833007812
"8263",2002-08-15,299.333374023438
"8264",2002-08-16,298.545166015625
"8265",2002-08-17,300.257934570312
"8266",2002-08-18,300.06689453125
"8267",2002-08-19,299.15478515625
"8268",2002-08-20,299.63671875
"8269",2002-08-21,300.06396484375
"8270",2002-08-22,300.33544921875
"8271",2002-08-23,299.86962890625
"8272",2002-08-24,299.780151367188
"8273",2002-08-25,298.058471679688
"8274",2002-08-26,299.1044921875
"8275",2002-08-27,295.897521972656
"8276",2002-08-28,296.085998535156
"8277",2002-08-29,295.450622558594
"8278",2002-08-30,292.753936767578
"8279",2002-08-31,293.789672851562
"8280",2002-09-01,293.043212890625
"8281",2002-09-02,293.23388671875
"8282",2002-09-03,294.528930664062
"8283",2002-09-04,296.98046875
"8284",2002-09-05,292.707214355469
"8285",2002-09-06,290.949935913086
"8286",2002-09-07,291.437835693359
"8287",2002-09-08,295.611877441406
"8288",2002-09-09,297.504028320312
"8289",2002-09-10,295.846496582031
"8290",2002-09-11,293.097503662109
"8291",2002-09-12,295.798706054688
"8292",2002-09-13,295.502197265625
"8293",2002-09-14,291.308654785156
"8294",2002-09-15,288.5341796875
"8295",2002-09-16,290.969848632812
"8296",2002-09-17,291.031005859375
"8297",2002-09-18,289.698089599609
"8298",2002-09-19,288.1728515625
"8299",2002-09-20,287.472869873047
"8300",2002-09-21,285.552307128906
"8301",2002-09-22,284.740753173828
"8302",2002-09-23,284.500549316406
"8303",2002-09-24,289.767639160156
"8304",2002-09-25,284.389831542969
"8305",2002-09-26,285.215881347656
"8306",2002-09-27,284.466583251953
"8307",2002-09-28,289.744384765625
"8308",2002-09-29,290.480346679688
"8309",2002-09-30,288.575256347656
"8310",2002-10-01,286.053466796875
"8311",2002-10-02,288.04150390625
"8312",2002-10-03,286.999542236328
"8313",2002-10-04,284.1611328125
"8314",2002-10-05,282.035095214844
"8315",2002-10-06,279.356811523438
"8316",2002-10-07,278.265014648438
"8317",2002-10-08,279.045654296875
"8318",2002-10-09,279.813293457031
"8319",2002-10-10,279.591430664062
"8320",2002-10-11,277.673034667969
"8321",2002-10-12,278.655166625977
"8322",2002-10-13,277.187866210938
"8323",2002-10-14,276.931091308594
"8324",2002-10-15,276.736267089844
"8325",2002-10-16,276.643524169922
"8326",2002-10-17,275.255676269531
"8327",2002-10-18,275.011596679688
"8328",2002-10-19,275.25016784668
"8329",2002-10-20,273.821350097656
"8330",2002-10-21,275.929626464844
"8331",2002-10-22,276.359832763672
"8332",2002-10-23,281.149353027344
"8333",2002-10-24,281.377349853516
"8334",2002-10-25,282.160247802734
"8335",2002-10-26,282.999298095703
"8336",2002-10-27,281.730697631836
"8337",2002-10-28,280.599609375
"8338",2002-10-29,281.864715576172
"8339",2002-10-30,277.889892578125
"8340",2002-10-31,281.035903930664
"8341",2002-11-01,280.805480957031
"8342",2002-11-02,275.404098510742
"8343",2002-11-03,273.657318115234
"8344",2002-11-04,275.360717773438
"8345",2002-11-05,277.189147949219
"8346",2002-11-06,277.305725097656
"8347",2002-11-07,280.020202636719
"8348",2002-11-08,276.943450927734
"8349",2002-11-09,275.67333984375
"8350",2002-11-10,271.818603515625
"8351",2002-11-11,269.756103515625
"8352",2002-11-12,271.580322265625
"8353",2002-11-13,274.038818359375
"8354",2002-11-14,275.291809082031
"8355",2002-11-15,277.018005371094
"8356",2002-11-16,276.872375488281
"8357",2002-11-17,275.746795654297
"8358",2002-11-18,277.249633789062
"8359",2002-11-19,272.109344482422
"8360",2002-11-20,271.653381347656
"8361",2002-11-21,272.834228515625
"8362",2002-11-22,272.180786132812
"8363",2002-11-23,274.301483154297
"8364",2002-11-24,274.065887451172
"8365",2002-11-25,275.87890625
"8366",2002-11-26,276.208435058594
"8367",2002-11-27,275.276245117188
"8368",2002-11-28,275.368469238281
"8369",2002-11-29,275.111419677734
"8370",2002-11-30,271.534362792969
"8371",2002-12-01,272.033660888672
"8372",2002-12-02,274.597320556641
"8373",2002-12-03,274.982574462891
"8374",2002-12-04,273.882385253906
"8375",2002-12-05,273.122711181641
"8376",2002-12-06,271.504089355469
"8377",2002-12-07,270.59423828125
"8378",2002-12-08,269.470397949219
"8379",2002-12-09,261.754638671875
"8380",2002-12-10,264.84033203125
"8381",2002-12-11,269.51513671875
"8382",2002-12-12,266.033935546875
"8383",2002-12-13,270.256164550781
"8384",2002-12-14,271.317199707031
"8385",2002-12-15,270.3876953125
"8386",2002-12-16,270.307189941406
"8387",2002-12-17,270.688354492188
"8388",2002-12-18,268.17236328125
"8389",2002-12-19,275.082824707031
"8390",2002-12-20,277.052810668945
"8391",2002-12-21,268.990234375
"8392",2002-12-22,262.646240234375
"8393",2002-12-23,266.3056640625
"8394",2002-12-24,266.69287109375
"8395",2002-12-25,270.633544921875
"8396",2002-12-26,272.215454101562
"8397",2002-12-27,272.040832519531
"8398",2002-12-28,272.674560546875
"8399",2002-12-29,269.547973632812
"8400",2002-12-30,265.471618652344
"8401",2002-12-31,269.805419921875
"8402",2003-01-01,271.628479003906
"8403",2003-01-02,269.204345703125
"8404",2003-01-03,261.32421875
"8405",2003-01-04,260.610107421875
"8406",2003-01-05,263.930419921875
"8407",2003-01-06,264.56298828125
"8408",2003-01-07,268.228393554688
"8409",2003-01-08,265.609497070312
"8410",2003-01-09,266.931762695312
"8411",2003-01-10,266.787170410156
"8412",2003-01-11,276.860046386719
"8413",2003-01-12,276.5087890625
"8414",2003-01-13,276.777893066406
"8415",2003-01-14,279.428237915039
"8416",2003-01-15,279.059387207031
"8417",2003-01-16,279.042633056641
"8418",2003-01-17,279.088775634766
"8419",2003-01-18,278.328735351562
"8420",2003-01-19,277.146865844727
"8421",2003-01-20,277.190231323242
"8422",2003-01-21,277.400573730469
"8423",2003-01-22,276.472595214844
"8424",2003-01-23,275.668060302734
"8425",2003-01-24,278.110000610352
"8426",2003-01-25,278.774459838867
"8427",2003-01-26,278.098175048828
"8428",2003-01-27,280.449035644531
"8429",2003-01-28,275.859069824219
"8430",2003-01-29,273.127563476562
"8431",2003-01-30,265.74853515625
"8432",2003-01-31,266.877319335938
"8433",2003-02-01,272.662048339844
"8434",2003-02-02,274.406616210938
"8435",2003-02-03,274.373428344727
"8436",2003-02-04,273.339996337891
"8437",2003-02-05,270.23046875
"8438",2003-02-06,265.615905761719
"8439",2003-02-07,273.568115234375
"8440",2003-02-08,274.834579467773
"8441",2003-02-09,274.909301757812
"8442",2003-02-10,271.839202880859
"8443",2003-02-11,272.317138671875
"8444",2003-02-12,272.842803955078
"8445",2003-02-13,272.308242797852
"8446",2003-02-14,273.778305053711
"8447",2003-02-15,271.642150878906
"8448",2003-02-16,271.773025512695
"8449",2003-02-17,270.650756835938
"8450",2003-02-18,275.368835449219
"8451",2003-02-19,277.272827148438
"8452",2003-02-20,279.209899902344
"8453",2003-02-21,275.735168457031
"8454",2003-02-22,272.641479492188
"8455",2003-02-23,272.910980224609
"8456",2003-02-24,272.205200195312
"8457",2003-02-25,273.44206237793
"8458",2003-02-26,275.884231567383
"8459",2003-02-27,270.315307617188
"8460",2003-02-28,270.514175415039
"8461",2003-03-01,269.009124755859
"8462",2003-03-02,269.654144287109
"8463",2003-03-03,270.462951660156
"8464",2003-03-04,271.095138549805
"8465",2003-03-05,273.300415039062
"8466",2003-03-06,275.553344726562
"8467",2003-03-07,276.462890625
"8468",2003-03-08,275.131011962891
"8469",2003-03-09,277.482879638672
"8470",2003-03-10,279.338653564453
"8471",2003-03-11,278.504089355469
"8472",2003-03-12,279.04638671875
"8473",2003-03-13,280.320678710938
"8474",2003-03-14,282.704223632812
"8475",2003-03-15,283.339233398438
"8476",2003-03-16,280.949096679688
"8477",2003-03-17,284.727661132812
"8478",2003-03-18,284.06396484375
"8479",2003-03-19,283.509521484375
"8480",2003-03-20,276.402206420898
"8481",2003-03-21,276.210510253906
"8482",2003-03-22,279.226379394531
"8483",2003-03-23,282.562744140625
"8484",2003-03-24,283.317626953125
"8485",2003-03-25,282.885620117188
"8486",2003-03-26,281.184326171875
"8487",2003-03-27,284.07080078125
"8488",2003-03-28,285.304443359375
"8489",2003-03-29,282.096923828125
"8490",2003-03-30,282.034423828125
"8491",2003-03-31,282.204956054688
"8492",2003-04-01,279.423156738281
"8493",2003-04-02,280.316070556641
"8494",2003-04-03,279.988403320312
"8495",2003-04-04,285.8994140625
"8496",2003-04-05,278.905364990234
"8497",2003-04-06,277.817535400391
"8498",2003-04-07,278.026184082031
"8499",2003-04-08,279.080810546875
"8500",2003-04-09,281.917419433594
"8501",2003-04-10,281.697631835938
"8502",2003-04-11,276.405975341797
"8503",2003-04-12,278.534881591797
"8504",2003-04-13,282.144287109375
"8505",2003-04-14,286.7080078125
"8506",2003-04-15,286.540771484375
"8507",2003-04-16,288.234375
"8508",2003-04-17,289.810668945312
"8509",2003-04-18,287.199096679688
"8510",2003-04-19,287.570068359375
"8511",2003-04-20,289.947265625
"8512",2003-04-21,292.048095703125
"8513",2003-04-22,294.43359375
"8514",2003-04-23,292.580810546875
"8515",2003-04-24,282.961059570312
"8516",2003-04-25,281.699340820312
"8517",2003-04-26,282.188079833984
"8518",2003-04-27,276.957153320312
"8519",2003-04-28,280.89013671875
"8520",2003-04-29,281.5908203125
"8521",2003-04-30,285.37841796875
"8522",2003-05-01,282.827758789062
"8523",2003-05-02,284.235595703125
"8524",2003-05-03,278.983856201172
"8525",2003-05-04,283.181091308594
"8526",2003-05-05,291.318115234375
"8527",2003-05-06,284.479736328125
"8528",2003-05-07,284.984375
"8529",2003-05-08,285.017639160156
"8530",2003-05-09,286.708618164062
"8531",2003-05-10,284.727722167969
"8532",2003-05-11,286.598510742188
"8533",2003-05-12,288.200073242188
"8534",2003-05-13,284.911682128906
"8535",2003-05-14,284.157836914062
"8536",2003-05-15,283.822967529297
"8537",2003-05-16,284.477966308594
"8538",2003-05-17,285.696960449219
"8539",2003-05-18,290.192504882812
"8540",2003-05-19,288.946899414062
"8541",2003-05-20,285.695983886719
"8542",2003-05-21,285.2822265625
"8543",2003-05-22,286.627075195312
"8544",2003-05-23,284.306213378906
"8545",2003-05-24,288.43359375
"8546",2003-05-25,290.335815429688
"8547",2003-05-26,288.207336425781
"8548",2003-05-27,288.9091796875
"8549",2003-05-28,291.424438476562
"8550",2003-05-29,290.293579101562
"8551",2003-05-30,292.520385742188
"8552",2003-05-31,293.301635742188
"8553",2003-06-01,294.717529296875
"8554",2003-06-02,295.90869140625
"8555",2003-06-03,298.174072265625
"8556",2003-06-04,297.4208984375
"8557",2003-06-05,291.755737304688
"8558",2003-06-06,292.210205078125
"8559",2003-06-07,290.665344238281
"8560",2003-06-08,292.48486328125
"8561",2003-06-09,290.713562011719
"8562",2003-06-10,292.604614257812
"8563",2003-06-11,289.351135253906
"8564",2003-06-12,290.661437988281
"8565",2003-06-13,290.820068359375
"8566",2003-06-14,291.789428710938
"8567",2003-06-15,290.306579589844
"8568",2003-06-16,291.607788085938
"8569",2003-06-17,292.483520507812
"8570",2003-06-18,293.917236328125
"8571",2003-06-19,291.761108398438
"8572",2003-06-20,292.134338378906
"8573",2003-06-21,290.92822265625
"8574",2003-06-22,292.245361328125
"8575",2003-06-23,288.475463867188
"8576",2003-06-24,289.743072509766
"8577",2003-06-25,294.957153320312
"8578",2003-06-26,296.010131835938
"8579",2003-06-27,298.086303710938
"8580",2003-06-28,294.435424804688
"8581",2003-06-29,292.591857910156
"8582",2003-06-30,291.557189941406
"8583",2003-07-01,290.340515136719
"8584",2003-07-02,291.351867675781
"8585",2003-07-03,293.949401855469
"8586",2003-07-04,293.438110351562
"8587",2003-07-05,296.203735351562
"8588",2003-07-06,295.647583007812
"8589",2003-07-07,292.798461914062
"8590",2003-07-08,292.600891113281
"8591",2003-07-09,294.492248535156
"8592",2003-07-10,296.52587890625
"8593",2003-07-11,292.771179199219
"8594",2003-07-12,292.760101318359
"8595",2003-07-13,297.954345703125
"8596",2003-07-14,300.866943359375
"8597",2003-07-15,302
"8598",2003-07-16,301.885864257812
"8599",2003-07-17,302.145751953125
"8600",2003-07-18,300.689819335938
"8601",2003-07-19,294.571105957031
"8602",2003-07-20,298.065673828125
"8603",2003-07-21,297.219787597656
"8604",2003-07-22,296.560424804688
"8605",2003-07-23,294.029846191406
"8606",2003-07-24,295.882934570312
"8607",2003-07-25,293.422485351562
"8608",2003-07-26,294.232604980469
"8609",2003-07-27,293.16455078125
"8610",2003-07-28,294.273803710938
"8611",2003-07-29,295.408264160156
"8612",2003-07-30,296.591796875
"8613",2003-07-31,297.727294921875
"8614",2003-08-01,298.225830078125
"8615",2003-08-02,294.993835449219
"8616",2003-08-03,293.703186035156
"8617",2003-08-04,294.788177490234
"8618",2003-08-05,296.213745117188
"8619",2003-08-06,296.639770507812
"8620",2003-08-07,299.202880859375
"8621",2003-08-08,299.220581054688
"8622",2003-08-09,298.697143554688
"8623",2003-08-10,300.515869140625
"8624",2003-08-11,298.918640136719
"8625",2003-08-12,299.121948242188
"8626",2003-08-13,294.685180664062
"8627",2003-08-14,289.163665771484
"8628",2003-08-15,293.85400390625
"8629",2003-08-16,294.690856933594
"8630",2003-08-17,296.8544921875
"8631",2003-08-18,295.9951171875
"8632",2003-08-19,291.974761962891
"8633",2003-08-20,293.468017578125
"8634",2003-08-21,290.670318603516
"8635",2003-08-22,293.121643066406
"8636",2003-08-23,292.550994873047
"8637",2003-08-24,295.620910644531
"8638",2003-08-25,292.351501464844
"8639",2003-08-26,291.399047851562
"8640",2003-08-27,287.922515869141
"8641",2003-08-28,290.481079101562
"8642",2003-08-29,291.2236328125
"8643",2003-08-30,289.703765869141
"8644",2003-08-31,289.069915771484
"8645",2003-09-01,288.023162841797
"8646",2003-09-02,289.319610595703
"8647",2003-09-03,291.941162109375
"8648",2003-09-04,294.009033203125
"8649",2003-09-05,294.427368164062
"8650",2003-09-06,294.737182617188
"8651",2003-09-07,291.143524169922
"8652",2003-09-08,294.080444335938
"8653",2003-09-09,291.468597412109
"8654",2003-09-10,290.686614990234
"8655",2003-09-11,289.813522338867
"8656",2003-09-12,290.281860351562
"8657",2003-09-13,291.776123046875
"8658",2003-09-14,290.569549560547
"8659",2003-09-15,291.784576416016
"8660",2003-09-16,292.096130371094
"8661",2003-09-17,289.807983398438
"8662",2003-09-18,292.074462890625
"8663",2003-09-19,289.133850097656
"8664",2003-09-20,286.843414306641
"8665",2003-09-21,289.823760986328
"8666",2003-09-22,293.073181152344
"8667",2003-09-23,287.831298828125
"8668",2003-09-24,286.060546875
"8669",2003-09-25,289.013305664062
"8670",2003-09-26,288.130187988281
"8671",2003-09-27,284.484741210938
"8672",2003-09-28,283.134246826172
"8673",2003-09-29,285.393157958984
"8674",2003-09-30,286.750305175781
"8675",2003-10-01,287.357696533203
"8676",2003-10-02,287.552856445312
"8677",2003-10-03,284.759948730469
"8678",2003-10-04,285.703826904297
"8679",2003-10-05,284.455078125
"8680",2003-10-06,283.903656005859
"8681",2003-10-07,282.673904418945
"8682",2003-10-08,284.643737792969
"8683",2003-10-09,284.641784667969
"8684",2003-10-10,285.614624023438
"8685",2003-10-11,285.648864746094
"8686",2003-10-12,285.78564453125
"8687",2003-10-13,282.240356445312
"8688",2003-10-14,281.906066894531
"8689",2003-10-15,281.571838378906
"8690",2003-10-16,282.644104003906
"8691",2003-10-17,281.115417480469
"8692",2003-10-18,279.747131347656
"8693",2003-10-19,277.0849609375
"8694",2003-10-20,276.643096923828
"8695",2003-10-21,275.169128417969
"8696",2003-10-22,273.988586425781
"8697",2003-10-23,273.207763671875
"8698",2003-10-24,277.826171875
"8699",2003-10-25,277.852630615234
"8700",2003-10-26,276.616500854492
"8701",2003-10-27,282.108581542969
"8702",2003-10-28,284.743560791016
"8703",2003-10-29,280.375549316406
"8704",2003-10-30,276.327575683594
"8705",2003-10-31,277.220520019531
"8706",2003-11-01,279.522705078125
"8707",2003-11-02,281.486831665039
"8708",2003-11-03,282.83805847168
"8709",2003-11-04,282.518341064453
"8710",2003-11-05,283.873672485352
"8711",2003-11-06,282.561676025391
"8712",2003-11-07,279.2255859375
"8713",2003-11-08,277.502227783203
"8714",2003-11-09,277.824401855469
"8715",2003-11-10,277.759124755859
"8716",2003-11-11,277.736114501953
"8717",2003-11-12,277.383666992188
"8718",2003-11-13,275.670654296875
"8719",2003-11-14,280.020935058594
"8720",2003-11-15,278.347045898438
"8721",2003-11-16,279.794555664062
"8722",2003-11-17,277.507995605469
"8723",2003-11-18,281.60693359375
"8724",2003-11-19,281.806335449219
"8725",2003-11-20,279.420989990234
"8726",2003-11-21,278.129302978516
"8727",2003-11-22,276.057922363281
"8728",2003-11-23,274.227294921875
"8729",2003-11-24,272.549194335938
"8730",2003-11-25,273.816772460938
"8731",2003-11-26,277.199340820312
"8732",2003-11-27,278.442077636719
"8733",2003-11-28,278.523193359375
"8734",2003-11-29,277.920349121094
"8735",2003-11-30,279.732559204102
"8736",2003-12-01,279.187896728516
"8737",2003-12-02,278.787292480469
"8738",2003-12-03,278.445190429688
"8739",2003-12-04,281.670471191406
"8740",2003-12-05,280.139831542969
"8741",2003-12-06,275.151000976562
"8742",2003-12-07,277.798767089844
"8743",2003-12-08,277.61669921875
"8744",2003-12-09,278.752380371094
"8745",2003-12-10,279.565155029297
"8746",2003-12-11,279.873596191406
"8747",2003-12-12,272.763793945312
"8748",2003-12-13,278.6904296875
"8749",2003-12-14,278.377563476562
"8750",2003-12-15,276.951965332031
"8751",2003-12-16,278.012390136719
"8752",2003-12-17,279.899536132812
"8753",2003-12-18,280.942199707031
"8754",2003-12-19,281.132446289062
"8755",2003-12-20,275.929870605469
"8756",2003-12-21,274.169250488281
"8757",2003-12-22,268.329162597656
"8758",2003-12-23,271.651733398438
"8759",2003-12-24,280.356109619141
"8760",2003-12-25,281.263656616211
"8761",2003-12-26,279.473358154297
"8762",2003-12-27,279.342346191406
"8763",2003-12-28,278.714080810547
"8764",2003-12-29,272.260375976562
"8765",2003-12-30,268.661865234375
"8766",2003-12-31,266.998413085938
"8767",2004-01-01,269.474182128906
"8768",2004-01-02,268.140686035156
"8769",2004-01-03,271.656860351562
"8770",2004-01-04,272.371154785156
"8771",2004-01-05,273.654144287109
"8772",2004-01-06,271.710144042969
"8773",2004-01-07,272.636596679688
"8774",2004-01-08,273.415649414062
"8775",2004-01-09,273.995376586914
"8776",2004-01-10,271.6142578125
"8777",2004-01-11,274.603820800781
"8778",2004-01-12,276.528411865234
"8779",2004-01-13,276.205627441406
"8780",2004-01-14,274.771270751953
"8781",2004-01-15,271.8251953125
"8782",2004-01-16,270.921691894531
"8783",2004-01-17,266.59228515625
"8784",2004-01-18,275.374481201172
"8785",2004-01-19,272.528686523438
"8786",2004-01-20,268.022094726562
"8787",2004-01-21,260.804077148438
"8788",2004-01-22,271.63037109375
"8789",2004-01-23,273.789520263672
"8790",2004-01-24,274.052124023438
"8791",2004-01-25,270.42041015625
"8792",2004-01-26,271.472595214844
"8793",2004-01-27,271.585815429688
"8794",2004-01-28,272.289978027344
"8795",2004-01-29,272.056945800781
"8796",2004-01-30,272.76123046875
"8797",2004-01-31,274.306518554688
"8798",2004-02-01,271.481201171875
"8799",2004-02-02,274.367553710938
"8800",2004-02-03,279.920074462891
"8801",2004-02-04,280.247253417969
"8802",2004-02-05,278.69091796875
"8803",2004-02-06,279.116424560547
"8804",2004-02-07,276.663208007812
"8805",2004-02-08,273.455139160156
"8806",2004-02-09,271.909606933594
"8807",2004-02-10,272.346740722656
"8808",2004-02-11,269.909606933594
"8809",2004-02-12,274.504821777344
"8810",2004-02-13,273.454055786133
"8811",2004-02-14,277.437133789062
"8812",2004-02-15,280.068359375
"8813",2004-02-16,276.243011474609
"8814",2004-02-17,278.400955200195
"8815",2004-02-18,276.999114990234
"8816",2004-02-19,275.851745605469
"8817",2004-02-20,276.885665893555
"8818",2004-02-21,276.714721679688
"8819",2004-02-22,273.230285644531
"8820",2004-02-23,273.355651855469
"8821",2004-02-24,276.339813232422
"8822",2004-02-25,275.929626464844
"8823",2004-02-26,276.128784179688
"8824",2004-02-27,272.548248291016
"8825",2004-02-28,272.515686035156
"8826",2004-02-29,273.599716186523
"8827",2004-03-01,278.761474609375
"8828",2004-03-02,280.276245117188
"8829",2004-03-03,272.737731933594
"8830",2004-03-04,271.710174560547
"8831",2004-03-05,272.848419189453
"8832",2004-03-06,275.147674560547
"8833",2004-03-07,278.230834960938
"8834",2004-03-08,276.759643554688
"8835",2004-03-09,277.346099853516
"8836",2004-03-10,276.3359375
"8837",2004-03-11,275.715805053711
"8838",2004-03-12,273.774108886719
"8839",2004-03-13,274.442932128906
"8840",2004-03-14,278.362182617188
"8841",2004-03-15,280.187316894531
"8842",2004-03-16,282.500854492188
"8843",2004-03-17,281.599853515625
"8844",2004-03-18,282.56201171875
"8845",2004-03-19,280.038696289062
"8846",2004-03-20,279.372619628906
"8847",2004-03-21,277.915588378906
"8848",2004-03-22,278.855560302734
"8849",2004-03-23,276.7822265625
"8850",2004-03-24,276.02864074707
"8851",2004-03-25,276.323547363281
"8852",2004-03-26,276.752075195312
"8853",2004-03-27,283.380249023438
"8854",2004-03-28,281.550415039062
"8855",2004-03-29,283.873413085938
"8856",2004-03-30,284.891845703125
"8857",2004-03-31,287.619018554688
"8858",2004-04-01,281.662658691406
"8859",2004-04-02,280.362182617188
"8860",2004-04-03,281.148071289062
"8861",2004-04-04,281.146545410156
"8862",2004-04-05,281.965393066406
"8863",2004-04-06,280.002960205078
"8864",2004-04-07,277.622863769531
"8865",2004-04-08,286.076782226562
"8866",2004-04-09,283.505859375
"8867",2004-04-10,283.528564453125
"8868",2004-04-11,282.799682617188
"8869",2004-04-12,283.040100097656
"8870",2004-04-13,282.829528808594
"8871",2004-04-14,280.097137451172
"8872",2004-04-15,284.472534179688
"8873",2004-04-16,288.769287109375
"8874",2004-04-17,289.286865234375
"8875",2004-04-18,289.287963867188
"8876",2004-04-19,289.080322265625
"8877",2004-04-20,283.877990722656
"8878",2004-04-21,284.9775390625
"8879",2004-04-22,286.276184082031
"8880",2004-04-23,283.253540039062
"8881",2004-04-24,288.3193359375
"8882",2004-04-25,287.539672851562
"8883",2004-04-26,281.833465576172
"8884",2004-04-27,284.313781738281
"8885",2004-04-28,286.646484375
"8886",2004-04-29,286.456237792969
"8887",2004-04-30,287.706665039062
"8888",2004-05-01,291.262939453125
"8889",2004-05-02,290.673950195312
"8890",2004-05-03,289.120971679688
"8891",2004-05-04,285.919311523438
"8892",2004-05-05,292.41259765625
"8893",2004-05-06,293.774047851562
"8894",2004-05-07,296.351806640625
"8895",2004-05-08,295.026733398438
"8896",2004-05-09,297.1220703125
"8897",2004-05-10,295.231689453125
"8898",2004-05-11,286.928497314453
"8899",2004-05-12,284.306655883789
"8900",2004-05-13,285.412658691406
"8901",2004-05-14,287.271301269531
"8902",2004-05-15,287.584594726562
"8903",2004-05-16,290.156494140625
"8904",2004-05-17,291.482543945312
"8905",2004-05-18,290.021850585938
"8906",2004-05-19,289.650634765625
"8907",2004-05-20,285.472106933594
"8908",2004-05-21,284.850616455078
"8909",2004-05-22,283.880859375
"8910",2004-05-23,287.851684570312
"8911",2004-05-24,288.432495117188
"8912",2004-05-25,286.201171875
"8913",2004-05-26,285.691833496094
"8914",2004-05-27,289.454223632812
"8915",2004-05-28,288.073791503906
"8916",2004-05-29,288.410766601562
"8917",2004-05-30,291.514221191406
"8918",2004-05-31,293.782958984375
"8919",2004-06-01,292.566040039062
"8920",2004-06-02,295.5
"8921",2004-06-03,295.115478515625
"8922",2004-06-04,289.207092285156
"8923",2004-06-05,290.028137207031
"8924",2004-06-06,292.497192382812
"8925",2004-06-07,289.142700195312
"8926",2004-06-08,290.609497070312
"8927",2004-06-09,291.747924804688
"8928",2004-06-10,293.526611328125
"8929",2004-06-11,290.98779296875
"8930",2004-06-12,293.575439453125
"8931",2004-06-13,294.906982421875
"8932",2004-06-14,293.3427734375
"8933",2004-06-15,291.386169433594
"8934",2004-06-16,291.40869140625
"8935",2004-06-17,291.313110351562
"8936",2004-06-18,290.902465820312
"8937",2004-06-19,284.833404541016
"8938",2004-06-20,285.542633056641
"8939",2004-06-21,288.580261230469
"8940",2004-06-22,286.996765136719
"8941",2004-06-23,292.096374511719
"8942",2004-06-24,288.967163085938
"8943",2004-06-25,289.874267578125
"8944",2004-06-26,291.133911132812
"8945",2004-06-27,290.810791015625
"8946",2004-06-28,290.404479980469
"8947",2004-06-29,292.4580078125
"8948",2004-06-30,294.041381835938
"8949",2004-07-01,290.138061523438
"8950",2004-07-02,289.076232910156
"8951",2004-07-03,290.124389648438
"8952",2004-07-04,289.543212890625
"8953",2004-07-05,289.473754882812
"8954",2004-07-06,291.040832519531
"8955",2004-07-07,291.171325683594
"8956",2004-07-08,293.584350585938
"8957",2004-07-09,288.402404785156
"8958",2004-07-10,288.330291748047
"8959",2004-07-11,293.053161621094
"8960",2004-07-12,293.327758789062
"8961",2004-07-13,290.236694335938
"8962",2004-07-14,290.045471191406
"8963",2004-07-15,291.2548828125
"8964",2004-07-16,292.133239746094
"8965",2004-07-17,293.2197265625
"8966",2004-07-18,289.668380737305
"8967",2004-07-19,290.602661132812
"8968",2004-07-20,292.414184570312
"8969",2004-07-21,293.633728027344
"8970",2004-07-22,289.106704711914
"8971",2004-07-23,295.5830078125
"8972",2004-07-24,293.205993652344
"8973",2004-07-25,289.630737304688
"8974",2004-07-26,290.426574707031
"8975",2004-07-27,293.356628417969
"8976",2004-07-28,295.575439453125
"8977",2004-07-29,294.537231445312
"8978",2004-07-30,296.860961914062
"8979",2004-07-31,296.480407714844
"8980",2004-08-01,298.48046875
"8981",2004-08-02,297.308654785156
"8982",2004-08-03,292.915496826172
"8983",2004-08-04,294.658935546875
"8984",2004-08-05,297.244995117188
"8985",2004-08-06,299.58642578125
"8986",2004-08-07,300.966186523438
"8987",2004-08-08,301.021484375
"8988",2004-08-09,301.985229492188
"8989",2004-08-10,301.91552734375
"8990",2004-08-11,300.630493164062
"8991",2004-08-12,300.944946289062
"8992",2004-08-13,294.434661865234
"8993",2004-08-14,294.339050292969
"8994",2004-08-15,296.222534179688
"8995",2004-08-16,293.304809570312
"8996",2004-08-17,293.568420410156
"8997",2004-08-18,294.437194824219
"8998",2004-08-19,293.523864746094
"8999",2004-08-20,291.053375244141
"9000",2004-08-21,291.601257324219
"9001",2004-08-22,287.306945800781
"9002",2004-08-23,290.445556640625
"9003",2004-08-24,290.89208984375
"9004",2004-08-25,288.962265014648
"9005",2004-08-26,289.534378051758
"9006",2004-08-27,289.612274169922
"9007",2004-08-28,289.315124511719
"9008",2004-08-29,289.733978271484
"9009",2004-08-30,288.88606262207
"9010",2004-08-31,288.085983276367
"9011",2004-09-01,289.798736572266
"9012",2004-09-02,291.819091796875
"9013",2004-09-03,292.159973144531
"9014",2004-09-04,293.403869628906
"9015",2004-09-05,293.933227539062
"9016",2004-09-06,293.491943359375
"9017",2004-09-07,291.141967773438
"9018",2004-09-08,290.306854248047
"9019",2004-09-09,292.095764160156
"9020",2004-09-10,292.720458984375
"9021",2004-09-11,289.615447998047
"9022",2004-09-12,288.213531494141
"9023",2004-09-13,289.577911376953
"9024",2004-09-14,287.566253662109
"9025",2004-09-15,286.418701171875
"9026",2004-09-16,286.444213867188
"9027",2004-09-17,287.477722167969
"9028",2004-09-18,287.798187255859
"9029",2004-09-19,288.336395263672
"9030",2004-09-20,286.065277099609
"9031",2004-09-21,287.011047363281
"9032",2004-09-22,287.336730957031
"9033",2004-09-23,288.149017333984
"9034",2004-09-24,288.602142333984
"9035",2004-09-25,289.929321289062
"9036",2004-09-26,288.378540039062
"9037",2004-09-27,288.756439208984
"9038",2004-09-28,287.578918457031
"9039",2004-09-29,287.619567871094
"9040",2004-09-30,287.721832275391
"9041",2004-10-01,286.344055175781
"9042",2004-10-02,285.131378173828
"9043",2004-10-03,285.685119628906
"9044",2004-10-04,285.906951904297
"9045",2004-10-05,285.746063232422
"9046",2004-10-06,284.775970458984
"9047",2004-10-07,284.79118347168
"9048",2004-10-08,283.363327026367
"9049",2004-10-09,282.579681396484
"9050",2004-10-10,282.142135620117
"9051",2004-10-11,281.992126464844
"9052",2004-10-12,281.580261230469
"9053",2004-10-13,282.303985595703
"9054",2004-10-14,281.915100097656
"9055",2004-10-15,281.737274169922
"9056",2004-10-16,282.037017822266
"9057",2004-10-17,281.7392578125
"9058",2004-10-18,282.118560791016
"9059",2004-10-19,281.582885742188
"9060",2004-10-20,281.733215332031
"9061",2004-10-21,283.415832519531
"9062",2004-10-22,284.38410949707
"9063",2004-10-23,282.874725341797
"9064",2004-10-24,283.085556030273
"9065",2004-10-25,284.79296875
"9066",2004-10-26,283.737823486328
"9067",2004-10-27,279.184509277344
"9068",2004-10-28,276.999816894531
"9069",2004-10-29,280.114196777344
"9070",2004-10-30,279.110626220703
"9071",2004-10-31,281.953552246094
"9072",2004-11-01,283.304534912109
"9073",2004-11-02,281.896026611328
"9074",2004-11-03,281.9501953125
"9075",2004-11-04,282.537048339844
"9076",2004-11-05,281.862548828125
"9077",2004-11-06,282.67041015625
"9078",2004-11-07,279.931762695312
"9079",2004-11-08,280.909545898438
"9080",2004-11-09,280.515808105469
"9081",2004-11-10,278.759735107422
"9082",2004-11-11,282.703308105469
"9083",2004-11-12,284.375549316406
"9084",2004-11-13,278.160461425781
"9085",2004-11-14,283.494583129883
"9086",2004-11-15,284.528137207031
"9087",2004-11-16,277.581115722656
"9088",2004-11-17,275.833374023438
"9089",2004-11-18,275.751098632812
"9090",2004-11-19,270.902954101562
"9091",2004-11-20,270.882934570312
"9092",2004-11-21,270.522583007812
"9093",2004-11-22,273.171569824219
"9094",2004-11-23,272.725952148438
"9095",2004-11-24,280.334350585938
"9096",2004-11-25,279.341125488281
"9097",2004-11-26,275.267578125
"9098",2004-11-27,272.446655273438
"9099",2004-11-28,273.912231445312
"9100",2004-11-29,272.726318359375
"9101",2004-11-30,277.882934570312
"9102",2004-12-01,277.800354003906
"9103",2004-12-02,275.669067382812
"9104",2004-12-03,277.554260253906
"9105",2004-12-04,280.960845947266
"9106",2004-12-05,282.146789550781
"9107",2004-12-06,281.595825195312
"9108",2004-12-07,282.105117797852
"9109",2004-12-08,279.106079101562
"9110",2004-12-09,280.103515625
"9111",2004-12-10,279.978942871094
"9112",2004-12-11,278.268493652344
"9113",2004-12-12,276.168395996094
"9114",2004-12-13,276.666931152344
"9115",2004-12-14,279.089660644531
"9116",2004-12-15,281.752975463867
"9117",2004-12-16,280.280776977539
"9118",2004-12-17,279.699813842773
"9119",2004-12-18,277.622253417969
"9120",2004-12-19,272.232666015625
"9121",2004-12-20,269.91162109375
"9122",2004-12-21,276.072021484375
"9123",2004-12-22,280.686538696289
"9124",2004-12-23,279.854888916016
"9125",2004-12-24,274.95947265625
"9126",2004-12-25,273.552612304688
"9127",2004-12-26,272.807861328125
"9128",2004-12-27,274.446350097656
"9129",2004-12-28,275.083190917969
"9130",2004-12-29,278.146362304688
"9131",2004-12-30,281.485107421875
"9132",2004-12-31,277.154846191406
"9133",2005-01-01,278.911178588867
"9134",2005-01-02,278.268844604492
"9135",2005-01-03,277.094024658203
"9136",2005-01-04,280.571166992188
"9137",2005-01-05,278.952545166016
"9138",2005-01-06,280.817581176758
"9139",2005-01-07,282.477523803711
"9140",2005-01-08,281.147079467773
"9141",2005-01-09,279.287200927734
"9142",2005-01-10,282.891494750977
"9143",2005-01-11,281.468292236328
"9144",2005-01-12,280.806457519531
"9145",2005-01-13,280.125503540039
"9146",2005-01-14,276.635894775391
"9147",2005-01-15,277.807922363281
"9148",2005-01-16,279.393249511719
"9149",2005-01-17,279.744812011719
"9150",2005-01-18,279.398330688477
"9151",2005-01-19,274.784362792969
"9152",2005-01-20,273.964599609375
"9153",2005-01-21,272.043273925781
"9154",2005-01-22,273.812316894531
"9155",2005-01-23,272.3603515625
"9156",2005-01-24,273.561828613281
"9157",2005-01-25,271.023529052734
"9158",2005-01-26,271.409606933594
"9159",2005-01-27,273.433471679688
"9160",2005-01-28,273.172561645508
"9161",2005-01-29,274.127197265625
"9162",2005-01-30,279.762268066406
"9163",2005-01-31,279.283660888672
"9164",2005-02-01,277.940582275391
"9165",2005-02-02,280.024169921875
"9166",2005-02-03,277.144317626953
"9167",2005-02-04,278.185684204102
"9168",2005-02-05,278.096099853516
"9169",2005-02-06,275.819305419922
"9170",2005-02-07,272.810516357422
"9171",2005-02-08,271.910064697266
"9172",2005-02-09,274.429931640625
"9173",2005-02-10,277.532470703125
"9174",2005-02-11,277.088088989258
"9175",2005-02-12,275.423126220703
"9176",2005-02-13,274.231842041016
"9177",2005-02-14,273.227661132812
"9178",2005-02-15,272.556182861328
"9179",2005-02-16,269.916870117188
"9180",2005-02-17,273.888488769531
"9181",2005-02-18,276.480041503906
"9182",2005-02-19,276.797561645508
"9183",2005-02-20,275.636199951172
"9184",2005-02-21,274.953689575195
"9185",2005-02-22,271.776184082031
"9186",2005-02-23,269.322204589844
"9187",2005-02-24,272.446960449219
"9188",2005-02-25,274.92529296875
"9189",2005-02-26,273.372283935547
"9190",2005-02-27,272.371887207031
"9191",2005-02-28,273.947875976562
"9192",2005-03-01,267.333618164062
"9193",2005-03-02,269.800064086914
"9194",2005-03-03,270.910186767578
"9195",2005-03-04,273.437438964844
"9196",2005-03-05,274.282897949219
"9197",2005-03-06,276.367553710938
"9198",2005-03-07,280.626220703125
"9199",2005-03-08,278.407470703125
"9200",2005-03-09,276.578918457031
"9201",2005-03-10,277.887390136719
"9202",2005-03-11,275.540100097656
"9203",2005-03-12,272.367614746094
"9204",2005-03-13,270.209335327148
"9205",2005-03-14,272.347778320312
"9206",2005-03-15,273.106170654297
"9207",2005-03-16,275.344146728516
"9208",2005-03-17,279.733154296875
"9209",2005-03-18,276.388336181641
"9210",2005-03-19,274.13232421875
"9211",2005-03-20,275.821533203125
"9212",2005-03-21,276.762268066406
"9213",2005-03-22,279.86865234375
"9214",2005-03-23,279.005432128906
"9215",2005-03-24,281.86572265625
"9216",2005-03-25,283.271362304688
"9217",2005-03-26,287.2236328125
"9218",2005-03-27,283.203979492188
"9219",2005-03-28,280.893188476562
"9220",2005-03-29,281.618408203125
"9221",2005-03-30,282.254272460938
"9222",2005-03-31,283.538940429688
"9223",2005-04-01,283.252685546875
"9224",2005-04-02,283.8125
"9225",2005-04-03,287.91455078125
"9226",2005-04-04,287.390014648438
"9227",2005-04-05,280.898071289062
"9228",2005-04-06,281.197448730469
"9229",2005-04-07,280.525695800781
"9230",2005-04-08,279.932250976562
"9231",2005-04-09,281.258911132812
"9232",2005-04-10,279.357421875
"9233",2005-04-11,286.957641601562
"9234",2005-04-12,282.233947753906
"9235",2005-04-13,281.478698730469
"9236",2005-04-14,280.419860839844
"9237",2005-04-15,285.182678222656
"9238",2005-04-16,286.513549804688
"9239",2005-04-17,286.764038085938
"9240",2005-04-18,283.644470214844
"9241",2005-04-19,284.753723144531
"9242",2005-04-20,281.1142578125
"9243",2005-04-21,283.805786132812
"9244",2005-04-22,283.076721191406
"9245",2005-04-23,284.015808105469
"9246",2005-04-24,285.58349609375
"9247",2005-04-25,288.98388671875
"9248",2005-04-26,287.107299804688
"9249",2005-04-27,286.502807617188
"9250",2005-04-28,287.577270507812
"9251",2005-04-29,283.701812744141
"9252",2005-04-30,284.485412597656
"9253",2005-05-01,286.688171386719
"9254",2005-05-02,283.888793945312
"9255",2005-05-03,285.7197265625
"9256",2005-05-04,287.910522460938
"9257",2005-05-05,284.797241210938
"9258",2005-05-06,285.725402832031
"9259",2005-05-07,284.115539550781
"9260",2005-05-08,283.175354003906
"9261",2005-05-09,282.855041503906
"9262",2005-05-10,283.659729003906
"9263",2005-05-11,287.339782714844
"9264",2005-05-12,288.802734375
"9265",2005-05-13,289.247192382812
"9266",2005-05-14,290.099731445312
"9267",2005-05-15,288.87060546875
"9268",2005-05-16,282.485687255859
"9269",2005-05-17,283.980102539062
"9270",2005-05-18,282.809204101562
"9271",2005-05-19,284.334655761719
"9272",2005-05-20,285.191558837891
"9273",2005-05-21,285.052429199219
"9274",2005-05-22,289.71533203125
"9275",2005-05-23,291.032104492188
"9276",2005-05-24,287.263977050781
"9277",2005-05-25,287.209533691406
"9278",2005-05-26,289.62353515625
"9279",2005-05-27,289.602783203125
"9280",2005-05-28,285.416839599609
"9281",2005-05-29,286.972259521484
"9282",2005-05-30,287.998901367188
"9283",2005-05-31,283.242919921875
"9284",2005-06-01,287.042297363281
"9285",2005-06-02,283.020202636719
"9286",2005-06-03,286.884887695312
"9287",2005-06-04,285.882446289062
"9288",2005-06-05,290.247680664062
"9289",2005-06-06,286.798767089844
"9290",2005-06-07,288.117492675781
"9291",2005-06-08,290.002319335938
"9292",2005-06-09,292.672973632812
"9293",2005-06-10,290.541015625
"9294",2005-06-11,288.938171386719
"9295",2005-06-12,288.368286132812
"9296",2005-06-13,287.614715576172
"9297",2005-06-14,289.377746582031
"9298",2005-06-15,293.947265625
"9299",2005-06-16,295.047607421875
"9300",2005-06-17,288.911987304688
"9301",2005-06-18,292.651733398438
"9302",2005-06-19,295.138549804688
"9303",2005-06-20,295.5576171875
"9304",2005-06-21,292.998107910156
"9305",2005-06-22,294.708740234375
"9306",2005-06-23,293.185729980469
"9307",2005-06-24,294.379760742188
"9308",2005-06-25,293.107666015625
"9309",2005-06-26,293.646606445312
"9310",2005-06-27,292.877380371094
"9311",2005-06-28,291.698181152344
"9312",2005-06-29,295.948486328125
"9313",2005-06-30,295.349365234375
"9314",2005-07-01,294.141845703125
"9315",2005-07-02,295.684204101562
"9316",2005-07-03,295.585571289062
"9317",2005-07-04,299.205444335938
"9318",2005-07-05,298.884643554688
"9319",2005-07-06,299.581909179688
"9320",2005-07-07,300.796142578125
"9321",2005-07-08,302.637451171875
"9322",2005-07-09,303.492431640625
"9323",2005-07-10,300.672607421875
"9324",2005-07-11,302.8798828125
"9325",2005-07-12,299.341918945312
"9326",2005-07-13,296.512939453125
"9327",2005-07-14,293.201416015625
"9328",2005-07-15,291.255874633789
"9329",2005-07-16,291.113861083984
"9330",2005-07-17,293.872131347656
"9331",2005-07-18,296.621948242188
"9332",2005-07-19,293.776000976562
"9333",2005-07-20,292.223327636719
"9334",2005-07-21,293.592987060547
"9335",2005-07-22,295.148376464844
"9336",2005-07-23,290.069091796875
"9337",2005-07-24,291.322387695312
"9338",2005-07-25,289.223739624023
"9339",2005-07-26,291.799987792969
"9340",2005-07-27,292.472045898438
"9341",2005-07-28,291.3359375
"9342",2005-07-29,296.487426757812
"9343",2005-07-30,292.094970703125
"9344",2005-07-31,291.873107910156
"9345",2005-08-01,293.472290039062
"9346",2005-08-02,291.917358398438
"9347",2005-08-03,290.09098815918
"9348",2005-08-04,291.432800292969
"9349",2005-08-05,290.239715576172
"9350",2005-08-06,289.147552490234
"9351",2005-08-07,290.549926757812
"9352",2005-08-08,291.309753417969
"9353",2005-08-09,291.441345214844
"9354",2005-08-10,296.180297851562
"9355",2005-08-11,294.250366210938
"9356",2005-08-12,294.317077636719
"9357",2005-08-13,294.810119628906
"9358",2005-08-14,293.892700195312
"9359",2005-08-15,293.56689453125
"9360",2005-08-16,292.997009277344
"9361",2005-08-17,292.990112304688
"9362",2005-08-18,291.209045410156
"9363",2005-08-19,296.361083984375
"9364",2005-08-20,298.1708984375
"9365",2005-08-21,298.800903320312
"9366",2005-08-22,296.008178710938
"9367",2005-08-23,293.438720703125
"9368",2005-08-24,291.784973144531
"9369",2005-08-25,286.793334960938
"9370",2005-08-26,289.202819824219
"9371",2005-08-27,288.426330566406
"9372",2005-08-28,289.395568847656
"9373",2005-08-29,291.298522949219
"9374",2005-08-30,291.259063720703
"9375",2005-08-31,292.172302246094
"9376",2005-09-01,295.436218261719
"9377",2005-09-02,288.856292724609
"9378",2005-09-03,292.390197753906
"9379",2005-09-04,290.796081542969
"9380",2005-09-05,291.86328125
"9381",2005-09-06,295.398559570312
"9382",2005-09-07,289.355270385742
"9383",2005-09-08,290.490737915039
"9384",2005-09-09,289.050872802734
"9385",2005-09-10,289.923095703125
"9386",2005-09-11,290.037841796875
"9387",2005-09-12,291.902160644531
"9388",2005-09-13,288.856353759766
"9389",2005-09-14,290.42431640625
"9390",2005-09-15,286.182281494141
"9391",2005-09-16,285.730987548828
"9392",2005-09-17,286.682983398438
"9393",2005-09-18,290.315155029297
"9394",2005-09-19,288.889221191406
"9395",2005-09-20,287.757537841797
"9396",2005-09-21,288.583343505859
"9397",2005-09-22,289.375427246094
"9398",2005-09-23,291.182922363281
"9399",2005-09-24,289.419982910156
"9400",2005-09-25,290.279449462891
"9401",2005-09-26,289.72216796875
"9402",2005-09-27,288.489898681641
"9403",2005-09-28,287.118759155273
"9404",2005-09-29,287.239562988281
"9405",2005-09-30,286.347564697266
"9406",2005-10-01,284.868286132812
"9407",2005-10-02,287.1416015625
"9408",2005-10-03,288.801300048828
"9409",2005-10-04,290.164794921875
"9410",2005-10-05,287.317443847656
"9411",2005-10-06,288.469299316406
"9412",2005-10-07,289.9306640625
"9413",2005-10-08,289.692352294922
"9414",2005-10-09,286.746948242188
"9415",2005-10-10,287.763641357422
"9416",2005-10-11,290.973815917969
"9417",2005-10-12,288.851776123047
"9418",2005-10-13,287.762268066406
"9419",2005-10-14,285.493789672852
"9420",2005-10-15,284.326873779297
"9421",2005-10-16,283.2734375
"9422",2005-10-17,280.752624511719
"9423",2005-10-18,281.384613037109
"9424",2005-10-19,281.074737548828
"9425",2005-10-20,283.175720214844
"9426",2005-10-21,285.40168762207
"9427",2005-10-22,281.640991210938
"9428",2005-10-23,277.453063964844
"9429",2005-10-24,277.072708129883
"9430",2005-10-25,282.961364746094
"9431",2005-10-26,283.509063720703
"9432",2005-10-27,282.928588867188
"9433",2005-10-28,287.200164794922
"9434",2005-10-29,284.518096923828
"9435",2005-10-30,284.606872558594
"9436",2005-10-31,285.953338623047
"9437",2005-11-01,283.884033203125
"9438",2005-11-02,284.265640258789
"9439",2005-11-03,285.560913085938
"9440",2005-11-04,285.610717773438
"9441",2005-11-05,283.998764038086
"9442",2005-11-06,284.565277099609
"9443",2005-11-07,284.396179199219
"9444",2005-11-08,284.520385742188
"9445",2005-11-09,284.318969726562
"9446",2005-11-10,283.587677001953
"9447",2005-11-11,283.920196533203
"9448",2005-11-12,284.679382324219
"9449",2005-11-13,283.056167602539
"9450",2005-11-14,284.915054321289
"9451",2005-11-15,285.16633605957
"9452",2005-11-16,274.826110839844
"9453",2005-11-17,274.865234375
"9454",2005-11-18,274.721801757812
"9455",2005-11-19,276.059326171875
"9456",2005-11-20,274.668212890625
"9457",2005-11-21,276.730102539062
"9458",2005-11-22,278.430725097656
"9459",2005-11-23,278.806213378906
"9460",2005-11-24,280.277862548828
"9461",2005-11-25,277.126770019531
"9462",2005-11-26,275.171844482422
"9463",2005-11-27,274.1083984375
"9464",2005-11-28,271.656127929688
"9465",2005-11-29,272.205322265625
"9466",2005-11-30,273.972106933594
"9467",2005-12-01,278.136840820312
"9468",2005-12-02,276.360229492188
"9469",2005-12-03,274.407348632812
"9470",2005-12-04,274.587982177734
"9471",2005-12-05,275.752563476562
"9472",2005-12-06,275.649230957031
"9473",2005-12-07,275.2509765625
"9474",2005-12-08,274.990081787109
"9475",2005-12-09,273.444885253906
"9476",2005-12-10,279.565368652344
"9477",2005-12-11,280.492950439453
"9478",2005-12-12,279.753845214844
"9479",2005-12-13,276.934020996094
"9480",2005-12-14,278.484924316406
"9481",2005-12-15,279.633972167969
"9482",2005-12-16,272.418884277344
"9483",2005-12-17,272.217163085938
"9484",2005-12-18,272.319641113281
"9485",2005-12-19,274.152221679688
"9486",2005-12-20,271.185913085938
"9487",2005-12-21,276.655456542969
"9488",2005-12-22,275.9892578125
"9489",2005-12-23,278.653442382812
"9490",2005-12-24,277.932739257812
"9491",2005-12-25,275.833923339844
"9492",2005-12-26,273.8525390625
"9493",2005-12-27,270.559143066406
"9494",2005-12-28,270.0234375
"9495",2005-12-29,271.094604492188
"9496",2005-12-30,272.061065673828
"9497",2005-12-31,271.419036865234
"9498",2006-01-01,272.815185546875
"9499",2006-01-02,271.68603515625
"9500",2006-01-03,271.696044921875
"9501",2006-01-04,270.850830078125
"9502",2006-01-05,272.832275390625
"9503",2006-01-06,272.673095703125
"9504",2006-01-07,272.251708984375
"9505",2006-01-08,270.935791015625
"9506",2006-01-09,273.240966796875
"9507",2006-01-10,277.33935546875
"9508",2006-01-11,279.57568359375
"9509",2006-01-12,279.255615234375
"9510",2006-01-13,278.012451171875
"9511",2006-01-14,274.958740234375
"9512",2006-01-15,275.33837890625
"9513",2006-01-16,272.616455078125
"9514",2006-01-17,272.200439453125
"9515",2006-01-18,272.52685546875
"9516",2006-01-19,270.8056640625
"9517",2006-01-20,267.697021484375
"9518",2006-01-21,268.65283203125
"9519",2006-01-22,270.001220703125
"9520",2006-01-23,273.608154296875
"9521",2006-01-24,275.713623046875
"9522",2006-01-25,274.9189453125
"9523",2006-01-26,272.10400390625
"9524",2006-01-27,271.344482421875
"9525",2006-01-28,271.684814453125
"9526",2006-01-29,273.218505859375
"9527",2006-01-30,273.9365234375
"9528",2006-01-31,277.30419921875
"9529",2006-02-01,273.522216796875
"9530",2006-02-02,273.02099609375
"9531",2006-02-03,274.23193359375
"9532",2006-02-04,268.650390625
"9533",2006-02-05,269.1611328125
"9534",2006-02-06,275.657470703125
"9535",2006-02-07,275.0634765625
"9536",2006-02-08,274.477783203125
"9537",2006-02-09,272.9248046875
"9538",2006-02-10,272.2529296875
"9539",2006-02-11,272.44873046875
"9540",2006-02-12,273.06787109375
"9541",2006-02-13,273.36572265625
"9542",2006-02-14,273.70751953125
"9543",2006-02-15,274.0791015625
"9544",2006-02-16,274.20263671875
"9545",2006-02-17,271.85400390625
"9546",2006-02-18,271.4931640625
"9547",2006-02-19,273.2431640625
"9548",2006-02-20,274.3427734375
"9549",2006-02-21,273.890625
"9550",2006-02-22,274.113037109375
"9551",2006-02-23,279.052734375
"9552",2006-02-24,274.3017578125
"9553",2006-02-25,276.08740234375
"9554",2006-02-26,273.916015625
"9555",2006-02-27,273.7109375
"9556",2006-02-28,272.007568359375
"9557",2006-03-01,272.1494140625
"9558",2006-03-02,270.8291015625
"9559",2006-03-03,268.272705078125
"9560",2006-03-04,266.56103515625
"9561",2006-03-05,267.236572265625
"9562",2006-03-06,268.363037109375
"9563",2006-03-07,272.485107421875
"9564",2006-03-08,272.8466796875
"9565",2006-03-09,268.298828125
"9566",2006-03-10,267.857421875
"9567",2006-03-11,270.630859375
"9568",2006-03-12,272.199951171875
"9569",2006-03-13,272.918212890625
"9570",2006-03-14,271.19384765625
"9571",2006-03-15,272.71728515625
"9572",2006-03-16,276.091552734375
"9573",2006-03-17,278.465576171875
"9574",2006-03-18,275.39306640625
"9575",2006-03-19,278.875732421875
"9576",2006-03-20,275.95703125
"9577",2006-03-21,275.4423828125
"9578",2006-03-22,273.706787109375
"9579",2006-03-23,275.024658203125
"9580",2006-03-24,274.265380859375
"9581",2006-03-25,276.425537109375
"9582",2006-03-26,273.586181640625
"9583",2006-03-27,276.14208984375
"9584",2006-03-28,277.803955078125
"9585",2006-03-29,277.328369140625
"9586",2006-03-30,278.962890625
"9587",2006-03-31,275.619140625
"9588",2006-04-01,278.608154296875
"9589",2006-04-02,277.685302734375
"9590",2006-04-03,277.763916015625
"9591",2006-04-04,277.127197265625
"9592",2006-04-05,277.53955078125
"9593",2006-04-06,277.37646484375
"9594",2006-04-07,278.9794921875
"9595",2006-04-08,278.48388671875
"9596",2006-04-09,278.708984375
"9597",2006-04-10,281.282958984375
"9598",2006-04-11,279.593505859375
"9599",2006-04-12,277.377685546875
"9600",2006-04-13,279.8310546875
"9601",2006-04-14,282.194091796875
"9602",2006-04-15,282.49560546875
"9603",2006-04-16,282.45166015625
"9604",2006-04-17,281.012939453125
"9605",2006-04-18,281.860107421875
"9606",2006-04-19,282.048583984375
"9607",2006-04-20,282.526123046875
"9608",2006-04-21,284.43701171875
"9609",2006-04-22,285.782958984375
"9610",2006-04-23,284.40966796875
"9611",2006-04-24,281.489013671875
"9612",2006-04-25,282.947998046875
"9613",2006-04-26,286.373046875
"9614",2006-04-27,283.68896484375
"9615",2006-04-28,282.510986328125
"9616",2006-04-29,283.245361328125
"9617",2006-04-30,282.4326171875
"9618",2006-05-01,283.735107421875
"9619",2006-05-02,284.307861328125
"9620",2006-05-03,289.23779296875
"9621",2006-05-04,293.2451171875
"9622",2006-05-05,294.296630859375
"9623",2006-05-06,293.497802734375
"9624",2006-05-07,294.630615234375
"9625",2006-05-08,295.998291015625
"9626",2006-05-09,295.507080078125
"9627",2006-05-10,294.60302734375
"9628",2006-05-11,293.807861328125
"9629",2006-05-12,288.0771484375
"9630",2006-05-13,285.5517578125
"9631",2006-05-14,284.87646484375
"9632",2006-05-15,285.206787109375
"9633",2006-05-16,285.9833984375
"9634",2006-05-17,283.27587890625
"9635",2006-05-18,284.242431640625
"9636",2006-05-19,285.81298828125
"9637",2006-05-20,286.007080078125
"9638",2006-05-21,287.465087890625
"9639",2006-05-22,287.164794921875
"9640",2006-05-23,286.31787109375
"9641",2006-05-24,284.463134765625
"9642",2006-05-25,285.489501953125
"9643",2006-05-26,286.065673828125
"9644",2006-05-27,287.341064453125
"9645",2006-05-28,286.281494140625
"9646",2006-05-29,286.905029296875
"9647",2006-05-30,288.163330078125
"9648",2006-05-31,286.989990234375
"9649",2006-06-01,289.468505859375
"9650",2006-06-02,287.542236328125
"9651",2006-06-03,289.5341796875
"9652",2006-06-04,289.302978515625
"9653",2006-06-05,289.5361328125
"9654",2006-06-06,291.1064453125
"9655",2006-06-07,290.47998046875
"9656",2006-06-08,291.3359375
"9657",2006-06-09,292.759765625
"9658",2006-06-10,292.845703125
"9659",2006-06-11,294.72607421875
"9660",2006-06-12,297.223388671875
"9661",2006-06-13,297.89599609375
"9662",2006-06-14,293.158203125
"9663",2006-06-15,295.18017578125
"9664",2006-06-16,294.08251953125
"9665",2006-06-17,294.12841796875
"9666",2006-06-18,292.3876953125
"9667",2006-06-19,295.03662109375
"9668",2006-06-20,290.2939453125
"9669",2006-06-21,289.816162109375
"9670",2006-06-22,288.919189453125
"9671",2006-06-23,289.92333984375
"9672",2006-06-24,289.06298828125
"9673",2006-06-25,290.706298828125
"9674",2006-06-26,292.11279296875
"9675",2006-06-27,287.1171875
"9676",2006-06-28,290.48046875
"9677",2006-06-29,293.350830078125
"9678",2006-06-30,295.9033203125
"9679",2006-07-01,296.53125
"9680",2006-07-02,297.042724609375
"9681",2006-07-03,297.609375
"9682",2006-07-04,297.35302734375
"9683",2006-07-05,299.29150390625
"9684",2006-07-06,300.63671875
"9685",2006-07-07,295.75048828125
"9686",2006-07-08,294.243896484375
"9687",2006-07-09,293.591552734375
"9688",2006-07-10,293.1259765625
"9689",2006-07-11,290.3017578125
"9690",2006-07-12,291.190673828125
"9691",2006-07-13,292.809814453125
"9692",2006-07-14,293.46630859375
"9693",2006-07-15,294.129638671875
"9694",2006-07-16,294.873291015625
"9695",2006-07-17,293.727294921875
"9696",2006-07-18,297.21337890625
"9697",2006-07-19,297.724609375
"9698",2006-07-20,298.84228515625
"9699",2006-07-21,296.9296875
"9700",2006-07-22,298.856201171875
"9701",2006-07-23,293.19287109375
"9702",2006-07-24,297.59375
"9703",2006-07-25,299.2568359375
"9704",2006-07-26,299.36669921875
"9705",2006-07-27,300.87451171875
"9706",2006-07-28,297.904052734375
"9707",2006-07-29,297.9921875
"9708",2006-07-30,296.462158203125
"9709",2006-07-31,293.26904296875
"9710",2006-08-01,295.3603515625
"9711",2006-08-02,296.663330078125
"9712",2006-08-03,297.920166015625
"9713",2006-08-04,297.742431640625
"9714",2006-08-05,300.400390625
"9715",2006-08-06,300.394287109375
"9716",2006-08-07,297.1376953125
"9717",2006-08-08,298.40771484375
"9718",2006-08-09,294.85986328125
"9719",2006-08-10,292.930908203125
"9720",2006-08-11,295.089111328125
"9721",2006-08-12,295.49951171875
"9722",2006-08-13,293.246826171875
"9723",2006-08-14,291.64990234375
"9724",2006-08-15,294.0185546875
"9725",2006-08-16,292.100830078125
"9726",2006-08-17,293.5205078125
"9727",2006-08-18,296.1640625
"9728",2006-08-19,290.85205078125
"9729",2006-08-20,293.34814453125
"9730",2006-08-21,292.337890625
"9731",2006-08-22,293.146484375
"9732",2006-08-23,293.678466796875
"9733",2006-08-24,291.91455078125
"9734",2006-08-25,293.82861328125
"9735",2006-08-26,294.029541015625
"9736",2006-08-27,292.84521484375
"9737",2006-08-28,289.967529296875
"9738",2006-08-29,290.963623046875
"9739",2006-08-30,292.63818359375
"9740",2006-08-31,292.080078125
"9741",2006-09-01,291.78955078125
"9742",2006-09-02,291.41748046875
"9743",2006-09-03,291.056640625
"9744",2006-09-04,291.8115234375
"9745",2006-09-05,294.111083984375
"9746",2006-09-06,290.618896484375
"9747",2006-09-07,289.05029296875
"9748",2006-09-08,290.193359375
"9749",2006-09-09,292.84765625
"9750",2006-09-10,291.8115234375
"9751",2006-09-11,291.51171875
"9752",2006-09-12,293.70166015625
"9753",2006-09-13,294.633056640625
"9754",2006-09-14,295.56591796875
"9755",2006-09-15,292.40283203125
"9756",2006-09-16,289.920166015625
"9757",2006-09-17,289.9794921875
"9758",2006-09-18,292.01416015625
"9759",2006-09-19,290.4267578125
"9760",2006-09-20,289.64111328125
"9761",2006-09-21,291.926025390625
"9762",2006-09-22,294.5048828125
"9763",2006-09-23,292.840576171875
"9764",2006-09-24,291.818359375
"9765",2006-09-25,295.098876953125
"9766",2006-09-26,293.931640625
"9767",2006-09-27,289.715576171875
"9768",2006-09-28,289.871337890625
"9769",2006-09-29,289.67724609375
"9770",2006-09-30,289.4345703125
"9771",2006-10-01,289.63623046875
"9772",2006-10-02,287.911376953125
"9773",2006-10-03,287.772705078125
"9774",2006-10-04,288.021484375
"9775",2006-10-05,287.2333984375
"9776",2006-10-06,287.581298828125
"9777",2006-10-07,287.76904296875
"9778",2006-10-08,288.86572265625
"9779",2006-10-09,287.34814453125
"9780",2006-10-10,289.128173828125
"9781",2006-10-11,286.718017578125
"9782",2006-10-12,285.892333984375
"9783",2006-10-13,285.7412109375
"9784",2006-10-14,286.032470703125
"9785",2006-10-15,284.088134765625
"9786",2006-10-16,284.549560546875
"9787",2006-10-17,283.931884765625
"9788",2006-10-18,282.658447265625
"9789",2006-10-19,284.85986328125
"9790",2006-10-20,284.9619140625
"9791",2006-10-21,286.501953125
"9792",2006-10-22,285.941650390625
"9793",2006-10-23,285.77783203125
"9794",2006-10-24,284.15625
"9795",2006-10-25,283.175537109375
"9796",2006-10-26,286.668212890625
"9797",2006-10-27,284.242919921875
"9798",2006-10-28,279.08203125
"9799",2006-10-29,280.1923828125
"9800",2006-10-30,283.4990234375
"9801",2006-10-31,284.7294921875
"9802",2006-11-01,273.466064453125
"9803",2006-11-02,276.4541015625
"9804",2006-11-03,278.265625
"9805",2006-11-04,282.578857421875
"9806",2006-11-05,282.961181640625
"9807",2006-11-06,285.746826171875
"9808",2006-11-07,286.106201171875
"9809",2006-11-08,282.155517578125
"9810",2006-11-09,278.10498046875
"9811",2006-11-10,280.177001953125
"9812",2006-11-11,282.6669921875
"9813",2006-11-12,277.41943359375
"9814",2006-11-13,277.3271484375
"9815",2006-11-14,281.677490234375
"9816",2006-11-15,281.84228515625
"9817",2006-11-16,284.5185546875
"9818",2006-11-17,285.16357421875
"9819",2006-11-18,283.232421875
"9820",2006-11-19,280.045654296875
"9821",2006-11-20,281.281982421875
"9822",2006-11-21,281.13330078125
"9823",2006-11-22,279.651611328125
"9824",2006-11-23,281.0986328125
"9825",2006-11-24,281.8173828125
"9826",2006-11-25,285.406494140625
"9827",2006-11-26,284.093017578125
"9828",2006-11-27,282.129150390625
"9829",2006-11-28,283.41015625
"9830",2006-11-29,283.103271484375
"9831",2006-11-30,283.96533203125
"9832",2006-12-01,283.16943359375
"9833",2006-12-02,282.734130859375
"9834",2006-12-03,281.412109375
"9835",2006-12-04,282.106201171875
"9836",2006-12-05,283.576416015625
"9837",2006-12-06,282.331787109375
"9838",2006-12-07,280.876708984375
"9839",2006-12-08,281.478271484375
"9840",2006-12-09,280.685791015625
"9841",2006-12-10,281.154052734375
"9842",2006-12-11,282.875732421875
"9843",2006-12-12,280.467529296875
"9844",2006-12-13,281.249755859375
"9845",2006-12-14,283.845947265625
"9846",2006-12-15,281.369873046875
"9847",2006-12-16,279.862548828125
"9848",2006-12-17,276.630615234375
"9849",2006-12-18,273.776123046875
"9850",2006-12-19,279.911376953125
"9851",2006-12-20,280.026611328125
"9852",2006-12-21,277.776611328125
"9853",2006-12-22,280.984130859375
"9854",2006-12-23,281.8125
"9855",2006-12-24,281.763671875
"9856",2006-12-25,278.484130859375
"9857",2006-12-26,278.48388671875
"9858",2006-12-27,278.416748046875
"9859",2006-12-28,274.59716796875
"9860",2006-12-29,276.803466796875
"9861",2006-12-30,281.29736328125
"9862",2006-12-31,280.345947265625
"9863",2007-01-01,280.60107421875
"9864",2007-01-02,278.96435546875
"9865",2007-01-03,280.609375
"9866",2007-01-04,281.653076171875
"9867",2007-01-05,279.453369140625
"9868",2007-01-06,278.829833984375
"9869",2007-01-07,280.842041015625
"9870",2007-01-08,281.147705078125
"9871",2007-01-09,283.282958984375
"9872",2007-01-10,281.30078125
"9873",2007-01-11,276.2724609375
"9874",2007-01-12,281.56005859375
"9875",2007-01-13,281.94970703125
"9876",2007-01-14,281.109375
"9877",2007-01-15,282.294189453125
"9878",2007-01-16,281.651611328125
"9879",2007-01-17,279.984619140625
"9880",2007-01-18,278.29443359375
"9881",2007-01-19,275.994873046875
"9882",2007-01-20,277.7080078125
"9883",2007-01-21,273.755859375
"9884",2007-01-22,268.550537109375
"9885",2007-01-23,269.433349609375
"9886",2007-01-24,268.597412109375
"9887",2007-01-25,275.418212890625
"9888",2007-01-26,277.6650390625
"9889",2007-01-27,273.31640625
"9890",2007-01-28,276.6083984375
"9891",2007-01-29,274.440673828125
"9892",2007-01-30,278.204345703125
"9893",2007-01-31,280.368408203125
"9894",2007-02-01,277.849853515625
"9895",2007-02-02,279.641357421875
"9896",2007-02-03,280.571044921875
"9897",2007-02-04,280.20556640625
"9898",2007-02-05,276.277099609375
"9899",2007-02-06,272.334716796875
"9900",2007-02-07,270.55029296875
"9901",2007-02-08,272.363037109375
"9902",2007-02-09,271.591796875
"9903",2007-02-10,270.0732421875
"9904",2007-02-11,270.13330078125
"9905",2007-02-12,272.26953125
"9906",2007-02-13,273.21630859375
"9907",2007-02-14,274.678955078125
"9908",2007-02-15,275.3828125
"9909",2007-02-16,275.99658203125
"9910",2007-02-17,277.74560546875
"9911",2007-02-18,275.849853515625
"9912",2007-02-19,276.063232421875
"9913",2007-02-20,275.799072265625
"9914",2007-02-21,266.413818359375
"9915",2007-02-22,270.155029296875
"9916",2007-02-23,270.094482421875
"9917",2007-02-24,272.193359375
"9918",2007-02-25,274.0126953125
"9919",2007-02-26,274.106689453125
"9920",2007-02-27,274.44677734375
"9921",2007-02-28,275.241943359375
"9922",2007-03-01,276.90234375
"9923",2007-03-02,277.4296875
"9924",2007-03-03,276.84814453125
"9925",2007-03-04,277.711181640625
"9926",2007-03-05,277.133056640625
"9927",2007-03-06,278.351806640625
"9928",2007-03-07,278.723388671875
"9929",2007-03-08,278.373291015625
"9930",2007-03-09,278.06298828125
"9931",2007-03-10,279.08056640625
"9932",2007-03-11,280.90283203125
"9933",2007-03-12,281.76708984375
"9934",2007-03-13,280.355712890625
"9935",2007-03-14,282.26318359375
"9936",2007-03-15,280.857666015625
"9937",2007-03-16,279.74072265625
"9938",2007-03-17,280.990478515625
"9939",2007-03-18,279.100830078125
"9940",2007-03-19,277.738525390625
"9941",2007-03-20,280.09423828125
"9942",2007-03-21,280.6640625
"9943",2007-03-22,281.9140625
"9944",2007-03-23,278.041259765625
"9945",2007-03-24,283.365478515625
"9946",2007-03-25,283.42578125
"9947",2007-03-26,287.453125
"9948",2007-03-27,287.517822265625
"9949",2007-03-28,287.884521484375
"9950",2007-03-29,287.823486328125
"9951",2007-03-30,287.194091796875
"9952",2007-03-31,285.673828125
"9953",2007-04-01,285.98779296875
"9954",2007-04-02,284.67333984375
"9955",2007-04-03,282.564453125
"9956",2007-04-04,282.405029296875
"9957",2007-04-05,285.427978515625
"9958",2007-04-06,279.116943359375
"9959",2007-04-07,280.001708984375
"9960",2007-04-08,277.9033203125
"9961",2007-04-09,278.157958984375
"9962",2007-04-10,283.950439453125
"9963",2007-04-11,285.62158203125
"9964",2007-04-12,286.95166015625
"9965",2007-04-13,288.182861328125
"9966",2007-04-14,291.324951171875
"9967",2007-04-15,289.88623046875
"9968",2007-04-16,287.995361328125
"9969",2007-04-17,283.9423828125
"9970",2007-04-18,283.020263671875
"9971",2007-04-19,283.854736328125
"9972",2007-04-20,281.26318359375
"9973",2007-04-21,280.849853515625
"9974",2007-04-22,281.160888671875
"9975",2007-04-23,285.322998046875
"9976",2007-04-24,286.56982421875
"9977",2007-04-25,288.767333984375
"9978",2007-04-26,288.586669921875
"9979",2007-04-27,291.09912109375
"9980",2007-04-28,288.0439453125
"9981",2007-04-29,286.9453125
"9982",2007-04-30,286.892333984375
"9983",2007-05-01,288.5498046875
"9984",2007-05-02,291.093994140625
"9985",2007-05-03,287.1181640625
"9986",2007-05-04,289.951171875
"9987",2007-05-05,286.18017578125
"9988",2007-05-06,283.904541015625
"9989",2007-05-07,284.64013671875
"9990",2007-05-08,284.734619140625
"9991",2007-05-09,285.7275390625
"9992",2007-05-10,282.47705078125
"9993",2007-05-11,284.573974609375
"9994",2007-05-12,284.936767578125
"9995",2007-05-13,284.96435546875
"9996",2007-05-14,287.984130859375
"9997",2007-05-15,284.543212890625
"9998",2007-05-16,284.5498046875
"9999",2007-05-17,283.50244140625
"10000",2007-05-18,285.682373046875
"10001",2007-05-19,287.214111328125
"10002",2007-05-20,287.290771484375
"10003",2007-05-21,286.053466796875
"10004",2007-05-22,287.1044921875
"10005",2007-05-23,286.4443359375
"10006",2007-05-24,286.310302734375
"10007",2007-05-25,286.517822265625
"10008",2007-05-26,286.477783203125
"10009",2007-05-27,288.688232421875
"10010",2007-05-28,285.936279296875
"10011",2007-05-29,289.7451171875
"10012",2007-05-30,287.25341796875
"10013",2007-05-31,289.92822265625
"10014",2007-06-01,286.171142578125
"10015",2007-06-02,292.06396484375
"10016",2007-06-03,293.400634765625
"10017",2007-06-04,294.818359375
"10018",2007-06-05,297.091064453125
"10019",2007-06-06,297.742431640625
"10020",2007-06-07,299.4169921875
"10021",2007-06-08,301.10546875
"10022",2007-06-09,301.62841796875
"10023",2007-06-10,300.746337890625
"10024",2007-06-11,299.525634765625
"10025",2007-06-12,295.8583984375
"10026",2007-06-13,289.666259765625
"10027",2007-06-14,289.017578125
"10028",2007-06-15,291.564697265625
"10029",2007-06-16,292.592041015625
"10030",2007-06-17,286.8896484375
"10031",2007-06-18,290.700439453125
"10032",2007-06-19,293.322265625
"10033",2007-06-20,294.7685546875
"10034",2007-06-21,293.045166015625
"10035",2007-06-22,289.113525390625
"10036",2007-06-23,290.440185546875
"10037",2007-06-24,291.18798828125
"10038",2007-06-25,292.615966796875
"10039",2007-06-26,289.74560546875
"10040",2007-06-27,290.672607421875
"10041",2007-06-28,291.696044921875
"10042",2007-06-29,289.97900390625
"10043",2007-06-30,288.19677734375
"10044",2007-07-01,290.73046875
"10045",2007-07-02,292.7294921875
"10046",2007-07-03,289.22119140625
"10047",2007-07-04,291.877197265625
"10048",2007-07-05,294.032958984375
"10049",2007-07-06,295.375732421875
"10050",2007-07-07,292.774658203125
"10051",2007-07-08,291.426513671875
"10052",2007-07-09,288.880126953125
"10053",2007-07-10,288.614990234375
"10054",2007-07-11,289.635986328125
"10055",2007-07-12,289.471435546875
"10056",2007-07-13,291.6982421875
"10057",2007-07-14,291.607421875
"10058",2007-07-15,290.607666015625
"10059",2007-07-16,295.385009765625
"10060",2007-07-17,292.154541015625
"10061",2007-07-18,290.7685546875
"10062",2007-07-19,290.922119140625
"10063",2007-07-20,292.417236328125
"10064",2007-07-21,292.764892578125
"10065",2007-07-22,292.265380859375
"10066",2007-07-23,290.093994140625
"10067",2007-07-24,291.89208984375
"10068",2007-07-25,293.39697265625
"10069",2007-07-26,291.48828125
"10070",2007-07-27,290.027099609375
"10071",2007-07-28,290.072265625
"10072",2007-07-29,290.03515625
"10073",2007-07-30,289.95751953125
"10074",2007-07-31,293.0078125
"10075",2007-08-01,291.117431640625
"10076",2007-08-02,291.39306640625
"10077",2007-08-03,292.145751953125
"10078",2007-08-04,292.126953125
"10079",2007-08-05,292.923583984375
"10080",2007-08-06,298.2744140625
"10081",2007-08-07,298.74072265625
"10082",2007-08-08,295.911376953125
"10083",2007-08-09,297.13427734375
"10084",2007-08-10,296.140869140625
"10085",2007-08-11,296.07763671875
"10086",2007-08-12,293.3837890625
"10087",2007-08-13,292.7998046875
"10088",2007-08-14,292.17138671875
"10089",2007-08-15,291.85693359375
"10090",2007-08-16,290.76123046875
"10091",2007-08-17,289.644775390625
"10092",2007-08-18,290.182861328125
"10093",2007-08-19,291.2919921875
"10094",2007-08-20,293.45361328125
"10095",2007-08-21,295.980712890625
"10096",2007-08-22,297.31494140625
"10097",2007-08-23,296.147705078125
"10098",2007-08-24,295.914306640625
"10099",2007-08-25,292.92724609375
"10100",2007-08-26,291.51220703125
"10101",2007-08-27,288.5283203125
"10102",2007-08-28,288.587158203125
"10103",2007-08-29,287.994873046875
"10104",2007-08-30,286.86328125
"10105",2007-08-31,287.570068359375
"10106",2007-09-01,288.060791015625
"10107",2007-09-02,290.219482421875
"10108",2007-09-03,288.14404296875
"10109",2007-09-04,288.3017578125
"10110",2007-09-05,287.9521484375
"10111",2007-09-06,290.38330078125
"10112",2007-09-07,292.28955078125
"10113",2007-09-08,292.69189453125
"10114",2007-09-09,289.862060546875
"10115",2007-09-10,286.972900390625
"10116",2007-09-11,289.35498046875
"10117",2007-09-12,290.02392578125
"10118",2007-09-13,289.119384765625
"10119",2007-09-14,287.7978515625
"10120",2007-09-15,287.1298828125
"10121",2007-09-16,286.7314453125
"10122",2007-09-17,287.33154296875
"10123",2007-09-18,285.875732421875
"10124",2007-09-19,284.720947265625
"10125",2007-09-20,286.968017578125
"10126",2007-09-21,287.31494140625
"10127",2007-09-22,286.9677734375
"10128",2007-09-23,288.11279296875
"10129",2007-09-24,291.651611328125
"10130",2007-09-25,286.83642578125
"10131",2007-09-26,287.4072265625
"10132",2007-09-27,286.6298828125
"10133",2007-09-28,284.20654296875
"10134",2007-09-29,285.67919921875
"10135",2007-09-30,287.0654296875
"10136",2007-10-01,287.6044921875
"10137",2007-10-02,287.0771484375
"10138",2007-10-03,286.361328125
"10139",2007-10-04,285.958251953125
"10140",2007-10-05,287.03955078125
"10141",2007-10-06,286.7880859375
"10142",2007-10-07,286.84375
"10143",2007-10-08,285.602783203125
"10144",2007-10-09,284.826171875
"10145",2007-10-10,283.28515625
"10146",2007-10-11,285.429443359375
"10147",2007-10-12,284.21923828125
"10148",2007-10-13,283.8583984375
"10149",2007-10-14,285.407958984375
"10150",2007-10-15,286.3232421875
"10151",2007-10-16,286.01708984375
"10152",2007-10-17,284.78076171875
"10153",2007-10-18,282.377685546875
"10154",2007-10-19,281.291015625
"10155",2007-10-20,283.650390625
"10156",2007-10-21,282.50927734375
"10157",2007-10-22,281.6611328125
"10158",2007-10-23,282.7548828125
"10159",2007-10-24,282.0400390625
"10160",2007-10-25,282.3203125
"10161",2007-10-26,278.378173828125
"10162",2007-10-27,283.242431640625
"10163",2007-10-28,283.0322265625
"10164",2007-10-29,284.567138671875
"10165",2007-10-30,282.20703125
"10166",2007-10-31,284.577392578125
"10167",2007-11-01,286.207275390625
"10168",2007-11-02,281.533447265625
"10169",2007-11-03,284.83154296875
"10170",2007-11-04,280.7236328125
"10171",2007-11-05,281.7109375
"10172",2007-11-06,281.31494140625
"10173",2007-11-07,279.938720703125
"10174",2007-11-08,281.7607421875
"10175",2007-11-09,279.547119140625
"10176",2007-11-10,277.4580078125
"10177",2007-11-11,276.387939453125
"10178",2007-11-12,275.8056640625
"10179",2007-11-13,275.099609375
"10180",2007-11-14,274.359619140625
"10181",2007-11-15,273.744140625
"10182",2007-11-16,276.16748046875
"10183",2007-11-17,278.196533203125
"10184",2007-11-18,279.743408203125
"10185",2007-11-19,276.96142578125
"10186",2007-11-20,275.635498046875
"10187",2007-11-21,275.934326171875
"10188",2007-11-22,280.033203125
"10189",2007-11-23,280.393798828125
"10190",2007-11-24,277.992431640625
"10191",2007-11-25,277.836669921875
"10192",2007-11-26,275.92041015625
"10193",2007-11-27,274.87451171875
"10194",2007-11-28,279.815185546875
"10195",2007-11-29,279.974609375
"10196",2007-11-30,278.23974609375
"10197",2007-12-01,280.20751953125
"10198",2007-12-02,279.4033203125
"10199",2007-12-03,278.130615234375
"10200",2007-12-04,275.54052734375
"10201",2007-12-05,281.87158203125
"10202",2007-12-06,282.047607421875
"10203",2007-12-07,280.380615234375
"10204",2007-12-08,277.9130859375
"10205",2007-12-09,276.557373046875
"10206",2007-12-10,276.436279296875
"10207",2007-12-11,274.73095703125
"10208",2007-12-12,272.472900390625
"10209",2007-12-13,273.617919921875
"10210",2007-12-14,269.653076171875
"10211",2007-12-15,271.96630859375
"10212",2007-12-16,274.246826171875
"10213",2007-12-17,269.71044921875
"10214",2007-12-18,269.707763671875
"10215",2007-12-19,274.0556640625
"10216",2007-12-20,272.25634765625
"10217",2007-12-21,274.984619140625
"10218",2007-12-22,275.404296875
"10219",2007-12-23,275.642578125
"10220",2007-12-24,279.68359375
"10221",2007-12-25,279.385986328125
"10222",2007-12-26,279.89208984375
"10223",2007-12-27,281.152099609375
"10224",2007-12-28,281.202880859375
"10225",2007-12-29,280.791015625
"10226",2007-12-30,278.524658203125
"10227",2007-12-31,274.72119140625
"10228",2008-01-01,274.32958984375
"10229",2008-01-02,274.824462890625
"10230",2008-01-03,272.857666015625
"10231",2008-01-04,272.9765625
"10232",2008-01-05,272.76123046875
"10233",2008-01-06,275.490234375
"10234",2008-01-07,275.785400390625
"10235",2008-01-08,275.956298828125
"10236",2008-01-09,277.281005859375
"10237",2008-01-10,278.992431640625
"10238",2008-01-11,279.552734375
"10239",2008-01-12,278.920654296875
"10240",2008-01-13,279.09375
"10241",2008-01-14,278.500732421875
"10242",2008-01-15,278.997802734375
"10243",2008-01-16,280.054443359375
"10244",2008-01-17,278.491943359375
"10245",2008-01-18,278.57177734375
"10246",2008-01-19,280.82470703125
"10247",2008-01-20,279.218505859375
"10248",2008-01-21,278.3583984375
"10249",2008-01-22,273.83203125
"10250",2008-01-23,277.224853515625
"10251",2008-01-24,279.798095703125
"10252",2008-01-25,281.0185546875
"10253",2008-01-26,279
"10254",2008-01-27,277.2119140625
"10255",2008-01-28,279.939453125
"10256",2008-01-29,280.88818359375
"10257",2008-01-30,277.682861328125
"10258",2008-01-31,276.868896484375
"10259",2008-02-01,277.066162109375
"10260",2008-02-02,275.482666015625
"10261",2008-02-03,278.0966796875
"10262",2008-02-04,275.745361328125
"10263",2008-02-05,276.860107421875
"10264",2008-02-06,277.398193359375
"10265",2008-02-07,278.6845703125
"10266",2008-02-08,279.51318359375
"10267",2008-02-09,279.44775390625
"10268",2008-02-10,278.038330078125
"10269",2008-02-11,278.3759765625
"10270",2008-02-12,276.7861328125
"10271",2008-02-13,278.502685546875
"10272",2008-02-14,276.31494140625
"10273",2008-02-15,274.090576171875
"10274",2008-02-16,276.9287109375
"10275",2008-02-17,280.31103515625
"10276",2008-02-18,282.304443359375
"10277",2008-02-19,280.31005859375
"10278",2008-02-20,277.755859375
"10279",2008-02-21,280.59423828125
"10280",2008-02-22,281.194580078125
"10281",2008-02-23,280.35302734375
"10282",2008-02-24,281.01806640625
"10283",2008-02-25,279.87890625
"10284",2008-02-26,279.565185546875
"10285",2008-02-27,280.65771484375
"10286",2008-02-28,279.8876953125
"10287",2008-02-29,279.480224609375
"10288",2008-03-01,277.31884765625
"10289",2008-03-02,278.832763671875
"10290",2008-03-03,278.333984375
"10291",2008-03-04,275.817626953125
"10292",2008-03-05,278.047119140625
"10293",2008-03-06,280.560546875
"10294",2008-03-07,277.633056640625
"10295",2008-03-08,279.27099609375
"10296",2008-03-09,279.822998046875
"10297",2008-03-10,279.302490234375
"10298",2008-03-11,281.0439453125
"10299",2008-03-12,279.671875
"10300",2008-03-13,278.90087890625
"10301",2008-03-14,279.7783203125
"10302",2008-03-15,279.373291015625
"10303",2008-03-16,278.9990234375
"10304",2008-03-17,276.690185546875
"10305",2008-03-18,276.923095703125
"10306",2008-03-19,277.327880859375
"10307",2008-03-20,275.254150390625
"10308",2008-03-21,273.94384765625
"10309",2008-03-22,272.072998046875
"10310",2008-03-23,272.58740234375
"10311",2008-03-24,274.287353515625
"10312",2008-03-25,274.939697265625
"10313",2008-03-26,275.792236328125
"10314",2008-03-27,277.02001953125
"10315",2008-03-28,279.64501953125
"10316",2008-03-29,278.171630859375
"10317",2008-03-30,281.99267578125
"10318",2008-03-31,280.04931640625
"10319",2008-04-01,282.482421875
"10320",2008-04-02,280.052490234375
"10321",2008-04-03,284.739990234375
"10322",2008-04-04,279.901611328125
"10323",2008-04-05,279.961669921875
"10324",2008-04-06,278.482177734375
"10325",2008-04-07,278.218017578125
"10326",2008-04-08,279.93798828125
"10327",2008-04-09,276.774169921875
"10328",2008-04-10,280.239501953125
"10329",2008-04-11,282.82373046875
"10330",2008-04-12,278.799560546875
"10331",2008-04-13,280.65185546875
"10332",2008-04-14,280.306640625
"10333",2008-04-15,280.72705078125
"10334",2008-04-16,282.91552734375
"10335",2008-04-17,284.776611328125
"10336",2008-04-18,284.737548828125
"10337",2008-04-19,285.9443359375
"10338",2008-04-20,286.5908203125
"10339",2008-04-21,288.449951171875
"10340",2008-04-22,287.891845703125
"10341",2008-04-23,286.4345703125
"10342",2008-04-24,286.682373046875
"10343",2008-04-25,286.026611328125
"10344",2008-04-26,284.03515625
"10345",2008-04-27,285.046875
"10346",2008-04-28,291.87158203125
"10347",2008-04-29,293.430419921875
"10348",2008-04-30,289.20947265625
"10349",2008-05-01,285.137939453125
"10350",2008-05-02,284.95947265625
"10351",2008-05-03,286.639404296875
"10352",2008-05-04,289.048828125
"10353",2008-05-05,289.45556640625
"10354",2008-05-06,290.2587890625
"10355",2008-05-07,291.88916015625
"10356",2008-05-08,293.382080078125
"10357",2008-05-09,293.258544921875
"10358",2008-05-10,294.022705078125
"10359",2008-05-11,292.724853515625
"10360",2008-05-12,287.168212890625
"10361",2008-05-13,287.653076171875
"10362",2008-05-14,287.5693359375
"10363",2008-05-15,288.0546875
"10364",2008-05-16,287.01171875
"10365",2008-05-17,281.5361328125
"10366",2008-05-18,281.260009765625
"10367",2008-05-19,282.904541015625
"10368",2008-05-20,285.08935546875
"10369",2008-05-21,286.69873046875
"10370",2008-05-22,288.25830078125
"10371",2008-05-23,289.18603515625
"10372",2008-05-24,289.371337890625
"10373",2008-05-25,291.213134765625
"10374",2008-05-26,291.132080078125
"10375",2008-05-27,292.56982421875
"10376",2008-05-28,294.472412109375
"10377",2008-05-29,294.794189453125
"10378",2008-05-30,298.435791015625
"10379",2008-05-31,298.968505859375
"10380",2008-06-01,298.335205078125
"10381",2008-06-02,298.637451171875
"10382",2008-06-03,296.8447265625
"10383",2008-06-04,297.1748046875
"10384",2008-06-05,298.3857421875
"10385",2008-06-06,299.669921875
"10386",2008-06-07,300.610595703125
"10387",2008-06-08,296.658447265625
"10388",2008-06-09,292.979248046875
"10389",2008-06-10,291.805908203125
"10390",2008-06-11,290.102783203125
"10391",2008-06-12,289.553955078125
"10392",2008-06-13,288.923095703125
"10393",2008-06-14,287.62646484375
"10394",2008-06-15,286.614990234375
"10395",2008-06-16,287.307861328125
"10396",2008-06-17,290.3095703125
"10397",2008-06-18,288.332763671875
"10398",2008-06-19,289.157958984375
"10399",2008-06-20,288.39208984375
"10400",2008-06-21,290.468994140625
"10401",2008-06-22,288.068603515625
"10402",2008-06-23,288.397216796875
"10403",2008-06-24,289.531982421875
"10404",2008-06-25,289.009765625
"10405",2008-06-26,289.08251953125
"10406",2008-06-27,287.467041015625
"10407",2008-06-28,290.1904296875
"10408",2008-06-29,290.3408203125
"10409",2008-06-30,291.408935546875
"10410",2008-07-01,291.426025390625
"10411",2008-07-02,294.900146484375
"10412",2008-07-03,299.11328125
"10413",2008-07-04,299.1044921875
"10414",2008-07-05,299.29345703125
"10415",2008-07-06,288.842529296875
"10416",2008-07-07,288.577392578125
"10417",2008-07-08,289.70556640625
"10418",2008-07-09,294.38330078125
"10419",2008-07-10,293.505615234375
"10420",2008-07-11,291.133056640625
"10421",2008-07-12,292.996337890625
"10422",2008-07-13,290.547607421875
"10423",2008-07-14,291.25
"10424",2008-07-15,291.488037109375
"10425",2008-07-16,289.80419921875
"10426",2008-07-17,291.27783203125
"10427",2008-07-18,290.09375
"10428",2008-07-19,292.917236328125
"10429",2008-07-20,289.796142578125
"10430",2008-07-21,291.8369140625
"10431",2008-07-22,294.371337890625
"10432",2008-07-23,296.28662109375
"10433",2008-07-24,299.82421875
"10434",2008-07-25,301.528564453125
"10435",2008-07-26,300.796142578125
"10436",2008-07-27,301.2998046875
"10437",2008-07-28,301.6806640625
"10438",2008-07-29,300.271484375
"10439",2008-07-30,296.851318359375
"10440",2008-07-31,298.1201171875
"10441",2008-08-01,299.44140625
"10442",2008-08-02,292.502685546875
"10443",2008-08-03,292.63134765625
"10444",2008-08-04,290.90185546875
"10445",2008-08-05,291.249755859375
"10446",2008-08-06,291.25390625
"10447",2008-08-07,291.022705078125
"10448",2008-08-08,291.505126953125
"10449",2008-08-09,290.659912109375
"10450",2008-08-10,289.796875
"10451",2008-08-11,290.7421875
"10452",2008-08-12,292.976318359375
"10453",2008-08-13,291.005126953125
"10454",2008-08-14,291.52880859375
"10455",2008-08-15,292.06640625
"10456",2008-08-16,293.263671875
"10457",2008-08-17,291.5908203125
"10458",2008-08-18,291.408447265625
"10459",2008-08-19,291.029296875
"10460",2008-08-20,291.102783203125
"10461",2008-08-21,291.651611328125
"10462",2008-08-22,291.4931640625
"10463",2008-08-23,292.31298828125
"10464",2008-08-24,292.336669921875
"10465",2008-08-25,292.845703125
"10466",2008-08-26,292.0283203125
"10467",2008-08-27,289.8525390625
"10468",2008-08-28,291.06201171875
"10469",2008-08-29,291.2685546875
"10470",2008-08-30,291.890625
"10471",2008-08-31,290.732666015625
"10472",2008-09-01,293.451416015625
"10473",2008-09-02,290.803955078125
"10474",2008-09-03,288.919921875
"10475",2008-09-04,288.951904296875
"10476",2008-09-05,289.263671875
"10477",2008-09-06,285.63134765625
"10478",2008-09-07,289.074462890625
"10479",2008-09-08,290.27099609375
"10480",2008-09-09,288.138427734375
"10481",2008-09-10,285.38818359375
"10482",2008-09-11,287.737548828125
"10483",2008-09-12,286.012451171875
"10484",2008-09-13,285.825927734375
"10485",2008-09-14,284.265869140625
"10486",2008-09-15,285.368408203125
"10487",2008-09-16,284.250732421875
"10488",2008-09-17,285.056884765625
"10489",2008-09-18,285.54736328125
"10490",2008-09-19,285.41845703125
"10491",2008-09-20,289.246826171875
"10492",2008-09-21,289.569580078125
"10493",2008-09-22,288.08203125
"10494",2008-09-23,289.7265625
"10495",2008-09-24,290.24462890625
"10496",2008-09-25,289.5009765625
"10497",2008-09-26,289.223876953125
"10498",2008-09-27,288.28662109375
"10499",2008-09-28,286.3271484375
"10500",2008-09-29,286.25732421875
"10501",2008-09-30,283.91796875
"10502",2008-10-01,283.0361328125
"10503",2008-10-02,284.950439453125
"10504",2008-10-03,284.176513671875
"10505",2008-10-04,283.491455078125
"10506",2008-10-05,283.4580078125
"10507",2008-10-06,286.51904296875
"10508",2008-10-07,285.16259765625
"10509",2008-10-08,287.85302734375
"10510",2008-10-09,287.3671875
"10511",2008-10-10,286.479736328125
"10512",2008-10-11,287.623779296875
"10513",2008-10-12,286.03955078125
"10514",2008-10-13,286.15185546875
"10515",2008-10-14,286.250732421875
"10516",2008-10-15,282.70361328125
"10517",2008-10-16,283.356689453125
"10518",2008-10-17,283.427978515625
"10519",2008-10-18,283.385986328125
"10520",2008-10-19,284.879150390625
"10521",2008-10-20,285.59814453125
"10522",2008-10-21,284.845947265625
"10523",2008-10-22,283.2705078125
"10524",2008-10-23,284.33203125
"10525",2008-10-24,285.406494140625
"10526",2008-10-25,284.896240234375
"10527",2008-10-26,284.7724609375
"10528",2008-10-27,281.344970703125
"10529",2008-10-28,280.005126953125
"10530",2008-10-29,278.473876953125
"10531",2008-10-30,278.581298828125
"10532",2008-10-31,278.195068359375
"10533",2008-11-01,278.2822265625
"10534",2008-11-02,281.217529296875
"10535",2008-11-03,281.849853515625
"10536",2008-11-04,280.646240234375
"10537",2008-11-05,279.27978515625
"10538",2008-11-06,279.76123046875
"10539",2008-11-07,278.527587890625
"10540",2008-11-08,281.765380859375
"10541",2008-11-09,281.495849609375
"10542",2008-11-10,281.23974609375
"10543",2008-11-11,279.304931640625
"10544",2008-11-12,280.018798828125
"10545",2008-11-13,277.500244140625
"10546",2008-11-14,283.35205078125
"10547",2008-11-15,284.23681640625
"10548",2008-11-16,281.2080078125
"10549",2008-11-17,278.474609375
"10550",2008-11-18,281.10693359375
"10551",2008-11-19,281.8623046875
"10552",2008-11-20,279.875732421875
"10553",2008-11-21,273.42333984375
"10554",2008-11-22,275.0576171875
"10555",2008-11-23,273.00634765625
"10556",2008-11-24,274.5439453125
"10557",2008-11-25,275.763671875
"10558",2008-11-26,282.778076171875
"10559",2008-11-27,282.7197265625
"10560",2008-11-28,280.484619140625
"10561",2008-11-29,278.013671875
"10562",2008-11-30,276.38427734375
"10563",2008-12-01,275.848388671875
"10564",2008-12-02,276.037109375
"10565",2008-12-03,276.1591796875
"10566",2008-12-04,274.851318359375
"10567",2008-12-05,275.484375
"10568",2008-12-06,275.38427734375
"10569",2008-12-07,274.2431640625
"10570",2008-12-08,279.685791015625
"10571",2008-12-09,275.1494140625
"10572",2008-12-10,271.53759765625
"10573",2008-12-11,273.031005859375
"10574",2008-12-12,273.158935546875
"10575",2008-12-13,274.064208984375
"10576",2008-12-14,275.849365234375
"10577",2008-12-15,275.783447265625
"10578",2008-12-16,276.775146484375
"10579",2008-12-17,277.70849609375
"10580",2008-12-18,281.085693359375
"10581",2008-12-19,280.09375
"10582",2008-12-20,280.15087890625
"10583",2008-12-21,280.8974609375
"10584",2008-12-22,281.2431640625
"10585",2008-12-23,275.48583984375
"10586",2008-12-24,275.720703125
"10587",2008-12-25,273.097412109375
"10588",2008-12-26,275.480712890625
"10589",2008-12-27,272.50732421875
"10590",2008-12-28,272.185546875
"10591",2008-12-29,271.85009765625
"10592",2008-12-30,274.055908203125
"10593",2008-12-31,273.716796875
"10594",2009-01-01,270.535400390625
"10595",2009-01-02,270.667236328125
"10596",2009-01-03,274.67626953125
"10597",2009-01-04,269.6240234375
"10598",2009-01-05,270.921630859375
"10599",2009-01-06,276.25048828125
"10600",2009-01-07,273.722412109375
"10601",2009-01-08,278.658203125
"10602",2009-01-09,279.025390625
"10603",2009-01-10,277.550048828125
"10604",2009-01-11,279.867919921875
"10605",2009-01-12,279.893798828125
"10606",2009-01-13,279.58935546875
"10607",2009-01-14,276.8876953125
"10608",2009-01-15,271.38623046875
"10609",2009-01-16,270.358642578125
"10610",2009-01-17,272.3740234375
"10611",2009-01-18,274.28857421875
"10612",2009-01-19,275.531982421875
"10613",2009-01-20,277.13427734375
"10614",2009-01-21,276.977294921875
"10615",2009-01-22,275.315185546875
"10616",2009-01-23,274.841552734375
"10617",2009-01-24,275.283447265625
"10618",2009-01-25,275.295166015625
"10619",2009-01-26,275.062744140625
"10620",2009-01-27,274.7626953125
"10621",2009-01-28,276.138916015625
"10622",2009-01-29,276.325439453125
"10623",2009-01-30,274.594970703125
"10624",2009-01-31,272.075927734375
"10625",2009-02-01,271.351318359375
"10626",2009-02-02,270.526611328125
"10627",2009-02-03,271.4990234375
"10628",2009-02-04,272.6201171875
"10629",2009-02-05,274.857666015625
"10630",2009-02-06,274.883544921875
"10631",2009-02-07,275.273681640625
"10632",2009-02-08,273.280029296875
"10633",2009-02-09,273.7294921875
"10634",2009-02-10,272.251708984375
"10635",2009-02-11,271.453857421875
"10636",2009-02-12,268.873779296875
"10637",2009-02-13,270.380615234375
"10638",2009-02-14,271.45361328125
"10639",2009-02-15,272.08349609375
"10640",2009-02-16,269.7744140625
"10641",2009-02-17,268.695068359375
"10642",2009-02-18,271.821533203125
"10643",2009-02-19,269.68408203125
"10644",2009-02-20,270.40478515625
"10645",2009-02-21,273.780029296875
"10646",2009-02-22,276.23583984375
"10647",2009-02-23,275.397705078125
"10648",2009-02-24,275.310791015625
"10649",2009-02-25,277.06640625
"10650",2009-02-26,276.47216796875
"10651",2009-02-27,275.604736328125
"10652",2009-02-28,274.630126953125
"10653",2009-03-01,274.56396484375
"10654",2009-03-02,274.677978515625
"10655",2009-03-03,276.94384765625
"10656",2009-03-04,278.44287109375
"10657",2009-03-05,275.956298828125
"10658",2009-03-06,275.4951171875
"10659",2009-03-07,274.7255859375
"10660",2009-03-08,276.185546875
"10661",2009-03-09,276.966796875
"10662",2009-03-10,275.72998046875
"10663",2009-03-11,276.853271484375
"10664",2009-03-12,273.41259765625
"10665",2009-03-13,275.262451171875
"10666",2009-03-14,276.71728515625
"10667",2009-03-15,277.9345703125
"10668",2009-03-16,278.21240234375
"10669",2009-03-17,280.825927734375
"10670",2009-03-18,280.860595703125
"10671",2009-03-19,279.303466796875
"10672",2009-03-20,278.88330078125
"10673",2009-03-21,282.62744140625
"10674",2009-03-22,278.8642578125
"10675",2009-03-23,279.572265625
"10676",2009-03-24,274.67529296875
"10677",2009-03-25,275.91748046875
"10678",2009-03-26,276.994384765625
"10679",2009-03-27,276.67236328125
"10680",2009-03-28,277.459716796875
"10681",2009-03-29,278.818359375
"10682",2009-03-30,279.802001953125
"10683",2009-03-31,281.94140625
"10684",2009-04-01,284.811767578125
"10685",2009-04-02,283.54638671875
"10686",2009-04-03,280.10595703125
"10687",2009-04-04,283.865966796875
"10688",2009-04-05,283.33642578125
"10689",2009-04-06,283.456787109375
"10690",2009-04-07,284.317138671875
"10691",2009-04-08,282.543701171875
"10692",2009-04-09,282.7822265625
"10693",2009-04-10,287.89013671875
"10694",2009-04-11,289.609375
"10695",2009-04-12,286.591796875
"10696",2009-04-13,286.02294921875
"10697",2009-04-14,284.85595703125
"10698",2009-04-15,286.58447265625
"10699",2009-04-16,286.252197265625
"10700",2009-04-17,286.84228515625
"10701",2009-04-18,283.932861328125
"10702",2009-04-19,283.190185546875
"10703",2009-04-20,283.8896484375
"10704",2009-04-21,282.644775390625
"10705",2009-04-22,285.982177734375
"10706",2009-04-23,287.8447265625
"10707",2009-04-24,287.345703125
"10708",2009-04-25,290.2607421875
"10709",2009-04-26,287.62744140625
"10710",2009-04-27,291.746826171875
"10711",2009-04-28,286.867431640625
"10712",2009-04-29,290.385986328125
"10713",2009-04-30,291.339111328125
"10714",2009-05-01,290.672119140625
"10715",2009-05-02,287.079345703125
"10716",2009-05-03,284.993896484375
"10717",2009-05-04,286.440673828125
"10718",2009-05-05,286.93017578125
"10719",2009-05-06,286.497802734375
"10720",2009-05-07,284.88720703125
"10721",2009-05-08,284.5458984375
"10722",2009-05-09,284.49267578125
"10723",2009-05-10,285.20849609375
"10724",2009-05-11,286.149169921875
"10725",2009-05-12,287.71875
"10726",2009-05-13,287.714111328125
"10727",2009-05-14,286.23828125
"10728",2009-05-15,289.22900390625
"10729",2009-05-16,289.082763671875
"10730",2009-05-17,288.390625
"10731",2009-05-18,287.183349609375
"10732",2009-05-19,287.74609375
"10733",2009-05-20,286.931396484375
"10734",2009-05-21,286.681396484375
"10735",2009-05-22,284.237548828125
"10736",2009-05-23,290.43212890625
"10737",2009-05-24,287.813720703125
"10738",2009-05-25,290.58251953125
"10739",2009-05-26,289.25537109375
"10740",2009-05-27,287.033447265625
"10741",2009-05-28,289.44580078125
"10742",2009-05-29,292.09375
"10743",2009-05-30,296.2353515625
"10744",2009-05-31,295.98095703125
"10745",2009-06-01,297.505615234375
"10746",2009-06-02,290.036376953125
"10747",2009-06-03,286.82666015625
"10748",2009-06-04,285.94970703125
"10749",2009-06-05,286.900146484375
"10750",2009-06-06,286.056396484375
"10751",2009-06-07,287.00537109375
"10752",2009-06-08,287.333251953125
"10753",2009-06-09,288.554931640625
"10754",2009-06-10,285.60888671875
"10755",2009-06-11,287.882080078125
"10756",2009-06-12,286.052490234375
"10757",2009-06-13,289.95654296875
"10758",2009-06-14,291.085693359375
"10759",2009-06-15,288.5869140625
"10760",2009-06-16,289.370361328125
"10761",2009-06-17,290.12890625
"10762",2009-06-18,289.77880859375
"10763",2009-06-19,287.485107421875
"10764",2009-06-20,288.73193359375
"10765",2009-06-21,291.32861328125
"10766",2009-06-22,292.494384765625
"10767",2009-06-23,293.63720703125
"10768",2009-06-24,298.740966796875
"10769",2009-06-25,297.94921875
"10770",2009-06-26,297.783203125
"10771",2009-06-27,299.065673828125
"10772",2009-06-28,302.508056640625
"10773",2009-06-29,301.213623046875
"10774",2009-06-30,299.476806640625
"10775",2009-07-01,298.162109375
"10776",2009-07-02,300.15966796875
"10777",2009-07-03,300.138916015625
"10778",2009-07-04,298.378662109375
"10779",2009-07-05,292.425537109375
"10780",2009-07-06,292.72412109375
"10781",2009-07-07,290.92919921875
"10782",2009-07-08,292.031005859375
"10783",2009-07-09,289.59765625
"10784",2009-07-10,287.500244140625
"10785",2009-07-11,289.4013671875
"10786",2009-07-12,290.66357421875
"10787",2009-07-13,291.7841796875
"10788",2009-07-14,292.6337890625
"10789",2009-07-15,294.248779296875
"10790",2009-07-16,292.717529296875
"10791",2009-07-17,295.1474609375
"10792",2009-07-18,293.087890625
"10793",2009-07-19,290.6533203125
"10794",2009-07-20,291.440185546875
"10795",2009-07-21,292.33056640625
"10796",2009-07-22,291.930419921875
"10797",2009-07-23,289.721923828125
"10798",2009-07-24,291.7607421875
"10799",2009-07-25,291.04296875
"10800",2009-07-26,293.86669921875
"10801",2009-07-27,289.48095703125
"10802",2009-07-28,291.972412109375
"10803",2009-07-29,292.135009765625
"10804",2009-07-30,293.51025390625
"10805",2009-07-31,291.345458984375
"10806",2009-08-01,291.468017578125
"10807",2009-08-02,294.045654296875
"10808",2009-08-03,290.17724609375
"10809",2009-08-04,291.384765625
"10810",2009-08-05,294.5986328125
"10811",2009-08-06,296.9130859375
"10812",2009-08-07,297.960693359375
"10813",2009-08-08,298.1171875
"10814",2009-08-09,294.660400390625
"10815",2009-08-10,291.47412109375
"10816",2009-08-11,292.233642578125
"10817",2009-08-12,292.147705078125
"10818",2009-08-13,290.079833984375
"10819",2009-08-14,290.65576171875
"10820",2009-08-15,289.708740234375
"10821",2009-08-16,290.905517578125
"10822",2009-08-17,290.7021484375
"10823",2009-08-18,292.07763671875
"10824",2009-08-19,291.5390625
"10825",2009-08-20,297.817138671875
"10826",2009-08-21,292.280029296875
"10827",2009-08-22,290.0185546875
"10828",2009-08-23,290.35595703125
"10829",2009-08-24,293.380126953125
"10830",2009-08-25,294.100830078125
"10831",2009-08-26,291.175048828125
"10832",2009-08-27,291.00537109375
"10833",2009-08-28,291.3408203125
"10834",2009-08-29,288.749755859375
"10835",2009-08-30,289.067626953125
"10836",2009-08-31,289.93505859375
"10837",2009-09-01,295.368896484375
"10838",2009-09-02,289.042236328125
"10839",2009-09-03,291.10693359375
"10840",2009-09-04,289.157958984375
"10841",2009-09-05,290.385009765625
"10842",2009-09-06,290.503662109375
"10843",2009-09-07,288.724365234375
"10844",2009-09-08,291.2578125
"10845",2009-09-09,291.59033203125
"10846",2009-09-10,292.193359375
"10847",2009-09-11,290.7578125
"10848",2009-09-12,289.47607421875
"10849",2009-09-13,290.94873046875
"10850",2009-09-14,289.9013671875
"10851",2009-09-15,290.109375
"10852",2009-09-16,289.5703125
"10853",2009-09-17,288.137939453125
"10854",2009-09-18,290.194091796875
"10855",2009-09-19,290.524658203125
"10856",2009-09-20,288.962158203125
"10857",2009-09-21,288.015625
"10858",2009-09-22,289.00439453125
"10859",2009-09-23,288.62255859375
"10860",2009-09-24,288.723388671875
"10861",2009-09-25,289.78076171875
"10862",2009-09-26,289.220947265625
"10863",2009-09-27,289.056640625
"10864",2009-09-28,287.85400390625
"10865",2009-09-29,285.6748046875
"10866",2009-09-30,283.814697265625
"10867",2009-10-01,282.9169921875
"10868",2009-10-02,283.172119140625
"10869",2009-10-03,283.79638671875
"10870",2009-10-04,284.19921875
"10871",2009-10-05,283.906982421875
"10872",2009-10-06,285.62451171875
"10873",2009-10-07,285.703125
"10874",2009-10-08,283.0087890625
"10875",2009-10-09,282.26318359375
"10876",2009-10-10,282.822021484375
"10877",2009-10-11,281.62060546875
"10878",2009-10-12,280.55859375
"10879",2009-10-13,279.932861328125
"10880",2009-10-14,279.138671875
"10881",2009-10-15,280.62109375
"10882",2009-10-16,280.704833984375
"10883",2009-10-17,283.051025390625
"10884",2009-10-18,282.603759765625
"10885",2009-10-19,282.9267578125
"10886",2009-10-20,282.8095703125
"10887",2009-10-21,279.70654296875
"10888",2009-10-22,280.759765625
"10889",2009-10-23,280.33740234375
"10890",2009-10-24,279.156005859375
"10891",2009-10-25,282.4365234375
"10892",2009-10-26,282.890625
"10893",2009-10-27,281.73583984375
"10894",2009-10-28,277.771240234375
"10895",2009-10-29,277.9697265625
"10896",2009-10-30,277.678466796875
"10897",2009-10-31,278.540771484375
"10898",2009-11-01,277.74072265625
"10899",2009-11-02,277.86181640625
"10900",2009-11-03,279.166015625
"10901",2009-11-04,276.625
"10902",2009-11-05,275.4365234375
"10903",2009-11-06,278.73046875
"10904",2009-11-07,280.51806640625
"10905",2009-11-08,280.00439453125
"10906",2009-11-09,279.341796875
"10907",2009-11-10,277.359619140625
"10908",2009-11-11,276.25634765625
"10909",2009-11-12,275.368896484375
"10910",2009-11-13,274.873291015625
"10911",2009-11-14,282.630126953125
"10912",2009-11-15,282.373046875
"10913",2009-11-16,279.55859375
"10914",2009-11-17,281.73876953125
"10915",2009-11-18,281.658203125
"10916",2009-11-19,282.552978515625
"10917",2009-11-20,284.27783203125
"10918",2009-11-21,282.4814453125
"10919",2009-11-22,282.0859375
"10920",2009-11-23,281.281982421875
"10921",2009-11-24,280.927490234375
"10922",2009-11-25,282.964111328125
"10923",2009-11-26,281.422119140625
"10924",2009-11-27,279.759521484375
"10925",2009-11-28,279.068603515625
"10926",2009-11-29,276.55224609375
"10927",2009-11-30,279.807373046875
"10928",2009-12-01,273.898193359375
"10929",2009-12-02,271.113525390625
"10930",2009-12-03,274.513916015625
"10931",2009-12-04,276.5703125
"10932",2009-12-05,277.204833984375
"10933",2009-12-06,276.95263671875
"10934",2009-12-07,279.639404296875
"10935",2009-12-08,278.30224609375
"10936",2009-12-09,276.804931640625
"10937",2009-12-10,276.907958984375
"10938",2009-12-11,275.7626953125
"10939",2009-12-12,276.411376953125
"10940",2009-12-13,273.493408203125
"10941",2009-12-14,273.83203125
"10942",2009-12-15,274.722900390625
"10943",2009-12-16,272.145263671875
"10944",2009-12-17,268.589111328125
"10945",2009-12-18,266.12646484375
"10946",2009-12-19,265.95849609375
"10947",2009-12-20,266.582763671875
"10948",2009-12-21,265.558349609375
"10949",2009-12-22,270.16064453125
"10950",2009-12-23,272.65478515625
"10951",2009-12-24,275.375732421875
"10952",2009-12-25,274.49169921875
"10953",2009-12-26,273.68798828125
"10954",2009-12-27,273.876953125
"10955",2009-12-28,272.367919921875
"10956",2009-12-29,266.211669921875
"10957",2009-12-30,260.911865234375
"10958",2009-12-31,264.818359375
"10959",2010-01-01,266.0888671875
"10960",2010-01-02,265.4736328125
"10961",2010-01-03,269.433349609375
"10962",2010-01-04,267.373046875
"10963",2010-01-05,261.48193359375
"10964",2010-01-06,259.576904296875
"10965",2010-01-07,261.76806640625
"10966",2010-01-08,257.889892578125
"10967",2010-01-09,262.580810546875
"10968",2010-01-10,265.925048828125
"10969",2010-01-11,266.539306640625
"10970",2010-01-12,268.726318359375
"10971",2010-01-13,267.022216796875
"10972",2010-01-14,268.39013671875
"10973",2010-01-15,269.63623046875
"10974",2010-01-16,271.61328125
"10975",2010-01-17,272.220703125
"10976",2010-01-18,272.24951171875
"10977",2010-01-19,272.077880859375
"10978",2010-01-20,271.88232421875
"10979",2010-01-21,271.852294921875
"10980",2010-01-22,270.783447265625
"10981",2010-01-23,269.939208984375
"10982",2010-01-24,268.30517578125
"10983",2010-01-25,267.739990234375
"10984",2010-01-26,271.81640625
"10985",2010-01-27,275.944091796875
"10986",2010-01-28,272.88720703125
"10987",2010-01-29,267.609130859375
"10988",2010-01-30,262.407470703125
"10989",2010-01-31,261.453369140625
"10990",2010-02-01,262.625732421875
"10991",2010-02-02,270.2314453125
"10992",2010-02-03,272.15234375
"10993",2010-02-04,271.652587890625
"10994",2010-02-05,270.83447265625
"10995",2010-02-06,271.082763671875
"10996",2010-02-07,269.622314453125
"10997",2010-02-08,269.345947265625
"10998",2010-02-09,267.5986328125
"10999",2010-02-10,268.706298828125
"11000",2010-02-11,270.12158203125
"11001",2010-02-12,270.49072265625
"11002",2010-02-13,268.791259765625
"11003",2010-02-14,272.27587890625
"11004",2010-02-15,270.5009765625
"11005",2010-02-16,271.280029296875
"11006",2010-02-17,270.87646484375
"11007",2010-02-18,269.565185546875
"11008",2010-02-19,266.921630859375
"11009",2010-02-20,264.039306640625
"11010",2010-02-21,260.955078125
"11011",2010-02-22,262.720947265625
"11012",2010-02-23,268.4423828125
"11013",2010-02-24,269.90380859375
"11014",2010-02-25,270.9541015625
"11015",2010-02-26,275.022705078125
"11016",2010-02-27,274.37744140625
"11017",2010-02-28,274.3447265625
"11018",2010-03-01,273.11376953125
"11019",2010-03-02,274.453369140625
"11020",2010-03-03,274.133544921875
"11021",2010-03-04,272.1337890625
"11022",2010-03-05,270.599853515625
"11023",2010-03-06,272.515380859375
"11024",2010-03-07,275.1455078125
"11025",2010-03-08,275
"11026",2010-03-09,276.208984375
"11027",2010-03-10,276.062255859375
"11028",2010-03-11,276.10205078125
"11029",2010-03-12,277.1650390625
"11030",2010-03-13,278.0576171875
"11031",2010-03-14,275.915283203125
"11032",2010-03-15,276.021728515625
"11033",2010-03-16,276.561279296875
"11034",2010-03-17,277.8349609375
"11035",2010-03-18,277.68798828125
"11036",2010-03-19,278.295166015625
"11037",2010-03-20,279.481201171875
"11038",2010-03-21,277.10302734375
"11039",2010-03-22,278.060302734375
"11040",2010-03-23,277.770263671875
"11041",2010-03-24,278.33935546875
"11042",2010-03-25,279.65625
"11043",2010-03-26,280.548095703125
"11044",2010-03-27,277.6044921875
"11045",2010-03-28,278.30712890625
"11046",2010-03-29,278.501220703125
"11047",2010-03-30,280.929443359375
"11048",2010-03-31,278.497802734375
"11049",2010-04-01,280.397705078125
"11050",2010-04-02,279.752685546875
"11051",2010-04-03,283.925048828125
"11052",2010-04-04,283.821044921875
"11053",2010-04-05,277.546142578125
"11054",2010-04-06,279.939208984375
"11055",2010-04-07,284.533935546875
"11056",2010-04-08,280.168212890625
"11057",2010-04-09,284.98095703125
"11058",2010-04-10,285.005859375
"11059",2010-04-11,285.700439453125
"11060",2010-04-12,285.884521484375
"11061",2010-04-13,286.316650390625
"11062",2010-04-14,285.309326171875
"11063",2010-04-15,282.8212890625
"11064",2010-04-16,283.057373046875
"11065",2010-04-17,283.886474609375
"11066",2010-04-18,281.29296875
"11067",2010-04-19,280.540771484375
"11068",2010-04-20,279.702880859375
"11069",2010-04-21,278.789794921875
"11070",2010-04-22,281.370361328125
"11071",2010-04-23,281.18408203125
"11072",2010-04-24,282.969482421875
"11073",2010-04-25,282.9208984375
"11074",2010-04-26,286.681396484375
"11075",2010-04-27,287.03369140625
"11076",2010-04-28,281.632080078125
"11077",2010-04-29,285.438232421875
"11078",2010-04-30,284.7666015625
"11079",2010-05-01,281.888671875
"11080",2010-05-02,283.352783203125
"11081",2010-05-03,285.44482421875
"11082",2010-05-04,278.800048828125
"11083",2010-05-05,283.225830078125
"11084",2010-05-06,284.5595703125
"11085",2010-05-07,286.36279296875
"11086",2010-05-08,285.318603515625
"11087",2010-05-09,283.9697265625
"11088",2010-05-10,281.658203125
"11089",2010-05-11,282.26904296875
"11090",2010-05-12,283.495361328125
"11091",2010-05-13,283.45556640625
"11092",2010-05-14,287.34130859375
"11093",2010-05-15,290.07177734375
"11094",2010-05-16,286.241455078125
"11095",2010-05-17,286.419921875
"11096",2010-05-18,293.131591796875
"11097",2010-05-19,295.855224609375
"11098",2010-05-20,294.250732421875
"11099",2010-05-21,291.785400390625
"11100",2010-05-22,293.55224609375
"11101",2010-05-23,291.1171875
"11102",2010-05-24,288.5048828125
"11103",2010-05-25,286.0087890625
"11104",2010-05-26,287.276123046875
"11105",2010-05-27,285.060302734375
"11106",2010-05-28,285.2099609375
"11107",2010-05-29,286.68994140625
"11108",2010-05-30,288.874267578125
"11109",2010-05-31,293.6533203125
"11110",2010-06-01,294.388916015625
"11111",2010-06-02,294.1376953125
"11112",2010-06-03,291.458740234375
"11113",2010-06-04,292.34130859375
"11114",2010-06-05,291.03759765625
"11115",2010-06-06,291.70068359375
"11116",2010-06-07,291.624267578125
"11117",2010-06-08,290.49560546875
"11118",2010-06-09,289.888916015625
"11119",2010-06-10,292.31787109375
"11120",2010-06-11,286.427978515625
"11121",2010-06-12,286.13916015625
"11122",2010-06-13,288.180419921875
"11123",2010-06-14,289.166748046875
"11124",2010-06-15,290.614990234375
"11125",2010-06-16,290.658935546875
"11126",2010-06-17,290.684326171875
"11127",2010-06-18,288.698974609375
"11128",2010-06-19,287.15966796875
"11129",2010-06-20,288.99169921875
"11130",2010-06-21,292.1318359375
"11131",2010-06-22,290.017578125
"11132",2010-06-23,291.836181640625
"11133",2010-06-24,289.528076171875
"11134",2010-06-25,291.5419921875
"11135",2010-06-26,293.36962890625
"11136",2010-06-27,290.777587890625
"11137",2010-06-28,293.5126953125
"11138",2010-06-29,295.890869140625
"11139",2010-06-30,291.958251953125
"11140",2010-07-01,294.111328125
"11141",2010-07-02,297.015380859375
"11142",2010-07-03,298.01025390625
"11143",2010-07-04,292.793701171875
"11144",2010-07-05,292.060302734375
"11145",2010-07-06,292.343994140625
"11146",2010-07-07,291.10498046875
"11147",2010-07-08,290.2041015625
"11148",2010-07-09,292.569091796875
"11149",2010-07-10,296.531494140625
"11150",2010-07-11,296.076171875
"11151",2010-07-12,296.546630859375
"11152",2010-07-13,294.18603515625
"11153",2010-07-14,294.18212890625
"11154",2010-07-15,295.10009765625
"11155",2010-07-16,297.50927734375
"11156",2010-07-17,293.10546875
"11157",2010-07-18,291.201171875
"11158",2010-07-19,291.417724609375
"11159",2010-07-20,295.101318359375
"11160",2010-07-21,298.0205078125
"11161",2010-07-22,293.489013671875
"11162",2010-07-23,291.364013671875
"11163",2010-07-24,293.660400390625
"11164",2010-07-25,288.26708984375
"11165",2010-07-26,291.675048828125
"11166",2010-07-27,293.6103515625
"11167",2010-07-28,293.2197265625
"11168",2010-07-29,290.140869140625
"11169",2010-07-30,291.870849609375
"11170",2010-07-31,291.6513671875
"11171",2010-08-01,291.725341796875
"11172",2010-08-02,292.449462890625
"11173",2010-08-03,292.23876953125
"11174",2010-08-04,291.724365234375
"11175",2010-08-05,292.921630859375
"11176",2010-08-06,291.355224609375
"11177",2010-08-07,294.400146484375
"11178",2010-08-08,295.951171875
"11179",2010-08-09,294.763916015625
"11180",2010-08-10,292.462890625
"11181",2010-08-11,290.3037109375
"11182",2010-08-12,294.6318359375
"11183",2010-08-13,294.4482421875
"11184",2010-08-14,294.888916015625
"11185",2010-08-15,296.390625
"11186",2010-08-16,293.54248046875
"11187",2010-08-17,291.914794921875
"11188",2010-08-18,293.778564453125
"11189",2010-08-19,291.04248046875
"11190",2010-08-20,291.23681640625
"11191",2010-08-21,292.458251953125
"11192",2010-08-22,291.627197265625
"11193",2010-08-23,291.394287109375
"11194",2010-08-24,288.192626953125
"11195",2010-08-25,290.288330078125
"11196",2010-08-26,289.30908203125
"11197",2010-08-27,289.76513671875
"11198",2010-08-28,287.66259765625
"11199",2010-08-29,288.495849609375
"11200",2010-08-30,289.58544921875
"11201",2010-08-31,289.066162109375
"11202",2010-09-01,291.219482421875
"11203",2010-09-02,288.859130859375
"11204",2010-09-03,287.196044921875
"11205",2010-09-04,288.76025390625
"11206",2010-09-05,290.14892578125
"11207",2010-09-06,290.439697265625
"11208",2010-09-07,290.1181640625
"11209",2010-09-08,290.176513671875
"11210",2010-09-09,290.51611328125
"11211",2010-09-10,287.6845703125
"11212",2010-09-11,289.948486328125
"11213",2010-09-12,290.003662109375
"11214",2010-09-13,289.885498046875
"11215",2010-09-14,289.666015625
"11216",2010-09-15,286.199462890625
"11217",2010-09-16,287.2666015625
"11218",2010-09-17,286.685546875
"11219",2010-09-18,287.223876953125
"11220",2010-09-19,288.07568359375
"11221",2010-09-20,286.3076171875
"11222",2010-09-21,287.64208984375
"11223",2010-09-22,286.84228515625
"11224",2010-09-23,288.7685546875
"11225",2010-09-24,288.81103515625
"11226",2010-09-25,284.70263671875
"11227",2010-09-26,283.083984375
"11228",2010-09-27,285.995849609375
"11229",2010-09-28,285.357666015625
"11230",2010-09-29,287.15087890625
"11231",2010-09-30,286.005126953125
"11232",2010-10-01,283.721435546875
"11233",2010-10-02,284.14111328125
"11234",2010-10-03,284.453125
"11235",2010-10-04,287.720458984375
"11236",2010-10-05,287.44921875
"11237",2010-10-06,286.466796875
"11238",2010-10-07,287.86669921875
"11239",2010-10-08,284.550048828125
"11240",2010-10-09,283.900634765625
"11241",2010-10-10,283.220458984375
"11242",2010-10-11,282.408447265625
"11243",2010-10-12,283.549072265625
"11244",2010-10-13,281.91064453125
"11245",2010-10-14,283.5341796875
"11246",2010-10-15,280.1376953125
"11247",2010-10-16,279.75634765625
"11248",2010-10-17,282.507568359375
"11249",2010-10-18,282.737548828125
"11250",2010-10-19,281.810546875
"11251",2010-10-20,277.59716796875
"11252",2010-10-21,277.816650390625
"11253",2010-10-22,278.6201171875
"11254",2010-10-23,278.06201171875
"11255",2010-10-24,277.629638671875
"11256",2010-10-25,279.16748046875
"11257",2010-10-26,279.632568359375
"11258",2010-10-27,283.5048828125
"11259",2010-10-28,283.548095703125
"11260",2010-10-29,283.6357421875
"11261",2010-10-30,283.920654296875
"11262",2010-10-31,284.27685546875
"11263",2010-11-01,282.4482421875
"11264",2010-11-02,282.81396484375
"11265",2010-11-03,282.763427734375
"11266",2010-11-04,281.910888671875
"11267",2010-11-05,282.03515625
"11268",2010-11-06,278.60400390625
"11269",2010-11-07,277.623046875
"11270",2010-11-08,274.984130859375
"11271",2010-11-09,273.123779296875
"11272",2010-11-10,273.40576171875
"11273",2010-11-11,275.249755859375
"11274",2010-11-12,276.775146484375
"11275",2010-11-13,278.824462890625
"11276",2010-11-14,279.429443359375
"11277",2010-11-15,278.489013671875
"11278",2010-11-16,277.752197265625
"11279",2010-11-17,272.29296875
"11280",2010-11-18,271.933837890625
"11281",2010-11-19,271.779541015625
"11282",2010-11-20,274.083251953125
"11283",2010-11-21,274.504150390625
"11284",2010-11-22,272.9619140625
"11285",2010-11-23,271.839599609375
"11286",2010-11-24,270.998291015625
"11287",2010-11-25,270.1982421875
"11288",2010-11-26,264.961669921875
"11289",2010-11-27,265.8037109375
"11290",2010-11-28,268.031005859375
"11291",2010-11-29,267.927978515625
"11292",2010-11-30,264.73876953125
"11293",2010-12-01,263.908203125
"11294",2010-12-02,266.442626953125
"11295",2010-12-03,265.54931640625
"11296",2010-12-04,272.6533203125
"11297",2010-12-05,273.503173828125
"11298",2010-12-06,271.372314453125
"11299",2010-12-07,265.48876953125
"11300",2010-12-08,272.701904296875
"11301",2010-12-09,269.009521484375
"11302",2010-12-10,276.137939453125
"11303",2010-12-11,275.89501953125
"11304",2010-12-12,270.240966796875
"11305",2010-12-13,266.772705078125
"11306",2010-12-14,264.71875
"11307",2010-12-15,273.608642578125
"11308",2010-12-16,276.4619140625
"11309",2010-12-17,271.43603515625
"11310",2010-12-18,271.686279296875
"11311",2010-12-19,267.9775390625
"11312",2010-12-20,266.068359375
"11313",2010-12-21,263.233154296875
"11314",2010-12-22,262.094970703125
"11315",2010-12-23,262.101806640625
"11316",2010-12-24,260.453369140625
"11317",2010-12-25,260.55322265625
"11318",2010-12-26,267.70361328125
"11319",2010-12-27,267.77294921875
"11320",2010-12-28,265.5537109375
"11321",2010-12-29,261.43212890625
"11322",2010-12-30,269.431396484375
"11323",2010-12-31,277.504638671875
"11324",2011-01-01,276.8544921875
"11325",2011-01-02,272.118408203125
"11326",2011-01-03,270.285400390625
"11327",2011-01-04,275.4638671875
"11328",2011-01-05,273.43359375
"11329",2011-01-06,275.087158203125
"11330",2011-01-07,274.8623046875
"11331",2011-01-08,276.821044921875
"11332",2011-01-09,276.963623046875
"11333",2011-01-10,276.56982421875
"11334",2011-01-11,274.496826171875
"11335",2011-01-12,272.054931640625
"11336",2011-01-13,269.3388671875
"11337",2011-01-14,270.929931640625
"11338",2011-01-15,275.291748046875
"11339",2011-01-16,277.468505859375
"11340",2011-01-17,277.34912109375
"11341",2011-01-18,276.24560546875
"11342",2011-01-19,270.746826171875
"11343",2011-01-20,272.419189453125
"11344",2011-01-21,272.42138671875
"11345",2011-01-22,274.097412109375
"11346",2011-01-23,275.03125
"11347",2011-01-24,273.59130859375
"11348",2011-01-25,273.03076171875
"11349",2011-01-26,266.6025390625
"11350",2011-01-27,269.3271484375
"11351",2011-01-28,273.719970703125
"11352",2011-01-29,276.728515625
"11353",2011-01-30,275.47802734375
"11354",2011-01-31,275.54833984375
"11355",2011-02-01,276.56396484375
"11356",2011-02-02,276.5927734375
"11357",2011-02-03,277.412353515625
"11358",2011-02-04,276.61865234375
"11359",2011-02-05,278.054443359375
"11360",2011-02-06,277.00390625
"11361",2011-02-07,276.521240234375
"11362",2011-02-08,277.016845703125
"11363",2011-02-09,276.205322265625
"11364",2011-02-10,275.3447265625
"11365",2011-02-11,272.217041015625
"11366",2011-02-12,271.3056640625
"11367",2011-02-13,271.672119140625
"11368",2011-02-14,268.066650390625
"11369",2011-02-15,268.946533203125
"11370",2011-02-16,270.70703125
"11371",2011-02-17,270.664306640625
"11372",2011-02-18,267.33837890625
"11373",2011-02-19,266.129150390625
"11374",2011-02-20,267.874267578125
"11375",2011-02-21,267.908935546875
"11376",2011-02-22,266.52197265625
"11377",2011-02-23,267.271240234375
"11378",2011-02-24,270.687255859375
"11379",2011-02-25,273.580322265625
"11380",2011-02-26,273.926513671875
"11381",2011-02-27,272.12548828125
"11382",2011-02-28,271.54443359375
"11383",2011-03-01,272.730224609375
"11384",2011-03-02,272.2236328125
"11385",2011-03-03,275.0966796875
"11386",2011-03-04,276.33935546875
"11387",2011-03-05,277.32958984375
"11388",2011-03-06,276.0634765625
"11389",2011-03-07,275.409912109375
"11390",2011-03-08,275.789306640625
"11391",2011-03-09,274.694091796875
"11392",2011-03-10,275.491455078125
"11393",2011-03-11,275.584228515625
"11394",2011-03-12,276.33251953125
"11395",2011-03-13,277.843017578125
"11396",2011-03-14,278.6787109375
"11397",2011-03-15,277.168212890625
"11398",2011-03-16,275.978759765625
"11399",2011-03-17,276.121826171875
"11400",2011-03-18,273.82080078125
"11401",2011-03-19,280.736572265625
"11402",2011-03-20,277.30322265625
"11403",2011-03-21,280.67724609375
"11404",2011-03-22,283.33642578125
"11405",2011-03-23,281.7236328125
"11406",2011-03-24,283.335693359375
"11407",2011-03-25,278.049072265625
"11408",2011-03-26,275.6474609375
"11409",2011-03-27,276.527099609375
"11410",2011-03-28,278.8466796875
"11411",2011-03-29,281.819580078125
"11412",2011-03-30,279.78857421875
"11413",2011-03-31,277.520263671875
"11414",2011-04-01,279.102294921875
"11415",2011-04-02,282.210205078125
"11416",2011-04-03,281.675537109375
"11417",2011-04-04,281.62646484375
"11418",2011-04-05,279.927490234375
"11419",2011-04-06,284.395751953125
"11420",2011-04-07,283.9453125
"11421",2011-04-08,286.581298828125
"11422",2011-04-09,285.372314453125
"11423",2011-04-10,287.66650390625
"11424",2011-04-11,288.76708984375
"11425",2011-04-12,279.896484375
"11426",2011-04-13,281.906494140625
"11427",2011-04-14,283.469970703125
"11428",2011-04-15,281.536376953125
"11429",2011-04-16,283.744140625
"11430",2011-04-17,286.3232421875
"11431",2011-04-18,291.027099609375
"11432",2011-04-19,288.205078125
"11433",2011-04-20,287.883056640625
"11434",2011-04-21,289.687744140625
"11435",2011-04-22,292.1494140625
"11436",2011-04-23,292.234619140625
"11437",2011-04-24,290.792724609375
"11438",2011-04-25,291.03125
"11439",2011-04-26,288.732421875
"11440",2011-04-27,287.302978515625
"11441",2011-04-28,289.60546875
"11442",2011-04-29,291.41796875
"11443",2011-04-30,290.097900390625
"11444",2011-05-01,284.84521484375
"11445",2011-05-02,283.2314453125
"11446",2011-05-03,280.678955078125
"11447",2011-05-04,282.787353515625
"11448",2011-05-05,286.023193359375
"11449",2011-05-06,284.037109375
"11450",2011-05-07,292.281494140625
"11451",2011-05-08,293.04150390625
"11452",2011-05-09,293.59765625
"11453",2011-05-10,294.6708984375
"11454",2011-05-11,294.282958984375
"11455",2011-05-12,287.346435546875
"11456",2011-05-13,286.268798828125
"11457",2011-05-14,285.953857421875
"11458",2011-05-15,283.378173828125
"11459",2011-05-16,285.54638671875
"11460",2011-05-17,287.666748046875
"11461",2011-05-18,285.446533203125
"11462",2011-05-19,286.3701171875
"11463",2011-05-20,286.056640625
"11464",2011-05-21,287.10205078125
"11465",2011-05-22,289.701171875
"11466",2011-05-23,286.73193359375
"11467",2011-05-24,284.53515625
"11468",2011-05-25,287.5859375
"11469",2011-05-26,287.553466796875
"11470",2011-05-27,286.067626953125
"11471",2011-05-28,284.104736328125
"11472",2011-05-29,284.970947265625
"11473",2011-05-30,287.46533203125
"11474",2011-05-31,291.472900390625
"11475",2011-06-01,289.11083984375
"11476",2011-06-02,291.385009765625
"11477",2011-06-03,295.908203125
"11478",2011-06-04,294.65185546875
"11479",2011-06-05,294.255859375
"11480",2011-06-06,296.683349609375
"11481",2011-06-07,291.54833984375
"11482",2011-06-08,294.6533203125
"11483",2011-06-09,290.777587890625
"11484",2011-06-10,288.64453125
"11485",2011-06-11,287.99951171875
"11486",2011-06-12,288.5673828125
"11487",2011-06-13,290.336181640625
"11488",2011-06-14,289.412353515625
"11489",2011-06-15,289.739990234375
"11490",2011-06-16,291.8974609375
"11491",2011-06-17,287.860595703125
"11492",2011-06-18,290.546630859375
"11493",2011-06-19,288.351318359375
"11494",2011-06-20,290.126953125
"11495",2011-06-21,289.60693359375
"11496",2011-06-22,290.792236328125
"11497",2011-06-23,289.183349609375
"11498",2011-06-24,288.284423828125
"11499",2011-06-25,290.84423828125
"11500",2011-06-26,291.430908203125
"11501",2011-06-27,292.354248046875
"11502",2011-06-28,296.467529296875
"11503",2011-06-29,297.796142578125
"11504",2011-06-30,296.005126953125
"11505",2011-07-01,292.351806640625
"11506",2011-07-02,295.474365234375
"11507",2011-07-03,297.32568359375
"11508",2011-07-04,294.646484375
"11509",2011-07-05,293.231201171875
"11510",2011-07-06,295.8974609375
"11511",2011-07-07,294.4794921875
"11512",2011-07-08,294.11181640625
"11513",2011-07-09,295.363037109375
"11514",2011-07-10,291.655029296875
"11515",2011-07-11,291.78662109375
"11516",2011-07-12,292.486083984375
"11517",2011-07-13,293.112548828125
"11518",2011-07-14,293.154296875
"11519",2011-07-15,286.614501953125
"11520",2011-07-16,292.665283203125
"11521",2011-07-17,291.4599609375
"11522",2011-07-18,292.6953125
"11523",2011-07-19,293.160888671875
"11524",2011-07-20,293.174560546875
"11525",2011-07-21,295.952880859375
"11526",2011-07-22,293.808349609375
"11527",2011-07-23,296.04833984375
"11528",2011-07-24,290.783203125
"11529",2011-07-25,289.1943359375
"11530",2011-07-26,292.553466796875
"11531",2011-07-27,295.156494140625
"11532",2011-07-28,298.298828125
"11533",2011-07-29,298.933349609375
"11534",2011-07-30,299.009033203125
"11535",2011-07-31,297.126220703125
"11536",2011-08-01,298.27978515625
"11537",2011-08-02,298.026611328125
"11538",2011-08-03,298.164306640625
"11539",2011-08-04,296.883544921875
"11540",2011-08-05,292.921875
"11541",2011-08-06,292.60400390625
"11542",2011-08-07,290.7060546875
"11543",2011-08-08,290.4208984375
"11544",2011-08-09,292.14697265625
"11545",2011-08-10,286.14892578125
"11546",2011-08-11,291.656005859375
"11547",2011-08-12,292.5888671875
"11548",2011-08-13,293.508056640625
"11549",2011-08-14,292.0068359375
"11550",2011-08-15,291.109375
"11551",2011-08-16,291.2958984375
"11552",2011-08-17,291.0380859375
"11553",2011-08-18,291.681640625
"11554",2011-08-19,287.53369140625
"11555",2011-08-20,291.263916015625
"11556",2011-08-21,290.99267578125
"11557",2011-08-22,292.378662109375
"11558",2011-08-23,293.53369140625
"11559",2011-08-24,291.20947265625
"11560",2011-08-25,291.522705078125
"11561",2011-08-26,294.626953125
"11562",2011-08-27,292.911376953125
"11563",2011-08-28,288.860107421875
"11564",2011-08-29,287.951904296875
"11565",2011-08-30,290.70849609375
"11566",2011-08-31,291.172607421875
"11567",2011-09-01,290.8046875
"11568",2011-09-02,289.66064453125
"11569",2011-09-03,289.68359375
"11570",2011-09-04,296.6044921875
"11571",2011-09-05,290.297119140625
"11572",2011-09-06,289.422119140625
"11573",2011-09-07,287.5703125
"11574",2011-09-08,287.999755859375
"11575",2011-09-09,289.50927734375
"11576",2011-09-10,288.5771484375
"11577",2011-09-11,290.765380859375
"11578",2011-09-12,288.966064453125
"11579",2011-09-13,287.816650390625
"11580",2011-09-14,290.550048828125
"11581",2011-09-15,288.333251953125
"11582",2011-09-16,288.353515625
"11583",2011-09-17,287.724609375
"11584",2011-09-18,286.404541015625
"11585",2011-09-19,287.68115234375
"11586",2011-09-20,288.143798828125
"11587",2011-09-21,287.8310546875
"11588",2011-09-22,286.63916015625
"11589",2011-09-23,287.2529296875
"11590",2011-09-24,287.68701171875
"11591",2011-09-25,288.25341796875
"11592",2011-09-26,288.71337890625
"11593",2011-09-27,287.9345703125
"11594",2011-09-28,287.84765625
"11595",2011-09-29,290.3896484375
"11596",2011-09-30,290.00634765625
"11597",2011-10-01,289.47509765625
"11598",2011-10-02,287.562255859375
"11599",2011-10-03,287.8447265625
"11600",2011-10-04,288.240966796875
"11601",2011-10-05,287.262939453125
"11602",2011-10-06,287.150146484375
"11603",2011-10-07,286.960693359375
"11604",2011-10-08,284.02685546875
"11605",2011-10-09,283.755859375
"11606",2011-10-10,284.080810546875
"11607",2011-10-11,285.70361328125
"11608",2011-10-12,286.821044921875
"11609",2011-10-13,283.23583984375
"11610",2011-10-14,281.922119140625
"11611",2011-10-15,284.921142578125
"11612",2011-10-16,284.72607421875
"11613",2011-10-17,284.6279296875
"11614",2011-10-18,283.955078125
"11615",2011-10-19,282.0009765625
"11616",2011-10-20,282.52392578125
"11617",2011-10-21,284.095703125
"11618",2011-10-22,285.253662109375
"11619",2011-10-23,282.94775390625
"11620",2011-10-24,281.012451171875
"11621",2011-10-25,282.300048828125
"11622",2011-10-26,281.439208984375
"11623",2011-10-27,283.58837890625
"11624",2011-10-28,284.27587890625
"11625",2011-10-29,283.002685546875
"11626",2011-10-30,284.917236328125
"11627",2011-10-31,284.603515625
"11628",2011-11-01,285.014404296875
"11629",2011-11-02,284.733642578125
"11630",2011-11-03,283.2734375
"11631",2011-11-04,282.039794921875
"11632",2011-11-05,282.465087890625
"11633",2011-11-06,281.65380859375
"11634",2011-11-07,280.853759765625
"11635",2011-11-08,280.307373046875
"11636",2011-11-09,279.5810546875
"11637",2011-11-10,279.96337890625
"11638",2011-11-11,276.878662109375
"11639",2011-11-12,276.693115234375
"11640",2011-11-13,278.8837890625
"11641",2011-11-14,277.50439453125
"11642",2011-11-15,277.508544921875
"11643",2011-11-16,277.343994140625
"11644",2011-11-17,276.232421875
"11645",2011-11-18,282.798583984375
"11646",2011-11-19,283.13671875
"11647",2011-11-20,280.718994140625
"11648",2011-11-21,279.457275390625
"11649",2011-11-22,277.89990234375
"11650",2011-11-23,282.360595703125
"11651",2011-11-24,283.215576171875
"11652",2011-11-25,282.9609375
"11653",2011-11-26,283.897705078125
"11654",2011-11-27,284.5498046875
"11655",2011-11-28,281.588623046875
"11656",2011-11-29,282.047119140625
"11657",2011-11-30,281.6015625
"11658",2011-12-01,281.53271484375
"11659",2011-12-02,278.96435546875
"11660",2011-12-03,280.111572265625
"11661",2011-12-04,278.876220703125
"11662",2011-12-05,276.42529296875
"11663",2011-12-06,275.2470703125
"11664",2011-12-07,274.74658203125
"11665",2011-12-08,275.308837890625
"11666",2011-12-09,278.448974609375
"11667",2011-12-10,278.7841796875
"11668",2011-12-11,278.4501953125
"11669",2011-12-12,278.10400390625
"11670",2011-12-13,278.476806640625
"11671",2011-12-14,278.669921875
"11672",2011-12-15,279.2685546875
"11673",2011-12-16,277.92724609375
"11674",2011-12-17,274.64404296875
"11675",2011-12-18,273.47802734375
"11676",2011-12-19,276.932861328125
"11677",2011-12-20,274.554931640625
"11678",2011-12-21,272.854736328125
"11679",2011-12-22,277.59375
"11680",2011-12-23,280.79638671875
"11681",2011-12-24,278.929931640625
"11682",2011-12-25,284.169189453125
"11683",2011-12-26,283.459228515625
"11684",2011-12-27,283.4609375
"11685",2011-12-28,280.177490234375
"11686",2011-12-29,280.269775390625
"11687",2011-12-30,277.183837890625
"11688",2011-12-31,273.652099609375
"11689",2012-01-01,279.0302734375
"11690",2012-01-02,278.708984375
"11691",2012-01-03,277.75732421875
"11692",2012-01-04,279.16015625
"11693",2012-01-05,276.224365234375
"11694",2012-01-06,276.48095703125
"11695",2012-01-07,276.3662109375
"11696",2012-01-08,273.737548828125
"11697",2012-01-09,272.915771484375
"11698",2012-01-10,278.906982421875
"11699",2012-01-11,279.12939453125
"11700",2012-01-12,281.0380859375
"11701",2012-01-13,278.291259765625
"11702",2012-01-14,276.41162109375
"11703",2012-01-15,275.6396484375
"11704",2012-01-16,275.041259765625
"11705",2012-01-17,275.8642578125
"11706",2012-01-18,277.995361328125
"11707",2012-01-19,277.648193359375
"11708",2012-01-20,273.607421875
"11709",2012-01-21,273.9814453125
"11710",2012-01-22,274.3291015625
"11711",2012-01-23,270.030029296875
"11712",2012-01-24,269.245361328125
"11713",2012-01-25,268.929931640625
"11714",2012-01-26,271.72607421875
"11715",2012-01-27,272.669677734375
"11716",2012-01-28,271.6279296875
"11717",2012-01-29,271.949951171875
"11718",2012-01-30,271.256591796875
"11719",2012-01-31,268.9248046875
"11720",2012-02-01,269.642333984375
"11721",2012-02-02,266.146728515625
"11722",2012-02-03,262.992431640625
"11723",2012-02-04,262.6025390625
"11724",2012-02-05,268.968017578125
"11725",2012-02-06,269.13623046875
"11726",2012-02-07,271.40087890625
"11727",2012-02-08,271.671142578125
"11728",2012-02-09,269.553955078125
"11729",2012-02-10,271.574951171875
"11730",2012-02-11,274.12109375
"11731",2012-02-12,274.884521484375
"11732",2012-02-13,274.44091796875
"11733",2012-02-14,275.719970703125
"11734",2012-02-15,276.40576171875
"11735",2012-02-16,275.720947265625
"11736",2012-02-17,277.401123046875
"11737",2012-02-18,276.630859375
"11738",2012-02-19,276.42333984375
"11739",2012-02-20,276.11865234375
"11740",2012-02-21,279.95361328125
"11741",2012-02-22,278.659912109375
"11742",2012-02-23,280.68896484375
"11743",2012-02-24,281.5712890625
"11744",2012-02-25,280.24853515625
"11745",2012-02-26,277.66650390625
"11746",2012-02-27,277.01806640625
"11747",2012-02-28,283.704345703125
"11748",2012-02-29,283.3798828125
"11749",2012-03-01,284.33154296875
"11750",2012-03-02,281.5087890625
"11751",2012-03-03,278.71240234375
"11752",2012-03-04,276.755615234375
"11753",2012-03-05,276.365966796875
"11754",2012-03-06,275.736328125
"11755",2012-03-07,275.123291015625
"11756",2012-03-08,275.33349609375
"11757",2012-03-09,279.25634765625
"11758",2012-03-10,280.669677734375
"11759",2012-03-11,283.291259765625
"11760",2012-03-12,286.6953125
"11761",2012-03-13,285.903564453125
"11762",2012-03-14,282.821044921875
"11763",2012-03-15,279.319580078125
"11764",2012-03-16,278.09912109375
"11765",2012-03-17,279.0224609375
"11766",2012-03-18,280.56640625
"11767",2012-03-19,280.170166015625
"11768",2012-03-20,285.26416015625
"11769",2012-03-21,286.50048828125
"11770",2012-03-22,287.302001953125
"11771",2012-03-23,288.451416015625
"11772",2012-03-24,285.52099609375
"11773",2012-03-25,287.24267578125
"11774",2012-03-26,286.090576171875
"11775",2012-03-27,292.14697265625
"11776",2012-03-28,286.096923828125
"11777",2012-03-29,283.97021484375
"11778",2012-03-30,283.0703125
"11779",2012-03-31,279.782958984375
"11780",2012-04-01,281.03564453125
"11781",2012-04-02,276.801025390625
"11782",2012-04-03,278.904541015625
"11783",2012-04-04,279.93212890625
"11784",2012-04-05,279.66357421875
"11785",2012-04-06,278.234375
"11786",2012-04-07,277.51171875
"11787",2012-04-08,278.55810546875
"11788",2012-04-09,278.140869140625
"11789",2012-04-10,281.2021484375
"11790",2012-04-11,279.467529296875
"11791",2012-04-12,281.515380859375
"11792",2012-04-13,282.90673828125
"11793",2012-04-14,282.814453125
"11794",2012-04-15,280.353271484375
"11795",2012-04-16,279.250244140625
"11796",2012-04-17,278.223388671875
"11797",2012-04-18,280.645263671875
"11798",2012-04-19,284.186279296875
"11799",2012-04-20,278.9619140625
"11800",2012-04-21,281.716064453125
"11801",2012-04-22,280.977294921875
"11802",2012-04-23,282.646484375
"11803",2012-04-24,284.4345703125
"11804",2012-04-25,287.010498046875
"11805",2012-04-26,282.832763671875
"11806",2012-04-27,283.0546875
"11807",2012-04-28,283.233154296875
"11808",2012-04-29,287.427978515625
"11809",2012-04-30,286.674560546875
"11810",2012-05-01,290.49267578125
"11811",2012-05-02,290.605712890625
"11812",2012-05-03,288.405517578125
"11813",2012-05-04,285.26171875
"11814",2012-05-05,282.573974609375
"11815",2012-05-06,281.62353515625
"11816",2012-05-07,282.400634765625
"11817",2012-05-08,285.883544921875
"11818",2012-05-09,285.342041015625
"11819",2012-05-10,284.88818359375
"11820",2012-05-11,283.87548828125
"11821",2012-05-12,285.801513671875
"11822",2012-05-13,283.96923828125
"11823",2012-05-14,283.163330078125
"11824",2012-05-15,285.406982421875
"11825",2012-05-16,287.3828125
"11826",2012-05-17,283.494140625
"11827",2012-05-18,284.5
"11828",2012-05-19,288.911376953125
"11829",2012-05-20,290.677001953125
"11830",2012-05-21,295.178466796875
"11831",2012-05-22,296.459228515625
"11832",2012-05-23,297.6669921875
"11833",2012-05-24,297.709228515625
"11834",2012-05-25,298.655517578125
"11835",2012-05-26,297.26416015625
"11836",2012-05-27,295.892333984375
"11837",2012-05-28,293.669189453125
"11838",2012-05-29,287.24267578125
"11839",2012-05-30,287.68505859375
"11840",2012-05-31,287.39501953125
"11841",2012-06-01,285.358642578125
"11842",2012-06-02,285.701904296875
"11843",2012-06-03,284.759765625
"11844",2012-06-04,286.81103515625
"11845",2012-06-05,287.496337890625
"11846",2012-06-06,286.92822265625
"11847",2012-06-07,288.21240234375
"11848",2012-06-08,290.870361328125
"11849",2012-06-09,288.132568359375
"11850",2012-06-10,287.64306640625
"11851",2012-06-11,289.64990234375
"11852",2012-06-12,286.401123046875
"11853",2012-06-13,287.862060546875
"11854",2012-06-14,287.092041015625
"11855",2012-06-15,287.489013671875
"11856",2012-06-16,288.170166015625
"11857",2012-06-17,288.535400390625
"11858",2012-06-18,287.840087890625
"11859",2012-06-19,289.072509765625
"11860",2012-06-20,290.541015625
"11861",2012-06-21,294.65966796875
"11862",2012-06-22,293.759521484375
"11863",2012-06-23,289.52734375
"11864",2012-06-24,287.70947265625
"11865",2012-06-25,286.926513671875
"11866",2012-06-26,292.523193359375
"11867",2012-06-27,291.948486328125
"11868",2012-06-28,291.638427734375
"11869",2012-06-29,290.413818359375
"11870",2012-06-30,290.39404296875
"11871",2012-07-01,289.996826171875
"11872",2012-07-02,289.208251953125
"11873",2012-07-03,292.416015625
"11874",2012-07-04,294.579345703125
"11875",2012-07-05,296.5302734375
"11876",2012-07-06,293.130859375
"11877",2012-07-07,292.100341796875
"11878",2012-07-08,292.326416015625
"11879",2012-07-09,293.9306640625
"11880",2012-07-10,292.341064453125
"11881",2012-07-11,290.229248046875
"11882",2012-07-12,289.3505859375
"11883",2012-07-13,289.625732421875
"11884",2012-07-14,290.77587890625
"11885",2012-07-15,290.7841796875
"11886",2012-07-16,289.81591796875
"11887",2012-07-17,291.34228515625
"11888",2012-07-18,290.982666015625
"11889",2012-07-19,290.7548828125
"11890",2012-07-20,291.640625
"11891",2012-07-21,291.25830078125
"11892",2012-07-22,290.963623046875
"11893",2012-07-23,289.64111328125
"11894",2012-07-24,292.666259765625
"11895",2012-07-25,294.531982421875
"11896",2012-07-26,296.753173828125
"11897",2012-07-27,293.335693359375
"11898",2012-07-28,291.494140625
"11899",2012-07-29,290.496337890625
"11900",2012-07-30,291.66015625
"11901",2012-07-31,288.41357421875
"11902",2012-08-01,290.42529296875
"11903",2012-08-02,293.600830078125
"11904",2012-08-03,291.666259765625
"11905",2012-08-04,291.978515625
"11906",2012-08-05,292.00537109375
"11907",2012-08-06,291.131103515625
"11908",2012-08-07,290.0546875
"11909",2012-08-08,291.231201171875
"11910",2012-08-09,292.263427734375
"11911",2012-08-10,292.003173828125
"11912",2012-08-11,292.501708984375
"11913",2012-08-12,293.361083984375
"11914",2012-08-13,293.983154296875
"11915",2012-08-14,293.505615234375
"11916",2012-08-15,296.0439453125
"11917",2012-08-16,295.57958984375
"11918",2012-08-17,292.645263671875
"11919",2012-08-18,292.42431640625
"11920",2012-08-19,295.541015625
"11921",2012-08-20,293.77001953125
"11922",2012-08-21,293.60693359375
"11923",2012-08-22,290.856689453125
"11924",2012-08-23,292.104248046875
"11925",2012-08-24,291.492431640625
"11926",2012-08-25,291.603271484375
"11927",2012-08-26,291.182373046875
"11928",2012-08-27,289.61962890625
"11929",2012-08-28,289.86865234375
"11930",2012-08-29,291.857177734375
"11931",2012-08-30,289.990966796875
"11932",2012-08-31,292.57080078125
"11933",2012-09-01,291.696533203125
"11934",2012-09-02,290.287109375
"11935",2012-09-03,291.841796875
"11936",2012-09-04,291.269287109375
"11937",2012-09-05,290.23876953125
"11938",2012-09-06,287.450439453125
"11939",2012-09-07,289.6796875
"11940",2012-09-08,289.2392578125
"11941",2012-09-09,288.36279296875
"11942",2012-09-10,292.5771484375
"11943",2012-09-11,290.226318359375
"11944",2012-09-12,286.254150390625
"11945",2012-09-13,286.84716796875
"11946",2012-09-14,288.565673828125
"11947",2012-09-15,289.878662109375
"11948",2012-09-16,287.54296875
"11949",2012-09-17,287.62646484375
"11950",2012-09-18,286.88818359375
"11951",2012-09-19,285.8935546875
"11952",2012-09-20,285.462158203125
"11953",2012-09-21,285.050537109375
"11954",2012-09-22,280.914306640625
"11955",2012-09-23,284.525634765625
"11956",2012-09-24,285.5185546875
"11957",2012-09-25,283.399169921875
"11958",2012-09-26,286.606201171875
"11959",2012-09-27,286.025390625
"11960",2012-09-28,286.095703125
"11961",2012-09-29,285.17333984375
"11962",2012-09-30,286.021728515625
"11963",2012-10-01,287.048095703125
"11964",2012-10-02,287.00439453125
"11965",2012-10-03,286.14501953125
"11966",2012-10-04,284.199951171875
"11967",2012-10-05,284.26318359375
"11968",2012-10-06,284.762451171875
"11969",2012-10-07,285.666259765625
"11970",2012-10-08,284.123046875
"11971",2012-10-09,282.64013671875
"11972",2012-10-10,283.029296875
"11973",2012-10-11,282.74609375
"11974",2012-10-12,280.83984375
"11975",2012-10-13,280.046875
"11976",2012-10-14,280.449462890625
"11977",2012-10-15,281.66748046875
"11978",2012-10-16,282.109619140625
"11979",2012-10-17,283.133056640625
"11980",2012-10-18,286.240966796875
"11981",2012-10-19,285.326904296875
"11982",2012-10-20,286.12060546875
"11983",2012-10-21,282.994384765625
"11984",2012-10-22,281.38623046875
"11985",2012-10-23,279.15576171875
"11986",2012-10-24,281.9384765625
"11987",2012-10-25,279.62548828125
"11988",2012-10-26,278.691162109375
"11989",2012-10-27,278.898681640625
"11990",2012-10-28,277.9580078125
"11991",2012-10-29,280.106201171875
"11992",2012-10-30,276.97412109375
"11993",2012-10-31,280.313232421875
"11994",2012-11-01,280.8466796875
"11995",2012-11-02,281.017578125
"11996",2012-11-03,279.48291015625
"11997",2012-11-04,278.47412109375
"11998",2012-11-05,277.5078125
"11999",2012-11-06,279.4248046875
"12000",2012-11-07,280.92578125
"12001",2012-11-08,280.524658203125
"12002",2012-11-09,280.670654296875
"12003",2012-11-10,280.978515625
"12004",2012-11-11,281.904052734375
"12005",2012-11-12,280.0830078125
"12006",2012-11-13,281.98876953125
"12007",2012-11-14,283.88037109375
"12008",2012-11-15,282.67333984375
"12009",2012-11-16,282.2890625
"12010",2012-11-17,280.159423828125
"12011",2012-11-18,279.841796875
"12012",2012-11-19,280.151123046875
"12013",2012-11-20,281.724365234375
"12014",2012-11-21,280.984375
"12015",2012-11-22,281.294189453125
"12016",2012-11-23,280.909912109375
"12017",2012-11-24,279.137939453125
"12018",2012-11-25,276.68505859375
"12019",2012-11-26,276.923828125
"12020",2012-11-27,275.833984375
"12021",2012-11-28,275.43896484375
"12022",2012-11-29,273.5205078125
"12023",2012-11-30,271.355224609375
"12024",2012-12-01,269.010498046875
"12025",2012-12-02,265.92724609375
"12026",2012-12-03,264.211181640625
"12027",2012-12-04,263.1806640625
"12028",2012-12-05,266.5888671875
"12029",2012-12-06,265.16796875
"12030",2012-12-07,267.52392578125
"12031",2012-12-08,269.313720703125
"12032",2012-12-09,271.170166015625
"12033",2012-12-10,269.475341796875
"12034",2012-12-11,267.485107421875
"12035",2012-12-12,265.5322265625
"12036",2012-12-13,267.797119140625
"12037",2012-12-14,270.140625
"12038",2012-12-15,275.800537109375
"12039",2012-12-16,275.831298828125
"12040",2012-12-17,275.6005859375
"12041",2012-12-18,274.455078125
"12042",2012-12-19,271.334228515625
"12043",2012-12-20,269.54052734375
"12044",2012-12-21,270.40625
"12045",2012-12-22,270.266845703125
"12046",2012-12-23,270.421142578125
"12047",2012-12-24,272.5361328125
"12048",2012-12-25,275.507568359375
"12049",2012-12-26,276.095947265625
"12050",2012-12-27,274.374755859375
"12051",2012-12-28,273.231689453125
"12052",2012-12-29,278.78125
"12053",2012-12-30,278.5498046875
"12054",2012-12-31,279.463623046875
"12055",2013-01-01,279.31689453125
"12056",2013-01-02,275.498291015625
"12057",2013-01-03,279.859619140625
"12058",2013-01-04,278.8974609375
"12059",2013-01-05,275.655029296875
"12060",2013-01-06,275.27197265625
"12061",2013-01-07,276.642333984375
"12062",2013-01-08,277.793212890625
"12063",2013-01-09,276.272705078125
"12064",2013-01-10,273.678955078125
"12065",2013-01-11,271.983642578125
"12066",2013-01-12,269.79296875
"12067",2013-01-13,269.45751953125
"12068",2013-01-14,269.064697265625
"12069",2013-01-15,270.067626953125
"12070",2013-01-16,267.793701171875
"12071",2013-01-17,270.8212890625
"12072",2013-01-18,267.10693359375
"12073",2013-01-19,263.61474609375
"12074",2013-01-20,270.758056640625
"12075",2013-01-21,267.544677734375
"12076",2013-01-22,265.7568359375
"12077",2013-01-23,262.566162109375
"12078",2013-01-24,267.340087890625
"12079",2013-01-25,270.9541015625
"12080",2013-01-26,270.830078125
"12081",2013-01-27,275.341552734375
"12082",2013-01-28,276.4365234375
"12083",2013-01-29,275.897216796875
"12084",2013-01-30,278.120361328125
"12085",2013-01-31,277.744873046875
"12086",2013-02-01,273.510009765625
"12087",2013-02-02,273.056884765625
"12088",2013-02-03,273.918701171875
"12089",2013-02-04,274.4541015625
"12090",2013-02-05,274.46044921875
"12091",2013-02-06,273.59326171875
"12092",2013-02-07,271.53466796875
"12093",2013-02-08,271.14453125
"12094",2013-02-09,268.1923828125
"12095",2013-02-10,268.71337890625
"12096",2013-02-11,268.575927734375
"12097",2013-02-12,270.580810546875
"12098",2013-02-13,271.587890625
"12099",2013-02-14,272.256591796875
"12100",2013-02-15,273.41259765625
"12101",2013-02-16,273.9052734375
"12102",2013-02-17,275.188232421875
"12103",2013-02-18,274.69970703125
"12104",2013-02-19,272.306884765625
"12105",2013-02-20,271.440673828125
"12106",2013-02-21,269.33935546875
"12107",2013-02-22,270.969970703125
"12108",2013-02-23,273.348876953125
"12109",2013-02-24,274.78515625
"12110",2013-02-25,277.143310546875
"12111",2013-02-26,275.3828125
"12112",2013-02-27,273.5703125
"12113",2013-02-28,279.2138671875
"12114",2013-03-01,278.939697265625
"12115",2013-03-02,278.653564453125
"12116",2013-03-03,277.85986328125
"12117",2013-03-04,277.269287109375
"12118",2013-03-05,276.159423828125
"12119",2013-03-06,278.99267578125
"12120",2013-03-07,276.120361328125
"12121",2013-03-08,274.871337890625
"12122",2013-03-09,271.747314453125
"12123",2013-03-10,269.394287109375
"12124",2013-03-11,274.12255859375
"12125",2013-03-12,275.368408203125
"12126",2013-03-13,269.969970703125
"12127",2013-03-14,273.244873046875
"12128",2013-03-15,273.532958984375
"12129",2013-03-16,275.782470703125
"12130",2013-03-17,276.513671875
"12131",2013-03-18,273.5341796875
"12132",2013-03-19,269.786376953125
"12133",2013-03-20,270.641845703125
"12134",2013-03-21,272.71630859375
"12135",2013-03-22,270.520751953125
"12136",2013-03-23,275.68896484375
"12137",2013-03-24,276.952880859375
"12138",2013-03-25,277.612548828125
"12139",2013-03-26,277.94091796875
"12140",2013-03-27,277.314453125
"12141",2013-03-28,277.56396484375
"12142",2013-03-29,276.383056640625
"12143",2013-03-30,276.83935546875
"12144",2013-03-31,279.50341796875
"12145",2013-04-01,280.662109375
"12146",2013-04-02,280.139892578125
"12147",2013-04-03,281.038818359375
"12148",2013-04-04,281.698486328125
"12149",2013-04-05,280.88671875
"12150",2013-04-06,278.249267578125
"12151",2013-04-07,278.2236328125
"12152",2013-04-08,278.32568359375
"12153",2013-04-09,279.595703125
"12154",2013-04-10,277.60400390625
"12155",2013-04-11,276.93359375
"12156",2013-04-12,275.75634765625
"12157",2013-04-13,278.979736328125
"12158",2013-04-14,282.6435546875
"12159",2013-04-15,283.016357421875
"12160",2013-04-16,284.4169921875
"12161",2013-04-17,283.0888671875
"12162",2013-04-18,283.630859375
"12163",2013-04-19,281.99267578125
"12164",2013-04-20,282.4326171875
"12165",2013-04-21,283.490234375
"12166",2013-04-22,282.614990234375
"12167",2013-04-23,283.755615234375
"12168",2013-04-24,281.2109375
"12169",2013-04-25,282.662841796875
"12170",2013-04-26,282.87841796875
"12171",2013-04-27,283.912353515625
"12172",2013-04-28,281.337890625
"12173",2013-04-29,280.2451171875
"12174",2013-04-30,284.505126953125
"12175",2013-05-01,281.583251953125
"12176",2013-05-02,282.69189453125
"12177",2013-05-03,283.251708984375
"12178",2013-05-04,283.1767578125
"12179",2013-05-05,284.515625
"12180",2013-05-06,286.619384765625
"12181",2013-05-07,289.256591796875
"12182",2013-05-08,291.262939453125
"12183",2013-05-09,287.024658203125
"12184",2013-05-10,286.945068359375
"12185",2013-05-11,286.2802734375
"12186",2013-05-12,284.140625
"12187",2013-05-13,283.21728515625
"12188",2013-05-14,282.67041015625
"12189",2013-05-15,289.870849609375
"12190",2013-05-16,293.220458984375
"12191",2013-05-17,295.869873046875
"12192",2013-05-18,297.378662109375
"12193",2013-05-19,296.386962890625
"12194",2013-05-20,288.8974609375
"12195",2013-05-21,291.220947265625
"12196",2013-05-22,288.4892578125
"12197",2013-05-23,284.562255859375
"12198",2013-05-24,290.011474609375
"12199",2013-05-25,293.3984375
"12200",2013-05-26,295.856689453125
"12201",2013-05-27,290.22314453125
"12202",2013-05-28,294.807373046875
"12203",2013-05-29,289.006591796875
"12204",2013-05-30,290.88818359375
"12205",2013-05-31,295.986572265625
"12206",2013-06-01,295.83544921875
"12207",2013-06-02,291.932861328125
"12208",2013-06-03,291.816650390625
"12209",2013-06-04,289.60205078125
"12210",2013-06-05,290.528076171875
"12211",2013-06-06,289.060546875
"12212",2013-06-07,289.348876953125
"12213",2013-06-08,292.021728515625
"12214",2013-06-09,291.5361328125
"12215",2013-06-10,292.170166015625
"12216",2013-06-11,291.847900390625
"12217",2013-06-12,288.357666015625
"12218",2013-06-13,288.947265625
"12219",2013-06-14,290.406005859375
"12220",2013-06-15,290.2744140625
"12221",2013-06-16,286.575439453125
"12222",2013-06-17,292.513916015625
"12223",2013-06-18,292.62255859375
"12224",2013-06-19,293.17822265625
"12225",2013-06-20,292.70703125
"12226",2013-06-21,295.359130859375
"12227",2013-06-22,289.052001953125
"12228",2013-06-23,290.741455078125
"12229",2013-06-24,290.421142578125
"12230",2013-06-25,291.20166015625
"12231",2013-06-26,288.065673828125
"12232",2013-06-27,289.4921875
"12233",2013-06-28,289.60888671875
"12234",2013-06-29,288.068115234375
"12235",2013-06-30,292.00244140625
"12236",2013-07-01,290.377685546875
"12237",2013-07-02,288.21044921875
"12238",2013-07-03,292.544677734375
"12239",2013-07-04,289.3642578125
"12240",2013-07-05,292.44140625
"12241",2013-07-06,293.554931640625
"12242",2013-07-07,293.57373046875
"12243",2013-07-08,294.79833984375
"12244",2013-07-09,293.633056640625
"12245",2013-07-10,293.734130859375
"12246",2013-07-11,294.623291015625
"12247",2013-07-12,296.22998046875
"12248",2013-07-13,293.626953125
"12249",2013-07-14,293.0166015625
"12250",2013-07-15,292.978271484375
"12251",2013-07-16,294.58447265625
"12252",2013-07-17,295.8662109375
"12253",2013-07-18,296.126953125
"12254",2013-07-19,296.00732421875
"12255",2013-07-20,296.74853515625
"12256",2013-07-21,298.462646484375
"12257",2013-07-22,296.922119140625
"12258",2013-07-23,296.9443359375
"12259",2013-07-24,295.628662109375
"12260",2013-07-25,296.982177734375
"12261",2013-07-26,296.900146484375
"12262",2013-07-27,295.69140625
"12263",2013-07-28,295.436279296875
"12264",2013-07-29,294.958984375
"12265",2013-07-30,292.907470703125
"12266",2013-07-31,291.985107421875
"12267",2013-08-01,293.30322265625
"12268",2013-08-02,296.53125
"12269",2013-08-03,298.610107421875
"12270",2013-08-04,293.503173828125
"12271",2013-08-05,294.58984375
"12272",2013-08-06,295.5498046875
"12273",2013-08-07,294.567626953125
"12274",2013-08-08,290.498779296875
"12275",2013-08-09,292.9365234375
"12276",2013-08-10,291.6572265625
"12277",2013-08-11,292.01123046875
"12278",2013-08-12,290.00634765625
"12279",2013-08-13,290.3115234375
"12280",2013-08-14,290.79833984375
"12281",2013-08-15,291.114501953125
"12282",2013-08-16,292.365234375
"12283",2013-08-17,291.125244140625
"12284",2013-08-18,292.022216796875
"12285",2013-08-19,291.15771484375
"12286",2013-08-20,290.995361328125
"12287",2013-08-21,290.662109375
"12288",2013-08-22,294.279052734375
"12289",2013-08-23,294.806396484375
"12290",2013-08-24,294.283447265625
"12291",2013-08-25,293.576416015625
"12292",2013-08-26,294.16357421875
"12293",2013-08-27,293.04248046875
"12294",2013-08-28,292.415283203125
"12295",2013-08-29,291.75439453125
"12296",2013-08-30,291.3955078125
"12297",2013-08-31,291.749755859375
"12298",2013-09-01,288.75439453125
"12299",2013-09-02,291.5107421875
"12300",2013-09-03,292.49560546875
"12301",2013-09-04,293.552001953125
"12302",2013-09-05,290.940185546875
"12303",2013-09-06,295.709228515625
"12304",2013-09-07,296.041748046875
"12305",2013-09-08,294.87548828125
"12306",2013-09-09,293.56787109375
"12307",2013-09-10,288.62548828125
"12308",2013-09-11,290.905029296875
"12309",2013-09-12,292.787353515625
"12310",2013-09-13,291.388916015625
"12311",2013-09-14,291.99609375
"12312",2013-09-15,289.7255859375
"12313",2013-09-16,286.156005859375
"12314",2013-09-17,286.6015625
"12315",2013-09-18,286.16015625
"12316",2013-09-19,287.287353515625
"12317",2013-09-20,287.99072265625
"12318",2013-09-21,287.921630859375
"12319",2013-09-22,287.87646484375
"12320",2013-09-23,288.5556640625
"12321",2013-09-24,286.0869140625
"12322",2013-09-25,284.31982421875
"12323",2013-09-26,282.87353515625
"12324",2013-09-27,285.1748046875
"12325",2013-09-28,284.6064453125
"12326",2013-09-29,284.432861328125
"12327",2013-09-30,285.251708984375
"12328",2013-10-01,284.072509765625
"12329",2013-10-02,284.723388671875
"12330",2013-10-03,284.474609375
"12331",2013-10-04,285.412353515625
"12332",2013-10-05,286.36083984375
"12333",2013-10-06,286.49658203125
"12334",2013-10-07,287.61328125
"12335",2013-10-08,287.405029296875
"12336",2013-10-09,286.644775390625
"12337",2013-10-10,282.394287109375
"12338",2013-10-11,284.932373046875
"12339",2013-10-12,286.816162109375
"12340",2013-10-13,286.548095703125
"12341",2013-10-14,283.938720703125
"12342",2013-10-15,283.72265625
"12343",2013-10-16,281.8779296875
"12344",2013-10-17,283.0048828125
"12345",2013-10-18,280.507568359375
"12346",2013-10-19,281.308349609375
"12347",2013-10-20,278.291259765625
"12348",2013-10-21,278.867919921875
"12349",2013-10-22,286.00146484375
"12350",2013-10-23,287.023681640625
"12351",2013-10-24,285.37744140625
"12352",2013-10-25,283.51025390625
"12353",2013-10-26,285.706787109375
"12354",2013-10-27,286.514404296875
"12355",2013-10-28,284.341552734375
"12356",2013-10-29,283.480224609375
"12357",2013-10-30,282.685791015625
"12358",2013-10-31,283.873291015625
"12359",2013-11-01,282.484619140625
"12360",2013-11-02,282.801025390625
"12361",2013-11-03,282.484375
"12362",2013-11-04,280.97119140625
"12363",2013-11-05,280.116943359375
"12364",2013-11-06,278.596435546875
"12365",2013-11-07,279.11376953125
"12366",2013-11-08,282.24365234375
"12367",2013-11-09,279.492431640625
"12368",2013-11-10,278.07080078125
"12369",2013-11-11,281.012451171875
"12370",2013-11-12,283.28955078125
"12371",2013-11-13,281.79150390625
"12372",2013-11-14,280.810546875
"12373",2013-11-15,284.02783203125
"12374",2013-11-16,284.66162109375
"12375",2013-11-17,284.05810546875
"12376",2013-11-18,280.32568359375
"12377",2013-11-19,279.938232421875
"12378",2013-11-20,273.395751953125
"12379",2013-11-21,273.64306640625
"12380",2013-11-22,272.4453125
"12381",2013-11-23,275.154296875
"12382",2013-11-24,275.272705078125
"12383",2013-11-25,274.857421875
"12384",2013-11-26,279.6455078125
"12385",2013-11-27,284.338134765625
"12386",2013-11-28,281.847900390625
"12387",2013-11-29,276.623046875
"12388",2013-11-30,278.117919921875
"12389",2013-12-01,282.248291015625
"12390",2013-12-02,279.30859375
"12391",2013-12-03,282.31884765625
"12392",2013-12-04,281.4326171875
"12393",2013-12-05,279.376953125
"12394",2013-12-06,274.644287109375
"12395",2013-12-07,272.394287109375
"12396",2013-12-08,273.072265625
"12397",2013-12-09,272.9267578125
"12398",2013-12-10,279.468505859375
"12399",2013-12-11,279.883056640625
"12400",2013-12-12,281.53857421875
"12401",2013-12-13,278.950927734375
"12402",2013-12-14,279.951416015625
"12403",2013-12-15,280.6708984375
"12404",2013-12-16,282.56591796875
"12405",2013-12-17,279.98974609375
"12406",2013-12-18,278.215576171875
"12407",2013-12-19,280.063720703125
"12408",2013-12-20,278.60498046875
"12409",2013-12-21,281.56298828125
"12410",2013-12-22,280.79052734375
"12411",2013-12-23,278.7392578125
"12412",2013-12-24,281.35888671875
"12413",2013-12-25,279.5439453125
"12414",2013-12-26,278.936767578125
"12415",2013-12-27,280.030517578125
"12416",2013-12-28,280.30517578125
"12417",2013-12-29,279.41845703125
"12418",2013-12-30,277.83056640625
"12419",2013-12-31,280.32470703125
"12420",2014-01-01,277.60009765625
"12421",2014-01-02,277.7998046875
"12422",2014-01-03,279.675048828125
"12423",2014-01-04,279.465087890625
"12424",2014-01-05,277.42626953125
"12425",2014-01-06,279.90380859375
"12426",2014-01-07,280.892822265625
"12427",2014-01-08,279.9052734375
"12428",2014-01-09,278.94921875
"12429",2014-01-10,276.165771484375
"12430",2014-01-11,277.50830078125
"12431",2014-01-12,272.744873046875
"12432",2014-01-13,268.903076171875
"12433",2014-01-14,271.15576171875
"12434",2014-01-15,272.193603515625
"12435",2014-01-16,272.088134765625
"12436",2014-01-17,271.196533203125
"12437",2014-01-18,270.5712890625
"12438",2014-01-19,270.941162109375
"12439",2014-01-20,270.4208984375
"12440",2014-01-21,270.52587890625
"12441",2014-01-22,269.2822265625
"12442",2014-01-23,268.319580078125
"12443",2014-01-24,268.378662109375
"12444",2014-01-25,269.162353515625
"12445",2014-01-26,269.649169921875
"12446",2014-01-27,271.365234375
"12447",2014-01-28,272.8720703125
"12448",2014-01-29,272.09375
"12449",2014-01-30,270.039306640625
"12450",2014-01-31,270.5390625
"12451",2014-02-01,275.272705078125
"12452",2014-02-02,276.67236328125
"12453",2014-02-03,276.697021484375
"12454",2014-02-04,274.836669921875
"12455",2014-02-05,274.442626953125
"12456",2014-02-06,276.510009765625
"12457",2014-02-07,276.740966796875
"12458",2014-02-08,277.46533203125
"12459",2014-02-09,277.22265625
"12460",2014-02-10,277.773193359375
"12461",2014-02-11,276.987548828125
"12462",2014-02-12,276.870849609375
"12463",2014-02-13,276.444580078125
"12464",2014-02-14,276.90380859375
"12465",2014-02-15,278.258544921875
"12466",2014-02-16,278.046142578125
"12467",2014-02-17,279.556640625
"12468",2014-02-18,275.839599609375
"12469",2014-02-19,274.420654296875
"12470",2014-02-20,275.288330078125
"12471",2014-02-21,277.62158203125
"12472",2014-02-22,278.416748046875
"12473",2014-02-23,279.6669921875
"12474",2014-02-24,280.587646484375
"12475",2014-02-25,281.189208984375
"12476",2014-02-26,278.584228515625
"12477",2014-02-27,279.08154296875
"12478",2014-02-28,278.334716796875
"12479",2014-03-01,276.947021484375
"12480",2014-03-02,276.3212890625
"12481",2014-03-03,279.156982421875
"12482",2014-03-04,278.950439453125
"12483",2014-03-05,277.248779296875
"12484",2014-03-06,279.279541015625
"12485",2014-03-07,279.962646484375
"12486",2014-03-08,279.790771484375
"12487",2014-03-09,282.77783203125
"12488",2014-03-10,280.34423828125
"12489",2014-03-11,281.25537109375
"12490",2014-03-12,282.22509765625
"12491",2014-03-13,281.931884765625
"12492",2014-03-14,279.82861328125
"12493",2014-03-15,280.84326171875
"12494",2014-03-16,280.289306640625
"12495",2014-03-17,280.71728515625
"12496",2014-03-18,279.452392578125
"12497",2014-03-19,280.4853515625
"12498",2014-03-20,282.2802734375
"12499",2014-03-21,281.181884765625
"12500",2014-03-22,280.820068359375
"12501",2014-03-23,279.90771484375
"12502",2014-03-24,281.32470703125
"12503",2014-03-25,281.912353515625
"12504",2014-03-26,277.545166015625
"12505",2014-03-27,280.7490234375
"12506",2014-03-28,285.842041015625
"12507",2014-03-29,287.30615234375
"12508",2014-03-30,285.26513671875
"12509",2014-03-31,283.235107421875
"12510",2014-04-01,281.568115234375
"12511",2014-04-02,282.041259765625
"12512",2014-04-03,283.676513671875
"12513",2014-04-04,283.08154296875
"12514",2014-04-05,280.180908203125
"12515",2014-04-06,281.63623046875
"12516",2014-04-07,283.240966796875
"12517",2014-04-08,282.859619140625
"12518",2014-04-09,278.394775390625
"12519",2014-04-10,279.134033203125
"12520",2014-04-11,282.87451171875
"12521",2014-04-12,280.0068359375
"12522",2014-04-13,283.45458984375
"12523",2014-04-14,284.349853515625
"12524",2014-04-15,283.35595703125
"12525",2014-04-16,282.34228515625
"12526",2014-04-17,282.362548828125
"12527",2014-04-18,283.459716796875
"12528",2014-04-19,286.92041015625
"12529",2014-04-20,290.34912109375
"12530",2014-04-21,291.344970703125
"12531",2014-04-22,291.228515625
"12532",2014-04-23,286.671875
"12533",2014-04-24,284.566650390625
"12534",2014-04-25,288.134033203125
"12535",2014-04-26,291.1005859375
"12536",2014-04-27,293.06640625
"12537",2014-04-28,290.97705078125
"12538",2014-04-29,289.393310546875
"12539",2014-04-30,284.650390625
"12540",2014-05-01,283.414794921875
"12541",2014-05-02,283.9638671875
"12542",2014-05-03,282.906494140625
"12543",2014-05-04,282.675537109375
"12544",2014-05-05,282.4228515625
"12545",2014-05-06,281.376953125
"12546",2014-05-07,279.674072265625
"12547",2014-05-08,280.986083984375
"12548",2014-05-09,282.873046875
"12549",2014-05-10,285.0244140625
"12550",2014-05-11,283.978271484375
"12551",2014-05-12,284.69677734375
"12552",2014-05-13,284.971923828125
"12553",2014-05-14,287.1044921875
"12554",2014-05-15,287.70068359375
"12555",2014-05-16,289.757080078125
"12556",2014-05-17,289.123779296875
"12557",2014-05-18,293.17919921875
"12558",2014-05-19,292.190673828125
"12559",2014-05-20,290.4287109375
"12560",2014-05-21,293.626953125
"12561",2014-05-22,299.2490234375
"12562",2014-05-23,297.68896484375
"12563",2014-05-24,292.12060546875
"12564",2014-05-25,290.053466796875
"12565",2014-05-26,292.532470703125
"12566",2014-05-27,289.309814453125
"12567",2014-05-28,289.2431640625
"12568",2014-05-29,293.1201171875
"12569",2014-05-30,294.875244140625
"12570",2014-05-31,292.235107421875
"12571",2014-06-01,293.67822265625
"12572",2014-06-02,294.938720703125
"12573",2014-06-03,292.70849609375
"12574",2014-06-04,290.156982421875
"12575",2014-06-05,290.7568359375
"12576",2014-06-06,291.26953125
"12577",2014-06-07,290.65380859375
"12578",2014-06-08,293.515625
"12579",2014-06-09,294.52197265625
"12580",2014-06-10,298.090087890625
"12581",2014-06-11,294.25244140625
"12582",2014-06-12,292.86181640625
"12583",2014-06-13,290.609375
"12584",2014-06-14,293.205810546875
"12585",2014-06-15,292.64111328125
"12586",2014-06-16,292.637451171875
"12587",2014-06-17,289.715087890625
"12588",2014-06-18,294.53759765625
"12589",2014-06-19,290.744140625
"12590",2014-06-20,288.25927734375
"12591",2014-06-21,287.853759765625
"12592",2014-06-22,289.693115234375
"12593",2014-06-23,289.404052734375
"12594",2014-06-24,291.6298828125
"12595",2014-06-25,292.28466796875
"12596",2014-06-26,291.2001953125
"12597",2014-06-27,288.8671875
"12598",2014-06-28,285.981689453125
"12599",2014-06-29,288.104736328125
"12600",2014-06-30,290.64111328125
"12601",2014-07-01,290.5205078125
"12602",2014-07-02,292.797607421875
"12603",2014-07-03,291.193359375
"12604",2014-07-04,293.0283203125
"12605",2014-07-05,297.83251953125
"12606",2014-07-06,295.744140625
"12607",2014-07-07,297.587890625
"12608",2014-07-08,300.05908203125
"12609",2014-07-09,301.21728515625
"12610",2014-07-10,300.007568359375
"12611",2014-07-11,298.185546875
"12612",2014-07-12,295.64990234375
"12613",2014-07-13,295.09423828125
"12614",2014-07-14,294.6220703125
"12615",2014-07-15,292.112060546875
"12616",2014-07-16,293.815185546875
"12617",2014-07-17,292.498046875
"12618",2014-07-18,294.66650390625
"12619",2014-07-19,297.322998046875
"12620",2014-07-20,298.459716796875
"12621",2014-07-21,300.27001953125
"12622",2014-07-22,301.1630859375
"12623",2014-07-23,302.020751953125
"12624",2014-07-24,302.6474609375
"12625",2014-07-25,302.284423828125
"12626",2014-07-26,302.96533203125
"12627",2014-07-27,299.169677734375
"12628",2014-07-28,297.683349609375
"12629",2014-07-29,296.9052734375
"12630",2014-07-30,295.1640625
"12631",2014-07-31,293.405029296875
"12632",2014-08-01,294.199951171875
"12633",2014-08-02,299.6669921875
"12634",2014-08-03,297.417724609375
"12635",2014-08-04,294.960693359375
"12636",2014-08-05,292.917724609375
"12637",2014-08-06,294.212646484375
"12638",2014-08-07,295.611572265625
"12639",2014-08-08,295.269287109375
"12640",2014-08-09,296.719482421875
"12641",2014-08-10,294.6376953125
"12642",2014-08-11,293.234375
"12643",2014-08-12,290.310791015625
"12644",2014-08-13,289.434326171875
"12645",2014-08-14,290.292724609375
"12646",2014-08-15,292.50927734375
"12647",2014-08-16,292.602294921875
"12648",2014-08-17,289.61474609375
"12649",2014-08-18,289.246337890625
"12650",2014-08-19,289.54443359375
"12651",2014-08-20,291.166015625
"12652",2014-08-21,289.197998046875
"12653",2014-08-22,288.674560546875
"12654",2014-08-23,288.649658203125
"12655",2014-08-24,287.8896484375
"12656",2014-08-25,289.07177734375
"12657",2014-08-26,290.885009765625
"12658",2014-08-27,292.28466796875
"12659",2014-08-28,292.355712890625
"12660",2014-08-29,292.478515625
"12661",2014-08-30,288.9677734375
"12662",2014-08-31,289.595458984375
"12663",2014-09-01,290.80810546875
"12664",2014-09-02,291.05712890625
"12665",2014-09-03,292.3193359375
"12666",2014-09-04,293.24365234375
"12667",2014-09-05,292.349609375
"12668",2014-09-06,294.724365234375
"12669",2014-09-07,292.745849609375
"12670",2014-09-08,289.771240234375
"12671",2014-09-09,288.697998046875
"12672",2014-09-10,292.1455078125
"12673",2014-09-11,293.345703125
"12674",2014-09-12,292.18603515625
"12675",2014-09-13,291.68798828125
"12676",2014-09-14,291.838623046875
"12677",2014-09-15,290.619384765625
"12678",2014-09-16,290.2158203125
"12679",2014-09-17,290.239990234375
"12680",2014-09-18,291.4775390625
"12681",2014-09-19,292.108642578125
"12682",2014-09-20,290.35546875
"12683",2014-09-21,287.335693359375
"12684",2014-09-22,286.343505859375
"12685",2014-09-23,284.9716796875
"12686",2014-09-24,286.539794921875
"12687",2014-09-25,286.903564453125
"12688",2014-09-26,289.850341796875
"12689",2014-09-27,288.847412109375
"12690",2014-09-28,288.18017578125
"12691",2014-09-29,288.9365234375
"12692",2014-09-30,288.807861328125
"12693",2014-10-01,287.128173828125
"12694",2014-10-02,289.4150390625
"12695",2014-10-03,288.44091796875
"12696",2014-10-04,290.917236328125
"12697",2014-10-05,289.12451171875
"12698",2014-10-06,286.007568359375
"12699",2014-10-07,284.585693359375
"12700",2014-10-08,286.55224609375
"12701",2014-10-09,287.70068359375
"12702",2014-10-10,286.927978515625
"12703",2014-10-11,286.334716796875
"12704",2014-10-12,286.02490234375
"12705",2014-10-13,284.43359375
"12706",2014-10-14,282.62353515625
"12707",2014-10-15,282.337158203125
"12708",2014-10-16,279.4912109375
"12709",2014-10-17,280.44091796875
"12710",2014-10-18,286.205078125
"12711",2014-10-19,286.961181640625
"12712",2014-10-20,287.476318359375
"12713",2014-10-21,284.32763671875
"12714",2014-10-22,282.71337890625
"12715",2014-10-23,283.335205078125
"12716",2014-10-24,285.501953125
"12717",2014-10-25,285.745361328125
"12718",2014-10-26,286.082763671875
"12719",2014-10-27,286.834228515625
"12720",2014-10-28,287.596923828125
"12721",2014-10-29,285.265625
"12722",2014-10-30,281.881103515625
"12723",2014-10-31,280.931884765625
"12724",2014-11-01,285.416015625
"12725",2014-11-02,286.185791015625
"12726",2014-11-03,285.34521484375
"12727",2014-11-04,284.2197265625
"12728",2014-11-05,278.6337890625
"12729",2014-11-06,276.0703125
"12730",2014-11-07,277.727294921875
"12731",2014-11-08,282.20361328125
"12732",2014-11-09,283.2236328125
"12733",2014-11-10,282.456787109375
"12734",2014-11-11,282.5537109375
"12735",2014-11-12,281.354736328125
"12736",2014-11-13,281.223388671875
"12737",2014-11-14,280.819091796875
"12738",2014-11-15,280.691650390625
"12739",2014-11-16,279.425048828125
"12740",2014-11-17,279.015869140625
"12741",2014-11-18,279.0986328125
"12742",2014-11-19,277.363525390625
"12743",2014-11-20,276.205078125
"12744",2014-11-21,277.588134765625
"12745",2014-11-22,276.241455078125
"12746",2014-11-23,280.11962890625
"12747",2014-11-24,281.0263671875
"12748",2014-11-25,279.934326171875
"12749",2014-11-26,274.5703125
"12750",2014-11-27,274.71435546875
"12751",2014-11-28,275.17431640625
"12752",2014-11-29,274.561767578125
"12753",2014-11-30,274.826171875
"12754",2014-12-01,273.271484375
"12755",2014-12-02,275.27294921875
"12756",2014-12-03,276.634033203125
"12757",2014-12-04,277.5634765625
"12758",2014-12-05,277.032958984375
"12759",2014-12-06,277.449951171875
"12760",2014-12-07,280.978515625
"12761",2014-12-08,278.073486328125
"12762",2014-12-09,278.127685546875
"12763",2014-12-10,278.566650390625
"12764",2014-12-11,277.076171875
"12765",2014-12-12,276.53173828125
"12766",2014-12-13,277.674072265625
"12767",2014-12-14,279.64013671875
"12768",2014-12-15,279.501220703125
"12769",2014-12-16,276.80126953125
"12770",2014-12-17,274.826416015625
"12771",2014-12-18,279.261474609375
"12772",2014-12-19,278.947265625
"12773",2014-12-20,277.876708984375
"12774",2014-12-21,280.025390625
"12775",2014-12-22,279.81103515625
"12776",2014-12-23,278.614990234375
"12777",2014-12-24,275.93017578125
"12778",2014-12-25,268.4423828125
"12779",2014-12-26,272.39453125
"12780",2014-12-27,268.505859375
"12781",2014-12-28,266.5576171875
"12782",2014-12-29,272.408447265625
"12783",2014-12-30,274.59765625
"12784",2014-12-31,277.86767578125
"12785",2015-01-01,280.4677734375
"12786",2015-01-02,281.268798828125
"12787",2015-01-03,277.963134765625
"12788",2015-01-04,275.56103515625
"12789",2015-01-05,274.412353515625
"12790",2015-01-06,276.657958984375
"12791",2015-01-07,278.017333984375
"12792",2015-01-08,280.662109375
"12793",2015-01-09,277.015380859375
"12794",2015-01-10,279.866455078125
"12795",2015-01-11,278.351318359375
"12796",2015-01-12,279.52490234375
"12797",2015-01-13,278.2841796875
"12798",2015-01-14,276.5693359375
"12799",2015-01-15,277.859130859375
"12800",2015-01-16,279.349365234375
"12801",2015-01-17,278.1220703125
"12802",2015-01-18,277.271240234375
"12803",2015-01-19,274.367919921875
"12804",2015-01-20,274.543701171875
"12805",2015-01-21,273.808837890625
"12806",2015-01-22,272.708740234375
"12807",2015-01-23,274.03857421875
"12808",2015-01-24,275.7353515625
"12809",2015-01-25,274.66162109375
"12810",2015-01-26,277.28515625
"12811",2015-01-27,277.7880859375
"12812",2015-01-28,278.1953125
"12813",2015-01-29,275.879638671875
"12814",2015-01-30,274.27490234375
"12815",2015-01-31,273.947509765625
"12816",2015-02-01,273.131103515625
"12817",2015-02-02,270.218505859375
"12818",2015-02-03,269.181640625
"12819",2015-02-04,269.6875
"12820",2015-02-05,273.7802734375
"12821",2015-02-06,274.75244140625
"12822",2015-02-07,279.253173828125
"12823",2015-02-08,277.072998046875
"12824",2015-02-09,280.5693359375
"12825",2015-02-10,280.4375
"12826",2015-02-11,277.57373046875
"12827",2015-02-12,277.58154296875
"12828",2015-02-13,275.658935546875
"12829",2015-02-14,275.8466796875
"12830",2015-02-15,275.27001953125
"12831",2015-02-16,274.6455078125
"12832",2015-02-17,278.6591796875
"12833",2015-02-18,279.1142578125
"12834",2015-02-19,278.669921875
"12835",2015-02-20,278.179931640625
"12836",2015-02-21,276.5322265625
"12837",2015-02-22,277.473388671875
"12838",2015-02-23,275.7490234375
"12839",2015-02-24,277.087158203125
"12840",2015-02-25,277.872314453125
"12841",2015-02-26,277.720458984375
"12842",2015-02-27,277.2705078125
"12843",2015-02-28,277.666259765625
"12844",2015-03-01,277.539306640625
"12845",2015-03-02,277.5419921875
"12846",2015-03-03,278.002197265625
"12847",2015-03-04,278.380615234375
"12848",2015-03-05,278.566162109375
"12849",2015-03-06,281.873779296875
"12850",2015-03-07,279.6650390625
"12851",2015-03-08,280.5068359375
"12852",2015-03-09,280.55224609375
"12853",2015-03-10,281.78125
"12854",2015-03-11,283.39892578125
"12855",2015-03-12,281.809326171875
"12856",2015-03-13,280.130126953125
"12857",2015-03-14,280.9150390625
"12858",2015-03-15,280.514404296875
"12859",2015-03-16,280.114990234375
"12860",2015-03-17,283.53173828125
"12861",2015-03-18,280.642333984375
"12862",2015-03-19,280.441162109375
"12863",2015-03-20,279.720458984375
"12864",2015-03-21,276.5
"12865",2015-03-22,276.906005859375
"12866",2015-03-23,279.188232421875
"12867",2015-03-24,283.435546875
"12868",2015-03-25,276.39501953125
"12869",2015-03-26,276.049560546875
"12870",2015-03-27,277.107421875
"12871",2015-03-28,279.591796875
"12872",2015-03-29,279.816650390625
"12873",2015-03-30,279.2822265625
"12874",2015-03-31,279.6005859375
"12875",2015-04-01,281.0634765625
"12876",2015-04-02,282.06494140625
"12877",2015-04-03,281.783935546875
"12878",2015-04-04,281.78955078125
"12879",2015-04-05,280.873291015625
"12880",2015-04-06,281.705810546875
"12881",2015-04-07,284.932373046875
"12882",2015-04-08,285.465576171875
"12883",2015-04-09,283.7333984375
"12884",2015-04-10,280.121337890625
"12885",2015-04-11,285.0322265625
"12886",2015-04-12,281.539306640625
"12887",2015-04-13,283.17919921875
"12888",2015-04-14,281.386474609375
"12889",2015-04-15,280.401123046875
"12890",2015-04-16,283.645263671875
"12891",2015-04-17,283.15380859375
"12892",2015-04-18,284.49267578125
"12893",2015-04-19,287.96923828125
"12894",2015-04-20,290.864990234375
"12895",2015-04-21,287.6748046875
"12896",2015-04-22,288.080322265625
"12897",2015-04-23,285.684814453125
"12898",2015-04-24,282.63134765625
"12899",2015-04-25,283.33740234375
"12900",2015-04-26,281.894287109375
"12901",2015-04-27,281.1162109375
"12902",2015-04-28,282.836669921875
"12903",2015-04-29,281.063232421875
"12904",2015-04-30,280.964111328125
"12905",2015-05-01,283.3740234375
"12906",2015-05-02,284.322021484375
"12907",2015-05-03,285.156494140625
"12908",2015-05-04,283.226806640625
"12909",2015-05-05,286.036376953125
"12910",2015-05-06,285.465087890625
"12911",2015-05-07,283.434814453125
"12912",2015-05-08,283.54931640625
"12913",2015-05-09,284.3310546875
"12914",2015-05-10,285.020263671875
"12915",2015-05-11,286.374267578125
"12916",2015-05-12,283.689453125
"12917",2015-05-13,286.08544921875
"12918",2015-05-14,286.218994140625
"12919",2015-05-15,285.20654296875
"12920",2015-05-16,282.09912109375
"12921",2015-05-17,285.28662109375
"12922",2015-05-18,285.38232421875
"12923",2015-05-19,284.278564453125
"12924",2015-05-20,285.091064453125
"12925",2015-05-21,285.84326171875
"12926",2015-05-22,283.808349609375
"12927",2015-05-23,288.1064453125
"12928",2015-05-24,284.8408203125
"12929",2015-05-25,285.128173828125
"12930",2015-05-26,285.577392578125
"12931",2015-05-27,287.378662109375
"12932",2015-05-28,283.557373046875
"12933",2015-05-29,284.031494140625
"12934",2015-05-30,283.98583984375
"12935",2015-05-31,285.14599609375
"12936",2015-06-01,284.5771484375
"12937",2015-06-02,284.529052734375
"12938",2015-06-03,286.973876953125
"12939",2015-06-04,287.738525390625
"12940",2015-06-05,289.0185546875
"12941",2015-06-06,287.95556640625
"12942",2015-06-07,287.2041015625
"12943",2015-06-08,289.0908203125
"12944",2015-06-09,290.22119140625
"12945",2015-06-10,290.85986328125
"12946",2015-06-11,291.783447265625
"12947",2015-06-12,293.36181640625
"12948",2015-06-13,291.009033203125
"12949",2015-06-14,289.470947265625
"12950",2015-06-15,288.122314453125
"12951",2015-06-16,291.1474609375
"12952",2015-06-17,285.802490234375
"12953",2015-06-18,286.746826171875
"12954",2015-06-19,289.96728515625
"12955",2015-06-20,293.30712890625
"12956",2015-06-21,290.138916015625
"12957",2015-06-22,291.314453125
"12958",2015-06-23,292.07421875
"12959",2015-06-24,289.776611328125
"12960",2015-06-25,289.369384765625
"12961",2015-06-26,290.012939453125
"12962",2015-06-27,291.7265625
"12963",2015-06-28,288.784423828125
"12964",2015-06-29,289.370849609375
"12965",2015-06-30,293.9091796875
"12966",2015-07-01,294.943359375
"12967",2015-07-02,298.10205078125
"12968",2015-07-03,296.00048828125
"12969",2015-07-04,294.7158203125
"12970",2015-07-05,298.32470703125
"12971",2015-07-06,291.26123046875
"12972",2015-07-07,290.37841796875
"12973",2015-07-08,289.5263671875
"12974",2015-07-09,289.368896484375
"12975",2015-07-10,291.888916015625
"12976",2015-07-11,293.124755859375
"12977",2015-07-12,291.44775390625
"12978",2015-07-13,290.606201171875
"12979",2015-07-14,292.223876953125
"12980",2015-07-15,293.00146484375
"12981",2015-07-16,291.97021484375
"12982",2015-07-17,292.77392578125
"12983",2015-07-18,290.39599609375
"12984",2015-07-19,290.536376953125
"12985",2015-07-20,291.335693359375
"12986",2015-07-21,288.433837890625
"12987",2015-07-22,291.2568359375
"12988",2015-07-23,290.896240234375
"12989",2015-07-24,289.2822265625
"12990",2015-07-25,287.844970703125
"12991",2015-07-26,286.8623046875
"12992",2015-07-27,289.422119140625
"12993",2015-07-28,289.751220703125
"12994",2015-07-29,289.621826171875
"12995",2015-07-30,292.629638671875
"12996",2015-07-31,291.502197265625
"12997",2015-08-01,289.9716796875
"12998",2015-08-02,289.689453125
"12999",2015-08-03,292.14697265625
"13000",2015-08-04,295.188720703125
"13001",2015-08-05,290.91650390625
"13002",2015-08-06,293.15380859375
"13003",2015-08-07,293.673583984375
"13004",2015-08-08,292.46923828125
"13005",2015-08-09,290.95751953125
"13006",2015-08-10,293.319580078125
"13007",2015-08-11,292.490966796875
"13008",2015-08-12,292.468994140625
"13009",2015-08-13,294.9814453125
"13010",2015-08-14,296.773681640625
"13011",2015-08-15,296.760009765625
"13012",2015-08-16,294.71533203125
"13013",2015-08-17,294.35009765625
"13014",2015-08-18,296.310791015625
"13015",2015-08-19,295.9560546875
"13016",2015-08-20,296.582275390625
"13017",2015-08-21,296.232666015625
"13018",2015-08-22,296.651123046875
"13019",2015-08-23,296.8876953125
"13020",2015-08-24,294.369873046875
"13021",2015-08-25,291.3251953125
"13022",2015-08-26,290.640869140625
"13023",2015-08-27,290.361572265625
"13024",2015-08-28,290.395263671875
"13025",2015-08-29,290.837158203125
"13026",2015-08-30,291.378173828125
"13027",2015-08-31,292.456787109375
"13028",2015-09-01,287.298828125
"13029",2015-09-02,290.403076171875
"13030",2015-09-03,290.099365234375
"13031",2015-09-04,289.277099609375
"13032",2015-09-05,286.30615234375
"13033",2015-09-06,287.93603515625
"13034",2015-09-07,289.098388671875
"13035",2015-09-08,290.90771484375
"13036",2015-09-09,292.576171875
"13037",2015-09-10,292.303466796875
"13038",2015-09-11,291.936279296875
"13039",2015-09-12,290.579833984375
"13040",2015-09-13,290.717529296875
"13041",2015-09-14,291.18212890625
"13042",2015-09-15,287.79248046875
"13043",2015-09-16,287.45556640625
"13044",2015-09-17,289.253173828125
"13045",2015-09-18,288.635986328125
"13046",2015-09-19,289.486083984375
"13047",2015-09-20,289.3154296875
"13048",2015-09-21,286.967529296875
"13049",2015-09-22,287.0302734375
"13050",2015-09-23,289.270751953125
"13051",2015-09-24,288.670654296875
"13052",2015-09-25,286.93359375
"13053",2015-09-26,287.6416015625
"13054",2015-09-27,288.47412109375
"13055",2015-09-28,288.4853515625
"13056",2015-09-29,288.315185546875
"13057",2015-09-30,289.56298828125
"13058",2015-10-01,288.86376953125
"13059",2015-10-02,288.4111328125
"13060",2015-10-03,288.150146484375
"13061",2015-10-04,287.538818359375
"13062",2015-10-05,287.088134765625
"13063",2015-10-06,284.85888671875
"13064",2015-10-07,283.54345703125
"13065",2015-10-08,283.698486328125
"13066",2015-10-09,282.356689453125
"13067",2015-10-10,283.08544921875
"13068",2015-10-11,283.37744140625
"13069",2015-10-12,282.6513671875
"13070",2015-10-13,283.822998046875
"13071",2015-10-14,284.52978515625
"13072",2015-10-15,284.535400390625
"13073",2015-10-16,282.232177734375
"13074",2015-10-17,284.594970703125
"13075",2015-10-18,285.89453125
"13076",2015-10-19,283.556396484375
"13077",2015-10-20,282.989501953125
"13078",2015-10-21,284.632080078125
"13079",2015-10-22,285.694580078125
"13080",2015-10-23,287.14208984375
"13081",2015-10-24,283.87890625
"13082",2015-10-25,283.873046875
"13083",2015-10-26,283.751220703125
"13084",2015-10-27,283.99658203125
"13085",2015-10-28,282.0400390625
"13086",2015-10-29,281.571044921875
"13087",2015-10-30,281.18603515625
"13088",2015-10-31,283.177001953125
"13089",2015-11-01,283.96240234375
"13090",2015-11-02,285.485107421875
"13091",2015-11-03,282.572265625
"13092",2015-11-04,282.25927734375
"13093",2015-11-05,280.88427734375
"13094",2015-11-06,283.057861328125
"13095",2015-11-07,285.38037109375
"13096",2015-11-08,283.8701171875
"13097",2015-11-09,283.658203125
"13098",2015-11-10,283.55859375
"13099",2015-11-11,282.858154296875
"13100",2015-11-12,283.77197265625
"13101",2015-11-13,283.46826171875
"13102",2015-11-14,281.097412109375
"13103",2015-11-15,282.06591796875
"13104",2015-11-16,282.600830078125
"13105",2015-11-17,279.939697265625
"13106",2015-11-18,278.706787109375
"13107",2015-11-19,278.81787109375
"13108",2015-11-20,272.76611328125
"13109",2015-11-21,270.912841796875
"13110",2015-11-22,271.78369140625
"13111",2015-11-23,275.357177734375
"13112",2015-11-24,279.619873046875
"13113",2015-11-25,279.14404296875
"13114",2015-11-26,280.81201171875
"13115",2015-11-27,283.120361328125
"13116",2015-11-28,281.7412109375
"13117",2015-11-29,279.380126953125
"13118",2015-11-30,280.59375
"13119",2015-12-01,279.362060546875
"13120",2015-12-02,282.75732421875
"13121",2015-12-03,282.6025390625
"13122",2015-12-04,281.7099609375
"13123",2015-12-05,284.14697265625
"13124",2015-12-06,284.5
"13125",2015-12-07,281.169189453125
"13126",2015-12-08,281.98193359375
"13127",2015-12-09,282.39111328125
"13128",2015-12-10,282.5390625
"13129",2015-12-11,278.98828125
"13130",2015-12-12,277.418701171875
"13131",2015-12-13,272.86865234375
"13132",2015-12-14,273.0068359375
"13133",2015-12-15,272.03466796875
"13134",2015-12-16,273.51953125
"13135",2015-12-17,280.6533203125
"13136",2015-12-18,282.646240234375
"13137",2015-12-19,283.078369140625
"13138",2015-12-20,283.997314453125
"13139",2015-12-21,282.98876953125
"13140",2015-12-22,283.19677734375
"13141",2015-12-23,281.540283203125
"13142",2015-12-24,281.310791015625
"13143",2015-12-25,279.913330078125
"13144",2015-12-26,277.82568359375
"13145",2015-12-27,272.935791015625
"13146",2015-12-28,273.834228515625
"13147",2015-12-29,273.239013671875
"13148",2015-12-30,276.116943359375
"13149",2015-12-31,275.5146484375
"13150",2016-01-01,276.29638671875
"13151",2016-01-02,274.693115234375
"13152",2016-01-03,269.671630859375
"13153",2016-01-04,268.86376953125
"13154",2016-01-05,268.77685546875
"13155",2016-01-06,264.138671875
"13156",2016-01-07,267.799560546875
"13157",2016-01-08,269.027587890625
"13158",2016-01-09,269.430419921875
"13159",2016-01-10,274.299072265625
"13160",2016-01-11,274.1279296875
"13161",2016-01-12,272.394775390625
"13162",2016-01-13,269.52978515625
"13163",2016-01-14,262.846435546875
"13164",2016-01-15,262.635498046875
"13165",2016-01-16,265.56201171875
"13166",2016-01-17,266.983154296875
"13167",2016-01-18,268.80224609375
"13168",2016-01-19,265.533447265625
"13169",2016-01-20,265.875
"13170",2016-01-21,262.756103515625
"13171",2016-01-22,271.959228515625
"13172",2016-01-23,274.60888671875
"13173",2016-01-24,275.70361328125
"13174",2016-01-25,277.303466796875
"13175",2016-01-26,278.26953125
"13176",2016-01-27,280.3818359375
"13177",2016-01-28,278.871337890625
"13178",2016-01-29,280.383056640625
"13179",2016-01-30,278.728271484375
"13180",2016-01-31,278.04248046875
"13181",2016-02-01,278.81494140625
"13182",2016-02-02,278.916259765625
"13183",2016-02-03,278.07568359375
"13184",2016-02-04,276.5166015625
"13185",2016-02-05,276.34033203125
"13186",2016-02-06,279.33154296875
"13187",2016-02-07,279.683349609375
"13188",2016-02-08,278.455078125
"13189",2016-02-09,278.655517578125
"13190",2016-02-10,276.9169921875
"13191",2016-02-11,275.564208984375
"13192",2016-02-12,272.855712890625
"13193",2016-02-13,271.500244140625
"13194",2016-02-14,271.337158203125
"13195",2016-02-15,273.831298828125
"13196",2016-02-16,275.3583984375
"13197",2016-02-17,274.670166015625
"13198",2016-02-18,273.3544921875
"13199",2016-02-19,274.91064453125
"13200",2016-02-20,276.657470703125
"13201",2016-02-21,277.72412109375
"13202",2016-02-22,276.8486328125
"13203",2016-02-23,275.453125
"13204",2016-02-24,277.024169921875
"13205",2016-02-25,276.752197265625
"13206",2016-02-26,277.423828125
"13207",2016-02-27,277.929443359375
"13208",2016-02-28,277.09423828125
"13209",2016-02-29,272.5908203125
"13210",2016-03-01,273.822021484375
"13211",2016-03-02,274.028076171875
"13212",2016-03-03,276.423583984375
"13213",2016-03-04,275.062255859375
"13214",2016-03-05,275.561767578125
"13215",2016-03-06,274.079833984375
"13216",2016-03-07,274.395263671875
"13217",2016-03-08,275.88330078125
"13218",2016-03-09,276.6201171875
"13219",2016-03-10,279.237060546875
"13220",2016-03-11,277.88037109375
"13221",2016-03-12,276.3232421875
"13222",2016-03-13,278.603515625
"13223",2016-03-14,284.753662109375
"13224",2016-03-15,287.269287109375
"13225",2016-03-16,284.816162109375
"13226",2016-03-17,279.09326171875
"13227",2016-03-18,284.059326171875
"13228",2016-03-19,281.39697265625
"13229",2016-03-20,283.709716796875
"13230",2016-03-21,281.336669921875
"13231",2016-03-22,282.281005859375
"13232",2016-03-23,282.1201171875
"13233",2016-03-24,279.12548828125
"13234",2016-03-25,278.982177734375
"13235",2016-03-26,281.01513671875
"13236",2016-03-27,280.546630859375
"13237",2016-03-28,285.06103515625
"13238",2016-03-29,280.76513671875
"13239",2016-03-30,280.009521484375
"13240",2016-03-31,280.122802734375
"13241",2016-04-01,280.427978515625
"13242",2016-04-02,281.17138671875
"13243",2016-04-03,283.077392578125
"13244",2016-04-04,285.05908203125
"13245",2016-04-05,281.647705078125
"13246",2016-04-06,280.130615234375
"13247",2016-04-07,280.250732421875
"13248",2016-04-08,280.204833984375
"13249",2016-04-09,280.402587890625
"13250",2016-04-10,284.626708984375
"13251",2016-04-11,284.64013671875
"13252",2016-04-12,286.352294921875
"13253",2016-04-13,285.408203125
"13254",2016-04-14,282.8974609375
"13255",2016-04-15,280.466796875
"13256",2016-04-16,282.331298828125
"13257",2016-04-17,281.68115234375
"13258",2016-04-18,281.715087890625
"13259",2016-04-19,284.911376953125
"13260",2016-04-20,285.180419921875
"13261",2016-04-21,285.412841796875
"13262",2016-04-22,282.991455078125
"13263",2016-04-23,280.709716796875
"13264",2016-04-24,279.323974609375
"13265",2016-04-25,279.741455078125
"13266",2016-04-26,281.37353515625
"13267",2016-04-27,281.6640625
"13268",2016-04-28,281.530029296875
"13269",2016-04-29,282.950439453125
"13270",2016-04-30,281.0458984375
"13271",2016-05-01,282.300537109375
"13272",2016-05-02,285.121826171875
"13273",2016-05-03,285.1962890625
"13274",2016-05-04,285.685302734375
"13275",2016-05-05,285.932861328125
"13276",2016-05-06,289.302001953125
"13277",2016-05-07,294.0986328125
"13278",2016-05-08,295.244873046875
"13279",2016-05-09,296.267578125
"13280",2016-05-10,296.3095703125
"13281",2016-05-11,291.256591796875
"13282",2016-05-12,290.48291015625
"13283",2016-05-13,285.349853515625
"13284",2016-05-14,282.946044921875
"13285",2016-05-15,286.999755859375
"13286",2016-05-16,287.514404296875
"13287",2016-05-17,288.31396484375
"13288",2016-05-18,285.589111328125
"13289",2016-05-19,287.104248046875
"13290",2016-05-20,286.559326171875
"13291",2016-05-21,286.978515625
"13292",2016-05-22,292.681640625
"13293",2016-05-23,288.789794921875
"13294",2016-05-24,289.231689453125
"13295",2016-05-25,288.561279296875
"13296",2016-05-26,290.936767578125
"13297",2016-05-27,289.869873046875
"13298",2016-05-28,289.653564453125
"13299",2016-05-29,287.764892578125
"13300",2016-05-30,294.0263671875
"13301",2016-05-31,297.852294921875
"13302",2016-06-01,299.232421875
"13303",2016-06-02,299.385986328125
"13304",2016-06-03,299.647216796875
"13305",2016-06-04,295.641845703125
"13306",2016-06-05,295.4521484375
"13307",2016-06-06,293.04150390625
"13308",2016-06-07,292.926513671875
"13309",2016-06-08,291.819091796875
"13310",2016-06-09,290.13720703125
"13311",2016-06-10,289.205078125
"13312",2016-06-11,289.467529296875
"13313",2016-06-12,291.60791015625
"13314",2016-06-13,293.7587890625
"13315",2016-06-14,293.818603515625
"13316",2016-06-15,290.8291015625
"13317",2016-06-16,294.77490234375
"13318",2016-06-17,293.7509765625
"13319",2016-06-18,293.3466796875
"13320",2016-06-19,290.416748046875
"13321",2016-06-20,288.281005859375
"13322",2016-06-21,291.671875
"13323",2016-06-22,292.3935546875
"13324",2016-06-23,292.6474609375
"13325",2016-06-24,294.707275390625
"13326",2016-06-25,294.138916015625
"13327",2016-06-26,292.186767578125
"13328",2016-06-27,289.5830078125
"13329",2016-06-28,290.04248046875
"13330",2016-06-29,291.52490234375
"13331",2016-06-30,289.1982421875
"13332",2016-07-01,289.371826171875
"13333",2016-07-02,289.082275390625
"13334",2016-07-03,289.343994140625
"13335",2016-07-04,289.902587890625
"13336",2016-07-05,289.7216796875
"13337",2016-07-06,293.3251953125
"13338",2016-07-07,291.055908203125
"13339",2016-07-08,291.327880859375
"13340",2016-07-09,292.917236328125
"13341",2016-07-10,291.853271484375
"13342",2016-07-11,290.977783203125
"13343",2016-07-12,291.52099609375
"13344",2016-07-13,290.86865234375
"13345",2016-07-14,291.307373046875
"13346",2016-07-15,295.3681640625
"13347",2016-07-16,292
"13348",2016-07-17,290.19140625
"13349",2016-07-18,292.65625
"13350",2016-07-19,293.175537109375
"13351",2016-07-20,296.63623046875
"13352",2016-07-21,297.5361328125
"13353",2016-07-22,298.173095703125
"13354",2016-07-23,296.5205078125
"13355",2016-07-24,298.184326171875
"13356",2016-07-25,298.10546875
"13357",2016-07-26,291.953125
"13358",2016-07-27,292.833251953125
"13359",2016-07-28,292.224609375
"13360",2016-07-29,292.502197265625
"13361",2016-07-30,291.822021484375
"13362",2016-07-31,290.811279296875
"13363",2016-08-01,290.22314453125
"13364",2016-08-02,290.958740234375
"13365",2016-08-03,291.97021484375
"13366",2016-08-04,291.728271484375
"13367",2016-08-05,291.947021484375
"13368",2016-08-06,290.486328125
"13369",2016-08-07,290.51171875
"13370",2016-08-08,289.48193359375
"13371",2016-08-09,289.419677734375
"13372",2016-08-10,286.3212890625
"13373",2016-08-11,288.551513671875
"13374",2016-08-12,288.571044921875
"13375",2016-08-13,290.906494140625
"13376",2016-08-14,292.548095703125
"13377",2016-08-15,293.515869140625
"13378",2016-08-16,294.561279296875
"13379",2016-08-17,296.170654296875
"13380",2016-08-18,292.75390625
"13381",2016-08-19,292.620361328125
"13382",2016-08-20,292.840087890625
"13383",2016-08-21,293.314697265625
"13384",2016-08-22,291.7333984375
"13385",2016-08-23,293.43212890625
"13386",2016-08-24,291.52587890625
"13387",2016-08-25,292.438720703125
"13388",2016-08-26,296.5126953125
"13389",2016-08-27,291.72802734375
"13390",2016-08-28,287.7646484375
"13391",2016-08-29,288.093994140625
"13392",2016-08-30,290.19091796875
"13393",2016-08-31,291.385498046875
"13394",2016-09-01,291.221923828125
"13395",2016-09-02,289.08203125
"13396",2016-09-03,291.4375
"13397",2016-09-04,292.720458984375
"13398",2016-09-05,292.366455078125
"13399",2016-09-06,292.02392578125
"13400",2016-09-07,292.818359375
"13401",2016-09-08,294.2841796875
"13402",2016-09-09,291.868408203125
"13403",2016-09-10,292.624267578125
"13404",2016-09-11,291.11865234375
"13405",2016-09-12,291.73828125
"13406",2016-09-13,295.796142578125
"13407",2016-09-14,296.20458984375
"13408",2016-09-15,296.172607421875
"13409",2016-09-16,292.898681640625
"13410",2016-09-17,291.220703125
"13411",2016-09-18,290.33642578125
"13412",2016-09-19,291.5771484375
"13413",2016-09-20,293.991455078125
"13414",2016-09-21,291.351806640625
"13415",2016-09-22,289.443603515625
"13416",2016-09-23,288.947265625
"13417",2016-09-24,289.020751953125
"13418",2016-09-25,292.224365234375
"13419",2016-09-26,290.493408203125
"13420",2016-09-27,289.62744140625
"13421",2016-09-28,289.077392578125
"13422",2016-09-29,289.87939453125
"13423",2016-09-30,286.9384765625
"13424",2016-10-01,287.130615234375
"13425",2016-10-02,287.1376953125
"13426",2016-10-03,286.780517578125
"13427",2016-10-04,284.92041015625
"13428",2016-10-05,285.932373046875
"13429",2016-10-06,286.671630859375
"13430",2016-10-07,286.656494140625
"13431",2016-10-08,282.975341796875
"13432",2016-10-09,281.949951171875
"13433",2016-10-10,282.68798828125
"13434",2016-10-11,280.92236328125
"13435",2016-10-12,279.7021484375
"13436",2016-10-13,279.526123046875
"13437",2016-10-14,278.505859375
"13438",2016-10-15,281.1865234375
"13439",2016-10-16,281.68603515625
"13440",2016-10-17,281.590087890625
"13441",2016-10-18,280.957763671875
"13442",2016-10-19,282.910888671875
"13443",2016-10-20,281.339111328125
"13444",2016-10-21,280.3857421875
"13445",2016-10-22,278.52099609375
"13446",2016-10-23,279.944091796875
"13447",2016-10-24,280.194580078125
"13448",2016-10-25,280.275634765625
"13449",2016-10-26,282.525634765625
"13450",2016-10-27,284.22607421875
"13451",2016-10-28,284.36181640625
"13452",2016-10-29,283.243896484375
"13453",2016-10-30,282.6708984375
"13454",2016-10-31,282.375244140625
"13455",2016-11-01,282.304443359375
"13456",2016-11-02,277.274169921875
"13457",2016-11-03,274.770751953125
"13458",2016-11-04,274.611328125
"13459",2016-11-05,275.417236328125
"13460",2016-11-06,272.846923828125
"13461",2016-11-07,269.89453125
"13462",2016-11-08,271.435546875
"13463",2016-11-09,271.2060546875
"13464",2016-11-10,273.285400390625
"13465",2016-11-11,273.748291015625
"13466",2016-11-12,274.52099609375
"13467",2016-11-13,277.56982421875
"13468",2016-11-14,279.60595703125
"13469",2016-11-15,282.372314453125
"13470",2016-11-16,280.183837890625
"13471",2016-11-17,279.345458984375
"13472",2016-11-18,279.8369140625
"13473",2016-11-19,278.463134765625
"13474",2016-11-20,277.5263671875
"13475",2016-11-21,280.18896484375
"13476",2016-11-22,281.255126953125
"13477",2016-11-23,281.84619140625
"13478",2016-11-24,279.022705078125
"13479",2016-11-25,280.689208984375
"13480",2016-11-26,283.2080078125
"13481",2016-11-27,278.165771484375
"13482",2016-11-28,274.98828125
"13483",2016-11-29,278.47998046875
"13484",2016-11-30,277.363037109375
"13485",2016-12-01,276.415283203125
"13486",2016-12-02,277.005859375
"13487",2016-12-03,275.117919921875
"13488",2016-12-04,276.8837890625
"13489",2016-12-05,279.482421875
"13490",2016-12-06,274.505126953125
"13491",2016-12-07,281.722412109375
"13492",2016-12-08,285.013427734375
"13493",2016-12-09,281.909423828125
"13494",2016-12-10,280.201416015625
"13495",2016-12-11,275.713623046875
"13496",2016-12-12,275.5185546875
"13497",2016-12-13,279.171630859375
"13498",2016-12-14,273.197509765625
"13499",2016-12-15,274.132080078125
"13500",2016-12-16,274.519287109375
"13501",2016-12-17,278.98388671875
"13502",2016-12-18,277.236083984375
"13503",2016-12-19,279.470947265625
"13504",2016-12-20,279.52099609375
"13505",2016-12-21,280.3017578125
"13506",2016-12-22,279.876220703125
"13507",2016-12-23,279.40673828125
"13508",2016-12-24,280.537109375
"13509",2016-12-25,282.965087890625
"13510",2016-12-26,282.675048828125
"13511",2016-12-27,281.65283203125
"13512",2016-12-28,277.59130859375
"13513",2016-12-29,279.707763671875
"13514",2016-12-30,281.68798828125
"13515",2016-12-31,282.888427734375
"13516",2017-01-01,279.51708984375
"13517",2017-01-02,273.284912109375
"13518",2017-01-03,278.538330078125
"13519",2017-01-04,273.799072265625
"13520",2017-01-05,267.16162109375
"13521",2017-01-06,273.661376953125
"13522",2017-01-07,277.27734375
"13523",2017-01-08,276.818603515625
"13524",2017-01-09,278.55859375
"13525",2017-01-10,276.966552734375
"13526",2017-01-11,278.51708984375
"13527",2017-01-12,278.48046875
"13528",2017-01-13,276.036865234375
"13529",2017-01-14,272.48828125
"13530",2017-01-15,271.973388671875
"13531",2017-01-16,272.01171875
"13532",2017-01-17,277.43896484375
"13533",2017-01-18,278.199951171875
"13534",2017-01-19,279.92822265625
"13535",2017-01-20,280.435302734375
"13536",2017-01-21,278.03173828125
"13537",2017-01-22,276.967041015625
"13538",2017-01-23,276.73828125
"13539",2017-01-24,276.2333984375
"13540",2017-01-25,278.480224609375
"13541",2017-01-26,278.208251953125
"13542",2017-01-27,274.669921875
"13543",2017-01-28,273.42333984375
"13544",2017-01-29,276.681640625
"13545",2017-01-30,277.412109375
"13546",2017-01-31,274.939453125
"13547",2017-02-01,273.385009765625
"13548",2017-02-02,273.943359375
"13549",2017-02-03,274.006591796875
"13550",2017-02-04,273.96240234375
"13551",2017-02-05,274.519775390625
"13552",2017-02-06,274.475830078125
"13553",2017-02-07,270.90966796875
"13554",2017-02-08,270.285888671875
"13555",2017-02-09,270.730712890625
"13556",2017-02-10,273.18115234375
"13557",2017-02-11,272.65283203125
"13558",2017-02-12,272.44140625
"13559",2017-02-13,273.9658203125
"13560",2017-02-14,275.72265625
"13561",2017-02-15,273.496337890625
"13562",2017-02-16,276.19091796875
"13563",2017-02-17,276.06494140625
"13564",2017-02-18,277.199462890625
"13565",2017-02-19,279.208740234375
"13566",2017-02-20,279.44873046875
"13567",2017-02-21,279.23291015625
"13568",2017-02-22,278.45751953125
"13569",2017-02-23,276.21875
"13570",2017-02-24,275.99267578125
"13571",2017-02-25,277.0146484375
"13572",2017-02-26,277.25537109375
"13573",2017-02-27,278.945556640625
"13574",2017-02-28,279.047119140625
"13575",2017-03-01,276.761474609375
"13576",2017-03-02,276.751708984375
"13577",2017-03-03,277.364501953125
"13578",2017-03-04,277.625732421875
"13579",2017-03-05,273.606201171875
"13580",2017-03-06,273.02734375
"13581",2017-03-07,272.44580078125
"13582",2017-03-08,274.2802734375
"13583",2017-03-09,278.20654296875
"13584",2017-03-10,280.392333984375
"13585",2017-03-11,280.567138671875
"13586",2017-03-12,278.515380859375
"13587",2017-03-13,277.818603515625
"13588",2017-03-14,280.640380859375
"13589",2017-03-15,282.51513671875
"13590",2017-03-16,280.039306640625
"13591",2017-03-17,280.3779296875
"13592",2017-03-18,280.298828125
"13593",2017-03-19,278.58154296875
"13594",2017-03-20,278.39501953125
"13595",2017-03-21,279.487060546875
"13596",2017-03-22,280.208740234375
"13597",2017-03-23,279.6064453125
"13598",2017-03-24,281.45556640625
"13599",2017-03-25,285.399658203125
"13600",2017-03-26,284.743408203125
"13601",2017-03-27,283.03759765625
"13602",2017-03-28,284.433349609375
"13603",2017-03-29,281.44921875
"13604",2017-03-30,279.571533203125
"13605",2017-03-31,281.201904296875
"13606",2017-04-01,282.873291015625
"13607",2017-04-02,284.119873046875
"13608",2017-04-03,283.35302734375
"13609",2017-04-04,280.732666015625
"13610",2017-04-05,282.187744140625
"13611",2017-04-06,281.902587890625
"13612",2017-04-07,289.5947265625
"13613",2017-04-08,284.854248046875
"13614",2017-04-09,282.400146484375
"13615",2017-04-10,284.826416015625
"13616",2017-04-11,282.2451171875
"13617",2017-04-12,283.04345703125
"13618",2017-04-13,279.62841796875
"13619",2017-04-14,276.910888671875
"13620",2017-04-15,276.637939453125
"13621",2017-04-16,277.86474609375
"13622",2017-04-17,277.860595703125
"13623",2017-04-18,279.4560546875
"13624",2017-04-19,280.656005859375
"13625",2017-04-20,282.0595703125
"13626",2017-04-21,283.94384765625
"13627",2017-04-22,283.374267578125
"13628",2017-04-23,281.278076171875
"13629",2017-04-24,280.399658203125
"13630",2017-04-25,279.30810546875
"13631",2017-04-26,281.2568359375
"13632",2017-04-27,281.77392578125
"13633",2017-04-28,278.47607421875
"13634",2017-04-29,283.915771484375
"13635",2017-04-30,283.921875
"13636",2017-05-01,287.811767578125
"13637",2017-05-02,290.803955078125
"13638",2017-05-03,289.457763671875
"13639",2017-05-04,287.016845703125
"13640",2017-05-05,292.479736328125
"13641",2017-05-06,293.017578125
"13642",2017-05-07,284.341796875
"13643",2017-05-08,282.696533203125
"13644",2017-05-09,282.32373046875
"13645",2017-05-10,280.723876953125
"13646",2017-05-11,279.796630859375
"13647",2017-05-12,285.775634765625
"13648",2017-05-13,284.067626953125
"13649",2017-05-14,285.510009765625
"13650",2017-05-15,285.40380859375
"13651",2017-05-16,286.288330078125
"13652",2017-05-17,285.959228515625
"13653",2017-05-18,294.72314453125
"13654",2017-05-19,293.780517578125
"13655",2017-05-20,293.49951171875
"13656",2017-05-21,287.659912109375
"13657",2017-05-22,286.977294921875
"13658",2017-05-23,290.787841796875
"13659",2017-05-24,291.71630859375
"13660",2017-05-25,291.166259765625
"13661",2017-05-26,294.0595703125
"13662",2017-05-27,293.365966796875
"13663",2017-05-28,291.2744140625
"13664",2017-05-29,292.19189453125
"13665",2017-05-30,287.607177734375
"13666",2017-05-31,290.750732421875
"13667",2017-06-01,287.7216796875
"13668",2017-06-02,287.97216796875
"13669",2017-06-03,288.2001953125
"13670",2017-06-04,287.734130859375
"13671",2017-06-05,288.4970703125
"13672",2017-06-06,294.2314453125
"13673",2017-06-07,289.287353515625
"13674",2017-06-08,287.60302734375
"13675",2017-06-09,290.5263671875
"13676",2017-06-10,288.947265625
"13677",2017-06-11,289.111083984375
"13678",2017-06-12,289.24462890625
"13679",2017-06-13,292.6708984375
"13680",2017-06-14,292.853515625
"13681",2017-06-15,292.514404296875
"13682",2017-06-16,290.945556640625
"13683",2017-06-17,294.0361328125
"13684",2017-06-18,294.786376953125
"13685",2017-06-19,291.994873046875
"13686",2017-06-20,291.839599609375
"13687",2017-06-21,291.213134765625
"13688",2017-06-22,290.8212890625
"13689",2017-06-23,291.329833984375
"13690",2017-06-24,290.4609375
"13691",2017-06-25,288.927978515625
"13692",2017-06-26,291.2724609375
"13693",2017-06-27,290.8828125
"13694",2017-06-28,294.108642578125
"13695",2017-06-29,292.86962890625
"13696",2017-06-30,296.690673828125
"13697",2017-07-01,298.016845703125
"13698",2017-07-02,291.582275390625
"13699",2017-07-03,291.023681640625
"13700",2017-07-04,291.61767578125
"13701",2017-07-05,292.02490234375
"13702",2017-07-06,292.424560546875
"13703",2017-07-07,291.702880859375
"13704",2017-07-08,292.579345703125
"13705",2017-07-09,291.55126953125
"13706",2017-07-10,290.554931640625
"13707",2017-07-11,292.427978515625
"13708",2017-07-12,292.114501953125
"13709",2017-07-13,291.663330078125
"13710",2017-07-14,292.2431640625
"13711",2017-07-15,292.527587890625
"13712",2017-07-16,292.34912109375
"13713",2017-07-17,291.719970703125
"13714",2017-07-18,293.23095703125
"13715",2017-07-19,294.06201171875
"13716",2017-07-20,297.57568359375
"13717",2017-07-21,292.00537109375
"13718",2017-07-22,295.977294921875
"13719",2017-07-23,297.704345703125
"13720",2017-07-24,294.22265625
"13721",2017-07-25,294.717041015625
"13722",2017-07-26,293.9599609375
"13723",2017-07-27,293.93408203125
"13724",2017-07-28,291.64990234375
"13725",2017-07-29,289.889892578125
"13726",2017-07-30,292.582763671875
"13727",2017-07-31,291.4208984375
"13728",2017-08-01,291.630615234375
"13729",2017-08-02,291.1767578125
"13730",2017-08-03,292.231201171875
"13731",2017-08-04,290.8154296875
"13732",2017-08-05,292.543701171875
"13733",2017-08-06,292.48291015625
"13734",2017-08-07,290.1474609375
"13735",2017-08-08,293.296630859375
"13736",2017-08-09,290.998779296875
"13737",2017-08-10,293.38916015625
"13738",2017-08-11,292.103515625
"13739",2017-08-12,289.449951171875
"13740",2017-08-13,291.095458984375
"13741",2017-08-14,290.718017578125
"13742",2017-08-15,292.9619140625
"13743",2017-08-16,292.5498046875
"13744",2017-08-17,293.19140625
"13745",2017-08-18,292.101806640625
"13746",2017-08-19,289.971435546875
"13747",2017-08-20,290.041748046875
"13748",2017-08-21,292.57470703125
"13749",2017-08-22,291.435302734375
"13750",2017-08-23,291.35302734375
"13751",2017-08-24,290.00146484375
"13752",2017-08-25,291.02880859375
"13753",2017-08-26,292.04638671875
"13754",2017-08-27,293.16357421875
"13755",2017-08-28,290.623046875
"13756",2017-08-29,292.105712890625
"13757",2017-08-30,290.33447265625
"13758",2017-08-31,287.463623046875
"13759",2017-09-01,290.525146484375
"13760",2017-09-02,290.25341796875
"13761",2017-09-03,290.502685546875
"13762",2017-09-04,286.380126953125
"13763",2017-09-05,288.749755859375
"13764",2017-09-06,287.85302734375
"13765",2017-09-07,287.8583984375
"13766",2017-09-08,287.11962890625
"13767",2017-09-09,288.248046875
"13768",2017-09-10,287.97607421875
"13769",2017-09-11,287.798583984375
"13770",2017-09-12,288.53271484375
"13771",2017-09-13,288.697265625
"13772",2017-09-14,288.15478515625
"13773",2017-09-15,289.830810546875
"13774",2017-09-16,290.185546875
"13775",2017-09-17,288.9794921875
"13776",2017-09-18,288.25927734375
"13777",2017-09-19,287.708251953125
"13778",2017-09-20,286.126708984375
"13779",2017-09-21,285.84375
"13780",2017-09-22,287.256103515625
"13781",2017-09-23,286.919189453125
"13782",2017-09-24,288.552734375
"13783",2017-09-25,288.583251953125
"13784",2017-09-26,288.4072265625
"13785",2017-09-27,289.01123046875
"13786",2017-09-28,289.331787109375
"13787",2017-09-29,286.877197265625
"13788",2017-09-30,288.591796875
"13789",2017-10-01,286.871337890625
"13790",2017-10-02,286.992919921875
"13791",2017-10-03,287.829345703125
"13792",2017-10-04,284.6611328125
"13793",2017-10-05,285.8447265625
"13794",2017-10-06,287.504150390625
"13795",2017-10-07,283.927978515625
"13796",2017-10-08,284.732666015625
"13797",2017-10-09,284.37451171875
"13798",2017-10-10,282.96826171875
"13799",2017-10-11,285.665771484375
"13800",2017-10-12,286.545654296875
"13801",2017-10-13,286.880615234375
"13802",2017-10-14,287.29052734375
"13803",2017-10-15,287.792236328125
"13804",2017-10-16,288.15673828125
"13805",2017-10-17,286.935791015625
"13806",2017-10-18,284.449462890625
"13807",2017-10-19,283.875732421875
"13808",2017-10-20,283.6796875
"13809",2017-10-21,283.2158203125
"13810",2017-10-22,281.17919921875
"13811",2017-10-23,279.72265625
"13812",2017-10-24,280.28271484375
"13813",2017-10-25,282.64453125
"13814",2017-10-26,285.401123046875
"13815",2017-10-27,283.33251953125
"13816",2017-10-28,285.64990234375
"13817",2017-10-29,281.89892578125
"13818",2017-10-30,279.176025390625
"13819",2017-10-31,282.2939453125
"13820",2017-11-01,284.922607421875
"13821",2017-11-02,283.908447265625
"13822",2017-11-03,282.761474609375
"13823",2017-11-04,282.8076171875
"13824",2017-11-05,283.505615234375
"13825",2017-11-06,280.940673828125
"13826",2017-11-07,282.107177734375
"13827",2017-11-08,281.407958984375
"13828",2017-11-09,282.655517578125
"13829",2017-11-10,279.955810546875
"13830",2017-11-11,279.335205078125
"13831",2017-11-12,277.106201171875
"13832",2017-11-13,276.761962890625
"13833",2017-11-14,276.898193359375
"13834",2017-11-15,280.400634765625
"13835",2017-11-16,281.864013671875
"13836",2017-11-17,281.633544921875
"13837",2017-11-18,279.94189453125
"13838",2017-11-19,275.6962890625
"13839",2017-11-20,271.4189453125
"13840",2017-11-21,271.991455078125
"13841",2017-11-22,281.886474609375
"13842",2017-11-23,282.49169921875
"13843",2017-11-24,279.60009765625
"13844",2017-11-25,276.61474609375
"13845",2017-11-26,278.368408203125
"13846",2017-11-27,276.552734375
"13847",2017-11-28,275.17724609375
"13848",2017-11-29,274.38232421875
"13849",2017-11-30,274.3369140625
"13850",2017-12-01,273.84619140625
"13851",2017-12-02,279.57275390625
"13852",2017-12-03,279.92919921875
"13853",2017-12-04,274.612548828125
"13854",2017-12-05,280.733154296875
"13855",2017-12-06,280.606201171875
"13856",2017-12-07,281.90185546875
"13857",2017-12-08,279.412109375
"13858",2017-12-09,277.87890625
"13859",2017-12-10,273.153076171875
"13860",2017-12-11,272.282958984375
"13861",2017-12-12,272.058837890625
"13862",2017-12-13,275.3642578125
"13863",2017-12-14,274.443603515625
"13864",2017-12-15,273.63818359375
"13865",2017-12-16,273.132568359375
"13866",2017-12-17,273.802978515625
"13867",2017-12-18,277.173583984375
"13868",2017-12-19,277.600341796875
"13869",2017-12-20,278.786865234375
"13870",2017-12-21,277.351318359375
"13871",2017-12-22,278.98876953125
"13872",2017-12-23,283.308349609375
"13873",2017-12-24,279.61083984375
"13874",2017-12-25,280.7001953125
"13875",2017-12-26,280.62451171875
"13876",2017-12-27,278.336181640625
"13877",2017-12-28,276.711181640625
"13878",2017-12-29,275.945068359375
"13879",2017-12-30,274.73388671875
"13880",2017-12-31,277.04443359375
"13881",2018-01-01,277.6669921875
"13882",2018-01-02,277.29638671875
"13883",2018-01-03,276.47998046875
"13884",2018-01-04,275.24365234375
"13885",2018-01-05,274.486083984375
"13886",2018-01-06,272.430908203125
"13887",2018-01-07,275.372802734375
"13888",2018-01-08,277.458740234375
"13889",2018-01-09,275.7080078125
"13890",2018-01-10,275.314453125
"13891",2018-01-11,274.86376953125
"13892",2018-01-12,274.50634765625
"13893",2018-01-13,272.881103515625
"13894",2018-01-14,272.343017578125
"13895",2018-01-15,273.8466796875
"13896",2018-01-16,276.13671875
"13897",2018-01-17,273.280517578125
"13898",2018-01-18,272.980712890625
"13899",2018-01-19,272.441162109375
"13900",2018-01-20,272.79345703125
"13901",2018-01-21,272.28955078125
"13902",2018-01-22,271.845458984375
"13903",2018-01-23,276.008056640625
"13904",2018-01-24,280.53125
"13905",2018-01-25,279.669677734375
"13906",2018-01-26,277.948974609375
"13907",2018-01-27,275.947998046875
"13908",2018-01-28,279.552734375
"13909",2018-01-29,277.73974609375
"13910",2018-01-30,277.33837890625
"13911",2018-01-31,277.26904296875
"13912",2018-02-01,275.784423828125
"13913",2018-02-02,271.654296875
"13914",2018-02-03,268.832275390625
"13915",2018-02-04,270.125244140625
"13916",2018-02-05,271.364990234375
"13917",2018-02-06,272.351806640625
"13918",2018-02-07,273.433837890625
"13919",2018-02-08,275.57177734375
"13920",2018-02-09,274.2236328125
"13921",2018-02-10,273.37158203125
"13922",2018-02-11,273.88330078125
"13923",2018-02-12,275.042236328125
"13924",2018-02-13,275.52392578125
"13925",2018-02-14,275.72412109375
"13926",2018-02-15,274.1806640625
"13927",2018-02-16,274.3466796875
"13928",2018-02-17,273.593017578125
"13929",2018-02-18,274.7529296875
"13930",2018-02-19,274.600830078125
"13931",2018-02-20,271.178955078125
"13932",2018-02-21,272.62744140625
"13933",2018-02-22,271.882568359375
"13934",2018-02-23,274.057861328125
"13935",2018-02-24,270.532958984375
"13936",2018-02-25,267.853515625
"13937",2018-02-26,269.103515625
"13938",2018-02-27,265.238037109375
"13939",2018-02-28,264.624755859375
"13940",2018-03-01,266.958984375
"13941",2018-03-02,269.509765625
"13942",2018-03-03,269.665283203125
"13943",2018-03-04,272.68505859375
"13944",2018-03-05,270.38916015625
"13945",2018-03-06,272.384765625
"13946",2018-03-07,274.241455078125
"13947",2018-03-08,272.060546875
"13948",2018-03-09,273.039794921875
"13949",2018-03-10,273.43115234375
"13950",2018-03-11,273.2578125
"13951",2018-03-12,276.745849609375
"13952",2018-03-13,275.918701171875
"13953",2018-03-14,275.4755859375
"13954",2018-03-15,272.024658203125
"13955",2018-03-16,270.916259765625
"13956",2018-03-17,271.856689453125
"13957",2018-03-18,273.9794921875
"13958",2018-03-19,276.153564453125
"13959",2018-03-20,277.863037109375
"13960",2018-03-21,277.86767578125
"13961",2018-03-22,276.20849609375
"13962",2018-03-23,274.77734375
"13963",2018-03-24,276.6904296875
"13964",2018-03-25,279.378173828125
"13965",2018-03-26,273.28125
"13966",2018-03-27,274.536376953125
"13967",2018-03-28,276.43701171875
"13968",2018-03-29,275.662109375
"13969",2018-03-30,276.885986328125
"13970",2018-03-31,278.000732421875
"13971",2018-04-01,278.4853515625
"13972",2018-04-02,277.812744140625
"13973",2018-04-03,277.525390625
"13974",2018-04-04,278.563720703125
"13975",2018-04-05,278.935546875
"13976",2018-04-06,280.826416015625
"13977",2018-04-07,283.0068359375
"13978",2018-04-08,283.559814453125
"13979",2018-04-09,281.751220703125
"13980",2018-04-10,281.718994140625
"13981",2018-04-11,282.95556640625
"13982",2018-04-12,285.09521484375
"13983",2018-04-13,287.475830078125
"13984",2018-04-14,290.1494140625
"13985",2018-04-15,288.363525390625
"13986",2018-04-16,282.987548828125
"13987",2018-04-17,282.955078125
"13988",2018-04-18,286.1982421875
"13989",2018-04-19,287.486083984375
"13990",2018-04-20,288.90966796875
"13991",2018-04-21,286.92041015625
"13992",2018-04-22,287.39453125
"13993",2018-04-23,282.609619140625
"13994",2018-04-24,281.08056640625
"13995",2018-04-25,284.058349609375
"13996",2018-04-26,282.342041015625
"13997",2018-04-27,282.2705078125
"13998",2018-04-28,283.217041015625
"13999",2018-04-29,286.042724609375
"14000",2018-04-30,283.610595703125
"14001",2018-05-01,283.075927734375
"14002",2018-05-02,284.671630859375
"14003",2018-05-03,283.84326171875
"14004",2018-05-04,284.598388671875
"14005",2018-05-05,286.901123046875
"14006",2018-05-06,288.1015625
"14007",2018-05-07,291.036865234375
"14008",2018-05-08,294.609375
"14009",2018-05-09,296.853759765625
"14010",2018-05-10,296.7705078125
"14011",2018-05-11,290.2998046875
"14012",2018-05-12,290.015625
"14013",2018-05-13,296.114501953125
"14014",2018-05-14,298.179931640625
"14015",2018-05-15,298.648193359375
"14016",2018-05-16,297.450439453125
"14017",2018-05-17,291.381591796875
"14018",2018-05-18,293.089599609375
"14019",2018-05-19,293.48681640625
"14020",2018-05-20,293.12890625
"14021",2018-05-21,294.331787109375
"14022",2018-05-22,295.809814453125
"14023",2018-05-23,296.579345703125
"14024",2018-05-24,298.755126953125
"14025",2018-05-25,299.4638671875
"14026",2018-05-26,299.4091796875
"14027",2018-05-27,298.434326171875
"14028",2018-05-28,294.761474609375
"14029",2018-05-29,298.114013671875
"14030",2018-05-30,301.290771484375
"14031",2018-05-31,298.679443359375
"14032",2018-06-01,297.81494140625
"14033",2018-06-02,300.2236328125
"14034",2018-06-03,299.37646484375
"14035",2018-06-04,297.602294921875
"14036",2018-06-05,290.702880859375
"14037",2018-06-06,292.174072265625
"14038",2018-06-07,295.5078125
"14039",2018-06-08,298.17919921875
"14040",2018-06-09,296.95166015625
"14041",2018-06-10,297.927978515625
"14042",2018-06-11,289.972412109375
"14043",2018-06-12,295.2763671875
"14044",2018-06-13,293.20556640625
"14045",2018-06-14,290.2568359375
"14046",2018-06-15,290.079345703125
"14047",2018-06-16,290.74072265625
"14048",2018-06-17,290.024658203125
"14049",2018-06-18,288.85595703125
"14050",2018-06-19,290.6708984375
"14051",2018-06-20,286.314208984375
"14052",2018-06-21,288.302978515625
"14053",2018-06-22,289.7265625
"14054",2018-06-23,291.581298828125
"14055",2018-06-24,295.1611328125
"14056",2018-06-25,298.66455078125
"14057",2018-06-26,297.952392578125
"14058",2018-06-27,296.95947265625
"14059",2018-06-28,297.124267578125
"14060",2018-06-29,294.546630859375
"14061",2018-06-30,294.32861328125
"14062",2018-07-01,296.328857421875
"14063",2018-07-02,297.61865234375
"14064",2018-07-03,299.009033203125
"14065",2018-07-04,298.073974609375
"14066",2018-07-05,292.69189453125
"14067",2018-07-06,297.515869140625
"14068",2018-07-07,296.96240234375
"14069",2018-07-08,297.77099609375
"14070",2018-07-09,295.249267578125
"14071",2018-07-10,299.530029296875
"14072",2018-07-11,300.384521484375
"14073",2018-07-12,301.011962890625
"14074",2018-07-13,299.75341796875
"14075",2018-07-14,294.0615234375
"14076",2018-07-15,295.519775390625
"14077",2018-07-16,298.392333984375
"14078",2018-07-17,302.2666015625
"14079",2018-07-18,297.056396484375
"14080",2018-07-19,297.63916015625
"14081",2018-07-20,297.006103515625
"14082",2018-07-21,294.077392578125
"14083",2018-07-22,294.330078125
"14084",2018-07-23,297.146728515625
"14085",2018-07-24,295.79443359375
"14086",2018-07-25,297.698486328125
"14087",2018-07-26,299.054931640625
"14088",2018-07-27,303.762939453125
"14089",2018-07-28,301.276611328125
"14090",2018-07-29,296.84130859375
"14091",2018-07-30,300.188720703125
"14092",2018-07-31,303.675048828125
"14093",2018-08-01,296.3193359375
"14094",2018-08-02,295.75341796875
"14095",2018-08-03,295.741455078125
"14096",2018-08-04,298.197265625
"14097",2018-08-05,295.555908203125
"14098",2018-08-06,291.990234375
"14099",2018-08-07,296.21142578125
"14100",2018-08-08,298.63525390625
"14101",2018-08-09,294.616943359375
"14102",2018-08-10,292.184326171875
"14103",2018-08-11,289.693115234375
"14104",2018-08-12,290.713623046875
"14105",2018-08-13,295.01708984375
"14106",2018-08-14,291.052978515625
"14107",2018-08-15,292.55224609375
"14108",2018-08-16,293.849853515625
"14109",2018-08-17,291.3857421875
"14110",2018-08-18,289.9208984375
"14111",2018-08-19,290.909423828125
"14112",2018-08-20,291.908203125
"14113",2018-08-21,293.20361328125
"14114",2018-08-22,292.673828125
"14115",2018-08-23,291.718994140625
"14116",2018-08-24,289.734375
"14117",2018-08-25,288.66455078125
"14118",2018-08-26,289.887939453125
"14119",2018-08-27,289.12060546875
"14120",2018-08-28,291.193603515625
"14121",2018-08-29,290.886474609375
"14122",2018-08-30,291.738037109375
"14123",2018-08-31,289.839111328125
"14124",2018-09-01,292.751220703125
"14125",2018-09-02,291.708984375
"14126",2018-09-03,294.39111328125
"14127",2018-09-04,294.3876953125
"14128",2018-09-05,291.9169921875
"14129",2018-09-06,293.5146484375
"14130",2018-09-07,291.1240234375
"14131",2018-09-08,289.91162109375
"14132",2018-09-09,290.38037109375
"14133",2018-09-10,289.57373046875
"14134",2018-09-11,288.389892578125
"14135",2018-09-12,288.768310546875
"14136",2018-09-13,287.963134765625
"14137",2018-09-14,288.259521484375
"14138",2018-09-15,288.451904296875
"14139",2018-09-16,287.578125
"14140",2018-09-17,288.173583984375
"14141",2018-09-18,293.587646484375
"14142",2018-09-19,291.369384765625
"14143",2018-09-20,288.201171875
"14144",2018-09-21,291.13037109375
"14145",2018-09-22,286.4033203125
"14146",2018-09-23,286.974609375
"14147",2018-09-24,285.112548828125
"14148",2018-09-25,285.890380859375
"14149",2018-09-26,290.015869140625
"14150",2018-09-27,287.52880859375
"14151",2018-09-28,285.135009765625
"14152",2018-09-29,285.1513671875
"14153",2018-09-30,286.351318359375
"14154",2018-10-01,285.46044921875
"14155",2018-10-02,281.536865234375
"14156",2018-10-03,284.79052734375
"14157",2018-10-04,286.341796875
"14158",2018-10-05,286.430419921875
"14159",2018-10-06,283.95751953125
"14160",2018-10-07,284.227783203125
"14161",2018-10-08,286.391357421875
"14162",2018-10-09,286.849853515625
"14163",2018-10-10,288.076171875
"14164",2018-10-11,290.8837890625
"14165",2018-10-12,289.250732421875
"14166",2018-10-13,291.0068359375
"14167",2018-10-14,291.15234375
"14168",2018-10-15,287.893798828125
"14169",2018-10-16,284.416015625
"14170",2018-10-17,287.374755859375
"14171",2018-10-18,285.47607421875
"14172",2018-10-19,284.824462890625
"14173",2018-10-20,284.709228515625
"14174",2018-10-21,286.57421875
"14175",2018-10-22,284.210693359375
"14176",2018-10-23,285.857177734375
"14177",2018-10-24,282.406494140625
"14178",2018-10-25,284.208251953125
"14179",2018-10-26,278.64306640625
"14180",2018-10-27,276.57080078125
"14181",2018-10-28,276.173828125
"14182",2018-10-29,275.50537109375
"14183",2018-10-30,283.429443359375
"14184",2018-10-31,282.711669921875
"14185",2018-11-01,282.555419921875
"14186",2018-11-02,283.029541015625
"14187",2018-11-03,282.503662109375
"14188",2018-11-04,282.013916015625
"14189",2018-11-05,281.63330078125
"14190",2018-11-06,282.80908203125
"14191",2018-11-07,281.860107421875
"14192",2018-11-08,282.16064453125
"14193",2018-11-09,281.781494140625
"14194",2018-11-10,281.72705078125
"14195",2018-11-11,283.107666015625
"14196",2018-11-12,283.4267578125
"14197",2018-11-13,281.94970703125
"14198",2018-11-14,282.25341796875
"14199",2018-11-15,283.69091796875
"14200",2018-11-16,282.12890625
"14201",2018-11-17,280.2587890625
"14202",2018-11-18,278.689208984375
"14203",2018-11-19,275.92578125
"14204",2018-11-20,274.62841796875
"14205",2018-11-21,275.72021484375
"14206",2018-11-22,274.037109375
"14207",2018-11-23,270.184814453125
"14208",2018-11-24,272.4970703125
"14209",2018-11-25,273.037109375
"14210",2018-11-26,271.021240234375
"14211",2018-11-27,270.859375
"14212",2018-11-28,274.15478515625
"14213",2018-11-29,277.79638671875
"14214",2018-11-30,279.47509765625
"14215",2018-12-01,279.37353515625
"14216",2018-12-02,279.03564453125
"14217",2018-12-03,281.593994140625
"14218",2018-12-04,280.015625
"14219",2018-12-05,274.954345703125
"14220",2018-12-06,274.7060546875
"14221",2018-12-07,277.49560546875
"14222",2018-12-08,278.249267578125
"14223",2018-12-09,276.1787109375
"14224",2018-12-10,277.757080078125
"14225",2018-12-11,277.235595703125
"14226",2018-12-12,272.57177734375
"14227",2018-12-13,271.66552734375
"14228",2018-12-14,270.943115234375
"14229",2018-12-15,271.63037109375
"14230",2018-12-16,274.45703125
"14231",2018-12-17,272.992919921875
"14232",2018-12-18,272.2841796875
"14233",2018-12-19,275.30419921875
"14234",2018-12-20,274.681884765625
"14235",2018-12-21,274.1650390625
"14236",2018-12-22,272.03466796875
"14237",2018-12-23,271.597412109375
"14238",2018-12-24,275.912353515625
"14239",2018-12-25,277.912353515625
"14240",2018-12-26,277.703857421875
"14241",2018-12-27,277.4443359375
"14242",2018-12-28,274.507080078125
"14243",2018-12-29,275.466796875
"14244",2018-12-30,274.504150390625
"14245",2018-12-31,280.479736328125
